2026-07-03T22:00:59Z VIOLATION DNS drift threat github.com: ['TRUTH_DNS_DOWN']
2026-07-03T22:00:59Z VIOLATION DNS drift threat github.com: ['TRUTH_DNS_DOWN']
2026-07-03T22:01:02Z VIOLATION DNS drift threat api.github.com: ['TRUTH_DNS_DOWN', 'TRUTH_STUB_DRIFT', 'TRUTH_SYSTEM_DRIFT']
2026-07-03T22:01:06Z VIOLATION DNS drift threat ssh.github.com: ['TRUTH_DNS_DOWN', 'TRUTH_STUB_DRIFT', 'TRUTH_SYSTEM_DRIFT']
2026-07-03T22:01:08Z VIOLATION DNS drift threat github.com: ['TRUTH_DNS_DOWN', 'TRUTH_STUB_DRIFT', 'TRUTH_SYSTEM_DRIFT']
2026-07-03T22:01:12Z VIOLATION DNS drift threat api.github.com: ['TRUTH_DNS_DOWN', 'TRUTH_STUB_DRIFT', 'TRUTH_SYSTEM_DRIFT']
2026-07-03T22:01:14Z VIOLATION DNS drift threat github.com: ['TRUTH_DNS_DOWN']
2026-07-03T22:01:14Z VIOLATION DNS drift threat ssh.github.com: ['TRUTH_DNS_DOWN', 'TRUTH_STUB_DRIFT', 'TRUTH_SYSTEM_DRIFT']
2026-07-03T22:01:16Z VIOLATION DNS drift threat api.github.com: ['TRUTH_DNS_DOWN', 'TRUTH_STUB_DRIFT', 'TRUTH_SYSTEM_DRIFT']
2026-07-03T22:01:18Z VIOLATION DNS drift threat github.com: ['TRUTH_DNS_DOWN', 'TRUTH_STUB_DRIFT', 'TRUTH_SYSTEM_DRIFT']
2026-07-03T22:01:19Z VIOLATION DNS drift threat ssh.github.com: ['TRUTH_DNS_DOWN', 'TRUTH_STUB_DRIFT', 'TRUTH_SYSTEM_DRIFT']
2026-07-03T22:01:21Z VIOLATION DNS drift threat github.com: ['TRUTH_DNS_DOWN', 'TRUTH_STUB_DRIFT', 'TRUTH_SYSTEM_DRIFT']
2026-07-03T22:01:22Z VIOLATION DNS drift threat api.github.com: ['TRUTH_DNS_DOWN', 'TRUTH_STUB_DRIFT', 'TRUTH_SYSTEM_DRIFT']
2026-07-03T22:01:22Z VIOLATION DNS drift threat raw.githubusercontent.com: ['TRUTH_DNS_DOWN']
2026-07-03T22:01:24Z VIOLATION DNS drift threat api.github.com: ['TRUTH_DNS_DOWN', 'TRUTH_STUB_DRIFT', 'TRUTH_SYSTEM_DRIFT']
2026-07-03T22:01:25Z VIOLATION DNS drift threat ssh.github.com: ['TRUTH_DNS_DOWN', 'TRUTH_STUB_DRIFT', 'TRUTH_SYSTEM_DRIFT']
2026-07-03T22:01:25Z VIOLATION DNS drift threat github.com: ['TRUTH_DNS_DOWN', 'TRUTH_STUB_DRIFT', 'TRUTH_SYSTEM_DRIFT']
2026-07-03T22:01:25Z VIOLATION DNS drift threat github.com: ['TRUTH_DNS_DOWN']
2026-07-03T22:01:26Z VIOLATION DNS drift threat ssh.github.com: ['TRUTH_DNS_DOWN', 'TRUTH_STUB_DRIFT', 'TRUTH_SYSTEM_DRIFT']
2026-07-03T22:01:26Z VIOLATION DNS drift threat github.com: ['TRUTH_DNS_DOWN']
2026-07-03T22:01:26Z VIOLATION DNS drift threat raw.githubusercontent.com: ['TRUTH_DNS_DOWN']
2026-07-03T22:01:27Z VIOLATION DNS drift threat github.com: ['TRUTH_DNS_DOWN', 'TRUTH_STUB_DRIFT', 'TRUTH_SYSTEM_DRIFT']
2026-07-03T22:01:27Z VIOLATION DNS drift threat api.github.com: ['TRUTH_DNS_DOWN']
2026-07-03T22:01:29Z VIOLATION DNS drift threat github.com: ['TRUTH_DNS_DOWN', 'TRUTH_STUB_DRIFT', 'TRUTH_SYSTEM_DRIFT']
2026-07-03T22:01:29Z VIOLATION DNS drift threat raw.githubusercontent.com: ['TRUTH_DNS_DOWN']
2026-07-03T22:01:30Z VIOLATION DNS drift threat api.github.com: ['TRUTH_DNS_DOWN', 'TRUTH_STUB_DRIFT', 'TRUTH_SYSTEM_DRIFT']
2026-07-03T22:01:30Z VIOLATION DNS drift threat api.github.com: ['TRUTH_DNS_DOWN', 'TRUTH_STUB_DRIFT', 'TRUTH_SYSTEM_DRIFT']
2026-07-03T22:01:31Z VIOLATION DNS drift threat ssh.github.com: ['TRUTH_DNS_DOWN', 'TRUTH_STUB_DRIFT', 'TRUTH_SYSTEM_DRIFT']
2026-07-03T22:01:31Z VIOLATION DNS drift threat api.github.com: ['TRUTH_DNS_DOWN', 'TRUTH_STUB_DRIFT', 'TRUTH_SYSTEM_DRIFT']
2026-07-03T22:01:33Z VIOLATION DNS drift threat github.com: ['TRUTH_DNS_DOWN', 'TRUTH_STUB_DRIFT', 'TRUTH_SYSTEM_DRIFT']
2026-07-03T22:01:33Z VIOLATION DNS drift threat ssh.github.com: ['TRUTH_DNS_DOWN', 'TRUTH_STUB_DRIFT', 'TRUTH_SYSTEM_DRIFT']
2026-07-03T22:01:34Z VIOLATION DNS drift threat ssh.github.com: ['TRUTH_DNS_DOWN', 'TRUTH_STUB_DRIFT', 'TRUTH_SYSTEM_DRIFT']
2026-07-03T22:01:34Z VIOLATION DNS drift threat api.github.com: ['TRUTH_DNS_DOWN', 'TRUTH_STUB_DRIFT', 'TRUTH_SYSTEM_DRIFT']
2026-07-03T22:01:36Z VIOLATION DNS drift threat ssh.github.com: ['TRUTH_DNS_DOWN', 'TRUTH_STUB_DRIFT', 'TRUTH_SYSTEM_DRIFT']
2026-07-03T22:01:36Z VIOLATION DNS drift threat github.com: ['TRUTH_DNS_DOWN', 'TRUTH_STUB_DRIFT', 'TRUTH_SYSTEM_DRIFT']
2026-07-03T22:01:37Z VIOLATION DNS drift threat api.github.com: ['TRUTH_DNS_DOWN']
2026-07-03T22:01:37Z VIOLATION DNS drift threat github.com: ['TRUTH_DNS_DOWN', 'TRUTH_STUB_DRIFT', 'TRUTH_SYSTEM_DRIFT']
2026-07-03T22:01:38Z VIOLATION DNS drift threat github.com: ['TRUTH_DNS_DOWN']
2026-07-03T22:01:40Z VIOLATION DNS drift threat api.github.com: ['TRUTH_DNS_DOWN', 'TRUTH_STUB_DRIFT', 'TRUTH_SYSTEM_DRIFT']
2026-07-03T22:01:41Z VIOLATION DNS drift threat ssh.github.com: ['TRUTH_DNS_DOWN', 'TRUTH_STUB_DRIFT', 'TRUTH_SYSTEM_DRIFT']
2026-07-03T22:01:42Z VIOLATION DNS drift threat api.github.com: ['TRUTH_DNS_DOWN', 'TRUTH_STUB_DRIFT', 'TRUTH_SYSTEM_DRIFT']
2026-07-03T22:01:43Z VIOLATION DNS drift threat github.com: ['TRUTH_DNS_DOWN', 'TRUTH_STUB_DRIFT', 'TRUTH_SYSTEM_DRIFT']
2026-07-03T22:01:45Z VIOLATION DNS drift threat ssh.github.com: ['TRUTH_DNS_DOWN', 'TRUTH_STUB_DRIFT', 'TRUTH_SYSTEM_DRIFT']
2026-07-03T22:01:47Z VIOLATION DNS drift threat api.github.com: ['TRUTH_DNS_DOWN', 'TRUTH_STUB_DRIFT', 'TRUTH_SYSTEM_DRIFT']
2026-07-03T22:01:48Z VIOLATION DNS drift threat github.com: ['TRUTH_DNS_DOWN', 'TRUTH_STUB_DRIFT', 'TRUTH_SYSTEM_DRIFT']
2026-07-03T22:01:50Z VIOLATION DNS drift threat ssh.github.com: ['TRUTH_DNS_DOWN', 'TRUTH_STUB_DRIFT', 'TRUTH_SYSTEM_DRIFT']
2026-07-03T22:01:52Z VIOLATION DNS drift threat raw.githubusercontent.com: ['TRUTH_DNS_DOWN']
2026-07-03T22:01:54Z VIOLATION DNS drift threat api.github.com: ['TRUTH_DNS_DOWN']
2026-07-03T22:02:02Z VIOLATION DNS drift threat github.com: ['TRUTH_DNS_DOWN', 'TRUTH_STUB_DRIFT', 'TRUTH_SYSTEM_DRIFT']
2026-07-03T22:02:03Z VIOLATION DNS drift threat github.com: ['TRUTH_DNS_DOWN', 'TRUTH_STUB_DRIFT', 'TRUTH_SYSTEM_DRIFT']
2026-07-03T22:02:06Z VIOLATION DNS drift threat api.github.com: ['TRUTH_DNS_DOWN']
2026-07-03T22:02:07Z VIOLATION DNS drift threat api.github.com: ['TRUTH_DNS_DOWN', 'TRUTH_STUB_DRIFT', 'TRUTH_SYSTEM_DRIFT']
2026-07-03T22:02:09Z VIOLATION DNS drift threat github.com: ['TRUTH_DNS_DOWN', 'TRUTH_STUB_DRIFT', 'TRUTH_SYSTEM_DRIFT']
2026-07-03T22:02:10Z VIOLATION DNS drift threat github.com: ['TRUTH_DNS_DOWN', 'TRUTH_STUB_DRIFT', 'TRUTH_SYSTEM_DRIFT']
2026-07-03T22:02:10Z VIOLATION DNS drift threat ssh.github.com: ['TRUTH_DNS_DOWN', 'TRUTH_STUB_DRIFT', 'TRUTH_SYSTEM_DRIFT']
2026-07-03T22:02:11Z VIOLATION DNS drift threat github.com: ['TRUTH_DNS_DOWN', 'TRUTH_STUB_DRIFT', 'TRUTH_SYSTEM_DRIFT']
2026-07-03T22:02:12Z VIOLATION DNS drift threat api.github.com: ['TRUTH_DNS_DOWN', 'TRUTH_STUB_DRIFT', 'TRUTH_SYSTEM_DRIFT']
2026-07-03T22:02:13Z VIOLATION DNS drift threat api.github.com: ['TRUTH_DNS_DOWN', 'TRUTH_STUB_DRIFT', 'TRUTH_SYSTEM_DRIFT']
2026-07-03T22:02:14Z VIOLATION DNS drift threat api.github.com: ['TRUTH_DNS_DOWN', 'TRUTH_STUB_DRIFT', 'TRUTH_SYSTEM_DRIFT']
2026-07-03T22:02:14Z VIOLATION DNS drift threat github.com: ['TRUTH_DNS_DOWN', 'TRUTH_STUB_DRIFT', 'TRUTH_SYSTEM_DRIFT']
2026-07-03T22:02:15Z VIOLATION DNS drift threat ssh.github.com: ['TRUTH_DNS_DOWN', 'TRUTH_STUB_DRIFT', 'TRUTH_SYSTEM_DRIFT']
2026-07-03T22:02:15Z VIOLATION DNS drift threat ssh.github.com: ['TRUTH_DNS_DOWN', 'TRUTH_STUB_DRIFT', 'TRUTH_SYSTEM_DRIFT']
2026-07-03T22:02:16Z VIOLATION DNS drift threat github.com: ['TRUTH_DNS_DOWN', 'TRUTH_STUB_DRIFT', 'TRUTH_SYSTEM_DRIFT']
2026-07-03T22:02:17Z VIOLATION DNS drift threat raw.githubusercontent.com: ['TRUTH_DNS_DOWN']
2026-07-03T22:02:17Z VIOLATION DNS drift threat github.com: ['TRUTH_DNS_DOWN', 'TRUTH_STUB_DRIFT', 'TRUTH_SYSTEM_DRIFT']
2026-07-03T22:02:18Z VIOLATION DNS drift threat api.github.com: ['TRUTH_DNS_DOWN', 'TRUTH_STUB_DRIFT', 'TRUTH_SYSTEM_DRIFT']
2026-07-03T22:02:18Z VIOLATION DNS drift threat api.github.com: ['TRUTH_DNS_DOWN', 'TRUTH_STUB_DRIFT', 'TRUTH_SYSTEM_DRIFT']
2026-07-03T22:02:18Z VIOLATION DNS drift threat github.com: ['TRUTH_DNS_DOWN', 'TRUTH_STUB_DRIFT', 'TRUTH_SYSTEM_DRIFT']
2026-07-03T22:02:18Z VIOLATION DNS drift threat api.github.com: ['TRUTH_DNS_DOWN', 'TRUTH_STUB_DRIFT', 'TRUTH_SYSTEM_DRIFT']
2026-07-03T22:02:19Z VIOLATION DNS drift threat github.com: ['TRUTH_DNS_DOWN', 'TRUTH_STUB_DRIFT', 'TRUTH_SYSTEM_DRIFT']
2026-07-03T22:02:20Z VIOLATION DNS drift threat ssh.github.com: ['TRUTH_DNS_DOWN', 'TRUTH_STUB_DRIFT', 'TRUTH_SYSTEM_DRIFT']
2026-07-03T22:02:20Z VIOLATION DNS drift threat ssh.github.com: ['TRUTH_DNS_DOWN', 'TRUTH_STUB_DRIFT', 'TRUTH_SYSTEM_DRIFT']
2026-07-03T22:02:20Z VIOLATION DNS drift threat ssh.github.com: ['TRUTH_DNS_DOWN', 'TRUTH_STUB_DRIFT', 'TRUTH_SYSTEM_DRIFT']
2026-07-03T22:02:21Z VIOLATION DNS drift threat api.github.com: ['TRUTH_DNS_DOWN']
2026-07-03T22:02:21Z VIOLATION DNS drift threat api.github.com: ['TRUTH_DNS_DOWN', 'TRUTH_STUB_DRIFT', 'TRUTH_SYSTEM_DRIFT']
2026-07-03T22:02:22Z VIOLATION DNS drift threat github.com: ['TRUTH_DNS_DOWN']
2026-07-03T22:02:23Z VIOLATION DNS drift threat raw.githubusercontent.com: ['TRUTH_DNS_DOWN']
2026-07-03T22:02:25Z VIOLATION DNS drift threat ssh.github.com: ['TRUTH_DNS_DOWN', 'TRUTH_STUB_DRIFT', 'TRUTH_SYSTEM_DRIFT']
2026-07-03T22:02:26Z VIOLATION DNS drift threat ssh.github.com: ['TRUTH_DNS_DOWN', 'TRUTH_STUB_DRIFT', 'TRUTH_SYSTEM_DRIFT']
2026-07-03T22:02:27Z VIOLATION DNS drift threat raw.githubusercontent.com: ['TRUTH_DNS_DOWN']
2026-07-03T22:02:28Z VIOLATION DNS drift threat api.github.com: ['TRUTH_DNS_DOWN', 'TRUTH_STUB_DRIFT', 'TRUTH_SYSTEM_DRIFT']
2026-07-03T22:02:29Z VIOLATION DNS drift threat github.com: ['TRUTH_DNS_DOWN']
2026-07-03T22:02:31Z VIOLATION DNS drift threat github.com: ['TRUTH_DNS_DOWN']
2026-07-03T22:02:32Z VIOLATION DNS drift threat api.github.com: ['TRUTH_DNS_DOWN', 'TRUTH_STUB_DRIFT', 'TRUTH_SYSTEM_DRIFT']
2026-07-03T22:02:33Z VIOLATION DNS drift threat api.github.com: ['TRUTH_DNS_DOWN']
2026-07-03T22:02:35Z VIOLATION DNS drift threat github.com: ['TRUTH_DNS_DOWN', 'TRUTH_STUB_DRIFT', 'TRUTH_SYSTEM_DRIFT']
2026-07-03T22:02:35Z VIOLATION DNS drift threat ssh.github.com: ['TRUTH_DNS_DOWN']
2026-07-03T22:02:37Z VIOLATION DNS drift threat github.com: ['TRUTH_DNS_DOWN', 'TRUTH_STUB_DRIFT', 'TRUTH_SYSTEM_DRIFT']
2026-07-03T22:02:37Z VIOLATION DNS drift threat api.github.com: ['TRUTH_DNS_DOWN', 'TRUTH_STUB_DRIFT', 'TRUTH_SYSTEM_DRIFT']
2026-07-03T22:02:39Z VIOLATION DNS drift threat ssh.github.com: ['TRUTH_DNS_DOWN', 'TRUTH_STUB_DRIFT', 'TRUTH_SYSTEM_DRIFT']
2026-07-03T22:02:41Z VIOLATION DNS drift threat github.com: ['TRUTH_DNS_DOWN', 'TRUTH_STUB_DRIFT', 'TRUTH_SYSTEM_DRIFT']
2026-07-03T22:02:42Z VIOLATION DNS drift threat api.github.com: ['TRUTH_DNS_DOWN', 'TRUTH_STUB_DRIFT', 'TRUTH_SYSTEM_DRIFT']
2026-07-03T22:02:45Z VIOLATION DNS drift threat ssh.github.com: ['TRUTH_DNS_DOWN', 'TRUTH_STUB_DRIFT', 'TRUTH_SYSTEM_DRIFT']
2026-07-03T22:02:46Z VIOLATION DNS drift threat github.com: ['TRUTH_DNS_DOWN', 'TRUTH_STUB_DRIFT', 'TRUTH_SYSTEM_DRIFT']
2026-07-03T22:02:46Z VIOLATION DNS drift threat api.github.com: ['TRUTH_DNS_DOWN', 'TRUTH_STUB_DRIFT', 'TRUTH_SYSTEM_DRIFT']
2026-07-03T22:02:47Z VIOLATION DNS drift threat github.com: ['TRUTH_DNS_DOWN', 'TRUTH_STUB_DRIFT', 'TRUTH_SYSTEM_DRIFT']
2026-07-03T22:02:49Z VIOLATION DNS drift threat github.com: ['TRUTH_DNS_DOWN', 'TRUTH_STUB_DRIFT', 'TRUTH_SYSTEM_DRIFT']
2026-07-03T22:02:50Z VIOLATION DNS drift threat github.com: ['TRUTH_DNS_DOWN', 'TRUTH_STUB_DRIFT', 'TRUTH_SYSTEM_DRIFT']
2026-07-03T22:02:52Z VIOLATION DNS drift threat api.github.com: ['TRUTH_DNS_DOWN', 'TRUTH_STUB_DRIFT', 'TRUTH_SYSTEM_DRIFT']
2026-07-03T22:02:52Z VIOLATION DNS drift threat api.github.com: ['TRUTH_DNS_DOWN', 'TRUTH_STUB_DRIFT', 'TRUTH_SYSTEM_DRIFT']
2026-07-03T22:02:52Z VIOLATION DNS drift threat github.com: ['TRUTH_DNS_DOWN', 'TRUTH_STUB_DRIFT', 'TRUTH_SYSTEM_DRIFT']
2026-07-03T22:02:52Z VIOLATION DNS drift threat api.github.com: ['TRUTH_DNS_DOWN', 'TRUTH_STUB_DRIFT', 'TRUTH_SYSTEM_DRIFT']
2026-07-03T22:02:53Z VIOLATION DNS drift threat api.github.com: ['TRUTH_DNS_DOWN', 'TRUTH_STUB_DRIFT', 'TRUTH_SYSTEM_DRIFT']
2026-07-03T22:02:54Z VIOLATION DNS drift threat ssh.github.com: ['TRUTH_DNS_DOWN']
2026-07-03T22:02:54Z VIOLATION DNS drift threat ssh.github.com: ['TRUTH_DNS_DOWN', 'TRUTH_STUB_DRIFT', 'TRUTH_SYSTEM_DRIFT']
2026-07-03T22:02:55Z VIOLATION DNS drift threat github.com: ['TRUTH_DNS_DOWN']
2026-07-03T22:02:55Z VIOLATION DNS drift threat github.com: ['TRUTH_DNS_DOWN', 'TRUTH_STUB_DRIFT', 'TRUTH_SYSTEM_DRIFT']
2026-07-03T22:02:56Z VIOLATION DNS drift threat github.com: ['TRUTH_DNS_DOWN', 'TRUTH_STUB_DRIFT', 'TRUTH_SYSTEM_DRIFT']
2026-07-03T22:02:56Z VIOLATION DNS drift threat api.github.com: ['TRUTH_DNS_DOWN', 'TRUTH_STUB_DRIFT', 'TRUTH_SYSTEM_DRIFT']
2026-07-03T22:02:56Z VIOLATION DNS drift threat ssh.github.com: ['TRUTH_DNS_DOWN']
2026-07-03T22:02:56Z VIOLATION DNS drift threat raw.githubusercontent.com: ['TRUTH_DNS_DOWN']
2026-07-03T22:02:57Z VIOLATION DNS drift threat github.com: ['TRUTH_DNS_DOWN', 'TRUTH_STUB_DRIFT', 'TRUTH_SYSTEM_DRIFT']
2026-07-03T22:02:57Z VIOLATION DNS drift threat api.github.com: ['TRUTH_DNS_DOWN', 'TRUTH_STUB_DRIFT', 'TRUTH_SYSTEM_DRIFT']
2026-07-03T22:02:57Z VIOLATION DNS drift threat ssh.github.com: ['TRUTH_DNS_DOWN', 'TRUTH_STUB_DRIFT', 'TRUTH_SYSTEM_DRIFT']
2026-07-03T22:02:58Z VIOLATION DNS drift threat raw.githubusercontent.com: ['TRUTH_DNS_DOWN']
2026-07-03T22:02:59Z VIOLATION DNS drift threat api.github.com: ['TRUTH_DNS_DOWN', 'TRUTH_STUB_DRIFT', 'TRUTH_SYSTEM_DRIFT']
2026-07-03T22:02:59Z VIOLATION DNS drift threat ssh.github.com: ['TRUTH_DNS_DOWN', 'TRUTH_STUB_DRIFT', 'TRUTH_SYSTEM_DRIFT']
2026-07-03T22:02:59Z VIOLATION DNS drift threat github.com: ['TRUTH_DNS_DOWN', 'TRUTH_STUB_DRIFT', 'TRUTH_SYSTEM_DRIFT']
2026-07-03T22:03:00Z VIOLATION DNS drift threat api.github.com: ['TRUTH_DNS_DOWN', 'TRUTH_STUB_DRIFT', 'TRUTH_SYSTEM_DRIFT']
2026-07-03T22:03:00Z VIOLATION DNS drift threat api.github.com: ['TRUTH_DNS_DOWN', 'TRUTH_STUB_DRIFT', 'TRUTH_SYSTEM_DRIFT']
2026-07-03T22:03:01Z VIOLATION DNS drift threat raw.githubusercontent.com: ['TRUTH_DNS_DOWN']
2026-07-03T22:03:02Z VIOLATION DNS drift threat api.github.com: ['TRUTH_DNS_DOWN', 'TRUTH_STUB_DRIFT', 'TRUTH_SYSTEM_DRIFT']
2026-07-03T22:03:02Z VIOLATION DNS drift threat ssh.github.com: ['TRUTH_DNS_DOWN', 'TRUTH_STUB_DRIFT', 'TRUTH_SYSTEM_DRIFT']
2026-07-03T22:03:04Z VIOLATION DNS drift threat ssh.github.com: ['TRUTH_DNS_DOWN', 'TRUTH_STUB_DRIFT', 'TRUTH_SYSTEM_DRIFT']
2026-07-03T22:03:06Z VIOLATION DNS drift threat ssh.github.com: ['TRUTH_DNS_DOWN', 'TRUTH_STUB_DRIFT', 'TRUTH_SYSTEM_DRIFT']
2026-07-03T22:03:08Z VIOLATION DNS drift threat raw.githubusercontent.com: ['TRUTH_DNS_DOWN']
2026-07-03T22:03:12Z VIOLATION DNS drift threat github.com: ['TRUTH_DNS_DOWN', 'TRUTH_STUB_DRIFT', 'TRUTH_SYSTEM_DRIFT']
2026-07-03T22:03:17Z VIOLATION DNS drift threat github.com: ['TRUTH_DNS_DOWN']
2026-07-03T22:03:18Z VIOLATION DNS drift threat api.github.com: ['TRUTH_DNS_DOWN', 'TRUTH_STUB_DRIFT', 'TRUTH_SYSTEM_DRIFT']
2026-07-03T22:03:19Z VIOLATION DNS drift threat api.github.com: ['TRUTH_DNS_DOWN', 'TRUTH_STUB_DRIFT', 'TRUTH_SYSTEM_DRIFT']
2026-07-03T22:03:19Z VIOLATION DNS drift threat github.com: ['TRUTH_DNS_DOWN', 'TRUTH_STUB_DRIFT', 'TRUTH_SYSTEM_DRIFT']
2026-07-03T22:03:22Z VIOLATION DNS drift threat ssh.github.com: ['TRUTH_DNS_DOWN', 'TRUTH_STUB_DRIFT', 'TRUTH_SYSTEM_DRIFT']
2026-07-03T22:03:23Z VIOLATION DNS drift threat github.com: ['TRUTH_DNS_DOWN', 'TRUTH_STUB_DRIFT', 'TRUTH_SYSTEM_DRIFT']
2026-07-03T22:03:23Z VIOLATION DNS drift threat api.github.com: ['TRUTH_DNS_DOWN']
2026-07-03T22:03:24Z VIOLATION DNS drift threat raw.githubusercontent.com: ['TRUTH_DNS_DOWN']
2026-07-03T22:03:27Z VIOLATION DNS drift threat ssh.github.com: ['TRUTH_DNS_DOWN']
2026-07-03T22:03:28Z VIOLATION DNS drift threat api.github.com: ['TRUTH_DNS_DOWN', 'TRUTH_STUB_DRIFT', 'TRUTH_SYSTEM_DRIFT']
2026-07-03T22:03:31Z VIOLATION DNS drift threat github.com: ['TRUTH_DNS_DOWN', 'TRUTH_STUB_DRIFT', 'TRUTH_SYSTEM_DRIFT']
2026-07-03T22:03:33Z VIOLATION DNS drift threat github.com: ['TRUTH_DNS_DOWN']
2026-07-03T22:03:34Z VIOLATION DNS drift threat github.com: ['TRUTH_DNS_DOWN', 'TRUTH_STUB_DRIFT', 'TRUTH_SYSTEM_DRIFT']
2026-07-03T22:03:34Z VIOLATION DNS drift threat api.github.com: ['TRUTH_DNS_DOWN', 'TRUTH_STUB_DRIFT', 'TRUTH_SYSTEM_DRIFT']
2026-07-03T22:03:34Z VIOLATION DNS drift threat github.com: ['TRUTH_DNS_DOWN']
2026-07-03T22:03:35Z VIOLATION DNS drift threat api.github.com: ['TRUTH_DNS_DOWN']
2026-07-03T22:03:35Z VIOLATION DNS drift threat github.com: ['TRUTH_DNS_DOWN']
2026-07-03T22:03:37Z VIOLATION DNS drift threat api.github.com: ['TRUTH_DNS_DOWN', 'TRUTH_STUB_DRIFT', 'TRUTH_SYSTEM_DRIFT']
2026-07-03T22:03:37Z VIOLATION DNS drift threat ssh.github.com: ['TRUTH_DNS_DOWN', 'TRUTH_STUB_DRIFT', 'TRUTH_SYSTEM_DRIFT']
2026-07-03T22:03:37Z VIOLATION DNS drift threat ssh.github.com: ['TRUTH_DNS_DOWN', 'TRUTH_STUB_DRIFT', 'TRUTH_SYSTEM_DRIFT']
2026-07-03T22:03:37Z VIOLATION DNS drift threat api.github.com: ['TRUTH_DNS_DOWN']
2026-07-03T22:03:37Z VIOLATION DNS drift threat github.com: ['TRUTH_DNS_DOWN', 'TRUTH_STUB_DRIFT', 'TRUTH_SYSTEM_DRIFT']
2026-07-03T22:03:37Z VIOLATION DNS drift threat github.com: ['TRUTH_DNS_DOWN', 'TRUTH_STUB_DRIFT', 'TRUTH_SYSTEM_DRIFT']
2026-07-03T22:03:38Z VIOLATION DNS drift threat github.com: ['TRUTH_DNS_DOWN', 'TRUTH_STUB_DRIFT', 'TRUTH_SYSTEM_DRIFT']
2026-07-03T22:03:38Z VIOLATION DNS drift threat api.github.com: ['TRUTH_DNS_DOWN', 'TRUTH_STUB_DRIFT', 'TRUTH_SYSTEM_DRIFT']
2026-07-03T22:03:39Z VIOLATION DNS drift threat raw.githubusercontent.com: ['TRUTH_DNS_DOWN']
2026-07-03T22:03:39Z VIOLATION DNS drift threat raw.githubusercontent.com: ['TRUTH_DNS_DOWN']
2026-07-03T22:03:40Z VIOLATION DNS drift threat api.github.com: ['TRUTH_DNS_DOWN', 'TRUTH_STUB_DRIFT', 'TRUTH_SYSTEM_DRIFT']
2026-07-03T22:03:41Z VIOLATION DNS drift threat ssh.github.com: ['TRUTH_DNS_DOWN']
2026-07-03T22:03:41Z VIOLATION DNS drift threat github.com: ['TRUTH_DNS_DOWN', 'TRUTH_STUB_DRIFT', 'TRUTH_SYSTEM_DRIFT']
2026-07-03T22:03:41Z VIOLATION DNS drift threat api.github.com: ['TRUTH_DNS_DOWN', 'TRUTH_STUB_DRIFT', 'TRUTH_SYSTEM_DRIFT']
2026-07-03T22:03:41Z VIOLATION DNS drift threat api.github.com: ['TRUTH_DNS_DOWN', 'TRUTH_STUB_DRIFT', 'TRUTH_SYSTEM_DRIFT']
2026-07-03T22:03:41Z VIOLATION DNS drift threat ssh.github.com: ['TRUTH_DNS_DOWN', 'TRUTH_STUB_DRIFT', 'TRUTH_SYSTEM_DRIFT']
2026-07-03T22:03:42Z VIOLATION DNS drift threat ssh.github.com: ['TRUTH_DNS_DOWN', 'TRUTH_STUB_DRIFT', 'TRUTH_SYSTEM_DRIFT']
2026-07-03T22:03:42Z VIOLATION DNS drift threat ssh.github.com: ['TRUTH_DNS_DOWN', 'TRUTH_STUB_DRIFT', 'TRUTH_SYSTEM_DRIFT']
2026-07-03T22:03:44Z VIOLATION DNS drift threat raw.githubusercontent.com: ['TRUTH_DNS_DOWN']
2026-07-03T22:03:44Z VIOLATION DNS drift threat ssh.github.com: ['TRUTH_DNS_DOWN', 'TRUTH_STUB_DRIFT', 'TRUTH_SYSTEM_DRIFT']
2026-07-03T22:03:44Z VIOLATION DNS drift threat api.github.com: ['TRUTH_DNS_DOWN', 'TRUTH_STUB_DRIFT', 'TRUTH_SYSTEM_DRIFT']
2026-07-03T22:03:45Z VIOLATION DNS drift threat ssh.github.com: ['TRUTH_DNS_DOWN', 'TRUTH_STUB_DRIFT', 'TRUTH_SYSTEM_DRIFT']
2026-07-03T22:03:46Z VIOLATION DNS drift threat github.com: ['TRUTH_DNS_DOWN', 'TRUTH_STUB_DRIFT', 'TRUTH_SYSTEM_DRIFT']
2026-07-03T22:03:48Z VIOLATION DNS drift threat ssh.github.com: ['TRUTH_DNS_DOWN', 'TRUTH_STUB_DRIFT', 'TRUTH_SYSTEM_DRIFT']
2026-07-03T22:03:48Z VIOLATION DNS drift threat api.github.com: ['TRUTH_DNS_DOWN', 'TRUTH_STUB_DRIFT', 'TRUTH_SYSTEM_DRIFT']
2026-07-03T22:03:51Z VIOLATION DNS drift threat ssh.github.com: ['TRUTH_DNS_DOWN', 'TRUTH_STUB_DRIFT', 'TRUTH_SYSTEM_DRIFT']
2026-07-03T22:03:52Z VIOLATION DNS drift threat github.com: ['TRUTH_DNS_DOWN']
2026-07-03T22:03:53Z VIOLATION DNS drift threat api.github.com: ['TRUTH_DNS_DOWN', 'TRUTH_STUB_DRIFT', 'TRUTH_SYSTEM_DRIFT']
2026-07-03T22:03:56Z VIOLATION DNS drift threat ssh.github.com: ['TRUTH_DNS_DOWN', 'TRUTH_STUB_DRIFT', 'TRUTH_SYSTEM_DRIFT']
2026-07-03T22:03:59Z VIOLATION DNS drift threat raw.githubusercontent.com: ['TRUTH_DNS_DOWN']
2026-07-03T22:04:02Z VIOLATION DNS drift threat github.com: ['TRUTH_DNS_DOWN', 'TRUTH_STUB_DRIFT', 'TRUTH_SYSTEM_DRIFT']
2026-07-03T22:04:04Z VIOLATION DNS drift threat github.com: ['TRUTH_DNS_DOWN', 'TRUTH_STUB_DRIFT', 'TRUTH_SYSTEM_DRIFT']
2026-07-03T22:04:06Z VIOLATION DNS drift threat api.github.com: ['TRUTH_DNS_DOWN', 'TRUTH_STUB_DRIFT', 'TRUTH_SYSTEM_DRIFT']
2026-07-03T22:04:07Z VIOLATION DNS drift threat api.github.com: ['TRUTH_DNS_DOWN', 'TRUTH_STUB_DRIFT', 'TRUTH_SYSTEM_DRIFT']
2026-07-03T22:04:10Z VIOLATION DNS drift threat github.com: ['TRUTH_DNS_DOWN', 'TRUTH_STUB_DRIFT', 'TRUTH_SYSTEM_DRIFT']
2026-07-03T22:04:11Z VIOLATION DNS drift threat api.github.com: ['TRUTH_DNS_DOWN', 'TRUTH_STUB_DRIFT', 'TRUTH_SYSTEM_DRIFT']
2026-07-03T22:04:13Z VIOLATION DNS drift threat github.com: ['TRUTH_DNS_DOWN', 'TRUTH_STUB_DRIFT', 'TRUTH_SYSTEM_DRIFT']
2026-07-03T22:04:13Z VIOLATION DNS drift threat github.com: ['TRUTH_DNS_DOWN', 'TRUTH_STUB_DRIFT', 'TRUTH_SYSTEM_DRIFT']
2026-07-03T22:04:14Z VIOLATION DNS drift threat ssh.github.com: ['TRUTH_DNS_DOWN', 'TRUTH_STUB_DRIFT', 'TRUTH_SYSTEM_DRIFT']
2026-07-03T22:04:14Z VIOLATION DNS drift threat github.com: ['TRUTH_DNS_DOWN', 'TRUTH_STUB_DRIFT', 'TRUTH_SYSTEM_DRIFT']
2026-07-03T22:04:14Z VIOLATION DNS drift threat github.com: ['TRUTH_DNS_DOWN', 'TRUTH_STUB_DRIFT', 'TRUTH_SYSTEM_DRIFT']
2026-07-03T22:04:15Z VIOLATION DNS drift threat api.github.com: ['TRUTH_DNS_DOWN', 'TRUTH_STUB_DRIFT', 'TRUTH_SYSTEM_DRIFT']
2026-07-03T22:04:16Z VIOLATION DNS drift threat api.github.com: ['TRUTH_DNS_DOWN', 'TRUTH_STUB_DRIFT', 'TRUTH_SYSTEM_DRIFT']
2026-07-03T22:04:17Z VIOLATION DNS drift threat ssh.github.com: ['TRUTH_DNS_DOWN', 'TRUTH_STUB_DRIFT', 'TRUTH_SYSTEM_DRIFT']
2026-07-03T22:04:18Z VIOLATION DNS drift threat raw.githubusercontent.com: ['TRUTH_DNS_DOWN']
2026-07-03T22:04:18Z VIOLATION DNS drift threat api.github.com: ['TRUTH_DNS_DOWN', 'TRUTH_STUB_DRIFT', 'TRUTH_SYSTEM_DRIFT']
2026-07-03T22:04:19Z VIOLATION DNS drift threat github.com: ['TRUTH_DNS_DOWN', 'TRUTH_STUB_DRIFT', 'TRUTH_SYSTEM_DRIFT']
2026-07-03T22:04:19Z VIOLATION DNS drift threat api.github.com: ['TRUTH_DNS_DOWN', 'TRUTH_STUB_DRIFT', 'TRUTH_SYSTEM_DRIFT']
2026-07-03T22:04:19Z VIOLATION DNS drift threat github.com: ['TRUTH_DNS_DOWN']
2026-07-03T22:04:20Z VIOLATION DNS drift threat ssh.github.com: ['TRUTH_DNS_DOWN', 'TRUTH_STUB_DRIFT', 'TRUTH_SYSTEM_DRIFT']
2026-07-03T22:04:20Z VIOLATION DNS drift threat github.com: ['TRUTH_DNS_DOWN', 'TRUTH_STUB_DRIFT', 'TRUTH_SYSTEM_DRIFT']
2026-07-03T22:04:21Z VIOLATION DNS drift threat api.github.com: ['TRUTH_DNS_DOWN', 'TRUTH_STUB_DRIFT', 'TRUTH_SYSTEM_DRIFT']
2026-07-03T22:04:21Z VIOLATION DNS drift threat github.com: ['TRUTH_DNS_DOWN', 'TRUTH_STUB_DRIFT', 'TRUTH_SYSTEM_DRIFT']
2026-07-03T22:04:22Z VIOLATION DNS drift threat raw.githubusercontent.com: ['TRUTH_DNS_DOWN']
2026-07-03T22:04:23Z VIOLATION DNS drift threat github.com: ['TRUTH_DNS_DOWN', 'TRUTH_STUB_DRIFT', 'TRUTH_SYSTEM_DRIFT']
2026-07-03T22:04:23Z VIOLATION DNS drift threat ssh.github.com: ['TRUTH_DNS_DOWN', 'TRUTH_STUB_DRIFT', 'TRUTH_SYSTEM_DRIFT']
2026-07-03T22:04:23Z VIOLATION DNS drift threat api.github.com: ['TRUTH_DNS_DOWN', 'TRUTH_STUB_DRIFT', 'TRUTH_SYSTEM_DRIFT']
2026-07-03T22:04:23Z VIOLATION DNS drift threat ssh.github.com: ['TRUTH_DNS_DOWN', 'TRUTH_STUB_DRIFT', 'TRUTH_SYSTEM_DRIFT']
2026-07-03T22:04:24Z VIOLATION DNS drift threat api.github.com: ['TRUTH_DNS_DOWN']
2026-07-03T22:04:24Z VIOLATION DNS drift threat api.github.com: ['TRUTH_DNS_DOWN', 'TRUTH_STUB_DRIFT', 'TRUTH_SYSTEM_DRIFT']
2026-07-03T22:04:25Z VIOLATION DNS drift threat github.com: ['TRUTH_DNS_DOWN', 'TRUTH_STUB_DRIFT', 'TRUTH_SYSTEM_DRIFT']
2026-07-03T22:04:26Z VIOLATION DNS drift threat api.github.com: ['TRUTH_DNS_DOWN', 'TRUTH_STUB_DRIFT', 'TRUTH_SYSTEM_DRIFT']
2026-07-03T22:04:28Z VIOLATION DNS drift threat api.github.com: ['TRUTH_DNS_DOWN', 'TRUTH_STUB_DRIFT', 'TRUTH_SYSTEM_DRIFT']
2026-07-03T22:04:28Z VIOLATION DNS drift threat ssh.github.com: ['TRUTH_DNS_DOWN', 'TRUTH_STUB_DRIFT', 'TRUTH_SYSTEM_DRIFT']
2026-07-03T22:04:29Z VIOLATION DNS drift threat ssh.github.com: ['TRUTH_DNS_DOWN', 'TRUTH_STUB_DRIFT', 'TRUTH_SYSTEM_DRIFT']
2026-07-03T22:04:30Z VIOLATION DNS drift threat github.com: ['TRUTH_DNS_DOWN', 'TRUTH_STUB_DRIFT', 'TRUTH_SYSTEM_DRIFT']
2026-07-03T22:04:31Z VIOLATION DNS drift threat ssh.github.com: ['TRUTH_DNS_DOWN', 'TRUTH_STUB_DRIFT', 'TRUTH_SYSTEM_DRIFT']
2026-07-03T22:04:33Z VIOLATION DNS drift threat api.github.com: ['TRUTH_DNS_DOWN', 'TRUTH_STUB_DRIFT', 'TRUTH_SYSTEM_DRIFT']
2026-07-03T22:04:35Z VIOLATION DNS drift threat ssh.github.com: ['TRUTH_DNS_DOWN', 'TRUTH_STUB_DRIFT', 'TRUTH_SYSTEM_DRIFT']
2026-07-03T22:04:42Z VIOLATION DNS drift threat github.com: ['TRUTH_DNS_DOWN', 'TRUTH_STUB_DRIFT', 'TRUTH_SYSTEM_DRIFT']
2026-07-03T22:04:43Z VIOLATION DNS drift threat api.github.com: ['TRUTH_DNS_DOWN', 'TRUTH_STUB_DRIFT', 'TRUTH_SYSTEM_DRIFT']
2026-07-03T22:04:45Z VIOLATION DNS drift threat github.com: ['TRUTH_DNS_DOWN', 'TRUTH_STUB_DRIFT', 'TRUTH_SYSTEM_DRIFT']
2026-07-03T22:04:45Z VIOLATION DNS drift threat github.com: ['TRUTH_DNS_DOWN', 'TRUTH_STUB_DRIFT', 'TRUTH_SYSTEM_DRIFT']
2026-07-03T22:04:46Z VIOLATION DNS drift threat ssh.github.com: ['TRUTH_DNS_DOWN', 'TRUTH_STUB_DRIFT', 'TRUTH_SYSTEM_DRIFT']
2026-07-03T22:04:47Z VIOLATION DNS drift threat api.github.com: ['TRUTH_DNS_DOWN']
2026-07-03T22:04:47Z VIOLATION DNS drift threat api.github.com: ['TRUTH_DNS_DOWN', 'TRUTH_STUB_DRIFT', 'TRUTH_SYSTEM_DRIFT']
2026-07-03T22:04:50Z VIOLATION DNS drift threat ssh.github.com: ['TRUTH_DNS_DOWN']
2026-07-03T22:04:50Z VIOLATION DNS drift threat github.com: ['TRUTH_DNS_DOWN', 'TRUTH_STUB_DRIFT', 'TRUTH_SYSTEM_DRIFT']
2026-07-03T22:04:53Z VIOLATION DNS drift threat api.github.com: ['TRUTH_DNS_DOWN', 'TRUTH_STUB_DRIFT', 'TRUTH_SYSTEM_DRIFT']
2026-07-03T22:04:55Z VIOLATION DNS drift threat github.com: ['TRUTH_DNS_DOWN', 'TRUTH_STUB_DRIFT', 'TRUTH_SYSTEM_DRIFT']
2026-07-03T22:04:57Z VIOLATION DNS drift threat ssh.github.com: ['TRUTH_DNS_DOWN', 'TRUTH_STUB_DRIFT', 'TRUTH_SYSTEM_DRIFT']
2026-07-03T22:04:57Z VIOLATION DNS drift threat github.com: ['TRUTH_DNS_DOWN', 'TRUTH_STUB_DRIFT', 'TRUTH_SYSTEM_DRIFT']
2026-07-03T22:04:58Z VIOLATION DNS drift threat github.com: ['TRUTH_DNS_DOWN', 'TRUTH_STUB_DRIFT', 'TRUTH_SYSTEM_DRIFT']
2026-07-03T22:04:58Z VIOLATION DNS drift threat github.com: ['TRUTH_DNS_DOWN', 'TRUTH_STUB_DRIFT', 'TRUTH_SYSTEM_DRIFT']
2026-07-03T22:04:58Z VIOLATION DNS drift threat api.github.com: ['TRUTH_DNS_DOWN']
2026-07-03T22:04:58Z VIOLATION DNS drift threat github.com: ['TRUTH_DNS_DOWN', 'TRUTH_STUB_DRIFT', 'TRUTH_SYSTEM_DRIFT']
2026-07-03T22:05:00Z VIOLATION DNS drift threat api.github.com: ['TRUTH_DNS_DOWN', 'TRUTH_STUB_DRIFT', 'TRUTH_SYSTEM_DRIFT']
2026-07-03T22:05:01Z VIOLATION DNS drift threat ssh.github.com: ['TRUTH_DNS_DOWN', 'TRUTH_STUB_DRIFT', 'TRUTH_SYSTEM_DRIFT']
2026-07-03T22:05:01Z VIOLATION DNS drift threat api.github.com: ['TRUTH_DNS_DOWN', 'TRUTH_STUB_DRIFT', 'TRUTH_SYSTEM_DRIFT']
2026-07-03T22:05:01Z VIOLATION DNS drift threat api.github.com: ['TRUTH_DNS_DOWN', 'TRUTH_STUB_DRIFT', 'TRUTH_SYSTEM_DRIFT']
2026-07-03T22:05:01Z VIOLATION DNS drift threat api.github.com: ['TRUTH_DNS_DOWN', 'TRUTH_STUB_DRIFT', 'TRUTH_SYSTEM_DRIFT']
2026-07-03T22:05:03Z VIOLATION DNS drift threat ssh.github.com: ['TRUTH_DNS_DOWN']
2026-07-03T22:05:03Z VIOLATION DNS drift threat ssh.github.com: ['TRUTH_DNS_DOWN', 'TRUTH_STUB_DRIFT', 'TRUTH_SYSTEM_DRIFT']
2026-07-03T22:05:04Z VIOLATION DNS drift threat ssh.github.com: ['TRUTH_DNS_DOWN', 'TRUTH_STUB_DRIFT', 'TRUTH_SYSTEM_DRIFT']
2026-07-03T22:05:04Z VIOLATION DNS drift threat ssh.github.com: ['TRUTH_DNS_DOWN', 'TRUTH_STUB_DRIFT', 'TRUTH_SYSTEM_DRIFT']
2026-07-03T22:05:06Z VIOLATION DNS drift threat raw.githubusercontent.com: ['TRUTH_DNS_DOWN']
2026-07-03T22:05:08Z VIOLATION DNS drift threat github.com: ['TRUTH_DNS_DOWN', 'TRUTH_STUB_DRIFT', 'TRUTH_SYSTEM_DRIFT']
2026-07-03T22:05:09Z VIOLATION DNS drift threat github.com: ['TRUTH_DNS_DOWN']
2026-07-03T22:05:09Z VIOLATION DNS drift threat github.com: ['TRUTH_DNS_DOWN', 'TRUTH_STUB_DRIFT', 'TRUTH_SYSTEM_DRIFT']
2026-07-03T22:05:10Z VIOLATION DNS drift threat github.com: ['TRUTH_DNS_DOWN', 'TRUTH_STUB_DRIFT', 'TRUTH_SYSTEM_DRIFT']
2026-07-03T22:05:11Z VIOLATION DNS drift threat github.com: ['TRUTH_DNS_DOWN', 'TRUTH_STUB_DRIFT', 'TRUTH_SYSTEM_DRIFT']
2026-07-03T22:05:11Z VIOLATION DNS drift threat api.github.com: ['TRUTH_DNS_DOWN', 'TRUTH_STUB_DRIFT', 'TRUTH_SYSTEM_DRIFT']
2026-07-03T22:05:11Z VIOLATION DNS drift threat api.github.com: ['TRUTH_DNS_DOWN', 'TRUTH_STUB_DRIFT', 'TRUTH_SYSTEM_DRIFT']
2026-07-03T22:05:13Z VIOLATION DNS drift threat api.github.com: ['TRUTH_DNS_DOWN', 'TRUTH_STUB_DRIFT', 'TRUTH_SYSTEM_DRIFT']
2026-07-03T22:05:13Z VIOLATION DNS drift threat ssh.github.com: ['TRUTH_DNS_DOWN']
2026-07-03T22:05:13Z VIOLATION DNS drift threat api.github.com: ['TRUTH_DNS_DOWN', 'TRUTH_STUB_DRIFT', 'TRUTH_SYSTEM_DRIFT']
2026-07-03T22:05:14Z VIOLATION DNS drift threat ssh.github.com: ['TRUTH_DNS_DOWN', 'TRUTH_STUB_DRIFT', 'TRUTH_SYSTEM_DRIFT']
2026-07-03T22:05:15Z VIOLATION DNS drift threat raw.githubusercontent.com: ['TRUTH_DNS_DOWN']
2026-07-03T22:05:16Z VIOLATION DNS drift threat ssh.github.com: ['TRUTH_DNS_DOWN', 'TRUTH_STUB_DRIFT', 'TRUTH_SYSTEM_DRIFT']
2026-07-03T22:05:16Z VIOLATION DNS drift threat api.github.com: ['TRUTH_DNS_DOWN', 'TRUTH_STUB_DRIFT', 'TRUTH_SYSTEM_DRIFT']
2026-07-03T22:05:17Z VIOLATION DNS drift threat ssh.github.com: ['TRUTH_DNS_DOWN', 'TRUTH_STUB_DRIFT', 'TRUTH_SYSTEM_DRIFT']
2026-07-03T22:05:24Z VIOLATION DNS drift threat github.com: ['TRUTH_DNS_DOWN', 'TRUTH_STUB_DRIFT', 'TRUTH_SYSTEM_DRIFT']
2026-07-03T22:05:25Z VIOLATION DNS drift threat github.com: ['TRUTH_DNS_DOWN', 'TRUTH_STUB_DRIFT', 'TRUTH_SYSTEM_DRIFT']
2026-07-03T22:05:26Z VIOLATION DNS drift threat github.com: ['TRUTH_DNS_DOWN', 'TRUTH_STUB_DRIFT', 'TRUTH_SYSTEM_DRIFT']
2026-07-03T22:05:27Z VIOLATION DNS drift threat github.com: ['TRUTH_DNS_DOWN', 'TRUTH_STUB_DRIFT', 'TRUTH_SYSTEM_DRIFT']
2026-07-03T22:05:27Z VIOLATION DNS drift threat api.github.com: ['TRUTH_DNS_DOWN', 'TRUTH_STUB_DRIFT', 'TRUTH_SYSTEM_DRIFT']
2026-07-03T22:05:27Z VIOLATION DNS drift threat api.github.com: ['TRUTH_DNS_DOWN', 'TRUTH_STUB_DRIFT', 'TRUTH_SYSTEM_DRIFT']
2026-07-03T22:05:28Z VIOLATION DNS drift threat api.github.com: ['TRUTH_DNS_DOWN', 'TRUTH_STUB_DRIFT', 'TRUTH_SYSTEM_DRIFT']
2026-07-03T22:05:29Z VIOLATION DNS drift threat github.com: ['TRUTH_DNS_DOWN']
2026-07-03T22:05:29Z VIOLATION DNS drift threat api.github.com: ['TRUTH_DNS_DOWN', 'TRUTH_STUB_DRIFT', 'TRUTH_SYSTEM_DRIFT']
2026-07-03T22:05:30Z VIOLATION DNS drift threat ssh.github.com: ['TRUTH_DNS_DOWN']
2026-07-03T22:05:30Z VIOLATION DNS drift threat ssh.github.com: ['TRUTH_DNS_DOWN', 'TRUTH_STUB_DRIFT', 'TRUTH_SYSTEM_DRIFT']
2026-07-03T22:05:31Z VIOLATION DNS drift threat api.github.com: ['TRUTH_DNS_DOWN', 'TRUTH_STUB_DRIFT', 'TRUTH_SYSTEM_DRIFT']
2026-07-03T22:05:31Z VIOLATION DNS drift threat ssh.github.com: ['TRUTH_DNS_DOWN', 'TRUTH_STUB_DRIFT', 'TRUTH_SYSTEM_DRIFT']
2026-07-03T22:05:31Z VIOLATION DNS drift threat ssh.github.com: ['TRUTH_DNS_DOWN', 'TRUTH_STUB_DRIFT', 'TRUTH_SYSTEM_DRIFT']
2026-07-03T22:05:31Z VIOLATION DNS drift threat raw.githubusercontent.com: ['TRUTH_DNS_DOWN']
2026-07-03T22:05:33Z VIOLATION DNS drift threat raw.githubusercontent.com: ['TRUTH_DNS_DOWN']
2026-07-03T22:05:33Z VIOLATION DNS drift threat raw.githubusercontent.com: ['TRUTH_DNS_DOWN']
2026-07-03T22:05:34Z VIOLATION DNS drift threat ssh.github.com: ['TRUTH_DNS_DOWN', 'TRUTH_STUB_DRIFT', 'TRUTH_SYSTEM_DRIFT']
2026-07-03T22:05:36Z VIOLATION DNS drift threat raw.githubusercontent.com: ['TRUTH_DNS_DOWN']
2026-07-03T22:05:38Z VIOLATION DNS drift threat github.com: ['TRUTH_DNS_DOWN', 'TRUTH_STUB_DRIFT', 'TRUTH_SYSTEM_DRIFT']
2026-07-03T22:05:38Z VIOLATION DNS drift threat github.com: ['TRUTH_DNS_DOWN', 'TRUTH_STUB_DRIFT', 'TRUTH_SYSTEM_DRIFT']
2026-07-03T22:05:40Z VIOLATION DNS drift threat api.github.com: ['TRUTH_DNS_DOWN', 'TRUTH_STUB_DRIFT', 'TRUTH_SYSTEM_DRIFT']
2026-07-03T22:05:40Z VIOLATION DNS drift threat api.github.com: ['TRUTH_DNS_DOWN', 'TRUTH_STUB_DRIFT', 'TRUTH_SYSTEM_DRIFT']
2026-07-03T22:05:41Z VIOLATION DNS drift threat github.com: ['TRUTH_DNS_DOWN', 'TRUTH_STUB_DRIFT', 'TRUTH_SYSTEM_DRIFT']
2026-07-03T22:05:43Z VIOLATION DNS drift threat ssh.github.com: ['TRUTH_DNS_DOWN', 'TRUTH_STUB_DRIFT', 'TRUTH_SYSTEM_DRIFT']
2026-07-03T22:05:43Z VIOLATION DNS drift threat github.com: ['TRUTH_DNS_DOWN', 'TRUTH_STUB_DRIFT', 'TRUTH_SYSTEM_DRIFT']
2026-07-03T22:05:44Z VIOLATION DNS drift threat api.github.com: ['TRUTH_DNS_DOWN', 'TRUTH_STUB_DRIFT', 'TRUTH_SYSTEM_DRIFT']
2026-07-03T22:05:46Z VIOLATION DNS drift threat ssh.github.com: ['TRUTH_DNS_DOWN']
2026-07-03T22:05:47Z VIOLATION DNS drift threat github.com: ['TRUTH_DNS_DOWN', 'TRUTH_STUB_DRIFT', 'TRUTH_SYSTEM_DRIFT']
2026-07-03T22:05:47Z VIOLATION DNS drift threat api.github.com: ['TRUTH_DNS_DOWN', 'TRUTH_STUB_DRIFT', 'TRUTH_SYSTEM_DRIFT']
2026-07-03T22:05:48Z VIOLATION DNS drift threat github.com: ['TRUTH_DNS_DOWN', 'TRUTH_STUB_DRIFT', 'TRUTH_SYSTEM_DRIFT']
2026-07-03T22:05:50Z VIOLATION DNS drift threat github.com: ['TRUTH_DNS_DOWN', 'TRUTH_STUB_DRIFT', 'TRUTH_SYSTEM_DRIFT']
2026-07-03T22:05:51Z VIOLATION DNS drift threat github.com: ['TRUTH_DNS_DOWN', 'TRUTH_STUB_DRIFT', 'TRUTH_SYSTEM_DRIFT']
2026-07-03T22:05:52Z VIOLATION DNS drift threat api.github.com: ['TRUTH_DNS_DOWN', 'TRUTH_STUB_DRIFT', 'TRUTH_SYSTEM_DRIFT']
2026-07-03T22:05:53Z VIOLATION DNS drift threat ssh.github.com: ['TRUTH_DNS_DOWN', 'TRUTH_STUB_DRIFT', 'TRUTH_SYSTEM_DRIFT']
2026-07-03T22:05:53Z VIOLATION DNS drift threat api.github.com: ['TRUTH_DNS_DOWN', 'TRUTH_STUB_DRIFT', 'TRUTH_SYSTEM_DRIFT']
2026-07-03T22:05:53Z VIOLATION DNS drift threat github.com: ['TRUTH_DNS_DOWN', 'TRUTH_STUB_DRIFT', 'TRUTH_SYSTEM_DRIFT']
2026-07-03T22:05:54Z VIOLATION DNS drift threat api.github.com: ['TRUTH_DNS_DOWN', 'TRUTH_STUB_DRIFT', 'TRUTH_SYSTEM_DRIFT']
2026-07-03T22:05:56Z VIOLATION DNS drift threat api.github.com: ['TRUTH_DNS_DOWN', 'TRUTH_STUB_DRIFT', 'TRUTH_SYSTEM_DRIFT']
2026-07-03T22:05:58Z VIOLATION DNS drift threat ssh.github.com: ['TRUTH_DNS_DOWN', 'TRUTH_STUB_DRIFT', 'TRUTH_SYSTEM_DRIFT']
2026-07-03T22:05:58Z VIOLATION DNS drift threat api.github.com: ['TRUTH_DNS_DOWN', 'TRUTH_STUB_DRIFT', 'TRUTH_SYSTEM_DRIFT']
2026-07-03T22:05:59Z VIOLATION DNS drift threat ssh.github.com: ['TRUTH_DNS_DOWN', 'TRUTH_STUB_DRIFT', 'TRUTH_SYSTEM_DRIFT']
2026-07-03T22:06:00Z VIOLATION DNS drift threat ssh.github.com: ['TRUTH_DNS_DOWN']
2026-07-03T22:06:05Z VIOLATION DNS drift threat github.com: ['TRUTH_DNS_DOWN', 'TRUTH_STUB_DRIFT', 'TRUTH_SYSTEM_DRIFT']
2026-07-03T22:06:06Z VIOLATION DNS drift threat github.com: ['TRUTH_DNS_DOWN']
2026-07-03T22:06:07Z VIOLATION DNS drift threat github.com: ['TRUTH_DNS_DOWN', 'TRUTH_STUB_DRIFT', 'TRUTH_SYSTEM_DRIFT']
2026-07-03T22:06:09Z VIOLATION DNS drift threat api.github.com: ['TRUTH_DNS_DOWN', 'TRUTH_STUB_DRIFT', 'TRUTH_SYSTEM_DRIFT']
2026-07-03T22:06:10Z VIOLATION DNS drift threat github.com: ['TRUTH_DNS_DOWN', 'TRUTH_STUB_DRIFT', 'TRUTH_SYSTEM_DRIFT']
2026-07-03T22:06:10Z VIOLATION DNS drift threat api.github.com: ['TRUTH_DNS_DOWN', 'TRUTH_STUB_DRIFT', 'TRUTH_SYSTEM_DRIFT']
2026-07-03T22:06:11Z VIOLATION DNS drift threat api.github.com: ['TRUTH_DNS_DOWN']
2026-07-03T22:06:12Z VIOLATION DNS drift threat github.com: ['TRUTH_DNS_DOWN', 'TRUTH_STUB_DRIFT', 'TRUTH_SYSTEM_DRIFT']
2026-07-03T22:06:12Z VIOLATION DNS drift threat ssh.github.com: ['TRUTH_DNS_DOWN', 'TRUTH_STUB_DRIFT', 'TRUTH_SYSTEM_DRIFT']
2026-07-03T22:06:14Z VIOLATION DNS drift threat ssh.github.com: ['TRUTH_DNS_DOWN', 'TRUTH_STUB_DRIFT', 'TRUTH_SYSTEM_DRIFT']
2026-07-03T22:06:15Z VIOLATION DNS drift threat api.github.com: ['TRUTH_DNS_DOWN', 'TRUTH_STUB_DRIFT', 'TRUTH_SYSTEM_DRIFT']
2026-07-03T22:06:15Z VIOLATION DNS drift threat github.com: ['TRUTH_DNS_DOWN', 'TRUTH_STUB_DRIFT', 'TRUTH_SYSTEM_DRIFT']
2026-07-03T22:06:18Z VIOLATION DNS drift threat api.github.com: ['TRUTH_DNS_DOWN']
2026-07-03T22:06:18Z VIOLATION DNS drift threat api.github.com: ['TRUTH_DNS_DOWN', 'TRUTH_STUB_DRIFT', 'TRUTH_SYSTEM_DRIFT']
2026-07-03T22:06:19Z VIOLATION DNS drift threat github.com: ['TRUTH_DNS_DOWN']
2026-07-03T22:06:19Z VIOLATION DNS drift threat ssh.github.com: ['TRUTH_DNS_DOWN', 'TRUTH_STUB_DRIFT', 'TRUTH_SYSTEM_DRIFT']
2026-07-03T22:06:20Z VIOLATION DNS drift threat ssh.github.com: ['TRUTH_DNS_DOWN']
2026-07-03T22:06:21Z VIOLATION DNS drift threat api.github.com: ['TRUTH_DNS_DOWN', 'TRUTH_STUB_DRIFT', 'TRUTH_SYSTEM_DRIFT']
2026-07-03T22:06:21Z VIOLATION DNS drift threat github.com: ['TRUTH_DNS_DOWN', 'TRUTH_STUB_DRIFT', 'TRUTH_SYSTEM_DRIFT']
2026-07-03T22:06:22Z VIOLATION DNS drift threat github.com: ['TRUTH_DNS_DOWN', 'TRUTH_STUB_DRIFT', 'TRUTH_SYSTEM_DRIFT']
2026-07-03T22:06:23Z VIOLATION DNS drift threat ssh.github.com: ['TRUTH_DNS_DOWN', 'TRUTH_STUB_DRIFT', 'TRUTH_SYSTEM_DRIFT']
2026-07-03T22:06:24Z VIOLATION DNS drift threat github.com: ['TRUTH_DNS_DOWN', 'TRUTH_STUB_DRIFT', 'TRUTH_SYSTEM_DRIFT']
2026-07-03T22:06:26Z VIOLATION DNS drift threat github.com: ['TRUTH_DNS_DOWN', 'TRUTH_STUB_DRIFT', 'TRUTH_SYSTEM_DRIFT']
2026-07-03T22:06:28Z VIOLATION DNS drift threat api.github.com: ['TRUTH_DNS_DOWN', 'TRUTH_STUB_DRIFT', 'TRUTH_SYSTEM_DRIFT']
2026-07-03T22:06:28Z VIOLATION DNS drift threat api.github.com: ['TRUTH_DNS_DOWN', 'TRUTH_STUB_DRIFT', 'TRUTH_SYSTEM_DRIFT']
2026-07-03T22:06:29Z VIOLATION DNS drift threat api.github.com: ['TRUTH_DNS_DOWN', 'TRUTH_STUB_DRIFT', 'TRUTH_SYSTEM_DRIFT']
2026-07-03T22:06:30Z VIOLATION DNS drift threat github.com: ['TRUTH_DNS_DOWN', 'TRUTH_STUB_DRIFT', 'TRUTH_SYSTEM_DRIFT']
2026-07-03T22:06:31Z VIOLATION DNS drift threat ssh.github.com: ['TRUTH_DNS_DOWN', 'TRUTH_STUB_DRIFT', 'TRUTH_SYSTEM_DRIFT']
2026-07-03T22:06:31Z VIOLATION DNS drift threat ssh.github.com: ['TRUTH_DNS_DOWN', 'TRUTH_STUB_DRIFT', 'TRUTH_SYSTEM_DRIFT']
2026-07-03T22:06:32Z VIOLATION DNS drift threat api.github.com: ['TRUTH_DNS_DOWN', 'TRUTH_STUB_DRIFT', 'TRUTH_SYSTEM_DRIFT']
2026-07-03T22:06:33Z VIOLATION DNS drift threat api.github.com: ['TRUTH_DNS_DOWN', 'TRUTH_STUB_DRIFT', 'TRUTH_SYSTEM_DRIFT']
2026-07-03T22:06:35Z VIOLATION DNS drift threat github.com: ['TRUTH_DNS_DOWN', 'TRUTH_STUB_DRIFT', 'TRUTH_SYSTEM_DRIFT']
2026-07-03T22:06:37Z VIOLATION DNS drift threat api.github.com: ['TRUTH_DNS_DOWN', 'TRUTH_STUB_DRIFT', 'TRUTH_SYSTEM_DRIFT']
2026-07-03T22:06:37Z VIOLATION DNS drift threat github.com: ['TRUTH_DNS_DOWN', 'TRUTH_STUB_DRIFT', 'TRUTH_SYSTEM_DRIFT']
2026-07-03T22:06:39Z VIOLATION DNS drift threat api.github.com: ['TRUTH_DNS_DOWN', 'TRUTH_STUB_DRIFT', 'TRUTH_SYSTEM_DRIFT']
2026-07-03T22:06:39Z VIOLATION DNS drift threat ssh.github.com: ['TRUTH_DNS_DOWN']
2026-07-03T22:06:39Z VIOLATION DNS drift threat github.com: ['TRUTH_DNS_DOWN', 'TRUTH_STUB_DRIFT', 'TRUTH_SYSTEM_DRIFT']
2026-07-03T22:06:40Z VIOLATION DNS drift threat ssh.github.com: ['TRUTH_DNS_DOWN', 'TRUTH_STUB_DRIFT', 'TRUTH_SYSTEM_DRIFT']
2026-07-03T22:06:42Z VIOLATION DNS drift threat github.com: ['TRUTH_DNS_DOWN', 'TRUTH_STUB_DRIFT', 'TRUTH_SYSTEM_DRIFT']
2026-07-03T22:06:42Z VIOLATION DNS drift threat api.github.com: ['TRUTH_DNS_DOWN', 'TRUTH_STUB_DRIFT', 'TRUTH_SYSTEM_DRIFT']
2026-07-03T22:06:43Z VIOLATION DNS drift threat raw.githubusercontent.com: ['TRUTH_DNS_DOWN']
2026-07-03T22:06:43Z VIOLATION DNS drift threat ssh.github.com: ['TRUTH_DNS_DOWN', 'TRUTH_STUB_DRIFT', 'TRUTH_SYSTEM_DRIFT']
2026-07-03T22:06:45Z VIOLATION DNS drift threat raw.githubusercontent.com: ['TRUTH_DNS_DOWN']
2026-07-03T22:06:47Z VIOLATION DNS drift threat github.com: ['TRUTH_DNS_DOWN', 'TRUTH_STUB_DRIFT', 'TRUTH_SYSTEM_DRIFT']
2026-07-03T22:06:48Z VIOLATION DNS drift threat api.github.com: ['TRUTH_DNS_DOWN', 'TRUTH_STUB_DRIFT', 'TRUTH_SYSTEM_DRIFT']
2026-07-03T22:06:50Z VIOLATION DNS drift threat ssh.github.com: ['TRUTH_DNS_DOWN']
2026-07-03T22:06:50Z VIOLATION DNS drift threat github.com: ['TRUTH_DNS_DOWN', 'TRUTH_STUB_DRIFT', 'TRUTH_SYSTEM_DRIFT']
2026-07-03T22:06:52Z VIOLATION DNS drift threat raw.githubusercontent.com: ['TRUTH_DNS_DOWN']
2026-07-03T22:06:53Z VIOLATION DNS drift threat api.github.com: ['TRUTH_DNS_DOWN']
2026-07-03T22:06:54Z VIOLATION DNS drift threat github.com: ['TRUTH_DNS_DOWN']
2026-07-03T22:06:55Z VIOLATION DNS drift threat ssh.github.com: ['TRUTH_DNS_DOWN', 'TRUTH_STUB_DRIFT', 'TRUTH_SYSTEM_DRIFT']
2026-07-03T22:06:55Z VIOLATION DNS drift threat api.github.com: ['TRUTH_DNS_DOWN', 'TRUTH_STUB_DRIFT', 'TRUTH_SYSTEM_DRIFT']
2026-07-03T22:06:56Z VIOLATION DNS drift threat raw.githubusercontent.com: ['TRUTH_DNS_DOWN']
2026-07-03T22:06:57Z VIOLATION DNS drift threat ssh.github.com: ['TRUTH_DNS_DOWN', 'TRUTH_STUB_DRIFT', 'TRUTH_SYSTEM_DRIFT']
2026-07-03T22:06:59Z VIOLATION DNS drift threat raw.githubusercontent.com: ['TRUTH_DNS_DOWN']
2026-07-03T22:07:00Z VIOLATION DNS drift threat github.com: ['TRUTH_DNS_DOWN', 'TRUTH_STUB_DRIFT', 'TRUTH_SYSTEM_DRIFT']
2026-07-03T22:07:01Z VIOLATION DNS drift threat github.com: ['TRUTH_DNS_DOWN']
2026-07-03T22:07:02Z VIOLATION DNS drift threat api.github.com: ['TRUTH_DNS_DOWN', 'TRUTH_STUB_DRIFT', 'TRUTH_SYSTEM_DRIFT']
2026-07-03T22:07:03Z VIOLATION DNS drift threat api.github.com: ['TRUTH_DNS_DOWN']
2026-07-03T22:07:05Z VIOLATION DNS drift threat github.com: ['TRUTH_DNS_DOWN', 'TRUTH_STUB_DRIFT', 'TRUTH_SYSTEM_DRIFT']
2026-07-03T22:07:05Z VIOLATION DNS drift threat ssh.github.com: ['TRUTH_DNS_DOWN', 'TRUTH_STUB_DRIFT', 'TRUTH_SYSTEM_DRIFT']
2026-07-03T22:07:06Z VIOLATION DNS drift threat ssh.github.com: ['TRUTH_DNS_DOWN']
2026-07-03T22:07:06Z VIOLATION DNS drift threat api.github.com: ['TRUTH_DNS_DOWN', 'TRUTH_STUB_DRIFT', 'TRUTH_SYSTEM_DRIFT']
2026-07-03T22:07:08Z VIOLATION DNS drift threat raw.githubusercontent.com: ['TRUTH_DNS_DOWN']
2026-07-03T22:07:08Z VIOLATION DNS drift threat raw.githubusercontent.com: ['TRUTH_DNS_DOWN']
2026-07-03T22:07:09Z VIOLATION DNS drift threat ssh.github.com: ['TRUTH_DNS_DOWN', 'TRUTH_STUB_DRIFT', 'TRUTH_SYSTEM_DRIFT']
2026-07-03T22:07:09Z VIOLATION DNS drift threat github.com: ['TRUTH_DNS_DOWN', 'TRUTH_STUB_DRIFT', 'TRUTH_SYSTEM_DRIFT']
2026-07-03T22:07:10Z VIOLATION DNS drift threat github.com: ['TRUTH_DNS_DOWN', 'TRUTH_STUB_DRIFT', 'TRUTH_SYSTEM_DRIFT']
2026-07-03T22:07:11Z VIOLATION DNS drift threat github.com: ['TRUTH_DNS_DOWN', 'TRUTH_STUB_DRIFT', 'TRUTH_SYSTEM_DRIFT']
2026-07-03T22:07:11Z VIOLATION DNS drift threat api.github.com: ['TRUTH_DNS_DOWN', 'TRUTH_STUB_DRIFT', 'TRUTH_SYSTEM_DRIFT']
2026-07-03T22:07:12Z VIOLATION DNS drift threat api.github.com: ['TRUTH_DNS_DOWN', 'TRUTH_STUB_DRIFT', 'TRUTH_SYSTEM_DRIFT']
2026-07-03T22:07:12Z VIOLATION DNS drift threat raw.githubusercontent.com: ['TRUTH_DNS_DOWN']
2026-07-03T22:07:15Z VIOLATION DNS drift threat api.github.com: ['TRUTH_DNS_DOWN']
2026-07-03T22:07:15Z VIOLATION DNS drift threat ssh.github.com: ['TRUTH_DNS_DOWN', 'TRUTH_STUB_DRIFT', 'TRUTH_SYSTEM_DRIFT']
2026-07-03T22:07:15Z VIOLATION DNS drift threat github.com: ['TRUTH_DNS_DOWN', 'TRUTH_STUB_DRIFT', 'TRUTH_SYSTEM_DRIFT']
2026-07-03T22:07:15Z VIOLATION DNS drift threat ssh.github.com: ['TRUTH_DNS_DOWN', 'TRUTH_STUB_DRIFT', 'TRUTH_SYSTEM_DRIFT']
2026-07-03T22:07:17Z VIOLATION DNS drift threat ssh.github.com: ['TRUTH_DNS_DOWN', 'TRUTH_STUB_DRIFT', 'TRUTH_SYSTEM_DRIFT']
2026-07-03T22:07:19Z VIOLATION DNS drift threat raw.githubusercontent.com: ['TRUTH_DNS_DOWN']
2026-07-03T22:07:19Z VIOLATION DNS drift threat api.github.com: ['TRUTH_DNS_DOWN', 'TRUTH_STUB_DRIFT', 'TRUTH_SYSTEM_DRIFT']
2026-07-03T22:07:20Z VIOLATION DNS drift threat github.com: ['TRUTH_DNS_DOWN', 'TRUTH_STUB_DRIFT', 'TRUTH_SYSTEM_DRIFT']
2026-07-03T22:07:21Z VIOLATION DNS drift threat github.com: ['TRUTH_DNS_DOWN', 'TRUTH_STUB_DRIFT', 'TRUTH_SYSTEM_DRIFT']
2026-07-03T22:07:22Z VIOLATION DNS drift threat api.github.com: ['TRUTH_DNS_DOWN', 'TRUTH_STUB_DRIFT', 'TRUTH_SYSTEM_DRIFT']
2026-07-03T22:07:23Z VIOLATION DNS drift threat api.github.com: ['TRUTH_DNS_DOWN', 'TRUTH_STUB_DRIFT', 'TRUTH_SYSTEM_DRIFT']
2026-07-03T22:07:24Z VIOLATION DNS drift threat github.com: ['TRUTH_DNS_DOWN', 'TRUTH_STUB_DRIFT', 'TRUTH_SYSTEM_DRIFT']
2026-07-03T22:07:25Z VIOLATION DNS drift threat github.com: ['TRUTH_DNS_DOWN', 'TRUTH_STUB_DRIFT', 'TRUTH_SYSTEM_DRIFT']
2026-07-03T22:07:26Z VIOLATION DNS drift threat ssh.github.com: ['TRUTH_DNS_DOWN', 'TRUTH_STUB_DRIFT', 'TRUTH_SYSTEM_DRIFT']
2026-07-03T22:07:27Z VIOLATION DNS drift threat ssh.github.com: ['TRUTH_DNS_DOWN', 'TRUTH_STUB_DRIFT', 'TRUTH_SYSTEM_DRIFT']
2026-07-03T22:07:27Z VIOLATION DNS drift threat api.github.com: ['TRUTH_DNS_DOWN', 'TRUTH_STUB_DRIFT', 'TRUTH_SYSTEM_DRIFT']
2026-07-03T22:07:28Z VIOLATION DNS drift threat github.com: ['TRUTH_DNS_DOWN']
2026-07-03T22:07:29Z VIOLATION DNS drift threat raw.githubusercontent.com: ['TRUTH_DNS_DOWN']
2026-07-03T22:07:29Z VIOLATION DNS drift threat ssh.github.com: ['TRUTH_DNS_DOWN', 'TRUTH_STUB_DRIFT', 'TRUTH_SYSTEM_DRIFT']
2026-07-03T22:07:30Z VIOLATION DNS drift threat api.github.com: ['TRUTH_DNS_DOWN']
2026-07-03T22:07:32Z VIOLATION DNS drift threat raw.githubusercontent.com: ['TRUTH_DNS_DOWN']
2026-07-03T22:07:33Z VIOLATION DNS drift threat api.github.com: ['TRUTH_DNS_DOWN', 'TRUTH_STUB_DRIFT', 'TRUTH_SYSTEM_DRIFT']
2026-07-03T22:07:35Z VIOLATION DNS drift threat ssh.github.com: ['TRUTH_DNS_DOWN', 'TRUTH_STUB_DRIFT', 'TRUTH_SYSTEM_DRIFT']
2026-07-03T22:07:39Z VIOLATION DNS drift threat github.com: ['TRUTH_DNS_DOWN', 'TRUTH_STUB_DRIFT', 'TRUTH_SYSTEM_DRIFT']
2026-07-03T22:07:40Z VIOLATION DNS drift threat github.com: ['TRUTH_DNS_DOWN', 'TRUTH_STUB_DRIFT', 'TRUTH_SYSTEM_DRIFT']
2026-07-03T22:07:42Z VIOLATION DNS drift threat api.github.com: ['TRUTH_DNS_DOWN', 'TRUTH_STUB_DRIFT', 'TRUTH_SYSTEM_DRIFT']
2026-07-03T22:07:43Z VIOLATION DNS drift threat api.github.com: ['TRUTH_DNS_DOWN', 'TRUTH_STUB_DRIFT', 'TRUTH_SYSTEM_DRIFT']
2026-07-03T22:07:45Z VIOLATION DNS drift threat ssh.github.com: ['TRUTH_DNS_DOWN', 'TRUTH_STUB_DRIFT', 'TRUTH_SYSTEM_DRIFT']
2026-07-03T22:07:45Z VIOLATION DNS drift threat github.com: ['TRUTH_DNS_DOWN', 'TRUTH_STUB_DRIFT', 'TRUTH_SYSTEM_DRIFT']
2026-07-03T22:07:46Z VIOLATION DNS drift threat github.com: ['TRUTH_DNS_DOWN', 'TRUTH_STUB_DRIFT', 'TRUTH_SYSTEM_DRIFT']
2026-07-03T22:07:47Z VIOLATION DNS drift threat api.github.com: ['TRUTH_DNS_DOWN', 'TRUTH_STUB_DRIFT', 'TRUTH_SYSTEM_DRIFT']
2026-07-03T22:07:48Z VIOLATION DNS drift threat api.github.com: ['TRUTH_DNS_DOWN', 'TRUTH_STUB_DRIFT', 'TRUTH_SYSTEM_DRIFT']
2026-07-03T22:07:49Z VIOLATION DNS drift threat github.com: ['TRUTH_DNS_DOWN', 'TRUTH_STUB_DRIFT', 'TRUTH_SYSTEM_DRIFT']
2026-07-03T22:07:50Z VIOLATION DNS drift threat ssh.github.com: ['TRUTH_DNS_DOWN']
2026-07-03T22:07:51Z VIOLATION DNS drift threat ssh.github.com: ['TRUTH_DNS_DOWN', 'TRUTH_STUB_DRIFT', 'TRUTH_SYSTEM_DRIFT']
2026-07-03T22:07:51Z VIOLATION DNS drift threat github.com: ['TRUTH_DNS_DOWN', 'TRUTH_STUB_DRIFT', 'TRUTH_SYSTEM_DRIFT']
2026-07-03T22:07:52Z VIOLATION DNS drift threat api.github.com: ['TRUTH_DNS_DOWN', 'TRUTH_STUB_DRIFT', 'TRUTH_SYSTEM_DRIFT']
2026-07-03T22:07:53Z VIOLATION DNS drift threat api.github.com: ['TRUTH_DNS_DOWN', 'TRUTH_STUB_DRIFT', 'TRUTH_SYSTEM_DRIFT']
2026-07-03T22:07:55Z VIOLATION DNS drift threat github.com: ['TRUTH_DNS_DOWN', 'TRUTH_STUB_DRIFT', 'TRUTH_SYSTEM_DRIFT']
2026-07-03T22:07:55Z VIOLATION DNS drift threat github.com: ['TRUTH_DNS_DOWN', 'TRUTH_STUB_DRIFT', 'TRUTH_SYSTEM_DRIFT']
2026-07-03T22:07:56Z VIOLATION DNS drift threat ssh.github.com: ['TRUTH_DNS_DOWN', 'TRUTH_STUB_DRIFT', 'TRUTH_SYSTEM_DRIFT']
2026-07-03T22:07:57Z VIOLATION DNS drift threat api.github.com: ['TRUTH_DNS_DOWN', 'TRUTH_STUB_DRIFT', 'TRUTH_SYSTEM_DRIFT']
2026-07-03T22:07:58Z VIOLATION DNS drift threat api.github.com: ['TRUTH_DNS_DOWN', 'TRUTH_STUB_DRIFT', 'TRUTH_SYSTEM_DRIFT']
2026-07-03T22:07:58Z VIOLATION DNS drift threat ssh.github.com: ['TRUTH_DNS_DOWN', 'TRUTH_STUB_DRIFT', 'TRUTH_SYSTEM_DRIFT']
2026-07-03T22:07:59Z VIOLATION DNS drift threat github.com: ['TRUTH_DNS_DOWN', 'TRUTH_STUB_DRIFT', 'TRUTH_SYSTEM_DRIFT']
2026-07-03T22:08:00Z VIOLATION DNS drift threat ssh.github.com: ['TRUTH_DNS_DOWN', 'TRUTH_STUB_DRIFT', 'TRUTH_SYSTEM_DRIFT']
2026-07-03T22:08:00Z VIOLATION DNS drift threat github.com: ['TRUTH_DNS_DOWN', 'TRUTH_STUB_DRIFT', 'TRUTH_SYSTEM_DRIFT']
2026-07-03T22:08:02Z VIOLATION DNS drift threat ssh.github.com: ['TRUTH_DNS_DOWN', 'TRUTH_STUB_DRIFT', 'TRUTH_SYSTEM_DRIFT']
2026-07-03T22:08:03Z VIOLATION DNS drift threat api.github.com: ['TRUTH_DNS_DOWN', 'TRUTH_STUB_DRIFT', 'TRUTH_SYSTEM_DRIFT']
2026-07-03T22:08:03Z VIOLATION DNS drift threat api.github.com: ['TRUTH_DNS_DOWN', 'TRUTH_STUB_DRIFT', 'TRUTH_SYSTEM_DRIFT']
2026-07-03T22:08:05Z VIOLATION DNS drift threat github.com: ['TRUTH_DNS_DOWN', 'TRUTH_STUB_DRIFT', 'TRUTH_SYSTEM_DRIFT']
2026-07-03T22:08:05Z VIOLATION DNS drift threat ssh.github.com: ['TRUTH_DNS_DOWN', 'TRUTH_STUB_DRIFT', 'TRUTH_SYSTEM_DRIFT']
2026-07-03T22:08:06Z VIOLATION DNS drift threat github.com: ['TRUTH_DNS_DOWN', 'TRUTH_STUB_DRIFT', 'TRUTH_SYSTEM_DRIFT']
2026-07-03T22:08:08Z VIOLATION DNS drift threat api.github.com: ['TRUTH_DNS_DOWN', 'TRUTH_STUB_DRIFT', 'TRUTH_SYSTEM_DRIFT']
2026-07-03T22:08:08Z VIOLATION DNS drift threat api.github.com: ['TRUTH_DNS_DOWN', 'TRUTH_STUB_DRIFT', 'TRUTH_SYSTEM_DRIFT']
2026-07-03T22:08:11Z VIOLATION DNS drift threat ssh.github.com: ['TRUTH_DNS_DOWN', 'TRUTH_STUB_DRIFT', 'TRUTH_SYSTEM_DRIFT']
2026-07-03T22:08:13Z VIOLATION DNS drift threat ssh.github.com: ['TRUTH_DNS_DOWN', 'TRUTH_STUB_DRIFT', 'TRUTH_SYSTEM_DRIFT']
2026-07-03T22:08:14Z VIOLATION DNS drift threat github.com: ['TRUTH_DNS_DOWN', 'TRUTH_STUB_DRIFT', 'TRUTH_SYSTEM_DRIFT']
2026-07-03T22:08:16Z VIOLATION DNS drift threat github.com: ['TRUTH_DNS_DOWN', 'TRUTH_STUB_DRIFT', 'TRUTH_SYSTEM_DRIFT']
2026-07-03T22:08:16Z VIOLATION DNS drift threat github.com: ['TRUTH_DNS_DOWN', 'TRUTH_STUB_DRIFT', 'TRUTH_SYSTEM_DRIFT']
2026-07-03T22:08:18Z VIOLATION DNS drift threat api.github.com: ['TRUTH_DNS_DOWN', 'TRUTH_STUB_DRIFT', 'TRUTH_SYSTEM_DRIFT']
2026-07-03T22:08:19Z VIOLATION DNS drift threat api.github.com: ['TRUTH_DNS_DOWN', 'TRUTH_STUB_DRIFT', 'TRUTH_SYSTEM_DRIFT']
2026-07-03T22:08:20Z VIOLATION DNS drift threat api.github.com: ['TRUTH_DNS_DOWN', 'TRUTH_STUB_DRIFT', 'TRUTH_SYSTEM_DRIFT']
2026-07-03T22:08:21Z VIOLATION DNS drift threat ssh.github.com: ['TRUTH_DNS_DOWN', 'TRUTH_STUB_DRIFT', 'TRUTH_SYSTEM_DRIFT']
2026-07-03T22:08:22Z VIOLATION DNS drift threat github.com: ['TRUTH_DNS_DOWN', 'TRUTH_STUB_DRIFT', 'TRUTH_SYSTEM_DRIFT']
2026-07-03T22:08:23Z VIOLATION DNS drift threat api.github.com: ['TRUTH_DNS_DOWN']
2026-07-03T22:08:24Z VIOLATION DNS drift threat ssh.github.com: ['TRUTH_DNS_DOWN', 'TRUTH_STUB_DRIFT', 'TRUTH_SYSTEM_DRIFT']
2026-07-03T22:08:25Z VIOLATION DNS drift threat ssh.github.com: ['TRUTH_DNS_DOWN', 'TRUTH_STUB_DRIFT', 'TRUTH_SYSTEM_DRIFT']
2026-07-03T22:08:26Z VIOLATION DNS drift threat github.com: ['TRUTH_DNS_DOWN']
2026-07-03T22:08:28Z VIOLATION DNS drift threat github.com: ['TRUTH_DNS_DOWN', 'TRUTH_STUB_DRIFT', 'TRUTH_SYSTEM_DRIFT']
2026-07-03T22:08:28Z VIOLATION DNS drift threat api.github.com: ['TRUTH_DNS_DOWN', 'TRUTH_STUB_DRIFT', 'TRUTH_SYSTEM_DRIFT']
2026-07-03T22:08:28Z VIOLATION DNS drift threat raw.githubusercontent.com: ['TRUTH_DNS_DOWN']
2026-07-03T22:08:29Z VIOLATION DNS drift threat github.com: ['TRUTH_DNS_DOWN']
2026-07-03T22:08:29Z VIOLATION DNS drift threat github.com: ['TRUTH_DNS_DOWN']
2026-07-03T22:08:30Z VIOLATION DNS drift threat ssh.github.com: ['TRUTH_DNS_DOWN']
2026-07-03T22:08:31Z VIOLATION DNS drift threat api.github.com: ['TRUTH_DNS_DOWN', 'TRUTH_STUB_DRIFT', 'TRUTH_SYSTEM_DRIFT']
2026-07-03T22:08:32Z VIOLATION DNS drift threat api.github.com: ['TRUTH_DNS_DOWN', 'TRUTH_STUB_DRIFT', 'TRUTH_SYSTEM_DRIFT']
2026-07-03T22:08:33Z VIOLATION DNS drift threat raw.githubusercontent.com: ['TRUTH_DNS_DOWN']
2026-07-03T22:08:34Z VIOLATION DNS drift threat ssh.github.com: ['TRUTH_DNS_DOWN', 'TRUTH_STUB_DRIFT', 'TRUTH_SYSTEM_DRIFT']
2026-07-03T22:08:34Z VIOLATION DNS drift threat api.github.com: ['TRUTH_DNS_DOWN', 'TRUTH_STUB_DRIFT', 'TRUTH_SYSTEM_DRIFT']
2026-07-03T22:08:35Z VIOLATION DNS drift threat ssh.github.com: ['TRUTH_DNS_DOWN', 'TRUTH_STUB_DRIFT', 'TRUTH_SYSTEM_DRIFT']
2026-07-03T22:08:35Z VIOLATION DNS drift threat raw.githubusercontent.com: ['TRUTH_DNS_DOWN']
2026-07-03T22:08:38Z VIOLATION DNS drift threat github.com: ['TRUTH_DNS_DOWN', 'TRUTH_STUB_DRIFT', 'TRUTH_SYSTEM_DRIFT']
2026-07-03T22:08:40Z VIOLATION DNS drift threat api.github.com: ['TRUTH_DNS_DOWN', 'TRUTH_STUB_DRIFT', 'TRUTH_SYSTEM_DRIFT']
2026-07-03T22:08:43Z VIOLATION DNS drift threat github.com: ['TRUTH_DNS_DOWN', 'TRUTH_STUB_DRIFT', 'TRUTH_SYSTEM_DRIFT']
2026-07-03T22:08:43Z VIOLATION DNS drift threat ssh.github.com: ['TRUTH_DNS_DOWN', 'TRUTH_STUB_DRIFT', 'TRUTH_SYSTEM_DRIFT']
2026-07-03T22:08:46Z VIOLATION DNS drift threat api.github.com: ['TRUTH_DNS_DOWN', 'TRUTH_STUB_DRIFT', 'TRUTH_SYSTEM_DRIFT']
2026-07-03T22:08:48Z VIOLATION DNS drift threat github.com: ['TRUTH_DNS_DOWN', 'TRUTH_STUB_DRIFT', 'TRUTH_SYSTEM_DRIFT']
2026-07-03T22:08:49Z VIOLATION DNS drift threat ssh.github.com: ['TRUTH_DNS_DOWN', 'TRUTH_STUB_DRIFT', 'TRUTH_SYSTEM_DRIFT']
2026-07-03T22:08:50Z VIOLATION DNS drift threat github.com: ['TRUTH_DNS_DOWN', 'TRUTH_STUB_DRIFT', 'TRUTH_SYSTEM_DRIFT']
2026-07-03T22:08:50Z VIOLATION DNS drift threat github.com: ['TRUTH_DNS_DOWN', 'TRUTH_STUB_DRIFT', 'TRUTH_SYSTEM_DRIFT']
2026-07-03T22:08:51Z VIOLATION DNS drift threat api.github.com: ['TRUTH_DNS_DOWN', 'TRUTH_STUB_DRIFT', 'TRUTH_SYSTEM_DRIFT']
2026-07-03T22:08:52Z VIOLATION DNS drift threat api.github.com: ['TRUTH_DNS_DOWN', 'TRUTH_STUB_DRIFT', 'TRUTH_SYSTEM_DRIFT']
2026-07-03T22:08:52Z VIOLATION DNS drift threat raw.githubusercontent.com: ['TRUTH_DNS_DOWN']
2026-07-03T22:08:53Z VIOLATION DNS drift threat ssh.github.com: ['TRUTH_DNS_DOWN']
2026-07-03T22:08:53Z VIOLATION DNS drift threat api.github.com: ['TRUTH_DNS_DOWN', 'TRUTH_STUB_DRIFT', 'TRUTH_SYSTEM_DRIFT']
2026-07-03T22:08:55Z VIOLATION DNS drift threat ssh.github.com: ['TRUTH_DNS_DOWN', 'TRUTH_STUB_DRIFT', 'TRUTH_SYSTEM_DRIFT']
2026-07-03T22:08:56Z VIOLATION DNS drift threat github.com: ['TRUTH_DNS_DOWN', 'TRUTH_STUB_DRIFT', 'TRUTH_SYSTEM_DRIFT']
2026-07-03T22:08:56Z VIOLATION DNS drift threat github.com: ['TRUTH_DNS_DOWN', 'TRUTH_STUB_DRIFT', 'TRUTH_SYSTEM_DRIFT']
2026-07-03T22:08:57Z VIOLATION DNS drift threat github.com: ['TRUTH_DNS_DOWN', 'TRUTH_STUB_DRIFT', 'TRUTH_SYSTEM_DRIFT']
2026-07-03T22:08:57Z VIOLATION DNS drift threat ssh.github.com: ['TRUTH_DNS_DOWN', 'TRUTH_STUB_DRIFT', 'TRUTH_SYSTEM_DRIFT']
2026-07-03T22:08:58Z VIOLATION DNS drift threat api.github.com: ['TRUTH_DNS_DOWN', 'TRUTH_STUB_DRIFT', 'TRUTH_SYSTEM_DRIFT']
2026-07-03T22:08:59Z VIOLATION DNS drift threat api.github.com: ['TRUTH_DNS_DOWN', 'TRUTH_STUB_DRIFT', 'TRUTH_SYSTEM_DRIFT']
2026-07-03T22:09:00Z VIOLATION DNS drift threat ssh.github.com: ['TRUTH_DNS_DOWN', 'TRUTH_STUB_DRIFT', 'TRUTH_SYSTEM_DRIFT']
2026-07-03T22:09:02Z VIOLATION DNS drift threat api.github.com: ['TRUTH_DNS_DOWN']
2026-07-03T22:09:02Z VIOLATION DNS drift threat raw.githubusercontent.com: ['TRUTH_DNS_DOWN']
2026-07-03T22:09:02Z VIOLATION DNS drift threat github.com: ['TRUTH_DNS_DOWN', 'TRUTH_STUB_DRIFT', 'TRUTH_SYSTEM_DRIFT']
2026-07-03T22:09:03Z VIOLATION DNS drift threat ssh.github.com: ['TRUTH_DNS_DOWN', 'TRUTH_STUB_DRIFT', 'TRUTH_SYSTEM_DRIFT']
2026-07-03T22:09:04Z VIOLATION DNS drift threat api.github.com: ['TRUTH_DNS_DOWN']
2026-07-03T22:09:08Z VIOLATION DNS drift threat ssh.github.com: ['TRUTH_DNS_DOWN', 'TRUTH_STUB_DRIFT', 'TRUTH_SYSTEM_DRIFT']
2026-07-03T22:09:10Z VIOLATION DNS drift threat github.com: ['TRUTH_DNS_DOWN', 'TRUTH_STUB_DRIFT', 'TRUTH_SYSTEM_DRIFT']
2026-07-03T22:09:11Z VIOLATION DNS drift threat github.com: ['TRUTH_DNS_DOWN', 'TRUTH_STUB_DRIFT', 'TRUTH_SYSTEM_DRIFT']
2026-07-03T22:09:11Z VIOLATION DNS drift threat raw.githubusercontent.com: ['TRUTH_DNS_DOWN']
2026-07-03T22:09:12Z VIOLATION DNS drift threat api.github.com: ['TRUTH_DNS_DOWN', 'TRUTH_STUB_DRIFT', 'TRUTH_SYSTEM_DRIFT']
2026-07-03T22:09:13Z VIOLATION DNS drift threat github.com: ['TRUTH_DNS_DOWN', 'TRUTH_STUB_DRIFT', 'TRUTH_SYSTEM_DRIFT']
2026-07-03T22:09:13Z VIOLATION DNS drift threat github.com: ['TRUTH_DNS_DOWN', 'TRUTH_STUB_DRIFT', 'TRUTH_SYSTEM_DRIFT']
2026-07-03T22:09:13Z VIOLATION DNS drift threat api.github.com: ['TRUTH_DNS_DOWN', 'TRUTH_STUB_DRIFT', 'TRUTH_SYSTEM_DRIFT']
2026-07-03T22:09:14Z VIOLATION DNS drift threat github.com: ['TRUTH_DNS_DOWN', 'TRUTH_STUB_DRIFT', 'TRUTH_SYSTEM_DRIFT']
2026-07-03T22:09:15Z VIOLATION DNS drift threat github.com: ['TRUTH_DNS_DOWN', 'TRUTH_STUB_DRIFT', 'TRUTH_SYSTEM_DRIFT']
2026-07-03T22:09:15Z VIOLATION DNS drift threat api.github.com: ['TRUTH_DNS_DOWN', 'TRUTH_STUB_DRIFT', 'TRUTH_SYSTEM_DRIFT']
2026-07-03T22:09:16Z VIOLATION DNS drift threat api.github.com: ['TRUTH_DNS_DOWN', 'TRUTH_STUB_DRIFT', 'TRUTH_SYSTEM_DRIFT']
2026-07-03T22:09:17Z VIOLATION DNS drift threat api.github.com: ['TRUTH_DNS_DOWN', 'TRUTH_STUB_DRIFT', 'TRUTH_SYSTEM_DRIFT']
2026-07-03T22:09:19Z VIOLATION DNS drift threat api.github.com: ['TRUTH_DNS_DOWN']
2026-07-03T22:09:19Z VIOLATION DNS drift threat ssh.github.com: ['TRUTH_DNS_DOWN', 'TRUTH_STUB_DRIFT', 'TRUTH_SYSTEM_DRIFT']
2026-07-03T22:09:25Z VIOLATION DNS drift threat github.com: ['TRUTH_DNS_DOWN', 'TRUTH_STUB_DRIFT', 'TRUTH_SYSTEM_DRIFT']
2026-07-03T22:09:28Z VIOLATION DNS drift threat github.com: ['TRUTH_DNS_DOWN', 'TRUTH_STUB_DRIFT', 'TRUTH_SYSTEM_DRIFT']
2026-07-03T22:09:28Z VIOLATION DNS drift threat api.github.com: ['TRUTH_DNS_DOWN']
2026-07-03T22:09:30Z VIOLATION DNS drift threat github.com: ['TRUTH_DNS_DOWN', 'TRUTH_STUB_DRIFT', 'TRUTH_SYSTEM_DRIFT']
2026-07-03T22:09:30Z VIOLATION DNS drift threat api.github.com: ['TRUTH_DNS_DOWN', 'TRUTH_STUB_DRIFT', 'TRUTH_SYSTEM_DRIFT']
2026-07-03T22:09:31Z VIOLATION DNS drift threat ssh.github.com: ['TRUTH_DNS_DOWN', 'TRUTH_STUB_DRIFT', 'TRUTH_SYSTEM_DRIFT']
2026-07-03T22:09:31Z VIOLATION DNS drift threat github.com: ['TRUTH_DNS_DOWN', 'TRUTH_STUB_DRIFT', 'TRUTH_SYSTEM_DRIFT']
2026-07-03T22:09:32Z VIOLATION DNS drift threat api.github.com: ['TRUTH_DNS_DOWN', 'TRUTH_STUB_DRIFT', 'TRUTH_SYSTEM_DRIFT']
2026-07-03T22:09:33Z VIOLATION DNS drift threat ssh.github.com: ['TRUTH_DNS_DOWN', 'TRUTH_STUB_DRIFT', 'TRUTH_SYSTEM_DRIFT']
2026-07-03T22:09:33Z VIOLATION DNS drift threat api.github.com: ['TRUTH_DNS_DOWN', 'TRUTH_STUB_DRIFT', 'TRUTH_SYSTEM_DRIFT']
2026-07-03T22:09:36Z VIOLATION DNS drift threat ssh.github.com: ['TRUTH_DNS_DOWN', 'TRUTH_STUB_DRIFT', 'TRUTH_SYSTEM_DRIFT']
2026-07-03T22:09:37Z VIOLATION DNS drift threat ssh.github.com: ['TRUTH_DNS_DOWN', 'TRUTH_STUB_DRIFT', 'TRUTH_SYSTEM_DRIFT']
2026-07-03T22:09:39Z VIOLATION DNS drift threat github.com: ['TRUTH_DNS_DOWN', 'TRUTH_STUB_DRIFT', 'TRUTH_SYSTEM_DRIFT']
2026-07-03T22:09:40Z VIOLATION DNS drift threat api.github.com: ['TRUTH_DNS_DOWN', 'TRUTH_STUB_DRIFT', 'TRUTH_SYSTEM_DRIFT']
2026-07-03T22:09:41Z VIOLATION DNS drift threat github.com: ['TRUTH_DNS_DOWN', 'TRUTH_STUB_DRIFT', 'TRUTH_SYSTEM_DRIFT']
2026-07-03T22:09:43Z VIOLATION DNS drift threat ssh.github.com: ['TRUTH_DNS_DOWN', 'TRUTH_STUB_DRIFT', 'TRUTH_SYSTEM_DRIFT']
2026-07-03T22:09:44Z VIOLATION DNS drift threat api.github.com: ['TRUTH_DNS_DOWN', 'TRUTH_STUB_DRIFT', 'TRUTH_SYSTEM_DRIFT']
2026-07-03T22:09:45Z VIOLATION DNS drift threat raw.githubusercontent.com: ['TRUTH_DNS_DOWN']
2026-07-03T22:09:47Z VIOLATION DNS drift threat ssh.github.com: ['TRUTH_DNS_DOWN', 'TRUTH_STUB_DRIFT', 'TRUTH_SYSTEM_DRIFT']
2026-07-03T22:09:47Z VIOLATION DNS drift threat github.com: ['TRUTH_DNS_DOWN', 'TRUTH_STUB_DRIFT', 'TRUTH_SYSTEM_DRIFT']
2026-07-03T22:09:48Z VIOLATION DNS drift threat github.com: ['TRUTH_DNS_DOWN', 'TRUTH_STUB_DRIFT', 'TRUTH_SYSTEM_DRIFT']
2026-07-03T22:09:48Z VIOLATION DNS drift threat github.com: ['TRUTH_DNS_DOWN', 'TRUTH_STUB_DRIFT', 'TRUTH_SYSTEM_DRIFT']
2026-07-03T22:09:48Z VIOLATION DNS drift threat github.com: ['TRUTH_DNS_DOWN']
2026-07-03T22:09:49Z VIOLATION DNS drift threat raw.githubusercontent.com: ['TRUTH_DNS_DOWN']
2026-07-03T22:09:50Z VIOLATION DNS drift threat api.github.com: ['TRUTH_DNS_DOWN']
2026-07-03T22:09:51Z VIOLATION DNS drift threat api.github.com: ['TRUTH_DNS_DOWN']
2026-07-03T22:09:51Z VIOLATION DNS drift threat api.github.com: ['TRUTH_DNS_DOWN', 'TRUTH_STUB_DRIFT', 'TRUTH_SYSTEM_DRIFT']
2026-07-03T22:09:52Z VIOLATION DNS drift threat api.github.com: ['TRUTH_DNS_DOWN', 'TRUTH_STUB_DRIFT', 'TRUTH_SYSTEM_DRIFT']
2026-07-03T22:09:53Z VIOLATION DNS drift threat ssh.github.com: ['TRUTH_DNS_DOWN', 'TRUTH_STUB_DRIFT', 'TRUTH_SYSTEM_DRIFT']
2026-07-03T22:09:53Z VIOLATION DNS drift threat ssh.github.com: ['TRUTH_DNS_DOWN', 'TRUTH_STUB_DRIFT', 'TRUTH_SYSTEM_DRIFT']
2026-07-03T22:09:54Z VIOLATION DNS drift threat ssh.github.com: ['TRUTH_DNS_DOWN', 'TRUTH_STUB_DRIFT', 'TRUTH_SYSTEM_DRIFT']
2026-07-03T22:09:54Z VIOLATION DNS drift threat ssh.github.com: ['TRUTH_DNS_DOWN', 'TRUTH_STUB_DRIFT', 'TRUTH_SYSTEM_DRIFT']
2026-07-03T22:09:56Z VIOLATION DNS drift threat github.com: ['TRUTH_DNS_DOWN']
2026-07-03T22:09:56Z VIOLATION DNS drift threat github.com: ['TRUTH_DNS_DOWN', 'TRUTH_STUB_DRIFT', 'TRUTH_SYSTEM_DRIFT']
2026-07-03T22:09:57Z VIOLATION DNS drift threat raw.githubusercontent.com: ['TRUTH_DNS_DOWN']
2026-07-03T22:09:58Z VIOLATION DNS drift threat github.com: ['TRUTH_DNS_DOWN', 'TRUTH_STUB_DRIFT', 'TRUTH_SYSTEM_DRIFT']
2026-07-03T22:09:58Z VIOLATION DNS drift threat api.github.com: ['TRUTH_DNS_DOWN', 'TRUTH_STUB_DRIFT', 'TRUTH_SYSTEM_DRIFT']
2026-07-03T22:10:00Z VIOLATION DNS drift threat github.com: ['TRUTH_DNS_DOWN', 'TRUTH_STUB_DRIFT', 'TRUTH_SYSTEM_DRIFT']
2026-07-03T22:10:00Z VIOLATION DNS drift threat api.github.com: ['TRUTH_DNS_DOWN', 'TRUTH_STUB_DRIFT', 'TRUTH_SYSTEM_DRIFT']
2026-07-03T22:10:01Z VIOLATION DNS drift threat api.github.com: ['TRUTH_DNS_DOWN', 'TRUTH_STUB_DRIFT', 'TRUTH_SYSTEM_DRIFT']
2026-07-03T22:10:01Z VIOLATION DNS drift threat api.github.com: ['TRUTH_DNS_DOWN']
2026-07-03T22:10:02Z VIOLATION DNS drift threat ssh.github.com: ['TRUTH_DNS_DOWN', 'TRUTH_STUB_DRIFT', 'TRUTH_SYSTEM_DRIFT']
2026-07-03T22:10:03Z VIOLATION DNS drift threat ssh.github.com: ['TRUTH_DNS_DOWN', 'TRUTH_STUB_DRIFT', 'TRUTH_SYSTEM_DRIFT']
2026-07-03T22:10:04Z VIOLATION DNS drift threat ssh.github.com: ['TRUTH_DNS_DOWN', 'TRUTH_STUB_DRIFT', 'TRUTH_SYSTEM_DRIFT']
2026-07-03T22:10:04Z VIOLATION DNS drift threat ssh.github.com: ['TRUTH_DNS_DOWN', 'TRUTH_STUB_DRIFT', 'TRUTH_SYSTEM_DRIFT']
2026-07-03T22:10:04Z VIOLATION DNS drift threat github.com: ['TRUTH_DNS_DOWN', 'TRUTH_STUB_DRIFT', 'TRUTH_SYSTEM_DRIFT']
2026-07-03T22:10:07Z VIOLATION DNS drift threat api.github.com: ['TRUTH_DNS_DOWN', 'TRUTH_STUB_DRIFT', 'TRUTH_SYSTEM_DRIFT']
2026-07-03T22:10:08Z VIOLATION DNS drift threat github.com: ['TRUTH_DNS_DOWN', 'TRUTH_STUB_DRIFT', 'TRUTH_SYSTEM_DRIFT']
2026-07-03T22:10:10Z VIOLATION DNS drift threat api.github.com: ['TRUTH_DNS_DOWN']
2026-07-03T22:10:11Z VIOLATION DNS drift threat ssh.github.com: ['TRUTH_DNS_DOWN', 'TRUTH_STUB_DRIFT', 'TRUTH_SYSTEM_DRIFT']
2026-07-03T22:10:13Z VIOLATION DNS drift threat github.com: ['TRUTH_DNS_DOWN']
2026-07-03T22:10:13Z VIOLATION DNS drift threat ssh.github.com: ['TRUTH_DNS_DOWN', 'TRUTH_STUB_DRIFT', 'TRUTH_SYSTEM_DRIFT']
2026-07-03T22:10:16Z VIOLATION DNS drift threat api.github.com: ['TRUTH_DNS_DOWN', 'TRUTH_STUB_DRIFT', 'TRUTH_SYSTEM_DRIFT']
2026-07-03T22:10:16Z VIOLATION DNS drift threat raw.githubusercontent.com: ['TRUTH_DNS_DOWN']
2026-07-03T22:10:16Z VIOLATION DNS drift threat github.com: ['TRUTH_DNS_DOWN', 'TRUTH_STUB_DRIFT', 'TRUTH_SYSTEM_DRIFT']
2026-07-03T22:10:18Z VIOLATION DNS drift threat api.github.com: ['TRUTH_DNS_DOWN', 'TRUTH_STUB_DRIFT', 'TRUTH_SYSTEM_DRIFT']
2026-07-03T22:10:24Z VIOLATION DNS drift threat ssh.github.com: ['TRUTH_DNS_DOWN', 'TRUTH_STUB_DRIFT', 'TRUTH_SYSTEM_DRIFT']
2026-07-03T22:10:26Z VIOLATION DNS drift threat github.com: ['TRUTH_DNS_DOWN', 'TRUTH_STUB_DRIFT', 'TRUTH_SYSTEM_DRIFT']
2026-07-03T22:10:26Z VIOLATION DNS drift threat github.com: ['TRUTH_DNS_DOWN']
2026-07-03T22:10:29Z VIOLATION DNS drift threat api.github.com: ['TRUTH_DNS_DOWN', 'TRUTH_STUB_DRIFT', 'TRUTH_SYSTEM_DRIFT']
2026-07-03T22:10:29Z VIOLATION DNS drift threat github.com: ['TRUTH_DNS_DOWN']
2026-07-03T22:10:30Z VIOLATION DNS drift threat api.github.com: ['TRUTH_DNS_DOWN', 'TRUTH_STUB_DRIFT', 'TRUTH_SYSTEM_DRIFT']
2026-07-03T22:10:30Z VIOLATION DNS drift threat github.com: ['TRUTH_DNS_DOWN', 'TRUTH_STUB_DRIFT', 'TRUTH_SYSTEM_DRIFT']
2026-07-03T22:10:31Z VIOLATION DNS drift threat github.com: ['TRUTH_DNS_DOWN', 'TRUTH_STUB_DRIFT', 'TRUTH_SYSTEM_DRIFT']
2026-07-03T22:10:31Z VIOLATION DNS drift threat github.com: ['TRUTH_DNS_DOWN', 'TRUTH_STUB_DRIFT', 'TRUTH_SYSTEM_DRIFT']
2026-07-03T22:10:33Z VIOLATION DNS drift threat api.github.com: ['TRUTH_DNS_DOWN', 'TRUTH_STUB_DRIFT', 'TRUTH_SYSTEM_DRIFT']
2026-07-03T22:10:34Z VIOLATION DNS drift threat api.github.com: ['TRUTH_DNS_DOWN', 'TRUTH_STUB_DRIFT', 'TRUTH_SYSTEM_DRIFT']
2026-07-03T22:10:35Z VIOLATION DNS drift threat api.github.com: ['TRUTH_DNS_DOWN']
2026-07-03T22:10:36Z VIOLATION DNS drift threat ssh.github.com: ['TRUTH_DNS_DOWN', 'TRUTH_STUB_DRIFT', 'TRUTH_SYSTEM_DRIFT']
2026-07-03T22:10:36Z VIOLATION DNS drift threat github.com: ['TRUTH_DNS_DOWN', 'TRUTH_STUB_DRIFT', 'TRUTH_SYSTEM_DRIFT']
2026-07-03T22:10:37Z VIOLATION DNS drift threat ssh.github.com: ['TRUTH_DNS_DOWN', 'TRUTH_STUB_DRIFT', 'TRUTH_SYSTEM_DRIFT']
2026-07-03T22:10:37Z VIOLATION DNS drift threat ssh.github.com: ['TRUTH_DNS_DOWN', 'TRUTH_STUB_DRIFT', 'TRUTH_SYSTEM_DRIFT']
2026-07-03T22:10:38Z VIOLATION DNS drift threat api.github.com: ['TRUTH_DNS_DOWN', 'TRUTH_STUB_DRIFT', 'TRUTH_SYSTEM_DRIFT']
2026-07-03T22:10:42Z VIOLATION DNS drift threat ssh.github.com: ['TRUTH_DNS_DOWN', 'TRUTH_STUB_DRIFT', 'TRUTH_SYSTEM_DRIFT']
2026-07-03T22:10:44Z VIOLATION DNS drift threat github.com: ['TRUTH_DNS_DOWN']
2026-07-03T22:10:47Z VIOLATION DNS drift threat api.github.com: ['TRUTH_DNS_DOWN', 'TRUTH_STUB_DRIFT', 'TRUTH_SYSTEM_DRIFT']
2026-07-03T22:10:50Z VIOLATION DNS drift threat github.com: ['TRUTH_DNS_DOWN']
2026-07-03T22:10:51Z VIOLATION DNS drift threat api.github.com: ['TRUTH_DNS_DOWN', 'TRUTH_STUB_DRIFT', 'TRUTH_SYSTEM_DRIFT']
2026-07-03T22:10:53Z VIOLATION DNS drift threat ssh.github.com: ['TRUTH_DNS_DOWN', 'TRUTH_STUB_DRIFT', 'TRUTH_SYSTEM_DRIFT']
2026-07-03T22:10:54Z VIOLATION DNS drift threat github.com: ['TRUTH_DNS_DOWN', 'TRUTH_STUB_DRIFT', 'TRUTH_SYSTEM_DRIFT']
2026-07-03T22:10:54Z VIOLATION DNS drift threat github.com: ['TRUTH_DNS_DOWN', 'TRUTH_STUB_DRIFT', 'TRUTH_SYSTEM_DRIFT']
2026-07-03T22:10:56Z VIOLATION DNS drift threat raw.githubusercontent.com: ['TRUTH_DNS_DOWN']
2026-07-03T22:10:56Z VIOLATION DNS drift threat api.github.com: ['TRUTH_DNS_DOWN', 'TRUTH_STUB_DRIFT', 'TRUTH_SYSTEM_DRIFT']
2026-07-03T22:10:58Z VIOLATION DNS drift threat api.github.com: ['TRUTH_DNS_DOWN', 'TRUTH_STUB_DRIFT', 'TRUTH_SYSTEM_DRIFT']
2026-07-03T22:10:59Z VIOLATION DNS drift threat ssh.github.com: ['TRUTH_DNS_DOWN']
2026-07-03T22:11:00Z VIOLATION DNS drift threat github.com: ['TRUTH_DNS_DOWN']
2026-07-03T22:11:01Z VIOLATION DNS drift threat api.github.com: ['TRUTH_DNS_DOWN', 'TRUTH_STUB_DRIFT', 'TRUTH_SYSTEM_DRIFT']
2026-07-03T22:11:01Z VIOLATION DNS drift threat raw.githubusercontent.com: ['TRUTH_DNS_DOWN']
2026-07-03T22:11:02Z VIOLATION DNS drift threat ssh.github.com: ['TRUTH_DNS_DOWN']
2026-07-03T22:11:06Z VIOLATION DNS drift threat ssh.github.com: ['TRUTH_DNS_DOWN', 'TRUTH_STUB_DRIFT', 'TRUTH_SYSTEM_DRIFT']
2026-07-03T22:11:07Z VIOLATION DNS drift threat github.com: ['TRUTH_DNS_DOWN', 'TRUTH_STUB_DRIFT', 'TRUTH_SYSTEM_DRIFT']
2026-07-03T22:11:09Z VIOLATION DNS drift threat api.github.com: ['TRUTH_DNS_DOWN', 'TRUTH_STUB_DRIFT', 'TRUTH_SYSTEM_DRIFT']
2026-07-03T22:11:11Z VIOLATION DNS drift threat github.com: ['TRUTH_DNS_DOWN', 'TRUTH_STUB_DRIFT', 'TRUTH_SYSTEM_DRIFT']
2026-07-03T22:11:12Z VIOLATION DNS drift threat github.com: ['TRUTH_DNS_DOWN', 'TRUTH_STUB_DRIFT', 'TRUTH_SYSTEM_DRIFT']
2026-07-03T22:11:12Z VIOLATION DNS drift threat ssh.github.com: ['TRUTH_DNS_DOWN', 'TRUTH_STUB_DRIFT', 'TRUTH_SYSTEM_DRIFT']
2026-07-03T22:11:13Z VIOLATION DNS drift threat github.com: ['TRUTH_DNS_DOWN', 'TRUTH_STUB_DRIFT', 'TRUTH_SYSTEM_DRIFT']
2026-07-03T22:11:14Z VIOLATION DNS drift threat api.github.com: ['TRUTH_DNS_DOWN', 'TRUTH_STUB_DRIFT', 'TRUTH_SYSTEM_DRIFT']
2026-07-03T22:11:14Z VIOLATION DNS drift threat api.github.com: ['TRUTH_DNS_DOWN', 'TRUTH_STUB_DRIFT', 'TRUTH_SYSTEM_DRIFT']
2026-07-03T22:11:15Z VIOLATION DNS drift threat api.github.com: ['TRUTH_DNS_DOWN']
2026-07-03T22:11:16Z VIOLATION DNS drift threat github.com: ['TRUTH_DNS_DOWN', 'TRUTH_STUB_DRIFT', 'TRUTH_SYSTEM_DRIFT']
2026-07-03T22:11:16Z VIOLATION DNS drift threat ssh.github.com: ['TRUTH_DNS_DOWN']
2026-07-03T22:11:17Z VIOLATION DNS drift threat github.com: ['TRUTH_DNS_DOWN', 'TRUTH_STUB_DRIFT', 'TRUTH_SYSTEM_DRIFT']
2026-07-03T22:11:17Z VIOLATION DNS drift threat ssh.github.com: ['TRUTH_DNS_DOWN', 'TRUTH_STUB_DRIFT', 'TRUTH_SYSTEM_DRIFT']
2026-07-03T22:11:19Z VIOLATION DNS drift threat api.github.com: ['TRUTH_DNS_DOWN', 'TRUTH_STUB_DRIFT', 'TRUTH_SYSTEM_DRIFT']
2026-07-03T22:11:20Z VIOLATION DNS drift threat api.github.com: ['TRUTH_DNS_DOWN', 'TRUTH_STUB_DRIFT', 'TRUTH_SYSTEM_DRIFT']
2026-07-03T22:11:24Z VIOLATION DNS drift threat ssh.github.com: ['TRUTH_DNS_DOWN', 'TRUTH_STUB_DRIFT', 'TRUTH_SYSTEM_DRIFT']
2026-07-03T22:11:28Z VIOLATION DNS drift threat github.com: ['TRUTH_DNS_DOWN', 'TRUTH_STUB_DRIFT', 'TRUTH_SYSTEM_DRIFT']
2026-07-03T22:11:32Z VIOLATION DNS drift threat github.com: ['TRUTH_DNS_DOWN', 'TRUTH_STUB_DRIFT', 'TRUTH_SYSTEM_DRIFT']
2026-07-03T22:11:32Z VIOLATION DNS drift threat github.com: ['TRUTH_DNS_DOWN', 'TRUTH_STUB_DRIFT', 'TRUTH_SYSTEM_DRIFT']
2026-07-03T22:11:34Z VIOLATION DNS drift threat api.github.com: ['TRUTH_DNS_DOWN', 'TRUTH_STUB_DRIFT', 'TRUTH_SYSTEM_DRIFT']
2026-07-03T22:11:34Z VIOLATION DNS drift threat github.com: ['TRUTH_DNS_DOWN', 'TRUTH_STUB_DRIFT', 'TRUTH_SYSTEM_DRIFT']
2026-07-03T22:11:35Z VIOLATION DNS drift threat github.com: ['TRUTH_DNS_DOWN']
2026-07-03T22:11:36Z VIOLATION DNS drift threat github.com: ['TRUTH_DNS_DOWN']
2026-07-03T22:11:37Z VIOLATION DNS drift threat ssh.github.com: ['TRUTH_DNS_DOWN']
2026-07-03T22:11:38Z VIOLATION DNS drift threat api.github.com: ['TRUTH_DNS_DOWN', 'TRUTH_STUB_DRIFT', 'TRUTH_SYSTEM_DRIFT']
2026-07-03T22:11:38Z VIOLATION DNS drift threat api.github.com: ['TRUTH_DNS_DOWN', 'TRUTH_STUB_DRIFT', 'TRUTH_SYSTEM_DRIFT']
2026-07-03T22:11:40Z VIOLATION DNS drift threat api.github.com: ['TRUTH_DNS_DOWN', 'TRUTH_STUB_DRIFT', 'TRUTH_SYSTEM_DRIFT']
2026-07-03T22:11:40Z VIOLATION DNS drift threat api.github.com: ['TRUTH_DNS_DOWN']
2026-07-03T22:11:40Z VIOLATION DNS drift threat raw.githubusercontent.com: ['TRUTH_DNS_DOWN']
2026-07-03T22:11:41Z VIOLATION DNS drift threat ssh.github.com: ['TRUTH_DNS_DOWN']
2026-07-03T22:11:44Z VIOLATION DNS drift threat ssh.github.com: ['TRUTH_DNS_DOWN']
2026-07-03T22:11:49Z VIOLATION DNS drift threat github.com: ['TRUTH_DNS_DOWN', 'TRUTH_STUB_DRIFT', 'TRUTH_SYSTEM_DRIFT']
2026-07-03T22:11:51Z VIOLATION DNS drift threat api.github.com: ['TRUTH_DNS_DOWN', 'TRUTH_STUB_DRIFT', 'TRUTH_SYSTEM_DRIFT']
2026-07-03T22:11:51Z VIOLATION DNS drift threat github.com: ['TRUTH_DNS_DOWN', 'TRUTH_STUB_DRIFT', 'TRUTH_SYSTEM_DRIFT']
2026-07-03T22:11:54Z VIOLATION DNS drift threat api.github.com: ['TRUTH_DNS_DOWN', 'TRUTH_STUB_DRIFT', 'TRUTH_SYSTEM_DRIFT']
2026-07-03T22:11:54Z VIOLATION DNS drift threat ssh.github.com: ['TRUTH_DNS_DOWN', 'TRUTH_STUB_DRIFT', 'TRUTH_SYSTEM_DRIFT']
2026-07-03T22:11:57Z VIOLATION DNS drift threat raw.githubusercontent.com: ['TRUTH_DNS_DOWN']
2026-07-03T22:11:58Z VIOLATION DNS drift threat github.com: ['TRUTH_DNS_DOWN', 'TRUTH_STUB_DRIFT', 'TRUTH_SYSTEM_DRIFT']
2026-07-03T22:12:02Z VIOLATION DNS drift threat github.com: ['TRUTH_DNS_DOWN', 'TRUTH_STUB_DRIFT', 'TRUTH_SYSTEM_DRIFT']
2026-07-03T22:12:02Z VIOLATION DNS drift threat api.github.com: ['TRUTH_DNS_DOWN']
2026-07-03T22:12:03Z VIOLATION DNS drift threat api.github.com: ['TRUTH_DNS_DOWN', 'TRUTH_STUB_DRIFT', 'TRUTH_SYSTEM_DRIFT']
2026-07-03T22:12:05Z VIOLATION DNS drift threat github.com: ['TRUTH_DNS_DOWN', 'TRUTH_STUB_DRIFT', 'TRUTH_SYSTEM_DRIFT']
2026-07-03T22:12:06Z VIOLATION DNS drift threat ssh.github.com: ['TRUTH_DNS_DOWN', 'TRUTH_STUB_DRIFT', 'TRUTH_SYSTEM_DRIFT']
2026-07-03T22:12:06Z VIOLATION DNS drift threat ssh.github.com: ['TRUTH_DNS_DOWN', 'TRUTH_STUB_DRIFT', 'TRUTH_SYSTEM_DRIFT']
2026-07-03T22:12:08Z VIOLATION DNS drift threat raw.githubusercontent.com: ['TRUTH_DNS_DOWN']
2026-07-03T22:12:09Z VIOLATION DNS drift threat github.com: ['TRUTH_DNS_DOWN']
2026-07-03T22:12:13Z VIOLATION DNS drift threat github.com: ['TRUTH_DNS_DOWN']
2026-07-03T22:12:15Z VIOLATION DNS drift threat api.github.com: ['TRUTH_DNS_DOWN', 'TRUTH_STUB_DRIFT']
2026-07-03T22:12:16Z VIOLATION DNS drift threat github.com: ['TRUTH_DNS_DOWN']
2026-07-03T22:12:17Z VIOLATION DNS drift threat api.github.com: ['TRUTH_DNS_DOWN', 'TRUTH_STUB_DRIFT', 'TRUTH_SYSTEM_DRIFT']
2026-07-03T22:12:19Z VIOLATION DNS drift threat api.github.com: ['TRUTH_DNS_DOWN', 'TRUTH_STUB_DRIFT', 'TRUTH_SYSTEM_DRIFT']
2026-07-03T22:12:20Z VIOLATION DNS drift threat github.com: ['TRUTH_DNS_DOWN']
2026-07-03T22:12:20Z VIOLATION DNS drift threat github.com: ['TRUTH_DNS_DOWN', 'TRUTH_STUB_DRIFT', 'TRUTH_SYSTEM_DRIFT']
2026-07-03T22:12:22Z VIOLATION DNS drift threat github.com: ['TRUTH_DNS_DOWN', 'TRUTH_STUB_DRIFT', 'TRUTH_SYSTEM_DRIFT']
2026-07-03T22:12:23Z VIOLATION DNS drift threat github.com: ['TRUTH_DNS_DOWN', 'TRUTH_STUB_DRIFT', 'TRUTH_SYSTEM_DRIFT']
2026-07-03T22:12:23Z VIOLATION DNS drift threat api.github.com: ['TRUTH_DNS_DOWN', 'TRUTH_STUB_DRIFT', 'TRUTH_SYSTEM_DRIFT']
2026-07-03T22:12:24Z VIOLATION DNS drift threat ssh.github.com: ['TRUTH_DNS_DOWN', 'TRUTH_STUB_DRIFT', 'TRUTH_SYSTEM_DRIFT']
2026-07-03T22:12:24Z VIOLATION DNS drift threat github.com: ['TRUTH_DNS_DOWN', 'TRUTH_STUB_DRIFT', 'TRUTH_SYSTEM_DRIFT']
2026-07-03T22:12:25Z VIOLATION DNS drift threat ssh.github.com: ['TRUTH_DNS_DOWN', 'TRUTH_STUB_DRIFT', 'TRUTH_SYSTEM_DRIFT']
2026-07-03T22:12:25Z VIOLATION DNS drift threat api.github.com: ['TRUTH_DNS_DOWN', 'TRUTH_STUB_DRIFT', 'TRUTH_SYSTEM_DRIFT']
2026-07-03T22:12:26Z VIOLATION DNS drift threat api.github.com: ['TRUTH_DNS_DOWN']
2026-07-03T22:12:26Z VIOLATION DNS drift threat api.github.com: ['TRUTH_DNS_DOWN', 'TRUTH_STUB_DRIFT', 'TRUTH_SYSTEM_DRIFT']
2026-07-03T22:12:27Z VIOLATION DNS drift threat api.github.com: ['TRUTH_DNS_DOWN', 'TRUTH_STUB_DRIFT', 'TRUTH_SYSTEM_DRIFT']
2026-07-03T22:12:28Z VIOLATION DNS drift threat ssh.github.com: ['TRUTH_DNS_DOWN', 'TRUTH_STUB_DRIFT', 'TRUTH_SYSTEM_DRIFT']
2026-07-03T22:12:28Z VIOLATION DNS drift threat raw.githubusercontent.com: ['TRUTH_DNS_DOWN']
2026-07-03T22:12:29Z VIOLATION DNS drift threat ssh.github.com: ['TRUTH_DNS_DOWN', 'TRUTH_STUB_DRIFT', 'TRUTH_SYSTEM_DRIFT']
2026-07-03T22:12:35Z VIOLATION DNS drift threat github.com: ['TRUTH_DNS_DOWN', 'TRUTH_STUB_DRIFT', 'TRUTH_SYSTEM_DRIFT']
2026-07-03T22:12:35Z VIOLATION DNS drift threat github.com: ['TRUTH_DNS_DOWN', 'TRUTH_STUB_DRIFT', 'TRUTH_SYSTEM_DRIFT']
2026-07-03T22:12:37Z VIOLATION DNS drift threat api.github.com: ['TRUTH_DNS_DOWN', 'TRUTH_STUB_DRIFT', 'TRUTH_SYSTEM_DRIFT']
2026-07-03T22:12:37Z VIOLATION DNS drift threat api.github.com: ['TRUTH_DNS_DOWN', 'TRUTH_STUB_DRIFT', 'TRUTH_SYSTEM_DRIFT']
2026-07-03T22:12:41Z VIOLATION DNS drift threat github.com: ['TRUTH_DNS_DOWN', 'TRUTH_STUB_DRIFT', 'TRUTH_SYSTEM_DRIFT']
2026-07-03T22:12:42Z VIOLATION DNS drift threat github.com: ['TRUTH_DNS_DOWN', 'TRUTH_STUB_DRIFT', 'TRUTH_SYSTEM_DRIFT']
2026-07-03T22:12:42Z VIOLATION DNS drift threat github.com: ['TRUTH_DNS_DOWN', 'TRUTH_STUB_DRIFT', 'TRUTH_SYSTEM_DRIFT']
2026-07-03T22:12:44Z VIOLATION DNS drift threat api.github.com: ['TRUTH_DNS_DOWN', 'TRUTH_STUB_DRIFT', 'TRUTH_SYSTEM_DRIFT']
2026-07-03T22:12:46Z VIOLATION DNS drift threat api.github.com: ['TRUTH_DNS_DOWN', 'TRUTH_STUB_DRIFT', 'TRUTH_SYSTEM_DRIFT']
2026-07-03T22:12:46Z VIOLATION DNS drift threat ssh.github.com: ['TRUTH_DNS_DOWN']
2026-07-03T22:12:47Z VIOLATION DNS drift threat api.github.com: ['TRUTH_DNS_DOWN', 'TRUTH_STUB_DRIFT', 'TRUTH_SYSTEM_DRIFT']
2026-07-03T22:12:48Z VIOLATION DNS drift threat ssh.github.com: ['TRUTH_DNS_DOWN', 'TRUTH_STUB_DRIFT', 'TRUTH_SYSTEM_DRIFT']
2026-07-03T22:12:49Z VIOLATION DNS drift threat ssh.github.com: ['TRUTH_DNS_DOWN']
2026-07-03T22:12:50Z VIOLATION DNS drift threat raw.githubusercontent.com: ['TRUTH_DNS_DOWN']
2026-07-03T22:12:55Z VIOLATION DNS drift threat github.com: ['TRUTH_DNS_DOWN', 'TRUTH_STUB_DRIFT', 'TRUTH_SYSTEM_DRIFT']
2026-07-03T22:12:55Z VIOLATION DNS drift threat github.com: ['TRUTH_DNS_DOWN']
2026-07-03T22:12:56Z VIOLATION DNS drift threat github.com: ['TRUTH_DNS_DOWN', 'TRUTH_STUB_DRIFT', 'TRUTH_SYSTEM_DRIFT']
2026-07-03T22:13:00Z VIOLATION DNS drift threat github.com: ['TRUTH_DNS_DOWN', 'TRUTH_STUB_DRIFT', 'TRUTH_SYSTEM_DRIFT']
2026-07-03T22:13:01Z VIOLATION DNS drift threat github.com: ['TRUTH_DNS_DOWN']
2026-07-03T22:13:01Z VIOLATION DNS drift threat api.github.com: ['TRUTH_DNS_DOWN', 'TRUTH_STUB_DRIFT', 'TRUTH_SYSTEM_DRIFT']
2026-07-03T22:13:02Z VIOLATION DNS drift threat api.github.com: ['TRUTH_DNS_DOWN', 'TRUTH_STUB_DRIFT', 'TRUTH_SYSTEM_DRIFT']
2026-07-03T22:13:03Z VIOLATION DNS drift threat api.github.com: ['TRUTH_DNS_DOWN']
2026-07-03T22:13:04Z VIOLATION DNS drift threat api.github.com: ['TRUTH_DNS_DOWN', 'TRUTH_STUB_DRIFT', 'TRUTH_SYSTEM_DRIFT']
2026-07-03T22:13:05Z VIOLATION DNS drift threat github.com: ['TRUTH_DNS_DOWN', 'TRUTH_STUB_DRIFT', 'TRUTH_SYSTEM_DRIFT']
2026-07-03T22:13:05Z VIOLATION DNS drift threat ssh.github.com: ['TRUTH_DNS_DOWN', 'TRUTH_STUB_DRIFT', 'TRUTH_SYSTEM_DRIFT']
2026-07-03T22:13:07Z VIOLATION DNS drift threat ssh.github.com: ['TRUTH_DNS_DOWN']
2026-07-03T22:13:07Z VIOLATION DNS drift threat ssh.github.com: ['TRUTH_DNS_DOWN', 'TRUTH_STUB_DRIFT', 'TRUTH_SYSTEM_DRIFT']
2026-07-03T22:13:08Z VIOLATION DNS drift threat api.github.com: ['TRUTH_DNS_DOWN', 'TRUTH_STUB_DRIFT', 'TRUTH_SYSTEM_DRIFT']
2026-07-03T22:13:08Z VIOLATION DNS drift threat github.com: ['TRUTH_DNS_DOWN', 'TRUTH_STUB_DRIFT', 'TRUTH_SYSTEM_DRIFT']
2026-07-03T22:13:10Z VIOLATION DNS drift threat ssh.github.com: ['TRUTH_DNS_DOWN', 'TRUTH_STUB_DRIFT', 'TRUTH_SYSTEM_DRIFT']
2026-07-03T22:13:12Z VIOLATION DNS drift threat github.com: ['TRUTH_DNS_DOWN', 'TRUTH_STUB_DRIFT', 'TRUTH_SYSTEM_DRIFT']
2026-07-03T22:13:12Z VIOLATION DNS drift threat raw.githubusercontent.com: ['TRUTH_DNS_DOWN']
2026-07-03T22:13:13Z VIOLATION DNS drift threat api.github.com: ['TRUTH_DNS_DOWN', 'TRUTH_STUB_DRIFT', 'TRUTH_SYSTEM_DRIFT']
2026-07-03T22:13:17Z VIOLATION DNS drift threat github.com: ['TRUTH_DNS_DOWN', 'TRUTH_STUB_DRIFT', 'TRUTH_SYSTEM_DRIFT']
2026-07-03T22:13:19Z VIOLATION DNS drift threat api.github.com: ['TRUTH_DNS_DOWN', 'TRUTH_STUB_DRIFT', 'TRUTH_SYSTEM_DRIFT']
2026-07-03T22:13:19Z VIOLATION DNS drift threat api.github.com: ['TRUTH_DNS_DOWN', 'TRUTH_STUB_DRIFT', 'TRUTH_SYSTEM_DRIFT']
2026-07-03T22:13:19Z VIOLATION DNS drift threat github.com: ['TRUTH_DNS_DOWN', 'TRUTH_STUB_DRIFT', 'TRUTH_SYSTEM_DRIFT']
2026-07-03T22:13:21Z VIOLATION DNS drift threat api.github.com: ['TRUTH_DNS_DOWN', 'TRUTH_STUB_DRIFT', 'TRUTH_SYSTEM_DRIFT']
2026-07-03T22:13:22Z VIOLATION DNS drift threat ssh.github.com: ['TRUTH_DNS_DOWN', 'TRUTH_STUB_DRIFT', 'TRUTH_SYSTEM_DRIFT']
2026-07-03T22:13:23Z VIOLATION DNS drift threat ssh.github.com: ['TRUTH_DNS_DOWN', 'TRUTH_STUB_DRIFT', 'TRUTH_SYSTEM_DRIFT']
2026-07-03T22:13:24Z VIOLATION DNS drift threat ssh.github.com: ['TRUTH_DNS_DOWN', 'TRUTH_STUB_DRIFT', 'TRUTH_SYSTEM_DRIFT']
2026-07-03T22:13:25Z VIOLATION DNS drift threat raw.githubusercontent.com: ['TRUTH_DNS_DOWN']
2026-07-03T22:13:26Z VIOLATION DNS drift threat github.com: ['TRUTH_DNS_DOWN', 'TRUTH_STUB_DRIFT', 'TRUTH_SYSTEM_DRIFT']
2026-07-03T22:13:30Z VIOLATION DNS drift threat github.com: ['TRUTH_DNS_DOWN', 'TRUTH_STUB_DRIFT', 'TRUTH_SYSTEM_DRIFT']
2026-07-03T22:13:30Z VIOLATION DNS drift threat api.github.com: ['TRUTH_DNS_DOWN', 'TRUTH_STUB_DRIFT', 'TRUTH_SYSTEM_DRIFT']
2026-07-03T22:13:32Z VIOLATION DNS drift threat ssh.github.com: ['TRUTH_DNS_DOWN', 'TRUTH_STUB_DRIFT', 'TRUTH_SYSTEM_DRIFT']
2026-07-03T22:13:34Z VIOLATION DNS drift threat api.github.com: ['TRUTH_DNS_DOWN', 'TRUTH_STUB_DRIFT', 'TRUTH_SYSTEM_DRIFT']
2026-07-03T22:13:34Z VIOLATION DNS drift threat github.com: ['TRUTH_DNS_DOWN', 'TRUTH_STUB_DRIFT', 'TRUTH_SYSTEM_DRIFT']
2026-07-03T22:13:34Z VIOLATION DNS drift threat raw.githubusercontent.com: ['TRUTH_DNS_DOWN']
2026-07-03T22:13:38Z VIOLATION DNS drift threat api.github.com: ['TRUTH_DNS_DOWN', 'TRUTH_STUB_DRIFT', 'TRUTH_SYSTEM_DRIFT']
2026-07-03T22:13:40Z VIOLATION DNS drift threat ssh.github.com: ['TRUTH_DNS_DOWN', 'TRUTH_STUB_DRIFT', 'TRUTH_SYSTEM_DRIFT']
2026-07-03T22:13:42Z VIOLATION DNS drift threat github.com: ['TRUTH_DNS_DOWN']
2026-07-03T22:13:42Z VIOLATION DNS drift threat github.com: ['TRUTH_DNS_DOWN', 'TRUTH_STUB_DRIFT', 'TRUTH_SYSTEM_DRIFT']
2026-07-03T22:13:42Z VIOLATION DNS drift threat github.com: ['TRUTH_DNS_DOWN', 'TRUTH_STUB_DRIFT', 'TRUTH_SYSTEM_DRIFT']
2026-07-03T22:13:44Z VIOLATION DNS drift threat github.com: ['TRUTH_DNS_DOWN', 'TRUTH_STUB_DRIFT', 'TRUTH_SYSTEM_DRIFT']
2026-07-03T22:13:45Z VIOLATION DNS drift threat api.github.com: ['TRUTH_DNS_DOWN', 'TRUTH_STUB_DRIFT', 'TRUTH_SYSTEM_DRIFT']
2026-07-03T22:13:47Z VIOLATION DNS drift threat api.github.com: ['TRUTH_DNS_DOWN', 'TRUTH_STUB_DRIFT', 'TRUTH_SYSTEM_DRIFT']
2026-07-03T22:13:48Z VIOLATION DNS drift threat github.com: ['TRUTH_DNS_DOWN', 'TRUTH_STUB_DRIFT', 'TRUTH_SYSTEM_DRIFT']
2026-07-03T22:13:49Z VIOLATION DNS drift threat ssh.github.com: ['TRUTH_DNS_DOWN', 'TRUTH_STUB_DRIFT', 'TRUTH_SYSTEM_DRIFT']
2026-07-03T22:13:50Z VIOLATION DNS drift threat ssh.github.com: ['TRUTH_DNS_DOWN', 'TRUTH_STUB_DRIFT', 'TRUTH_SYSTEM_DRIFT']
2026-07-03T22:13:51Z VIOLATION DNS drift threat api.github.com: ['TRUTH_DNS_DOWN', 'TRUTH_STUB_DRIFT', 'TRUTH_SYSTEM_DRIFT']
2026-07-03T22:13:54Z VIOLATION DNS drift threat github.com: ['TRUTH_DNS_DOWN', 'TRUTH_STUB_DRIFT', 'TRUTH_SYSTEM_DRIFT']
2026-07-03T22:13:56Z VIOLATION DNS drift threat api.github.com: ['TRUTH_DNS_DOWN', 'TRUTH_STUB_DRIFT', 'TRUTH_SYSTEM_DRIFT']
2026-07-03T22:13:56Z VIOLATION DNS drift threat github.com: ['TRUTH_DNS_DOWN', 'TRUTH_STUB_DRIFT', 'TRUTH_SYSTEM_DRIFT']
2026-07-03T22:13:57Z VIOLATION DNS drift threat github.com: ['TRUTH_DNS_DOWN', 'TRUTH_STUB_DRIFT', 'TRUTH_SYSTEM_DRIFT']
2026-07-03T22:13:59Z VIOLATION DNS drift threat api.github.com: ['TRUTH_DNS_DOWN', 'TRUTH_STUB_DRIFT', 'TRUTH_SYSTEM_DRIFT']
2026-07-03T22:14:02Z VIOLATION DNS drift threat ssh.github.com: ['TRUTH_DNS_DOWN', 'TRUTH_STUB_DRIFT', 'TRUTH_SYSTEM_DRIFT']
2026-07-03T22:14:02Z VIOLATION DNS drift threat api.github.com: ['TRUTH_DNS_DOWN', 'TRUTH_STUB_DRIFT', 'TRUTH_SYSTEM_DRIFT']
2026-07-03T22:14:03Z VIOLATION DNS drift threat github.com: ['TRUTH_DNS_DOWN', 'TRUTH_STUB_DRIFT', 'TRUTH_SYSTEM_DRIFT']
2026-07-03T22:14:03Z VIOLATION DNS drift threat ssh.github.com: ['TRUTH_DNS_DOWN', 'TRUTH_STUB_DRIFT', 'TRUTH_SYSTEM_DRIFT']
2026-07-03T22:14:03Z VIOLATION DNS drift threat github.com: ['TRUTH_DNS_DOWN', 'TRUTH_STUB_DRIFT', 'TRUTH_SYSTEM_DRIFT']
2026-07-03T22:14:04Z VIOLATION DNS drift threat ssh.github.com: ['TRUTH_DNS_DOWN', 'TRUTH_STUB_DRIFT', 'TRUTH_SYSTEM_DRIFT']
2026-07-03T22:14:07Z VIOLATION DNS drift threat api.github.com: ['TRUTH_DNS_DOWN', 'TRUTH_STUB_DRIFT', 'TRUTH_SYSTEM_DRIFT']
2026-07-03T22:14:08Z VIOLATION DNS drift threat api.github.com: ['TRUTH_DNS_DOWN', 'TRUTH_STUB_DRIFT', 'TRUTH_SYSTEM_DRIFT']
2026-07-03T22:14:10Z VIOLATION DNS drift threat github.com: ['TRUTH_DNS_DOWN', 'TRUTH_STUB_DRIFT', 'TRUTH_SYSTEM_DRIFT']
2026-07-03T22:14:14Z VIOLATION DNS drift threat github.com: ['TRUTH_DNS_DOWN', 'TRUTH_STUB_DRIFT', 'TRUTH_SYSTEM_DRIFT']
2026-07-03T22:14:15Z VIOLATION DNS drift threat api.github.com: ['TRUTH_DNS_DOWN']
2026-07-03T22:14:16Z VIOLATION DNS drift threat api.github.com: ['TRUTH_DNS_DOWN', 'TRUTH_STUB_DRIFT', 'TRUTH_SYSTEM_DRIFT']
2026-07-03T22:14:17Z VIOLATION DNS drift threat github.com: ['TRUTH_DNS_DOWN', 'TRUTH_STUB_DRIFT', 'TRUTH_SYSTEM_DRIFT']
2026-07-03T22:14:17Z VIOLATION DNS drift threat ssh.github.com: ['TRUTH_DNS_DOWN', 'TRUTH_STUB_DRIFT', 'TRUTH_SYSTEM_DRIFT']
2026-07-03T22:14:20Z VIOLATION DNS drift threat github.com: ['TRUTH_DNS_DOWN', 'TRUTH_STUB_DRIFT', 'TRUTH_SYSTEM_DRIFT']
2026-07-03T22:14:23Z VIOLATION DNS drift threat api.github.com: ['TRUTH_DNS_DOWN']
2026-07-03T22:14:23Z VIOLATION DNS drift threat github.com: ['TRUTH_DNS_DOWN', 'TRUTH_STUB_DRIFT', 'TRUTH_SYSTEM_DRIFT']
2026-07-03T22:14:23Z VIOLATION DNS drift threat api.github.com: ['TRUTH_DNS_DOWN', 'TRUTH_STUB_DRIFT', 'TRUTH_SYSTEM_DRIFT']
2026-07-03T22:14:27Z VIOLATION DNS drift threat api.github.com: ['TRUTH_DNS_DOWN', 'TRUTH_STUB_DRIFT', 'TRUTH_SYSTEM_DRIFT']
2026-07-03T22:14:27Z VIOLATION DNS drift threat ssh.github.com: ['TRUTH_DNS_DOWN', 'TRUTH_STUB_DRIFT', 'TRUTH_SYSTEM_DRIFT']
2026-07-03T22:14:33Z VIOLATION DNS drift threat github.com: ['TRUTH_DNS_DOWN']
2026-07-03T22:14:33Z VIOLATION DNS drift threat github.com: ['TRUTH_DNS_DOWN', 'TRUTH_STUB_DRIFT', 'TRUTH_SYSTEM_DRIFT']
2026-07-03T22:14:35Z VIOLATION DNS drift threat api.github.com: ['TRUTH_DNS_DOWN', 'TRUTH_STUB_DRIFT', 'TRUTH_SYSTEM_DRIFT']
2026-07-03T22:14:36Z VIOLATION DNS drift threat github.com: ['TRUTH_DNS_DOWN', 'TRUTH_STUB_DRIFT', 'TRUTH_SYSTEM_DRIFT']
2026-07-03T22:14:37Z VIOLATION DNS drift threat api.github.com: ['TRUTH_DNS_DOWN', 'TRUTH_STUB_DRIFT', 'TRUTH_SYSTEM_DRIFT']
2026-07-03T22:14:37Z VIOLATION DNS drift threat ssh.github.com: ['TRUTH_DNS_DOWN', 'TRUTH_STUB_DRIFT', 'TRUTH_SYSTEM_DRIFT']
2026-07-03T22:14:37Z VIOLATION DNS drift threat api.github.com: ['TRUTH_DNS_DOWN']
2026-07-03T22:14:39Z VIOLATION DNS drift threat raw.githubusercontent.com: ['TRUTH_DNS_DOWN']
2026-07-03T22:14:40Z VIOLATION DNS drift threat ssh.github.com: ['TRUTH_DNS_DOWN', 'TRUTH_STUB_DRIFT', 'TRUTH_SYSTEM_DRIFT']
2026-07-03T22:14:41Z VIOLATION DNS drift threat github.com: ['TRUTH_DNS_DOWN', 'TRUTH_STUB_DRIFT', 'TRUTH_SYSTEM_DRIFT']
2026-07-03T22:14:43Z VIOLATION DNS drift threat github.com: ['TRUTH_DNS_DOWN', 'TRUTH_STUB_DRIFT', 'TRUTH_SYSTEM_DRIFT']
2026-07-03T22:14:44Z VIOLATION DNS drift threat api.github.com: ['TRUTH_DNS_DOWN', 'TRUTH_STUB_DRIFT', 'TRUTH_SYSTEM_DRIFT']
2026-07-03T22:14:44Z VIOLATION DNS drift threat github.com: ['TRUTH_DNS_DOWN', 'TRUTH_STUB_DRIFT', 'TRUTH_SYSTEM_DRIFT']
2026-07-03T22:14:47Z VIOLATION DNS drift threat ssh.github.com: ['TRUTH_DNS_DOWN', 'TRUTH_STUB_DRIFT', 'TRUTH_SYSTEM_DRIFT']
2026-07-03T22:14:47Z VIOLATION DNS drift threat api.github.com: ['TRUTH_DNS_DOWN', 'TRUTH_STUB_DRIFT', 'TRUTH_SYSTEM_DRIFT']
2026-07-03T22:14:48Z VIOLATION DNS drift threat github.com: ['TRUTH_DNS_DOWN', 'TRUTH_STUB_DRIFT', 'TRUTH_SYSTEM_DRIFT']
2026-07-03T22:14:48Z VIOLATION DNS drift threat api.github.com: ['TRUTH_DNS_DOWN', 'TRUTH_STUB_DRIFT', 'TRUTH_SYSTEM_DRIFT']
2026-07-03T22:14:49Z VIOLATION DNS drift threat github.com: ['TRUTH_DNS_DOWN', 'TRUTH_STUB_DRIFT', 'TRUTH_SYSTEM_DRIFT']
2026-07-03T22:14:50Z VIOLATION DNS drift threat ssh.github.com: ['TRUTH_DNS_DOWN', 'TRUTH_STUB_DRIFT', 'TRUTH_SYSTEM_DRIFT']
2026-07-03T22:14:50Z VIOLATION DNS drift threat api.github.com: ['TRUTH_DNS_DOWN', 'TRUTH_STUB_DRIFT', 'TRUTH_SYSTEM_DRIFT']
2026-07-03T22:14:52Z VIOLATION DNS drift threat ssh.github.com: ['TRUTH_DNS_DOWN', 'TRUTH_STUB_DRIFT', 'TRUTH_SYSTEM_DRIFT']
2026-07-03T22:14:52Z VIOLATION DNS drift threat api.github.com: ['TRUTH_DNS_DOWN']
2026-07-03T22:14:54Z VIOLATION DNS drift threat ssh.github.com: ['TRUTH_DNS_DOWN', 'TRUTH_STUB_DRIFT', 'TRUTH_SYSTEM_DRIFT']
2026-07-03T22:14:55Z VIOLATION DNS drift threat github.com: ['TRUTH_DNS_DOWN', 'TRUTH_STUB_DRIFT', 'TRUTH_SYSTEM_DRIFT']
2026-07-03T22:14:55Z VIOLATION DNS drift threat github.com: ['TRUTH_DNS_DOWN', 'TRUTH_STUB_DRIFT', 'TRUTH_SYSTEM_DRIFT']
2026-07-03T22:14:56Z VIOLATION DNS drift threat ssh.github.com: ['TRUTH_DNS_DOWN', 'TRUTH_STUB_DRIFT', 'TRUTH_SYSTEM_DRIFT']
2026-07-03T22:14:58Z VIOLATION DNS drift threat github.com: ['TRUTH_DNS_DOWN']
2026-07-03T22:14:58Z VIOLATION DNS drift threat api.github.com: ['TRUTH_DNS_DOWN', 'TRUTH_STUB_DRIFT', 'TRUTH_SYSTEM_DRIFT']
2026-07-03T22:14:59Z VIOLATION DNS drift threat api.github.com: ['TRUTH_DNS_DOWN', 'TRUTH_STUB_DRIFT', 'TRUTH_SYSTEM_DRIFT']
2026-07-03T22:15:01Z VIOLATION DNS drift threat api.github.com: ['TRUTH_DNS_DOWN', 'TRUTH_STUB_DRIFT', 'TRUTH_SYSTEM_DRIFT']
2026-07-03T22:15:01Z VIOLATION DNS drift threat ssh.github.com: ['TRUTH_DNS_DOWN', 'TRUTH_STUB_DRIFT', 'TRUTH_SYSTEM_DRIFT']
2026-07-03T22:15:02Z VIOLATION DNS drift threat github.com: ['TRUTH_DNS_DOWN', 'TRUTH_STUB_DRIFT', 'TRUTH_SYSTEM_DRIFT']
2026-07-03T22:15:02Z VIOLATION DNS drift threat ssh.github.com: ['TRUTH_DNS_DOWN', 'TRUTH_STUB_DRIFT', 'TRUTH_SYSTEM_DRIFT']
2026-07-03T22:15:05Z VIOLATION DNS drift threat ssh.github.com: ['TRUTH_DNS_DOWN', 'TRUTH_STUB_DRIFT', 'TRUTH_SYSTEM_DRIFT']
2026-07-03T22:15:06Z VIOLATION DNS drift threat api.github.com: ['TRUTH_DNS_DOWN', 'TRUTH_STUB_DRIFT', 'TRUTH_SYSTEM_DRIFT']
2026-07-03T22:15:09Z VIOLATION DNS drift threat github.com: ['TRUTH_DNS_DOWN', 'TRUTH_STUB_DRIFT', 'TRUTH_SYSTEM_DRIFT']
2026-07-03T22:15:14Z VIOLATION DNS drift threat github.com: ['TRUTH_DNS_DOWN']
2026-07-03T22:15:15Z VIOLATION DNS drift threat api.github.com: ['TRUTH_DNS_DOWN']
2026-07-03T22:15:18Z VIOLATION DNS drift threat api.github.com: ['TRUTH_DNS_DOWN', 'TRUTH_STUB_DRIFT', 'TRUTH_SYSTEM_DRIFT']
2026-07-03T22:15:20Z VIOLATION DNS drift threat ssh.github.com: ['TRUTH_DNS_DOWN', 'TRUTH_STUB_DRIFT', 'TRUTH_SYSTEM_DRIFT']
2026-07-03T22:15:24Z VIOLATION DNS drift threat github.com: ['TRUTH_DNS_DOWN', 'TRUTH_STUB_DRIFT', 'TRUTH_SYSTEM_DRIFT']
2026-07-03T22:15:24Z VIOLATION DNS drift threat github.com: ['TRUTH_DNS_DOWN', 'TRUTH_STUB_DRIFT', 'TRUTH_SYSTEM_DRIFT']
2026-07-03T22:15:25Z VIOLATION DNS drift threat github.com: ['TRUTH_DNS_DOWN']
2026-07-03T22:15:26Z VIOLATION DNS drift threat api.github.com: ['TRUTH_DNS_DOWN', 'TRUTH_STUB_DRIFT', 'TRUTH_SYSTEM_DRIFT']
2026-07-03T22:15:27Z VIOLATION DNS drift threat github.com: ['TRUTH_DNS_DOWN', 'TRUTH_STUB_DRIFT', 'TRUTH_SYSTEM_DRIFT']
2026-07-03T22:15:28Z VIOLATION DNS drift threat github.com: ['TRUTH_DNS_DOWN', 'TRUTH_STUB_DRIFT', 'TRUTH_SYSTEM_DRIFT']
2026-07-03T22:15:29Z VIOLATION DNS drift threat api.github.com: ['TRUTH_DNS_DOWN', 'TRUTH_STUB_DRIFT', 'TRUTH_SYSTEM_DRIFT']
2026-07-03T22:15:29Z VIOLATION DNS drift threat api.github.com: ['TRUTH_DNS_DOWN', 'TRUTH_STUB_DRIFT', 'TRUTH_SYSTEM_DRIFT']
2026-07-03T22:15:30Z VIOLATION DNS drift threat api.github.com: ['TRUTH_DNS_DOWN', 'TRUTH_STUB_DRIFT', 'TRUTH_SYSTEM_DRIFT']
2026-07-03T22:15:30Z VIOLATION DNS drift threat ssh.github.com: ['TRUTH_DNS_DOWN', 'TRUTH_STUB_DRIFT', 'TRUTH_SYSTEM_DRIFT']
2026-07-03T22:15:31Z VIOLATION DNS drift threat api.github.com: ['TRUTH_DNS_DOWN', 'TRUTH_STUB_DRIFT', 'TRUTH_SYSTEM_DRIFT']
2026-07-03T22:15:32Z VIOLATION DNS drift threat ssh.github.com: ['TRUTH_DNS_DOWN', 'TRUTH_STUB_DRIFT', 'TRUTH_SYSTEM_DRIFT']
2026-07-03T22:15:33Z VIOLATION DNS drift threat github.com: ['TRUTH_DNS_DOWN', 'TRUTH_STUB_DRIFT', 'TRUTH_SYSTEM_DRIFT']
2026-07-03T22:15:34Z VIOLATION DNS drift threat github.com: ['TRUTH_DNS_DOWN', 'TRUTH_STUB_DRIFT', 'TRUTH_SYSTEM_DRIFT']
2026-07-03T22:15:35Z VIOLATION DNS drift threat raw.githubusercontent.com: ['TRUTH_DNS_DOWN']
2026-07-03T22:15:35Z VIOLATION DNS drift threat api.github.com: ['TRUTH_DNS_DOWN']
2026-07-03T22:15:36Z VIOLATION DNS drift threat github.com: ['TRUTH_DNS_DOWN', 'TRUTH_STUB_DRIFT', 'TRUTH_SYSTEM_DRIFT']
2026-07-03T22:15:37Z VIOLATION DNS drift threat ssh.github.com: ['TRUTH_DNS_DOWN']
2026-07-03T22:15:38Z VIOLATION DNS drift threat api.github.com: ['TRUTH_DNS_DOWN', 'TRUTH_STUB_DRIFT', 'TRUTH_SYSTEM_DRIFT']
2026-07-03T22:15:39Z VIOLATION DNS drift threat api.github.com: ['TRUTH_DNS_DOWN', 'TRUTH_STUB_DRIFT', 'TRUTH_SYSTEM_DRIFT']
2026-07-03T22:15:41Z VIOLATION DNS drift threat github.com: ['TRUTH_DNS_DOWN', 'TRUTH_STUB_DRIFT', 'TRUTH_SYSTEM_DRIFT']
2026-07-03T22:15:42Z VIOLATION DNS drift threat ssh.github.com: ['TRUTH_DNS_DOWN', 'TRUTH_STUB_DRIFT', 'TRUTH_SYSTEM_DRIFT']
2026-07-03T22:15:43Z VIOLATION DNS drift threat raw.githubusercontent.com: ['TRUTH_DNS_DOWN']
2026-07-03T22:15:43Z VIOLATION DNS drift threat api.github.com: ['TRUTH_DNS_DOWN']
2026-07-03T22:15:44Z VIOLATION DNS drift threat github.com: ['TRUTH_DNS_DOWN', 'TRUTH_STUB_DRIFT', 'TRUTH_SYSTEM_DRIFT']
2026-07-03T22:15:44Z VIOLATION DNS drift threat github.com: ['TRUTH_DNS_DOWN', 'TRUTH_STUB_DRIFT', 'TRUTH_SYSTEM_DRIFT']
2026-07-03T22:15:46Z VIOLATION DNS drift threat ssh.github.com: ['TRUTH_DNS_DOWN', 'TRUTH_STUB_DRIFT', 'TRUTH_SYSTEM_DRIFT']
2026-07-03T22:15:48Z VIOLATION DNS drift threat api.github.com: ['TRUTH_DNS_DOWN', 'TRUTH_STUB_DRIFT', 'TRUTH_SYSTEM_DRIFT']
2026-07-03T22:15:48Z VIOLATION DNS drift threat api.github.com: ['TRUTH_DNS_DOWN', 'TRUTH_STUB_DRIFT', 'TRUTH_SYSTEM_DRIFT']
2026-07-03T22:15:48Z VIOLATION DNS drift threat github.com: ['TRUTH_DNS_DOWN', 'TRUTH_STUB_DRIFT', 'TRUTH_SYSTEM_DRIFT']
2026-07-03T22:15:50Z VIOLATION DNS drift threat github.com: ['TRUTH_DNS_DOWN', 'TRUTH_STUB_DRIFT', 'TRUTH_SYSTEM_DRIFT']
2026-07-03T22:15:50Z VIOLATION DNS drift threat github.com: ['TRUTH_DNS_DOWN', 'TRUTH_STUB_DRIFT', 'TRUTH_SYSTEM_DRIFT']
2026-07-03T22:15:52Z VIOLATION DNS drift threat api.github.com: ['TRUTH_DNS_DOWN', 'TRUTH_STUB_DRIFT', 'TRUTH_SYSTEM_DRIFT']
2026-07-03T22:15:52Z VIOLATION DNS drift threat ssh.github.com: ['TRUTH_DNS_DOWN']
2026-07-03T22:15:53Z VIOLATION DNS drift threat api.github.com: ['TRUTH_DNS_DOWN', 'TRUTH_STUB_DRIFT', 'TRUTH_SYSTEM_DRIFT']
2026-07-03T22:15:53Z VIOLATION DNS drift threat api.github.com: ['TRUTH_DNS_DOWN', 'TRUTH_STUB_DRIFT', 'TRUTH_SYSTEM_DRIFT']
2026-07-03T22:15:55Z VIOLATION DNS drift threat ssh.github.com: ['TRUTH_DNS_DOWN', 'TRUTH_STUB_DRIFT', 'TRUTH_SYSTEM_DRIFT']
2026-07-03T22:15:55Z VIOLATION DNS drift threat ssh.github.com: ['TRUTH_DNS_DOWN']
2026-07-03T22:15:56Z VIOLATION DNS drift threat ssh.github.com: ['TRUTH_DNS_DOWN', 'TRUTH_STUB_DRIFT', 'TRUTH_SYSTEM_DRIFT']
2026-07-03T22:15:57Z VIOLATION DNS drift threat raw.githubusercontent.com: ['TRUTH_DNS_DOWN']
2026-07-03T22:16:03Z VIOLATION DNS drift threat github.com: ['TRUTH_DNS_DOWN', 'TRUTH_STUB_DRIFT', 'TRUTH_SYSTEM_DRIFT']
2026-07-03T22:16:03Z VIOLATION DNS drift threat github.com: ['TRUTH_DNS_DOWN', 'TRUTH_STUB_DRIFT', 'TRUTH_SYSTEM_DRIFT']
2026-07-03T22:16:05Z VIOLATION DNS drift threat api.github.com: ['TRUTH_DNS_DOWN', 'TRUTH_STUB_DRIFT', 'TRUTH_SYSTEM_DRIFT']
2026-07-03T22:16:06Z VIOLATION DNS drift threat api.github.com: ['TRUTH_DNS_DOWN']
2026-07-03T22:16:09Z VIOLATION DNS drift threat ssh.github.com: ['TRUTH_DNS_DOWN', 'TRUTH_STUB_DRIFT', 'TRUTH_SYSTEM_DRIFT']
2026-07-03T22:16:09Z VIOLATION DNS drift threat ssh.github.com: ['TRUTH_DNS_DOWN', 'TRUTH_STUB_DRIFT', 'TRUTH_SYSTEM_DRIFT']
2026-07-03T22:16:09Z VIOLATION DNS drift threat github.com: ['TRUTH_DNS_DOWN', 'TRUTH_STUB_DRIFT', 'TRUTH_SYSTEM_DRIFT']
2026-07-03T22:16:11Z VIOLATION DNS drift threat api.github.com: ['TRUTH_DNS_DOWN', 'TRUTH_STUB_DRIFT', 'TRUTH_SYSTEM_DRIFT']
2026-07-03T22:16:11Z VIOLATION DNS drift threat raw.githubusercontent.com: ['TRUTH_DNS_DOWN']
2026-07-03T22:16:15Z VIOLATION DNS drift threat github.com: ['TRUTH_DNS_DOWN', 'TRUTH_STUB_DRIFT', 'TRUTH_SYSTEM_DRIFT']
2026-07-03T22:16:16Z VIOLATION DNS drift threat ssh.github.com: ['TRUTH_DNS_DOWN', 'TRUTH_STUB_DRIFT', 'TRUTH_SYSTEM_DRIFT']
2026-07-03T22:16:16Z VIOLATION DNS drift threat api.github.com: ['TRUTH_DNS_DOWN', 'TRUTH_STUB_DRIFT', 'TRUTH_SYSTEM_DRIFT']
2026-07-03T22:16:18Z VIOLATION DNS drift threat github.com: ['TRUTH_DNS_DOWN', 'TRUTH_STUB_DRIFT', 'TRUTH_SYSTEM_DRIFT']
2026-07-03T22:16:18Z VIOLATION DNS drift threat github.com: ['TRUTH_DNS_DOWN', 'TRUTH_STUB_DRIFT', 'TRUTH_SYSTEM_DRIFT']
2026-07-03T22:16:21Z VIOLATION DNS drift threat api.github.com: ['TRUTH_DNS_DOWN', 'TRUTH_STUB_DRIFT', 'TRUTH_SYSTEM_DRIFT']
2026-07-03T22:16:21Z VIOLATION DNS drift threat github.com: ['TRUTH_DNS_DOWN', 'TRUTH_STUB_DRIFT', 'TRUTH_SYSTEM_DRIFT']
2026-07-03T22:16:23Z VIOLATION DNS drift threat api.github.com: ['TRUTH_DNS_DOWN', 'TRUTH_STUB_DRIFT', 'TRUTH_SYSTEM_DRIFT']
2026-07-03T22:16:25Z VIOLATION DNS drift threat api.github.com: ['TRUTH_DNS_DOWN', 'TRUTH_STUB_DRIFT', 'TRUTH_SYSTEM_DRIFT']
2026-07-03T22:16:25Z VIOLATION DNS drift threat ssh.github.com: ['TRUTH_DNS_DOWN', 'TRUTH_STUB_DRIFT', 'TRUTH_SYSTEM_DRIFT']
2026-07-03T22:16:26Z VIOLATION DNS drift threat github.com: ['TRUTH_DNS_DOWN', 'TRUTH_STUB_DRIFT', 'TRUTH_SYSTEM_DRIFT']
2026-07-03T22:16:28Z VIOLATION DNS drift threat ssh.github.com: ['TRUTH_DNS_DOWN', 'TRUTH_STUB_DRIFT', 'TRUTH_SYSTEM_DRIFT']
2026-07-03T22:16:28Z VIOLATION DNS drift threat github.com: ['TRUTH_DNS_DOWN', 'TRUTH_STUB_DRIFT', 'TRUTH_SYSTEM_DRIFT']
2026-07-03T22:16:28Z VIOLATION DNS drift threat api.github.com: ['TRUTH_DNS_DOWN', 'TRUTH_STUB_DRIFT', 'TRUTH_SYSTEM_DRIFT']
2026-07-03T22:16:29Z VIOLATION DNS drift threat github.com: ['TRUTH_DNS_DOWN', 'TRUTH_STUB_DRIFT', 'TRUTH_SYSTEM_DRIFT']
2026-07-03T22:16:31Z VIOLATION DNS drift threat ssh.github.com: ['TRUTH_DNS_DOWN', 'TRUTH_STUB_DRIFT', 'TRUTH_SYSTEM_DRIFT']
2026-07-03T22:16:32Z VIOLATION DNS drift threat api.github.com: ['TRUTH_DNS_DOWN']
2026-07-03T22:16:33Z VIOLATION DNS drift threat api.github.com: ['TRUTH_DNS_DOWN']
2026-07-03T22:16:34Z VIOLATION DNS drift threat github.com: ['TRUTH_DNS_DOWN', 'TRUTH_STUB_DRIFT', 'TRUTH_SYSTEM_DRIFT']
2026-07-03T22:16:34Z VIOLATION DNS drift threat github.com: ['TRUTH_DNS_DOWN', 'TRUTH_STUB_DRIFT', 'TRUTH_SYSTEM_DRIFT']
2026-07-03T22:16:37Z VIOLATION DNS drift threat ssh.github.com: ['TRUTH_DNS_DOWN', 'TRUTH_STUB_DRIFT', 'TRUTH_SYSTEM_DRIFT']
2026-07-03T22:16:37Z VIOLATION DNS drift threat api.github.com: ['TRUTH_DNS_DOWN', 'TRUTH_STUB_DRIFT', 'TRUTH_SYSTEM_DRIFT']
2026-07-03T22:16:38Z VIOLATION DNS drift threat api.github.com: ['TRUTH_DNS_DOWN', 'TRUTH_STUB_DRIFT', 'TRUTH_SYSTEM_DRIFT']
2026-07-03T22:16:40Z VIOLATION DNS drift threat ssh.github.com: ['TRUTH_DNS_DOWN', 'TRUTH_STUB_DRIFT', 'TRUTH_SYSTEM_DRIFT']
2026-07-03T22:16:54Z VIOLATION DNS drift threat github.com: ['TRUTH_DNS_DOWN', 'TRUTH_STUB_DRIFT', 'TRUTH_SYSTEM_DRIFT']
2026-07-03T22:16:54Z VIOLATION DNS drift threat github.com: ['TRUTH_DNS_DOWN']
2026-07-03T22:16:56Z VIOLATION DNS drift threat github.com: ['TRUTH_DNS_DOWN']
2026-07-03T22:16:57Z VIOLATION DNS drift threat api.github.com: ['TRUTH_DNS_DOWN', 'TRUTH_STUB_DRIFT', 'TRUTH_SYSTEM_DRIFT']
2026-07-03T22:16:57Z VIOLATION DNS drift threat api.github.com: ['TRUTH_DNS_DOWN']
2026-07-03T22:16:57Z VIOLATION DNS drift threat github.com: ['TRUTH_DNS_DOWN', 'TRUTH_STUB_DRIFT', 'TRUTH_SYSTEM_DRIFT']
2026-07-03T22:16:59Z VIOLATION DNS drift threat ssh.github.com: ['TRUTH_DNS_DOWN']
2026-07-03T22:16:59Z VIOLATION DNS drift threat github.com: ['TRUTH_DNS_DOWN']
2026-07-03T22:16:59Z VIOLATION DNS drift threat api.github.com: ['TRUTH_DNS_DOWN', 'TRUTH_STUB_DRIFT', 'TRUTH_SYSTEM_DRIFT']
2026-07-03T22:17:00Z VIOLATION DNS drift threat github.com: ['TRUTH_DNS_DOWN', 'TRUTH_STUB_DRIFT', 'TRUTH_SYSTEM_DRIFT']
2026-07-03T22:17:00Z VIOLATION DNS drift threat ssh.github.com: ['TRUTH_DNS_DOWN']
2026-07-03T22:17:00Z VIOLATION DNS drift threat api.github.com: ['TRUTH_DNS_DOWN', 'TRUTH_STUB_DRIFT', 'TRUTH_SYSTEM_DRIFT']
2026-07-03T22:17:02Z VIOLATION DNS drift threat api.github.com: ['TRUTH_DNS_DOWN', 'TRUTH_STUB_DRIFT', 'TRUTH_SYSTEM_DRIFT']
2026-07-03T22:17:02Z VIOLATION DNS drift threat api.github.com: ['TRUTH_DNS_DOWN', 'TRUTH_STUB_DRIFT', 'TRUTH_SYSTEM_DRIFT']
2026-07-03T22:17:02Z VIOLATION DNS drift threat raw.githubusercontent.com: ['TRUTH_DNS_DOWN']
2026-07-03T22:17:04Z VIOLATION DNS drift threat ssh.github.com: ['TRUTH_DNS_DOWN', 'TRUTH_STUB_DRIFT', 'TRUTH_SYSTEM_DRIFT']
2026-07-03T22:17:04Z VIOLATION DNS drift threat github.com: ['TRUTH_DNS_DOWN', 'TRUTH_STUB_DRIFT', 'TRUTH_SYSTEM_DRIFT']
2026-07-03T22:17:04Z VIOLATION DNS drift threat github.com: ['TRUTH_DNS_DOWN', 'TRUTH_STUB_DRIFT', 'TRUTH_SYSTEM_DRIFT']
2026-07-03T22:17:05Z VIOLATION DNS drift threat ssh.github.com: ['TRUTH_DNS_DOWN', 'TRUTH_STUB_DRIFT', 'TRUTH_SYSTEM_DRIFT']
2026-07-03T22:17:05Z VIOLATION DNS drift threat github.com: ['TRUTH_DNS_DOWN']
2026-07-03T22:17:06Z VIOLATION DNS drift threat ssh.github.com: ['TRUTH_DNS_DOWN', 'TRUTH_STUB_DRIFT', 'TRUTH_SYSTEM_DRIFT']
2026-07-03T22:17:06Z VIOLATION DNS drift threat github.com: ['TRUTH_DNS_DOWN', 'TRUTH_STUB_DRIFT', 'TRUTH_SYSTEM_DRIFT']
2026-07-03T22:17:06Z VIOLATION DNS drift threat api.github.com: ['TRUTH_DNS_DOWN', 'TRUTH_STUB_DRIFT', 'TRUTH_SYSTEM_DRIFT']
2026-07-03T22:17:07Z VIOLATION DNS drift threat raw.githubusercontent.com: ['TRUTH_DNS_DOWN']
2026-07-03T22:17:08Z VIOLATION DNS drift threat api.github.com: ['TRUTH_DNS_DOWN', 'TRUTH_STUB_DRIFT', 'TRUTH_SYSTEM_DRIFT']
2026-07-03T22:17:09Z VIOLATION DNS drift threat api.github.com: ['TRUTH_DNS_DOWN', 'TRUTH_STUB_DRIFT', 'TRUTH_SYSTEM_DRIFT']
2026-07-03T22:17:09Z VIOLATION DNS drift threat ssh.github.com: ['TRUTH_DNS_DOWN', 'TRUTH_STUB_DRIFT', 'TRUTH_SYSTEM_DRIFT']
2026-07-03T22:17:10Z VIOLATION DNS drift threat api.github.com: ['TRUTH_DNS_DOWN', 'TRUTH_STUB_DRIFT', 'TRUTH_SYSTEM_DRIFT']
2026-07-03T22:17:11Z VIOLATION DNS drift threat ssh.github.com: ['TRUTH_DNS_DOWN', 'TRUTH_STUB_DRIFT', 'TRUTH_SYSTEM_DRIFT']
2026-07-03T22:17:11Z VIOLATION DNS drift threat ssh.github.com: ['TRUTH_DNS_DOWN', 'TRUTH_STUB_DRIFT', 'TRUTH_SYSTEM_DRIFT']
2026-07-03T22:17:13Z VIOLATION DNS drift threat github.com: ['TRUTH_DNS_DOWN', 'TRUTH_STUB_DRIFT', 'TRUTH_SYSTEM_DRIFT']
2026-07-03T22:17:14Z VIOLATION DNS drift threat raw.githubusercontent.com: ['TRUTH_DNS_DOWN']
2026-07-03T22:17:14Z VIOLATION DNS drift threat api.github.com: ['TRUTH_DNS_DOWN', 'TRUTH_STUB_DRIFT', 'TRUTH_SYSTEM_DRIFT']
2026-07-03T22:17:17Z VIOLATION DNS drift threat ssh.github.com: ['TRUTH_DNS_DOWN', 'TRUTH_STUB_DRIFT', 'TRUTH_SYSTEM_DRIFT']
2026-07-03T22:17:18Z VIOLATION DNS drift threat raw.githubusercontent.com: ['TRUTH_DNS_DOWN']
2026-07-03T22:17:20Z VIOLATION DNS drift threat github.com: ['TRUTH_DNS_DOWN']
2026-07-03T22:17:23Z VIOLATION DNS drift threat api.github.com: ['TRUTH_DNS_DOWN', 'TRUTH_STUB_DRIFT', 'TRUTH_SYSTEM_DRIFT']
2026-07-03T22:17:26Z VIOLATION DNS drift threat ssh.github.com: ['TRUTH_DNS_DOWN', 'TRUTH_STUB_DRIFT', 'TRUTH_SYSTEM_DRIFT']
2026-07-03T22:17:33Z VIOLATION DNS drift threat github.com: ['TRUTH_DNS_DOWN', 'TRUTH_STUB_DRIFT', 'TRUTH_SYSTEM_DRIFT']
2026-07-03T22:17:35Z VIOLATION DNS drift threat github.com: ['TRUTH_DNS_DOWN', 'TRUTH_STUB_DRIFT', 'TRUTH_SYSTEM_DRIFT']
2026-07-03T22:17:35Z VIOLATION DNS drift threat github.com: ['TRUTH_DNS_DOWN', 'TRUTH_STUB_DRIFT', 'TRUTH_SYSTEM_DRIFT']
2026-07-03T22:17:37Z VIOLATION DNS drift threat github.com: ['TRUTH_DNS_DOWN']
2026-07-03T22:17:37Z VIOLATION DNS drift threat api.github.com: ['TRUTH_DNS_DOWN', 'TRUTH_STUB_DRIFT', 'TRUTH_SYSTEM_DRIFT']
2026-07-03T22:17:39Z VIOLATION DNS drift threat api.github.com: ['TRUTH_DNS_DOWN', 'TRUTH_STUB_DRIFT', 'TRUTH_SYSTEM_DRIFT']
2026-07-03T22:17:39Z VIOLATION DNS drift threat api.github.com: ['TRUTH_DNS_DOWN', 'TRUTH_STUB_DRIFT', 'TRUTH_SYSTEM_DRIFT']
2026-07-03T22:17:40Z VIOLATION DNS drift threat github.com: ['TRUTH_DNS_DOWN']
2026-07-03T22:17:42Z VIOLATION DNS drift threat api.github.com: ['TRUTH_DNS_DOWN', 'TRUTH_STUB_DRIFT', 'TRUTH_SYSTEM_DRIFT']
2026-07-03T22:17:42Z VIOLATION DNS drift threat ssh.github.com: ['TRUTH_DNS_DOWN']
2026-07-03T22:17:44Z VIOLATION DNS drift threat github.com: ['TRUTH_DNS_DOWN', 'TRUTH_STUB_DRIFT', 'TRUTH_SYSTEM_DRIFT']
2026-07-03T22:17:45Z VIOLATION DNS drift threat github.com: ['TRUTH_DNS_DOWN']
2026-07-03T22:17:46Z VIOLATION DNS drift threat api.github.com: ['TRUTH_DNS_DOWN', 'TRUTH_STUB_DRIFT', 'TRUTH_SYSTEM_DRIFT']
2026-07-03T22:17:48Z VIOLATION DNS drift threat github.com: ['TRUTH_DNS_DOWN', 'TRUTH_STUB_DRIFT', 'TRUTH_SYSTEM_DRIFT']
2026-07-03T22:17:49Z VIOLATION DNS drift threat api.github.com: ['TRUTH_DNS_DOWN', 'TRUTH_STUB_DRIFT', 'TRUTH_SYSTEM_DRIFT']
2026-07-03T22:17:49Z VIOLATION DNS drift threat ssh.github.com: ['TRUTH_DNS_DOWN']
2026-07-03T22:17:52Z VIOLATION DNS drift threat ssh.github.com: ['TRUTH_DNS_DOWN', 'TRUTH_STUB_DRIFT', 'TRUTH_SYSTEM_DRIFT']
2026-07-03T22:17:53Z VIOLATION DNS drift threat api.github.com: ['TRUTH_DNS_DOWN', 'TRUTH_STUB_DRIFT', 'TRUTH_SYSTEM_DRIFT']
2026-07-03T22:17:53Z VIOLATION DNS drift threat github.com: ['TRUTH_DNS_DOWN', 'TRUTH_STUB_DRIFT', 'TRUTH_SYSTEM_DRIFT']
2026-07-03T22:17:53Z VIOLATION DNS drift threat github.com: ['TRUTH_DNS_DOWN', 'TRUTH_STUB_DRIFT', 'TRUTH_SYSTEM_DRIFT']
2026-07-03T22:17:54Z VIOLATION DNS drift threat github.com: ['TRUTH_DNS_DOWN', 'TRUTH_STUB_DRIFT', 'TRUTH_SYSTEM_DRIFT']
2026-07-03T22:17:56Z VIOLATION DNS drift threat api.github.com: ['TRUTH_DNS_DOWN', 'TRUTH_STUB_DRIFT', 'TRUTH_SYSTEM_DRIFT']
2026-07-03T22:17:57Z VIOLATION DNS drift threat ssh.github.com: ['TRUTH_DNS_DOWN', 'TRUTH_STUB_DRIFT', 'TRUTH_SYSTEM_DRIFT']
2026-07-03T22:17:58Z VIOLATION DNS drift threat api.github.com: ['TRUTH_DNS_DOWN', 'TRUTH_STUB_DRIFT', 'TRUTH_SYSTEM_DRIFT']
2026-07-03T22:17:59Z VIOLATION DNS drift threat api.github.com: ['TRUTH_DNS_DOWN', 'TRUTH_STUB_DRIFT', 'TRUTH_SYSTEM_DRIFT']
2026-07-03T22:18:00Z VIOLATION DNS drift threat raw.githubusercontent.com: ['TRUTH_DNS_DOWN']
2026-07-03T22:18:02Z VIOLATION DNS drift threat github.com: ['TRUTH_DNS_DOWN', 'TRUTH_STUB_DRIFT', 'TRUTH_SYSTEM_DRIFT']
2026-07-03T22:18:03Z VIOLATION DNS drift threat github.com: ['TRUTH_DNS_DOWN', 'TRUTH_STUB_DRIFT', 'TRUTH_SYSTEM_DRIFT']
2026-07-03T22:18:06Z VIOLATION DNS drift threat api.github.com: ['TRUTH_DNS_DOWN', 'TRUTH_STUB_DRIFT', 'TRUTH_SYSTEM_DRIFT']
2026-07-03T22:18:07Z VIOLATION DNS drift threat api.github.com: ['TRUTH_DNS_DOWN', 'TRUTH_STUB_DRIFT', 'TRUTH_SYSTEM_DRIFT']
2026-07-03T22:18:09Z VIOLATION DNS drift threat ssh.github.com: ['TRUTH_DNS_DOWN', 'TRUTH_STUB_DRIFT', 'TRUTH_SYSTEM_DRIFT']
2026-07-03T22:18:12Z VIOLATION DNS drift threat raw.githubusercontent.com: ['TRUTH_DNS_DOWN']
2026-07-03T22:18:13Z VIOLATION DNS drift threat github.com: ['TRUTH_DNS_DOWN', 'TRUTH_STUB_DRIFT', 'TRUTH_SYSTEM_DRIFT']
2026-07-03T22:18:18Z VIOLATION DNS drift threat api.github.com: ['TRUTH_DNS_DOWN']
2026-07-03T22:18:21Z VIOLATION DNS drift threat github.com: ['TRUTH_DNS_DOWN', 'TRUTH_STUB_DRIFT', 'TRUTH_SYSTEM_DRIFT']
2026-07-03T22:18:22Z VIOLATION DNS drift threat github.com: ['TRUTH_DNS_DOWN', 'TRUTH_STUB_DRIFT', 'TRUTH_SYSTEM_DRIFT']
2026-07-03T22:18:24Z VIOLATION DNS drift threat api.github.com: ['TRUTH_DNS_DOWN']
2026-07-03T22:18:25Z VIOLATION DNS drift threat api.github.com: ['TRUTH_DNS_DOWN', 'TRUTH_STUB_DRIFT', 'TRUTH_SYSTEM_DRIFT']
2026-07-03T22:18:26Z VIOLATION DNS drift threat github.com: ['TRUTH_DNS_DOWN', 'TRUTH_STUB_DRIFT', 'TRUTH_SYSTEM_DRIFT']
2026-07-03T22:18:26Z VIOLATION DNS drift threat ssh.github.com: ['TRUTH_DNS_DOWN', 'TRUTH_STUB_DRIFT', 'TRUTH_SYSTEM_DRIFT']
2026-07-03T22:18:28Z VIOLATION DNS drift threat github.com: ['TRUTH_DNS_DOWN', 'TRUTH_STUB_DRIFT', 'TRUTH_SYSTEM_DRIFT']
2026-07-03T22:18:29Z VIOLATION DNS drift threat raw.githubusercontent.com: ['TRUTH_DNS_DOWN']
2026-07-03T22:18:29Z VIOLATION DNS drift threat api.github.com: ['TRUTH_DNS_DOWN', 'TRUTH_STUB_DRIFT', 'TRUTH_SYSTEM_DRIFT']
2026-07-03T22:18:29Z VIOLATION DNS drift threat ssh.github.com: ['TRUTH_DNS_DOWN', 'TRUTH_STUB_DRIFT', 'TRUTH_SYSTEM_DRIFT']
2026-07-03T22:18:30Z VIOLATION DNS drift threat github.com: ['TRUTH_DNS_DOWN', 'TRUTH_STUB_DRIFT', 'TRUTH_SYSTEM_DRIFT']
2026-07-03T22:18:30Z VIOLATION DNS drift threat api.github.com: ['TRUTH_DNS_DOWN', 'TRUTH_STUB_DRIFT', 'TRUTH_SYSTEM_DRIFT']
2026-07-03T22:18:31Z VIOLATION DNS drift threat ssh.github.com: ['TRUTH_DNS_DOWN', 'TRUTH_STUB_DRIFT', 'TRUTH_SYSTEM_DRIFT']
2026-07-03T22:18:32Z VIOLATION DNS drift threat github.com: ['TRUTH_DNS_DOWN', 'TRUTH_STUB_DRIFT', 'TRUTH_SYSTEM_DRIFT']
2026-07-03T22:18:32Z VIOLATION DNS drift threat github.com: ['TRUTH_DNS_DOWN']
2026-07-03T22:18:34Z VIOLATION DNS drift threat api.github.com: ['TRUTH_DNS_DOWN', 'TRUTH_STUB_DRIFT', 'TRUTH_SYSTEM_DRIFT']
2026-07-03T22:18:34Z VIOLATION DNS drift threat github.com: ['TRUTH_DNS_DOWN', 'TRUTH_STUB_DRIFT', 'TRUTH_SYSTEM_DRIFT']
2026-07-03T22:18:34Z VIOLATION DNS drift threat api.github.com: ['TRUTH_DNS_DOWN', 'TRUTH_STUB_DRIFT', 'TRUTH_SYSTEM_DRIFT']
2026-07-03T22:18:35Z VIOLATION DNS drift threat github.com: ['TRUTH_DNS_DOWN', 'TRUTH_STUB_DRIFT', 'TRUTH_SYSTEM_DRIFT']
2026-07-03T22:18:35Z VIOLATION DNS drift threat api.github.com: ['TRUTH_DNS_DOWN']
2026-07-03T22:18:37Z VIOLATION DNS drift threat api.github.com: ['TRUTH_DNS_DOWN']
2026-07-03T22:18:37Z VIOLATION DNS drift threat ssh.github.com: ['TRUTH_DNS_DOWN', 'TRUTH_STUB_DRIFT', 'TRUTH_SYSTEM_DRIFT']
2026-07-03T22:18:37Z VIOLATION DNS drift threat api.github.com: ['TRUTH_DNS_DOWN', 'TRUTH_STUB_DRIFT', 'TRUTH_SYSTEM_DRIFT']
2026-07-03T22:18:38Z VIOLATION DNS drift threat ssh.github.com: ['TRUTH_DNS_DOWN', 'TRUTH_STUB_DRIFT', 'TRUTH_SYSTEM_DRIFT']
2026-07-03T22:18:38Z VIOLATION DNS drift threat github.com: ['TRUTH_DNS_DOWN', 'TRUTH_STUB_DRIFT', 'TRUTH_SYSTEM_DRIFT']
2026-07-03T22:18:40Z VIOLATION DNS drift threat ssh.github.com: ['TRUTH_DNS_DOWN', 'TRUTH_STUB_DRIFT', 'TRUTH_SYSTEM_DRIFT']
2026-07-03T22:18:40Z VIOLATION DNS drift threat ssh.github.com: ['TRUTH_DNS_DOWN', 'TRUTH_STUB_DRIFT', 'TRUTH_SYSTEM_DRIFT']
2026-07-03T22:18:41Z VIOLATION DNS drift threat raw.githubusercontent.com: ['TRUTH_DNS_DOWN']
2026-07-03T22:18:42Z VIOLATION DNS drift threat api.github.com: ['TRUTH_DNS_DOWN', 'TRUTH_STUB_DRIFT', 'TRUTH_SYSTEM_DRIFT']
2026-07-03T22:18:45Z VIOLATION DNS drift threat github.com: ['TRUTH_DNS_DOWN', 'TRUTH_STUB_DRIFT', 'TRUTH_SYSTEM_DRIFT']
2026-07-03T22:18:47Z VIOLATION DNS drift threat api.github.com: ['TRUTH_DNS_DOWN', 'TRUTH_STUB_DRIFT', 'TRUTH_SYSTEM_DRIFT']
2026-07-03T22:18:49Z VIOLATION DNS drift threat github.com: ['TRUTH_DNS_DOWN', 'TRUTH_STUB_DRIFT', 'TRUTH_SYSTEM_DRIFT']
2026-07-03T22:18:50Z VIOLATION DNS drift threat ssh.github.com: ['TRUTH_DNS_DOWN', 'TRUTH_STUB_DRIFT', 'TRUTH_SYSTEM_DRIFT']
2026-07-03T22:18:52Z VIOLATION DNS drift threat api.github.com: ['TRUTH_DNS_DOWN', 'TRUTH_STUB_DRIFT', 'TRUTH_SYSTEM_DRIFT']
2026-07-03T22:19:01Z VIOLATION DNS drift threat github.com: ['TRUTH_DNS_DOWN', 'TRUTH_STUB_DRIFT', 'TRUTH_SYSTEM_DRIFT']
2026-07-03T22:19:02Z VIOLATION DNS drift threat github.com: ['TRUTH_DNS_DOWN', 'TRUTH_STUB_DRIFT', 'TRUTH_SYSTEM_DRIFT']
2026-07-03T22:19:04Z VIOLATION DNS drift threat github.com: ['TRUTH_DNS_DOWN', 'TRUTH_STUB_DRIFT', 'TRUTH_SYSTEM_DRIFT']
2026-07-03T22:19:04Z VIOLATION DNS drift threat github.com: ['TRUTH_DNS_DOWN', 'TRUTH_STUB_DRIFT', 'TRUTH_SYSTEM_DRIFT']
2026-07-03T22:19:05Z VIOLATION DNS drift threat api.github.com: ['TRUTH_DNS_DOWN', 'TRUTH_STUB_DRIFT', 'TRUTH_SYSTEM_DRIFT']
2026-07-03T22:19:07Z VIOLATION DNS drift threat api.github.com: ['TRUTH_DNS_DOWN', 'TRUTH_STUB_DRIFT', 'TRUTH_SYSTEM_DRIFT']
2026-07-03T22:19:07Z VIOLATION DNS drift threat api.github.com: ['TRUTH_DNS_DOWN', 'TRUTH_STUB_DRIFT', 'TRUTH_SYSTEM_DRIFT']
2026-07-03T22:19:10Z VIOLATION DNS drift threat ssh.github.com: ['TRUTH_DNS_DOWN', 'TRUTH_STUB_DRIFT', 'TRUTH_SYSTEM_DRIFT']
2026-07-03T22:19:10Z VIOLATION DNS drift threat api.github.com: ['TRUTH_DNS_DOWN', 'TRUTH_STUB_DRIFT', 'TRUTH_SYSTEM_DRIFT']
2026-07-03T22:19:10Z VIOLATION DNS drift threat ssh.github.com: ['TRUTH_DNS_DOWN']
2026-07-03T22:19:11Z VIOLATION DNS drift threat github.com: ['TRUTH_DNS_DOWN', 'TRUTH_STUB_DRIFT', 'TRUTH_SYSTEM_DRIFT']
2026-07-03T22:19:15Z VIOLATION DNS drift threat api.github.com: ['TRUTH_DNS_DOWN', 'TRUTH_STUB_DRIFT', 'TRUTH_SYSTEM_DRIFT']
2026-07-03T22:19:15Z VIOLATION DNS drift threat github.com: ['TRUTH_DNS_DOWN', 'TRUTH_STUB_DRIFT', 'TRUTH_SYSTEM_DRIFT']
2026-07-03T22:19:16Z VIOLATION DNS drift threat github.com: ['TRUTH_DNS_DOWN', 'TRUTH_STUB_DRIFT', 'TRUTH_SYSTEM_DRIFT']
2026-07-03T22:19:17Z VIOLATION DNS drift threat github.com: ['TRUTH_DNS_DOWN', 'TRUTH_STUB_DRIFT', 'TRUTH_SYSTEM_DRIFT']
2026-07-03T22:19:17Z VIOLATION DNS drift threat github.com: ['TRUTH_DNS_DOWN', 'TRUTH_STUB_DRIFT', 'TRUTH_SYSTEM_DRIFT']
2026-07-03T22:19:17Z VIOLATION DNS drift threat api.github.com: ['TRUTH_DNS_DOWN', 'TRUTH_STUB_DRIFT', 'TRUTH_SYSTEM_DRIFT']
2026-07-03T22:19:18Z VIOLATION DNS drift threat api.github.com: ['TRUTH_DNS_DOWN']
2026-07-03T22:19:21Z VIOLATION DNS drift threat api.github.com: ['TRUTH_DNS_DOWN', 'TRUTH_STUB_DRIFT', 'TRUTH_SYSTEM_DRIFT']
2026-07-03T22:19:21Z VIOLATION DNS drift threat api.github.com: ['TRUTH_DNS_DOWN', 'TRUTH_STUB_DRIFT', 'TRUTH_SYSTEM_DRIFT']
2026-07-03T22:19:22Z VIOLATION DNS drift threat ssh.github.com: ['TRUTH_DNS_DOWN', 'TRUTH_STUB_DRIFT', 'TRUTH_SYSTEM_DRIFT']
2026-07-03T22:19:23Z VIOLATION DNS drift threat github.com: ['TRUTH_DNS_DOWN', 'TRUTH_STUB_DRIFT', 'TRUTH_SYSTEM_DRIFT']
2026-07-03T22:19:23Z VIOLATION DNS drift threat github.com: ['TRUTH_DNS_DOWN', 'TRUTH_STUB_DRIFT', 'TRUTH_SYSTEM_DRIFT']
2026-07-03T22:19:24Z VIOLATION DNS drift threat ssh.github.com: ['TRUTH_DNS_DOWN', 'TRUTH_STUB_DRIFT', 'TRUTH_SYSTEM_DRIFT']
2026-07-03T22:19:25Z VIOLATION DNS drift threat api.github.com: ['TRUTH_DNS_DOWN', 'TRUTH_STUB_DRIFT', 'TRUTH_SYSTEM_DRIFT']
2026-07-03T22:19:26Z VIOLATION DNS drift threat api.github.com: ['TRUTH_DNS_DOWN', 'TRUTH_STUB_DRIFT', 'TRUTH_SYSTEM_DRIFT']
2026-07-03T22:19:30Z VIOLATION DNS drift threat ssh.github.com: ['TRUTH_DNS_DOWN']
2026-07-03T22:19:31Z VIOLATION DNS drift threat github.com: ['TRUTH_DNS_DOWN', 'TRUTH_STUB_DRIFT', 'TRUTH_SYSTEM_DRIFT']
2026-07-03T22:19:33Z VIOLATION DNS drift threat api.github.com: ['TRUTH_DNS_DOWN', 'TRUTH_STUB_DRIFT', 'TRUTH_SYSTEM_DRIFT']
2026-07-03T22:19:36Z VIOLATION DNS drift threat ssh.github.com: ['TRUTH_DNS_DOWN', 'TRUTH_STUB_DRIFT', 'TRUTH_SYSTEM_DRIFT']
2026-07-03T22:19:41Z VIOLATION DNS drift threat github.com: ['TRUTH_DNS_DOWN']
2026-07-03T22:19:42Z VIOLATION DNS drift threat github.com: ['TRUTH_DNS_DOWN']
2026-07-03T22:19:43Z VIOLATION DNS drift threat api.github.com: ['TRUTH_DNS_DOWN', 'TRUTH_STUB_DRIFT', 'TRUTH_SYSTEM_DRIFT']
2026-07-03T22:19:43Z VIOLATION DNS drift threat github.com: ['TRUTH_DNS_DOWN', 'TRUTH_STUB_DRIFT', 'TRUTH_SYSTEM_DRIFT']
2026-07-03T22:19:44Z VIOLATION DNS drift threat github.com: ['TRUTH_DNS_DOWN', 'TRUTH_STUB_DRIFT', 'TRUTH_SYSTEM_DRIFT']
2026-07-03T22:19:45Z VIOLATION DNS drift threat api.github.com: ['TRUTH_DNS_DOWN', 'TRUTH_STUB_DRIFT', 'TRUTH_SYSTEM_DRIFT']
2026-07-03T22:19:45Z VIOLATION DNS drift threat github.com: ['TRUTH_DNS_DOWN', 'TRUTH_STUB_DRIFT', 'TRUTH_SYSTEM_DRIFT']
2026-07-03T22:19:46Z VIOLATION DNS drift threat ssh.github.com: ['TRUTH_DNS_DOWN', 'TRUTH_STUB_DRIFT', 'TRUTH_SYSTEM_DRIFT']
2026-07-03T22:19:46Z VIOLATION DNS drift threat github.com: ['TRUTH_DNS_DOWN', 'TRUTH_STUB_DRIFT', 'TRUTH_SYSTEM_DRIFT']
2026-07-03T22:19:46Z VIOLATION DNS drift threat api.github.com: ['TRUTH_DNS_DOWN']
2026-07-03T22:19:48Z VIOLATION DNS drift threat api.github.com: ['TRUTH_DNS_DOWN', 'TRUTH_STUB_DRIFT', 'TRUTH_SYSTEM_DRIFT']
2026-07-03T22:19:48Z VIOLATION DNS drift threat api.github.com: ['TRUTH_DNS_DOWN', 'TRUTH_STUB_DRIFT', 'TRUTH_SYSTEM_DRIFT']
2026-07-03T22:19:48Z VIOLATION DNS drift threat ssh.github.com: ['TRUTH_DNS_DOWN', 'TRUTH_STUB_DRIFT', 'TRUTH_SYSTEM_DRIFT']
2026-07-03T22:19:48Z VIOLATION DNS drift threat raw.githubusercontent.com: ['TRUTH_DNS_DOWN']
2026-07-03T22:19:50Z VIOLATION DNS drift threat ssh.github.com: ['TRUTH_DNS_DOWN']
2026-07-03T22:19:50Z VIOLATION DNS drift threat raw.githubusercontent.com: ['TRUTH_DNS_DOWN']
2026-07-03T22:19:50Z VIOLATION DNS drift threat ssh.github.com: ['TRUTH_DNS_DOWN', 'TRUTH_STUB_DRIFT', 'TRUTH_SYSTEM_DRIFT']
2026-07-03T22:19:51Z VIOLATION DNS drift threat api.github.com: ['TRUTH_DNS_DOWN', 'TRUTH_STUB_DRIFT', 'TRUTH_SYSTEM_DRIFT']
2026-07-03T22:19:55Z VIOLATION DNS drift threat github.com: ['TRUTH_DNS_DOWN', 'TRUTH_STUB_DRIFT', 'TRUTH_SYSTEM_DRIFT']
2026-07-03T22:19:57Z VIOLATION DNS drift threat github.com: ['TRUTH_DNS_DOWN', 'TRUTH_STUB_DRIFT', 'TRUTH_SYSTEM_DRIFT']
2026-07-03T22:19:58Z VIOLATION DNS drift threat github.com: ['TRUTH_DNS_DOWN', 'TRUTH_STUB_DRIFT', 'TRUTH_SYSTEM_DRIFT']
2026-07-03T22:20:00Z VIOLATION DNS drift threat api.github.com: ['TRUTH_DNS_DOWN', 'TRUTH_STUB_DRIFT', 'TRUTH_SYSTEM_DRIFT']
2026-07-03T22:20:00Z VIOLATION DNS drift threat api.github.com: ['TRUTH_DNS_DOWN', 'TRUTH_STUB_DRIFT', 'TRUTH_SYSTEM_DRIFT']
2026-07-03T22:20:01Z VIOLATION DNS drift threat github.com: ['TRUTH_DNS_DOWN']
2026-07-03T22:20:02Z VIOLATION DNS drift threat api.github.com: ['TRUTH_DNS_DOWN', 'TRUTH_STUB_DRIFT', 'TRUTH_SYSTEM_DRIFT']
2026-07-03T22:20:02Z VIOLATION DNS drift threat api.github.com: ['TRUTH_DNS_DOWN', 'TRUTH_STUB_DRIFT', 'TRUTH_SYSTEM_DRIFT']
2026-07-03T22:20:05Z VIOLATION DNS drift threat ssh.github.com: ['TRUTH_DNS_DOWN', 'TRUTH_STUB_DRIFT', 'TRUTH_SYSTEM_DRIFT']
2026-07-03T22:20:05Z VIOLATION DNS drift threat ssh.github.com: ['TRUTH_DNS_DOWN', 'TRUTH_STUB_DRIFT', 'TRUTH_SYSTEM_DRIFT']
2026-07-03T22:20:06Z VIOLATION DNS drift threat ssh.github.com: ['TRUTH_DNS_DOWN', 'TRUTH_STUB_DRIFT', 'TRUTH_SYSTEM_DRIFT']
2026-07-03T22:20:08Z VIOLATION DNS drift threat raw.githubusercontent.com: ['TRUTH_DNS_DOWN']
2026-07-03T22:20:14Z VIOLATION DNS drift threat github.com: ['TRUTH_DNS_DOWN', 'TRUTH_STUB_DRIFT', 'TRUTH_SYSTEM_DRIFT']
2026-07-03T22:20:15Z VIOLATION DNS drift threat github.com: ['TRUTH_DNS_DOWN', 'TRUTH_STUB_DRIFT', 'TRUTH_SYSTEM_DRIFT']
2026-07-03T22:20:17Z VIOLATION DNS drift threat api.github.com: ['TRUTH_DNS_DOWN', 'TRUTH_STUB_DRIFT', 'TRUTH_SYSTEM_DRIFT']
2026-07-03T22:20:21Z VIOLATION DNS drift threat api.github.com: ['TRUTH_DNS_DOWN', 'TRUTH_STUB_DRIFT', 'TRUTH_SYSTEM_DRIFT']
2026-07-03T22:20:21Z VIOLATION DNS drift threat ssh.github.com: ['TRUTH_DNS_DOWN', 'TRUTH_STUB_DRIFT', 'TRUTH_SYSTEM_DRIFT']
2026-07-03T22:20:21Z VIOLATION DNS drift threat github.com: ['TRUTH_DNS_DOWN', 'TRUTH_STUB_DRIFT', 'TRUTH_SYSTEM_DRIFT']
2026-07-03T22:20:22Z VIOLATION DNS drift threat api.github.com: ['TRUTH_DNS_DOWN', 'TRUTH_STUB_DRIFT', 'TRUTH_SYSTEM_DRIFT']
2026-07-03T22:20:23Z VIOLATION DNS drift threat github.com: ['TRUTH_DNS_DOWN', 'TRUTH_STUB_DRIFT', 'TRUTH_SYSTEM_DRIFT']
2026-07-03T22:20:24Z VIOLATION DNS drift threat github.com: ['TRUTH_DNS_DOWN']
2026-07-03T22:20:25Z VIOLATION DNS drift threat ssh.github.com: ['TRUTH_DNS_DOWN', 'TRUTH_STUB_DRIFT', 'TRUTH_SYSTEM_DRIFT']
2026-07-03T22:20:25Z VIOLATION DNS drift threat github.com: ['TRUTH_DNS_DOWN', 'TRUTH_STUB_DRIFT', 'TRUTH_SYSTEM_DRIFT']
2026-07-03T22:20:26Z VIOLATION DNS drift threat github.com: ['TRUTH_DNS_DOWN', 'TRUTH_STUB_DRIFT', 'TRUTH_SYSTEM_DRIFT']
2026-07-03T22:20:27Z VIOLATION DNS drift threat github.com: ['TRUTH_DNS_DOWN', 'TRUTH_STUB_DRIFT', 'TRUTH_SYSTEM_DRIFT']
2026-07-03T22:20:27Z VIOLATION DNS drift threat raw.githubusercontent.com: ['TRUTH_DNS_DOWN']
2026-07-03T22:20:28Z VIOLATION DNS drift threat api.github.com: ['TRUTH_DNS_DOWN', 'TRUTH_STUB_DRIFT', 'TRUTH_SYSTEM_DRIFT']
2026-07-03T22:20:28Z VIOLATION DNS drift threat github.com: ['TRUTH_DNS_DOWN', 'TRUTH_STUB_DRIFT', 'TRUTH_SYSTEM_DRIFT']
2026-07-03T22:20:29Z VIOLATION DNS drift threat api.github.com: ['TRUTH_DNS_DOWN', 'TRUTH_STUB_DRIFT', 'TRUTH_SYSTEM_DRIFT']
2026-07-03T22:20:29Z VIOLATION DNS drift threat api.github.com: ['TRUTH_DNS_DOWN', 'TRUTH_STUB_DRIFT', 'TRUTH_SYSTEM_DRIFT']
2026-07-03T22:20:30Z VIOLATION DNS drift threat api.github.com: ['TRUTH_DNS_DOWN']
2026-07-03T22:20:31Z VIOLATION DNS drift threat api.github.com: ['TRUTH_DNS_DOWN', 'TRUTH_STUB_DRIFT', 'TRUTH_SYSTEM_DRIFT']
2026-07-03T22:20:32Z VIOLATION DNS drift threat api.github.com: ['TRUTH_DNS_DOWN', 'TRUTH_STUB_DRIFT', 'TRUTH_SYSTEM_DRIFT']
2026-07-03T22:20:32Z VIOLATION DNS drift threat ssh.github.com: ['TRUTH_DNS_DOWN', 'TRUTH_SYSTEM_DRIFT']
2026-07-03T22:20:32Z VIOLATION DNS drift threat ssh.github.com: ['TRUTH_DNS_DOWN']
2026-07-03T22:20:48Z VIOLATION DNS drift threat github.com: ['TRUTH_DNS_DOWN', 'TRUTH_STUB_DRIFT', 'TRUTH_SYSTEM_DRIFT']
2026-07-03T22:20:48Z VIOLATION DNS drift threat github.com: ['TRUTH_DNS_DOWN']
2026-07-03T22:20:50Z VIOLATION DNS drift threat api.github.com: ['TRUTH_DNS_DOWN', 'TRUTH_STUB_DRIFT', 'TRUTH_SYSTEM_DRIFT']
2026-07-03T22:20:52Z VIOLATION DNS drift threat github.com: ['TRUTH_DNS_DOWN', 'TRUTH_STUB_DRIFT', 'TRUTH_SYSTEM_DRIFT']
2026-07-03T22:20:52Z VIOLATION DNS drift threat api.github.com: ['TRUTH_DNS_DOWN']
2026-07-03T22:20:53Z VIOLATION DNS drift threat github.com: ['TRUTH_DNS_DOWN', 'TRUTH_STUB_DRIFT', 'TRUTH_SYSTEM_DRIFT']
2026-07-03T22:20:53Z VIOLATION DNS drift threat ssh.github.com: ['TRUTH_DNS_DOWN', 'TRUTH_STUB_DRIFT', 'TRUTH_SYSTEM_DRIFT']
2026-07-03T22:20:54Z VIOLATION DNS drift threat api.github.com: ['TRUTH_DNS_DOWN', 'TRUTH_STUB_DRIFT', 'TRUTH_SYSTEM_DRIFT']
2026-07-03T22:20:55Z VIOLATION DNS drift threat api.github.com: ['TRUTH_DNS_DOWN']
2026-07-03T22:20:57Z VIOLATION DNS drift threat github.com: ['TRUTH_DNS_DOWN', 'TRUTH_STUB_DRIFT', 'TRUTH_SYSTEM_DRIFT']
2026-07-03T22:20:58Z VIOLATION DNS drift threat ssh.github.com: ['TRUTH_DNS_DOWN', 'TRUTH_STUB_DRIFT', 'TRUTH_SYSTEM_DRIFT']
2026-07-03T22:21:01Z VIOLATION DNS drift threat ssh.github.com: ['TRUTH_DNS_DOWN']
2026-07-03T22:21:01Z VIOLATION DNS drift threat github.com: ['TRUTH_DNS_DOWN', 'TRUTH_STUB_DRIFT', 'TRUTH_SYSTEM_DRIFT']
2026-07-03T22:21:02Z VIOLATION DNS drift threat api.github.com: ['TRUTH_DNS_DOWN', 'TRUTH_STUB_DRIFT', 'TRUTH_SYSTEM_DRIFT']
2026-07-03T22:21:03Z VIOLATION DNS drift threat github.com: ['TRUTH_DNS_DOWN', 'TRUTH_STUB_DRIFT', 'TRUTH_SYSTEM_DRIFT']
2026-07-03T22:21:05Z VIOLATION DNS drift threat api.github.com: ['TRUTH_DNS_DOWN', 'TRUTH_STUB_DRIFT', 'TRUTH_SYSTEM_DRIFT']
2026-07-03T22:21:07Z VIOLATION DNS drift threat github.com: ['TRUTH_DNS_DOWN', 'TRUTH_STUB_DRIFT', 'TRUTH_SYSTEM_DRIFT']
2026-07-03T22:21:08Z VIOLATION DNS drift threat api.github.com: ['TRUTH_DNS_DOWN']
2026-07-03T22:21:09Z VIOLATION DNS drift threat github.com: ['TRUTH_DNS_DOWN', 'TRUTH_STUB_DRIFT', 'TRUTH_SYSTEM_DRIFT']
2026-07-03T22:21:10Z VIOLATION DNS drift threat ssh.github.com: ['TRUTH_DNS_DOWN', 'TRUTH_STUB_DRIFT', 'TRUTH_SYSTEM_DRIFT']
2026-07-03T22:21:11Z VIOLATION DNS drift threat api.github.com: ['TRUTH_DNS_DOWN', 'TRUTH_STUB_DRIFT', 'TRUTH_SYSTEM_DRIFT']
2026-07-03T22:21:12Z VIOLATION DNS drift threat api.github.com: ['TRUTH_DNS_DOWN', 'TRUTH_STUB_DRIFT', 'TRUTH_SYSTEM_DRIFT']
2026-07-03T22:21:14Z VIOLATION DNS drift threat github.com: ['TRUTH_DNS_DOWN', 'TRUTH_STUB_DRIFT', 'TRUTH_SYSTEM_DRIFT']
2026-07-03T22:21:16Z VIOLATION DNS drift threat api.github.com: ['TRUTH_DNS_DOWN', 'TRUTH_STUB_DRIFT', 'TRUTH_SYSTEM_DRIFT']
2026-07-03T22:21:16Z VIOLATION DNS drift threat github.com: ['TRUTH_DNS_DOWN', 'TRUTH_STUB_DRIFT', 'TRUTH_SYSTEM_DRIFT']
2026-07-03T22:21:17Z VIOLATION DNS drift threat ssh.github.com: ['TRUTH_DNS_DOWN']
2026-07-03T22:21:18Z VIOLATION DNS drift threat github.com: ['TRUTH_DNS_DOWN', 'TRUTH_STUB_DRIFT', 'TRUTH_SYSTEM_DRIFT']
2026-07-03T22:21:18Z VIOLATION DNS drift threat api.github.com: ['TRUTH_DNS_DOWN', 'TRUTH_STUB_DRIFT', 'TRUTH_SYSTEM_DRIFT']
2026-07-03T22:21:19Z VIOLATION DNS drift threat ssh.github.com: ['TRUTH_DNS_DOWN']
2026-07-03T22:21:21Z VIOLATION DNS drift threat ssh.github.com: ['TRUTH_DNS_DOWN', 'TRUTH_STUB_DRIFT', 'TRUTH_SYSTEM_DRIFT']
2026-07-03T22:21:23Z VIOLATION DNS drift threat api.github.com: ['TRUTH_DNS_DOWN', 'TRUTH_STUB_DRIFT', 'TRUTH_SYSTEM_DRIFT']
2026-07-03T22:21:24Z VIOLATION DNS drift threat github.com: ['TRUTH_DNS_DOWN', 'TRUTH_STUB_DRIFT', 'TRUTH_SYSTEM_DRIFT']
2026-07-03T22:21:24Z VIOLATION DNS drift threat raw.githubusercontent.com: ['TRUTH_DNS_DOWN']
2026-07-03T22:21:24Z VIOLATION DNS drift threat ssh.github.com: ['TRUTH_DNS_DOWN', 'TRUTH_STUB_DRIFT', 'TRUTH_SYSTEM_DRIFT']
2026-07-03T22:21:26Z VIOLATION DNS drift threat github.com: ['TRUTH_DNS_DOWN', 'TRUTH_STUB_DRIFT', 'TRUTH_SYSTEM_DRIFT']
2026-07-03T22:21:26Z VIOLATION DNS drift threat raw.githubusercontent.com: ['TRUTH_DNS_DOWN']
2026-07-03T22:21:27Z VIOLATION DNS drift threat github.com: ['TRUTH_DNS_DOWN', 'TRUTH_STUB_DRIFT', 'TRUTH_SYSTEM_DRIFT']
2026-07-03T22:21:28Z VIOLATION DNS drift threat api.github.com: ['TRUTH_DNS_DOWN', 'TRUTH_STUB_DRIFT', 'TRUTH_SYSTEM_DRIFT']
2026-07-03T22:21:29Z VIOLATION DNS drift threat api.github.com: ['TRUTH_DNS_DOWN', 'TRUTH_STUB_DRIFT', 'TRUTH_SYSTEM_DRIFT']
2026-07-03T22:21:29Z VIOLATION DNS drift threat github.com: ['TRUTH_DNS_DOWN']
2026-07-03T22:21:31Z VIOLATION DNS drift threat api.github.com: ['TRUTH_DNS_DOWN', 'TRUTH_STUB_DRIFT', 'TRUTH_SYSTEM_DRIFT']
2026-07-03T22:21:31Z VIOLATION DNS drift threat github.com: ['TRUTH_DNS_DOWN', 'TRUTH_STUB_DRIFT', 'TRUTH_SYSTEM_DRIFT']
2026-07-03T22:21:32Z VIOLATION DNS drift threat ssh.github.com: ['TRUTH_DNS_DOWN', 'TRUTH_STUB_DRIFT', 'TRUTH_SYSTEM_DRIFT']
2026-07-03T22:21:33Z VIOLATION DNS drift threat ssh.github.com: ['TRUTH_DNS_DOWN', 'TRUTH_STUB_DRIFT', 'TRUTH_SYSTEM_DRIFT']
2026-07-03T22:21:34Z VIOLATION DNS drift threat api.github.com: ['TRUTH_DNS_DOWN', 'TRUTH_STUB_DRIFT', 'TRUTH_SYSTEM_DRIFT']
2026-07-03T22:21:34Z VIOLATION DNS drift threat api.github.com: ['TRUTH_DNS_DOWN', 'TRUTH_STUB_DRIFT', 'TRUTH_SYSTEM_DRIFT']
2026-07-03T22:21:37Z VIOLATION DNS drift threat ssh.github.com: ['TRUTH_DNS_DOWN', 'TRUTH_STUB_DRIFT', 'TRUTH_SYSTEM_DRIFT']
2026-07-03T22:21:39Z VIOLATION DNS drift threat github.com: ['TRUTH_DNS_DOWN']
2026-07-03T22:21:43Z VIOLATION DNS drift threat api.github.com: ['TRUTH_DNS_DOWN', 'TRUTH_STUB_DRIFT', 'TRUTH_SYSTEM_DRIFT']
2026-07-03T22:21:46Z VIOLATION DNS drift threat github.com: ['TRUTH_DNS_DOWN']
2026-07-03T22:21:46Z VIOLATION DNS drift threat ssh.github.com: ['TRUTH_DNS_DOWN', 'TRUTH_STUB_DRIFT', 'TRUTH_SYSTEM_DRIFT']
2026-07-03T22:21:48Z VIOLATION DNS drift threat github.com: ['TRUTH_DNS_DOWN', 'TRUTH_STUB_DRIFT', 'TRUTH_SYSTEM_DRIFT']
2026-07-03T22:21:49Z VIOLATION DNS drift threat api.github.com: ['TRUTH_DNS_DOWN', 'TRUTH_STUB_DRIFT', 'TRUTH_SYSTEM_DRIFT']
2026-07-03T22:21:51Z VIOLATION DNS drift threat api.github.com: ['TRUTH_DNS_DOWN', 'TRUTH_STUB_DRIFT', 'TRUTH_SYSTEM_DRIFT']
2026-07-03T22:21:51Z VIOLATION DNS drift threat ssh.github.com: ['TRUTH_DNS_DOWN', 'TRUTH_STUB_DRIFT', 'TRUTH_SYSTEM_DRIFT']
2026-07-03T22:21:54Z VIOLATION DNS drift threat github.com: ['TRUTH_DNS_DOWN', 'TRUTH_STUB_DRIFT']
2026-07-03T22:21:55Z VIOLATION DNS drift threat ssh.github.com: ['TRUTH_DNS_DOWN', 'TRUTH_STUB_DRIFT', 'TRUTH_SYSTEM_DRIFT']
2026-07-03T22:21:57Z VIOLATION DNS drift threat github.com: ['TRUTH_DNS_DOWN', 'TRUTH_STUB_DRIFT', 'TRUTH_SYSTEM_DRIFT']
2026-07-03T22:21:58Z VIOLATION DNS drift threat api.github.com: ['TRUTH_DNS_DOWN', 'TRUTH_STUB_DRIFT', 'TRUTH_SYSTEM_DRIFT']
2026-07-03T22:21:59Z VIOLATION DNS drift threat api.github.com: ['TRUTH_DNS_DOWN', 'TRUTH_STUB_DRIFT', 'TRUTH_SYSTEM_DRIFT']
2026-07-03T22:22:01Z VIOLATION DNS drift threat github.com: ['TRUTH_DNS_DOWN', 'TRUTH_STUB_DRIFT', 'TRUTH_SYSTEM_DRIFT']
2026-07-03T22:22:02Z VIOLATION DNS drift threat github.com: ['TRUTH_DNS_DOWN', 'TRUTH_STUB_DRIFT', 'TRUTH_SYSTEM_DRIFT']
2026-07-03T22:22:02Z VIOLATION DNS drift threat github.com: ['TRUTH_DNS_DOWN', 'TRUTH_STUB_DRIFT', 'TRUTH_SYSTEM_DRIFT']
2026-07-03T22:22:03Z VIOLATION DNS drift threat github.com: ['TRUTH_DNS_DOWN', 'TRUTH_STUB_DRIFT', 'TRUTH_SYSTEM_DRIFT']
2026-07-03T22:22:04Z VIOLATION DNS drift threat api.github.com: ['TRUTH_DNS_DOWN', 'TRUTH_STUB_DRIFT', 'TRUTH_SYSTEM_DRIFT']
2026-07-03T22:22:05Z VIOLATION DNS drift threat api.github.com: ['TRUTH_DNS_DOWN', 'TRUTH_STUB_DRIFT', 'TRUTH_SYSTEM_DRIFT']
2026-07-03T22:22:06Z VIOLATION DNS drift threat github.com: ['TRUTH_DNS_DOWN', 'TRUTH_STUB_DRIFT', 'TRUTH_SYSTEM_DRIFT']
2026-07-03T22:22:08Z VIOLATION DNS drift threat github.com: ['TRUTH_DNS_DOWN', 'TRUTH_STUB_DRIFT', 'TRUTH_SYSTEM_DRIFT']
2026-07-03T22:22:09Z VIOLATION DNS drift threat api.github.com: ['TRUTH_DNS_DOWN', 'TRUTH_STUB_DRIFT', 'TRUTH_SYSTEM_DRIFT']
2026-07-03T22:22:11Z VIOLATION DNS drift threat ssh.github.com: ['TRUTH_DNS_DOWN', 'TRUTH_STUB_DRIFT', 'TRUTH_SYSTEM_DRIFT']
2026-07-03T22:22:20Z VIOLATION DNS drift threat github.com: ['TRUTH_DNS_DOWN', 'TRUTH_STUB_DRIFT', 'TRUTH_SYSTEM_DRIFT']
2026-07-03T22:22:22Z VIOLATION DNS drift threat api.github.com: ['TRUTH_DNS_DOWN', 'TRUTH_STUB_DRIFT', 'TRUTH_SYSTEM_DRIFT']
2026-07-03T22:22:23Z VIOLATION DNS drift threat github.com: ['TRUTH_DNS_DOWN', 'TRUTH_STUB_DRIFT', 'TRUTH_SYSTEM_DRIFT']
2026-07-03T22:22:23Z VIOLATION DNS drift threat ssh.github.com: ['TRUTH_DNS_DOWN', 'TRUTH_STUB_DRIFT', 'TRUTH_SYSTEM_DRIFT']
2026-07-03T22:22:25Z VIOLATION DNS drift threat api.github.com: ['TRUTH_DNS_DOWN', 'TRUTH_STUB_DRIFT', 'TRUTH_SYSTEM_DRIFT']
2026-07-03T22:22:26Z VIOLATION DNS drift threat raw.githubusercontent.com: ['TRUTH_DNS_DOWN']
2026-07-03T22:22:28Z VIOLATION DNS drift threat ssh.github.com: ['TRUTH_DNS_DOWN', 'TRUTH_STUB_DRIFT', 'TRUTH_SYSTEM_DRIFT']
2026-07-03T22:22:39Z VIOLATION DNS drift threat github.com: ['TRUTH_DNS_DOWN', 'TRUTH_STUB_DRIFT', 'TRUTH_SYSTEM_DRIFT']
2026-07-03T22:22:39Z VIOLATION DNS drift threat github.com: ['TRUTH_DNS_DOWN', 'TRUTH_STUB_DRIFT', 'TRUTH_SYSTEM_DRIFT']
2026-07-03T22:22:41Z VIOLATION DNS drift threat github.com: ['TRUTH_DNS_DOWN']
2026-07-03T22:22:41Z VIOLATION DNS drift threat api.github.com: ['TRUTH_DNS_DOWN', 'TRUTH_STUB_DRIFT', 'TRUTH_SYSTEM_DRIFT']
2026-07-03T22:22:41Z VIOLATION DNS drift threat github.com: ['TRUTH_DNS_DOWN', 'TRUTH_STUB_DRIFT', 'TRUTH_SYSTEM_DRIFT']
2026-07-03T22:22:42Z VIOLATION DNS drift threat github.com: ['TRUTH_DNS_DOWN', 'TRUTH_STUB_DRIFT', 'TRUTH_SYSTEM_DRIFT']
2026-07-03T22:22:43Z VIOLATION DNS drift threat api.github.com: ['TRUTH_DNS_DOWN', 'TRUTH_STUB_DRIFT', 'TRUTH_SYSTEM_DRIFT']
2026-07-03T22:22:45Z VIOLATION DNS drift threat api.github.com: ['TRUTH_DNS_DOWN', 'TRUTH_STUB_DRIFT', 'TRUTH_SYSTEM_DRIFT']
2026-07-03T22:22:45Z VIOLATION DNS drift threat api.github.com: ['TRUTH_DNS_DOWN', 'TRUTH_STUB_DRIFT', 'TRUTH_SYSTEM_DRIFT']
2026-07-03T22:22:45Z VIOLATION DNS drift threat ssh.github.com: ['TRUTH_DNS_DOWN']
2026-07-03T22:22:46Z VIOLATION DNS drift threat api.github.com: ['TRUTH_DNS_DOWN', 'TRUTH_STUB_DRIFT', 'TRUTH_SYSTEM_DRIFT']
2026-07-03T22:22:47Z VIOLATION DNS drift threat ssh.github.com: ['TRUTH_DNS_DOWN', 'TRUTH_STUB_DRIFT', 'TRUTH_SYSTEM_DRIFT']
2026-07-03T22:22:48Z VIOLATION DNS drift threat github.com: ['TRUTH_DNS_DOWN', 'TRUTH_STUB_DRIFT', 'TRUTH_SYSTEM_DRIFT']
2026-07-03T22:22:48Z VIOLATION DNS drift threat ssh.github.com: ['TRUTH_DNS_DOWN', 'TRUTH_STUB_DRIFT', 'TRUTH_SYSTEM_DRIFT']
2026-07-03T22:22:49Z VIOLATION DNS drift threat github.com: ['TRUTH_DNS_DOWN', 'TRUTH_STUB_DRIFT', 'TRUTH_SYSTEM_DRIFT']
2026-07-03T22:22:50Z VIOLATION DNS drift threat ssh.github.com: ['TRUTH_DNS_DOWN', 'TRUTH_STUB_DRIFT', 'TRUTH_SYSTEM_DRIFT']
2026-07-03T22:22:50Z VIOLATION DNS drift threat api.github.com: ['TRUTH_DNS_DOWN', 'TRUTH_STUB_DRIFT', 'TRUTH_SYSTEM_DRIFT']
2026-07-03T22:22:52Z VIOLATION DNS drift threat github.com: ['TRUTH_DNS_DOWN', 'TRUTH_STUB_DRIFT', 'TRUTH_SYSTEM_DRIFT']
2026-07-03T22:22:52Z VIOLATION DNS drift threat ssh.github.com: ['TRUTH_DNS_DOWN', 'TRUTH_STUB_DRIFT', 'TRUTH_SYSTEM_DRIFT']
2026-07-03T22:22:53Z VIOLATION DNS drift threat api.github.com: ['TRUTH_DNS_DOWN', 'TRUTH_STUB_DRIFT', 'TRUTH_SYSTEM_DRIFT']
2026-07-03T22:22:54Z VIOLATION DNS drift threat github.com: ['TRUTH_DNS_DOWN', 'TRUTH_STUB_DRIFT', 'TRUTH_SYSTEM_DRIFT']
2026-07-03T22:22:55Z VIOLATION DNS drift threat api.github.com: ['TRUTH_DNS_DOWN', 'TRUTH_STUB_DRIFT', 'TRUTH_SYSTEM_DRIFT']
2026-07-03T22:22:55Z VIOLATION DNS drift threat github.com: ['TRUTH_DNS_DOWN', 'TRUTH_STUB_DRIFT', 'TRUTH_SYSTEM_DRIFT']
2026-07-03T22:22:56Z VIOLATION DNS drift threat github.com: ['TRUTH_DNS_DOWN', 'TRUTH_STUB_DRIFT', 'TRUTH_SYSTEM_DRIFT']
2026-07-03T22:22:56Z VIOLATION DNS drift threat raw.githubusercontent.com: ['TRUTH_DNS_DOWN']
2026-07-03T22:22:57Z VIOLATION DNS drift threat api.github.com: ['TRUTH_DNS_DOWN', 'TRUTH_STUB_DRIFT', 'TRUTH_SYSTEM_DRIFT']
2026-07-03T22:22:58Z VIOLATION DNS drift threat api.github.com: ['TRUTH_DNS_DOWN', 'TRUTH_STUB_DRIFT', 'TRUTH_SYSTEM_DRIFT']
2026-07-03T22:22:58Z VIOLATION DNS drift threat api.github.com: ['TRUTH_DNS_DOWN', 'TRUTH_STUB_DRIFT', 'TRUTH_SYSTEM_DRIFT']
2026-07-03T22:22:58Z VIOLATION DNS drift threat github.com: ['TRUTH_DNS_DOWN', 'TRUTH_STUB_DRIFT', 'TRUTH_SYSTEM_DRIFT']
2026-07-03T22:22:59Z VIOLATION DNS drift threat ssh.github.com: ['TRUTH_DNS_DOWN', 'TRUTH_STUB_DRIFT', 'TRUTH_SYSTEM_DRIFT']
2026-07-03T22:23:00Z VIOLATION DNS drift threat ssh.github.com: ['TRUTH_DNS_DOWN', 'TRUTH_STUB_DRIFT', 'TRUTH_SYSTEM_DRIFT']
2026-07-03T22:23:00Z VIOLATION DNS drift threat ssh.github.com: ['TRUTH_DNS_DOWN', 'TRUTH_STUB_DRIFT', 'TRUTH_SYSTEM_DRIFT']
2026-07-03T22:23:01Z VIOLATION DNS drift threat raw.githubusercontent.com: ['TRUTH_DNS_DOWN']
2026-07-03T22:23:02Z VIOLATION DNS drift threat raw.githubusercontent.com: ['TRUTH_DNS_DOWN']
2026-07-03T22:23:02Z VIOLATION DNS drift threat api.github.com: ['TRUTH_DNS_DOWN', 'TRUTH_STUB_DRIFT', 'TRUTH_SYSTEM_DRIFT']
2026-07-03T22:23:05Z VIOLATION DNS drift threat ssh.github.com: ['TRUTH_DNS_DOWN', 'TRUTH_STUB_DRIFT', 'TRUTH_SYSTEM_DRIFT']
2026-07-03T22:23:10Z VIOLATION DNS drift threat github.com: ['TRUTH_DNS_DOWN']
2026-07-03T22:23:12Z VIOLATION DNS drift threat github.com: ['TRUTH_DNS_DOWN', 'TRUTH_STUB_DRIFT', 'TRUTH_SYSTEM_DRIFT']
2026-07-03T22:23:13Z VIOLATION DNS drift threat api.github.com: ['TRUTH_DNS_DOWN', 'TRUTH_STUB_DRIFT', 'TRUTH_SYSTEM_DRIFT']
2026-07-03T22:23:15Z VIOLATION DNS drift threat api.github.com: ['TRUTH_DNS_DOWN', 'TRUTH_STUB_DRIFT', 'TRUTH_SYSTEM_DRIFT']
2026-07-03T22:23:17Z VIOLATION DNS drift threat ssh.github.com: ['TRUTH_DNS_DOWN', 'TRUTH_STUB_DRIFT', 'TRUTH_SYSTEM_DRIFT']
2026-07-03T22:23:18Z VIOLATION DNS drift threat github.com: ['TRUTH_DNS_DOWN', 'TRUTH_STUB_DRIFT', 'TRUTH_SYSTEM_DRIFT']
2026-07-03T22:23:20Z VIOLATION DNS drift threat github.com: ['TRUTH_DNS_DOWN']
2026-07-03T22:23:20Z VIOLATION DNS drift threat ssh.github.com: ['TRUTH_DNS_DOWN', 'TRUTH_STUB_DRIFT', 'TRUTH_SYSTEM_DRIFT']
2026-07-03T22:23:23Z VIOLATION DNS drift threat api.github.com: ['TRUTH_DNS_DOWN', 'TRUTH_STUB_DRIFT', 'TRUTH_SYSTEM_DRIFT']
2026-07-03T22:23:23Z VIOLATION DNS drift threat api.github.com: ['TRUTH_DNS_DOWN', 'TRUTH_STUB_DRIFT', 'TRUTH_SYSTEM_DRIFT']
2026-07-03T22:23:23Z VIOLATION DNS drift threat github.com: ['TRUTH_DNS_DOWN']
2026-07-03T22:23:26Z VIOLATION DNS drift threat github.com: ['TRUTH_DNS_DOWN', 'TRUTH_STUB_DRIFT', 'TRUTH_SYSTEM_DRIFT']
2026-07-03T22:23:27Z VIOLATION DNS drift threat github.com: ['TRUTH_DNS_DOWN']
2026-07-03T22:23:29Z VIOLATION DNS drift threat api.github.com: ['TRUTH_DNS_DOWN', 'TRUTH_STUB_DRIFT', 'TRUTH_SYSTEM_DRIFT']
2026-07-03T22:23:31Z VIOLATION DNS drift threat api.github.com: ['TRUTH_DNS_DOWN', 'TRUTH_STUB_DRIFT', 'TRUTH_SYSTEM_DRIFT']
2026-07-03T22:23:31Z VIOLATION DNS drift threat github.com: ['TRUTH_DNS_DOWN', 'TRUTH_STUB_DRIFT', 'TRUTH_SYSTEM_DRIFT']
2026-07-03T22:23:31Z VIOLATION DNS drift threat ssh.github.com: ['TRUTH_DNS_DOWN', 'TRUTH_STUB_DRIFT', 'TRUTH_SYSTEM_DRIFT']
2026-07-03T22:23:33Z VIOLATION DNS drift threat ssh.github.com: ['TRUTH_DNS_DOWN', 'TRUTH_STUB_DRIFT', 'TRUTH_SYSTEM_DRIFT']
2026-07-03T22:23:35Z VIOLATION DNS drift threat api.github.com: ['TRUTH_DNS_DOWN', 'TRUTH_STUB_DRIFT', 'TRUTH_SYSTEM_DRIFT']
2026-07-03T22:23:38Z VIOLATION DNS drift threat ssh.github.com: ['TRUTH_DNS_DOWN', 'TRUTH_STUB_DRIFT', 'TRUTH_SYSTEM_DRIFT']
2026-07-03T22:23:39Z VIOLATION DNS drift threat github.com: ['TRUTH_DNS_DOWN', 'TRUTH_STUB_DRIFT', 'TRUTH_SYSTEM_DRIFT']
2026-07-03T22:23:39Z VIOLATION DNS drift threat github.com: ['TRUTH_DNS_DOWN', 'TRUTH_STUB_DRIFT', 'TRUTH_SYSTEM_DRIFT']
2026-07-03T22:23:41Z VIOLATION DNS drift threat github.com: ['TRUTH_DNS_DOWN']
2026-07-03T22:23:41Z VIOLATION DNS drift threat api.github.com: ['TRUTH_DNS_DOWN', 'TRUTH_STUB_DRIFT', 'TRUTH_SYSTEM_DRIFT']
2026-07-03T22:23:42Z VIOLATION DNS drift threat ssh.github.com: ['TRUTH_DNS_DOWN']
2026-07-03T22:23:43Z VIOLATION DNS drift threat api.github.com: ['TRUTH_DNS_DOWN', 'TRUTH_STUB_DRIFT', 'TRUTH_SYSTEM_DRIFT']
2026-07-03T22:23:45Z VIOLATION DNS drift threat ssh.github.com: ['TRUTH_DNS_DOWN', 'TRUTH_STUB_DRIFT', 'TRUTH_SYSTEM_DRIFT']
2026-07-03T22:23:47Z VIOLATION DNS drift threat raw.githubusercontent.com: ['TRUTH_DNS_DOWN']
2026-07-03T22:23:53Z VIOLATION DNS drift threat github.com: ['TRUTH_DNS_DOWN', 'TRUTH_STUB_DRIFT', 'TRUTH_SYSTEM_DRIFT']
2026-07-03T22:23:53Z VIOLATION DNS drift threat github.com: ['TRUTH_DNS_DOWN', 'TRUTH_STUB_DRIFT', 'TRUTH_SYSTEM_DRIFT']
2026-07-03T22:23:54Z VIOLATION DNS drift threat github.com: ['TRUTH_DNS_DOWN', 'TRUTH_STUB_DRIFT', 'TRUTH_SYSTEM_DRIFT']
2026-07-03T22:23:56Z VIOLATION DNS drift threat github.com: ['TRUTH_DNS_DOWN', 'TRUTH_STUB_DRIFT', 'TRUTH_SYSTEM_DRIFT']
2026-07-03T22:23:56Z VIOLATION DNS drift threat api.github.com: ['TRUTH_DNS_DOWN', 'TRUTH_STUB_DRIFT', 'TRUTH_SYSTEM_DRIFT']
2026-07-03T22:23:57Z VIOLATION DNS drift threat api.github.com: ['TRUTH_DNS_DOWN', 'TRUTH_STUB_DRIFT', 'TRUTH_SYSTEM_DRIFT']
2026-07-03T22:23:57Z VIOLATION DNS drift threat api.github.com: ['TRUTH_DNS_DOWN', 'TRUTH_STUB_DRIFT', 'TRUTH_SYSTEM_DRIFT']
2026-07-03T22:23:58Z VIOLATION DNS drift threat api.github.com: ['TRUTH_DNS_DOWN']
2026-07-03T22:23:58Z VIOLATION DNS drift threat ssh.github.com: ['TRUTH_DNS_DOWN', 'TRUTH_STUB_DRIFT', 'TRUTH_SYSTEM_DRIFT']
2026-07-03T22:23:59Z VIOLATION DNS drift threat ssh.github.com: ['TRUTH_DNS_DOWN', 'TRUTH_STUB_DRIFT', 'TRUTH_SYSTEM_DRIFT']
2026-07-03T22:24:00Z VIOLATION DNS drift threat ssh.github.com: ['TRUTH_DNS_DOWN', 'TRUTH_STUB_DRIFT', 'TRUTH_SYSTEM_DRIFT']
2026-07-03T22:24:01Z VIOLATION DNS drift threat raw.githubusercontent.com: ['TRUTH_DNS_DOWN']
2026-07-03T22:24:01Z VIOLATION DNS drift threat ssh.github.com: ['TRUTH_DNS_DOWN', 'TRUTH_STUB_DRIFT', 'TRUTH_SYSTEM_DRIFT']
2026-07-03T22:24:02Z VIOLATION DNS drift threat raw.githubusercontent.com: ['TRUTH_DNS_DOWN']
2026-07-03T22:24:03Z VIOLATION DNS drift threat raw.githubusercontent.com: ['TRUTH_DNS_DOWN']
2026-07-03T22:24:04Z VIOLATION DNS drift threat github.com: ['TRUTH_DNS_DOWN', 'TRUTH_STUB_DRIFT', 'TRUTH_SYSTEM_DRIFT']
2026-07-03T22:24:07Z VIOLATION DNS drift threat api.github.com: ['TRUTH_DNS_DOWN', 'TRUTH_STUB_DRIFT', 'TRUTH_SYSTEM_DRIFT']
2026-07-03T22:24:08Z VIOLATION DNS drift threat github.com: ['TRUTH_DNS_DOWN', 'TRUTH_STUB_DRIFT', 'TRUTH_SYSTEM_DRIFT']
2026-07-03T22:24:08Z VIOLATION DNS drift threat github.com: ['TRUTH_DNS_DOWN', 'TRUTH_STUB_DRIFT', 'TRUTH_SYSTEM_DRIFT']
2026-07-03T22:24:09Z VIOLATION DNS drift threat github.com: ['TRUTH_DNS_DOWN', 'TRUTH_STUB_DRIFT', 'TRUTH_SYSTEM_DRIFT']
2026-07-03T22:24:10Z VIOLATION DNS drift threat ssh.github.com: ['TRUTH_DNS_DOWN', 'TRUTH_STUB_DRIFT', 'TRUTH_SYSTEM_DRIFT']
2026-07-03T22:24:10Z VIOLATION DNS drift threat api.github.com: ['TRUTH_DNS_DOWN']
2026-07-03T22:24:10Z VIOLATION DNS drift threat api.github.com: ['TRUTH_DNS_DOWN', 'TRUTH_STUB_DRIFT', 'TRUTH_SYSTEM_DRIFT']
2026-07-03T22:24:12Z VIOLATION DNS drift threat api.github.com: ['TRUTH_DNS_DOWN', 'TRUTH_STUB_DRIFT', 'TRUTH_SYSTEM_DRIFT']
2026-07-03T22:24:13Z VIOLATION DNS drift threat ssh.github.com: ['TRUTH_DNS_DOWN', 'TRUTH_STUB_DRIFT', 'TRUTH_SYSTEM_DRIFT']
2026-07-03T22:24:13Z VIOLATION DNS drift threat ssh.github.com: ['TRUTH_DNS_DOWN']
2026-07-03T22:24:14Z VIOLATION DNS drift threat ssh.github.com: ['TRUTH_DNS_DOWN', 'TRUTH_STUB_DRIFT', 'TRUTH_SYSTEM_DRIFT']
2026-07-03T22:24:14Z VIOLATION DNS drift threat github.com: ['TRUTH_DNS_DOWN']
2026-07-03T22:24:16Z VIOLATION DNS drift threat raw.githubusercontent.com: ['TRUTH_DNS_DOWN']
2026-07-03T22:24:16Z VIOLATION DNS drift threat github.com: ['TRUTH_DNS_DOWN', 'TRUTH_STUB_DRIFT', 'TRUTH_SYSTEM_DRIFT']
2026-07-03T22:24:16Z VIOLATION DNS drift threat github.com: ['TRUTH_DNS_DOWN', 'TRUTH_STUB_DRIFT', 'TRUTH_SYSTEM_DRIFT']
2026-07-03T22:24:16Z VIOLATION DNS drift threat raw.githubusercontent.com: ['TRUTH_DNS_DOWN']
2026-07-03T22:24:17Z VIOLATION DNS drift threat api.github.com: ['TRUTH_DNS_DOWN', 'TRUTH_STUB_DRIFT', 'TRUTH_SYSTEM_DRIFT']
2026-07-03T22:24:18Z VIOLATION DNS drift threat api.github.com: ['TRUTH_DNS_DOWN', 'TRUTH_STUB_DRIFT', 'TRUTH_SYSTEM_DRIFT']
2026-07-03T22:24:19Z VIOLATION DNS drift threat api.github.com: ['TRUTH_DNS_DOWN', 'TRUTH_STUB_DRIFT', 'TRUTH_SYSTEM_DRIFT']
2026-07-03T22:24:21Z VIOLATION DNS drift threat ssh.github.com: ['TRUTH_DNS_DOWN', 'TRUTH_STUB_DRIFT', 'TRUTH_SYSTEM_DRIFT']
2026-07-03T22:24:22Z VIOLATION DNS drift threat ssh.github.com: ['TRUTH_DNS_DOWN', 'TRUTH_STUB_DRIFT', 'TRUTH_SYSTEM_DRIFT']
2026-07-03T22:24:23Z VIOLATION DNS drift threat ssh.github.com: ['TRUTH_DNS_DOWN', 'TRUTH_STUB_DRIFT', 'TRUTH_SYSTEM_DRIFT']
2026-07-03T22:24:24Z VIOLATION DNS drift threat github.com: ['TRUTH_DNS_DOWN', 'TRUTH_STUB_DRIFT', 'TRUTH_SYSTEM_DRIFT']
2026-07-03T22:24:27Z VIOLATION DNS drift threat api.github.com: ['TRUTH_DNS_DOWN', 'TRUTH_STUB_DRIFT', 'TRUTH_SYSTEM_DRIFT']
2026-07-03T22:24:29Z VIOLATION DNS drift threat ssh.github.com: ['TRUTH_DNS_DOWN', 'TRUTH_STUB_DRIFT', 'TRUTH_SYSTEM_DRIFT']
2026-07-03T22:24:29Z VIOLATION DNS drift threat github.com: ['TRUTH_DNS_DOWN', 'TRUTH_STUB_DRIFT', 'TRUTH_SYSTEM_DRIFT']
2026-07-03T22:24:29Z VIOLATION DNS drift threat github.com: ['TRUTH_DNS_DOWN', 'TRUTH_STUB_DRIFT', 'TRUTH_SYSTEM_DRIFT']
2026-07-03T22:24:31Z VIOLATION DNS drift threat raw.githubusercontent.com: ['TRUTH_DNS_DOWN']
2026-07-03T22:24:32Z VIOLATION DNS drift threat api.github.com: ['TRUTH_DNS_DOWN', 'TRUTH_STUB_DRIFT', 'TRUTH_SYSTEM_DRIFT']
2026-07-03T22:24:32Z VIOLATION DNS drift threat api.github.com: ['TRUTH_DNS_DOWN', 'TRUTH_STUB_DRIFT', 'TRUTH_SYSTEM_DRIFT']
2026-07-03T22:24:33Z VIOLATION DNS drift threat github.com: ['TRUTH_DNS_DOWN', 'TRUTH_STUB_DRIFT', 'TRUTH_SYSTEM_DRIFT']
2026-07-03T22:24:34Z VIOLATION DNS drift threat ssh.github.com: ['TRUTH_DNS_DOWN', 'TRUTH_STUB_DRIFT', 'TRUTH_SYSTEM_DRIFT']
2026-07-03T22:24:35Z VIOLATION DNS drift threat ssh.github.com: ['TRUTH_DNS_DOWN']
2026-07-03T22:24:36Z VIOLATION DNS drift threat api.github.com: ['TRUTH_DNS_DOWN', 'TRUTH_STUB_DRIFT', 'TRUTH_SYSTEM_DRIFT']
2026-07-03T22:24:37Z VIOLATION DNS drift threat raw.githubusercontent.com: ['TRUTH_DNS_DOWN']
2026-07-03T22:24:38Z VIOLATION DNS drift threat ssh.github.com: ['TRUTH_DNS_DOWN', 'TRUTH_STUB_DRIFT', 'TRUTH_SYSTEM_DRIFT']
2026-07-03T22:24:45Z VIOLATION DNS drift threat github.com: ['TRUTH_DNS_DOWN', 'TRUTH_STUB_DRIFT', 'TRUTH_SYSTEM_DRIFT']
2026-07-03T22:24:48Z VIOLATION DNS drift threat api.github.com: ['TRUTH_DNS_DOWN', 'TRUTH_STUB_DRIFT', 'TRUTH_SYSTEM_DRIFT']
2026-07-03T22:24:49Z VIOLATION DNS drift threat github.com: ['TRUTH_DNS_DOWN', 'TRUTH_STUB_DRIFT', 'TRUTH_SYSTEM_DRIFT']
2026-07-03T22:24:50Z VIOLATION DNS drift threat github.com: ['TRUTH_DNS_DOWN', 'TRUTH_STUB_DRIFT', 'TRUTH_SYSTEM_DRIFT']
2026-07-03T22:24:51Z VIOLATION DNS drift threat github.com: ['TRUTH_DNS_DOWN', 'TRUTH_STUB_DRIFT', 'TRUTH_SYSTEM_DRIFT']
2026-07-03T22:24:51Z VIOLATION DNS drift threat ssh.github.com: ['TRUTH_DNS_DOWN', 'TRUTH_STUB_DRIFT', 'TRUTH_SYSTEM_DRIFT']
2026-07-03T22:24:52Z VIOLATION DNS drift threat api.github.com: ['TRUTH_DNS_DOWN', 'TRUTH_STUB_DRIFT', 'TRUTH_SYSTEM_DRIFT']
2026-07-03T22:24:53Z VIOLATION DNS drift threat github.com: ['TRUTH_DNS_DOWN', 'TRUTH_STUB_DRIFT', 'TRUTH_SYSTEM_DRIFT']
2026-07-03T22:24:53Z VIOLATION DNS drift threat api.github.com: ['TRUTH_DNS_DOWN', 'TRUTH_STUB_DRIFT', 'TRUTH_SYSTEM_DRIFT']
2026-07-03T22:24:54Z VIOLATION DNS drift threat github.com: ['TRUTH_DNS_DOWN', 'TRUTH_STUB_DRIFT', 'TRUTH_SYSTEM_DRIFT']
2026-07-03T22:24:54Z VIOLATION DNS drift threat api.github.com: ['TRUTH_DNS_DOWN', 'TRUTH_STUB_DRIFT', 'TRUTH_SYSTEM_DRIFT']
2026-07-03T22:24:54Z VIOLATION DNS drift threat ssh.github.com: ['TRUTH_DNS_DOWN']
2026-07-03T22:24:55Z VIOLATION DNS drift threat github.com: ['TRUTH_DNS_DOWN', 'TRUTH_STUB_DRIFT', 'TRUTH_SYSTEM_DRIFT']
2026-07-03T22:24:56Z VIOLATION DNS drift threat ssh.github.com: ['TRUTH_DNS_DOWN', 'TRUTH_STUB_DRIFT', 'TRUTH_SYSTEM_DRIFT']
2026-07-03T22:24:58Z VIOLATION DNS drift threat api.github.com: ['TRUTH_DNS_DOWN', 'TRUTH_STUB_DRIFT', 'TRUTH_SYSTEM_DRIFT']
2026-07-03T22:24:59Z VIOLATION DNS drift threat raw.githubusercontent.com: ['TRUTH_DNS_DOWN']
2026-07-03T22:25:00Z VIOLATION DNS drift threat api.github.com: ['TRUTH_DNS_DOWN', 'TRUTH_STUB_DRIFT', 'TRUTH_SYSTEM_DRIFT']
2026-07-03T22:25:01Z VIOLATION DNS drift threat api.github.com: ['TRUTH_DNS_DOWN', 'TRUTH_STUB_DRIFT', 'TRUTH_SYSTEM_DRIFT']
2026-07-03T22:25:05Z VIOLATION DNS drift threat github.com: ['TRUTH_DNS_DOWN', 'TRUTH_STUB_DRIFT', 'TRUTH_SYSTEM_DRIFT']
2026-07-03T22:25:06Z VIOLATION DNS drift threat api.github.com: ['TRUTH_DNS_DOWN', 'TRUTH_STUB_DRIFT', 'TRUTH_SYSTEM_DRIFT']
2026-07-03T22:25:18Z VIOLATION DNS drift threat github.com: ['TRUTH_DNS_DOWN', 'TRUTH_STUB_DRIFT', 'TRUTH_SYSTEM_DRIFT']
2026-07-03T22:25:20Z VIOLATION DNS drift threat api.github.com: ['TRUTH_DNS_DOWN', 'TRUTH_STUB_DRIFT', 'TRUTH_SYSTEM_DRIFT']
2026-07-03T22:25:20Z VIOLATION DNS drift threat github.com: ['TRUTH_DNS_DOWN']
2026-07-03T22:25:21Z VIOLATION DNS drift threat ssh.github.com: ['TRUTH_DNS_DOWN', 'TRUTH_STUB_DRIFT', 'TRUTH_SYSTEM_DRIFT']
2026-07-03T22:25:22Z VIOLATION DNS drift threat api.github.com: ['TRUTH_DNS_DOWN', 'TRUTH_STUB_DRIFT', 'TRUTH_SYSTEM_DRIFT']
2026-07-03T22:25:23Z VIOLATION DNS drift threat raw.githubusercontent.com: ['TRUTH_DNS_DOWN']
2026-07-03T22:25:25Z VIOLATION DNS drift threat github.com: ['TRUTH_DNS_DOWN', 'TRUTH_STUB_DRIFT', 'TRUTH_SYSTEM_DRIFT']
2026-07-03T22:25:27Z VIOLATION DNS drift threat github.com: ['TRUTH_DNS_DOWN', 'TRUTH_STUB_DRIFT', 'TRUTH_SYSTEM_DRIFT']
2026-07-03T22:25:27Z VIOLATION DNS drift threat api.github.com: ['TRUTH_DNS_DOWN', 'TRUTH_STUB_DRIFT', 'TRUTH_SYSTEM_DRIFT']
2026-07-03T22:25:28Z VIOLATION DNS drift threat ssh.github.com: ['TRUTH_DNS_DOWN', 'TRUTH_STUB_DRIFT', 'TRUTH_SYSTEM_DRIFT']
2026-07-03T22:25:29Z VIOLATION DNS drift threat api.github.com: ['TRUTH_DNS_DOWN', 'TRUTH_STUB_DRIFT', 'TRUTH_SYSTEM_DRIFT']
2026-07-03T22:25:31Z VIOLATION DNS drift threat github.com: ['TRUTH_DNS_DOWN', 'TRUTH_STUB_DRIFT', 'TRUTH_SYSTEM_DRIFT']
2026-07-03T22:25:32Z VIOLATION DNS drift threat github.com: ['TRUTH_DNS_DOWN', 'TRUTH_STUB_DRIFT', 'TRUTH_SYSTEM_DRIFT']
2026-07-03T22:25:33Z VIOLATION DNS drift threat ssh.github.com: ['TRUTH_DNS_DOWN', 'TRUTH_STUB_DRIFT', 'TRUTH_SYSTEM_DRIFT']
2026-07-03T22:25:33Z VIOLATION DNS drift threat raw.githubusercontent.com: ['TRUTH_DNS_DOWN']
2026-07-03T22:25:34Z VIOLATION DNS drift threat api.github.com: ['TRUTH_DNS_DOWN', 'TRUTH_STUB_DRIFT', 'TRUTH_SYSTEM_DRIFT']
2026-07-03T22:25:34Z VIOLATION DNS drift threat api.github.com: ['TRUTH_DNS_DOWN']
2026-07-03T22:25:35Z VIOLATION DNS drift threat github.com: ['TRUTH_DNS_DOWN']
2026-07-03T22:25:36Z VIOLATION DNS drift threat github.com: ['TRUTH_DNS_DOWN', 'TRUTH_STUB_DRIFT', 'TRUTH_SYSTEM_DRIFT']
2026-07-03T22:25:36Z VIOLATION DNS drift threat ssh.github.com: ['TRUTH_DNS_DOWN', 'TRUTH_STUB_DRIFT', 'TRUTH_SYSTEM_DRIFT']
2026-07-03T22:25:37Z VIOLATION DNS drift threat ssh.github.com: ['TRUTH_DNS_DOWN', 'TRUTH_STUB_DRIFT', 'TRUTH_SYSTEM_DRIFT']
2026-07-03T22:25:37Z VIOLATION DNS drift threat api.github.com: ['TRUTH_DNS_DOWN', 'TRUTH_STUB_DRIFT', 'TRUTH_SYSTEM_DRIFT']
2026-07-03T22:25:39Z VIOLATION DNS drift threat raw.githubusercontent.com: ['TRUTH_DNS_DOWN']
2026-07-03T22:25:40Z VIOLATION DNS drift threat api.github.com: ['TRUTH_DNS_DOWN', 'TRUTH_STUB_DRIFT', 'TRUTH_SYSTEM_DRIFT']
2026-07-03T22:25:40Z VIOLATION DNS drift threat raw.githubusercontent.com: ['TRUTH_DNS_DOWN']
2026-07-03T22:25:41Z VIOLATION DNS drift threat ssh.github.com: ['TRUTH_DNS_DOWN', 'TRUTH_STUB_DRIFT', 'TRUTH_SYSTEM_DRIFT']
2026-07-03T22:25:42Z VIOLATION DNS drift threat ssh.github.com: ['TRUTH_DNS_DOWN', 'TRUTH_STUB_DRIFT', 'TRUTH_SYSTEM_DRIFT']
2026-07-03T22:25:43Z VIOLATION DNS drift threat github.com: ['TRUTH_DNS_DOWN', 'TRUTH_STUB_DRIFT', 'TRUTH_SYSTEM_DRIFT']
2026-07-03T22:25:43Z VIOLATION DNS drift threat raw.githubusercontent.com: ['TRUTH_DNS_DOWN']
2026-07-03T22:25:46Z VIOLATION DNS drift threat github.com: ['TRUTH_DNS_DOWN', 'TRUTH_STUB_DRIFT', 'TRUTH_SYSTEM_DRIFT']
2026-07-03T22:25:46Z VIOLATION DNS drift threat api.github.com: ['TRUTH_DNS_DOWN', 'TRUTH_STUB_DRIFT', 'TRUTH_SYSTEM_DRIFT']
2026-07-03T22:25:47Z VIOLATION DNS drift threat github.com: ['TRUTH_DNS_DOWN', 'TRUTH_STUB_DRIFT', 'TRUTH_SYSTEM_DRIFT']
2026-07-03T22:25:48Z VIOLATION DNS drift threat ssh.github.com: ['TRUTH_DNS_DOWN', 'TRUTH_STUB_DRIFT', 'TRUTH_SYSTEM_DRIFT']
2026-07-03T22:25:49Z VIOLATION DNS drift threat api.github.com: ['TRUTH_DNS_DOWN', 'TRUTH_STUB_DRIFT', 'TRUTH_SYSTEM_DRIFT']
2026-07-03T22:25:50Z VIOLATION DNS drift threat api.github.com: ['TRUTH_DNS_DOWN', 'TRUTH_STUB_DRIFT', 'TRUTH_SYSTEM_DRIFT']
2026-07-03T22:25:50Z VIOLATION DNS drift threat github.com: ['TRUTH_DNS_DOWN', 'TRUTH_STUB_DRIFT', 'TRUTH_SYSTEM_DRIFT']
2026-07-03T22:25:50Z VIOLATION DNS drift threat github.com: ['TRUTH_DNS_DOWN']
2026-07-03T22:25:50Z VIOLATION DNS drift threat raw.githubusercontent.com: ['TRUTH_DNS_DOWN']
2026-07-03T22:25:51Z VIOLATION DNS drift threat github.com: ['TRUTH_DNS_DOWN', 'TRUTH_STUB_DRIFT', 'TRUTH_SYSTEM_DRIFT']
2026-07-03T22:25:53Z VIOLATION DNS drift threat ssh.github.com: ['TRUTH_DNS_DOWN']
2026-07-03T22:25:54Z VIOLATION DNS drift threat api.github.com: ['TRUTH_DNS_DOWN', 'TRUTH_STUB_DRIFT', 'TRUTH_SYSTEM_DRIFT']
2026-07-03T22:25:54Z VIOLATION DNS drift threat api.github.com: ['TRUTH_DNS_DOWN', 'TRUTH_STUB_DRIFT', 'TRUTH_SYSTEM_DRIFT']
2026-07-03T22:25:54Z VIOLATION DNS drift threat api.github.com: ['TRUTH_DNS_DOWN', 'TRUTH_STUB_DRIFT', 'TRUTH_SYSTEM_DRIFT']
2026-07-03T22:25:55Z VIOLATION DNS drift threat github.com: ['TRUTH_DNS_DOWN', 'TRUTH_STUB_DRIFT', 'TRUTH_SYSTEM_DRIFT']
2026-07-03T22:25:56Z VIOLATION DNS drift threat ssh.github.com: ['TRUTH_DNS_DOWN', 'TRUTH_STUB_DRIFT', 'TRUTH_SYSTEM_DRIFT']
2026-07-03T22:25:56Z VIOLATION DNS drift threat raw.githubusercontent.com: ['TRUTH_DNS_DOWN']
2026-07-03T22:25:57Z VIOLATION DNS drift threat api.github.com: ['TRUTH_DNS_DOWN', 'TRUTH_STUB_DRIFT', 'TRUTH_SYSTEM_DRIFT']
2026-07-03T22:25:57Z VIOLATION DNS drift threat ssh.github.com: ['TRUTH_DNS_DOWN']
2026-07-03T22:25:59Z VIOLATION DNS drift threat github.com: ['TRUTH_DNS_DOWN', 'TRUTH_STUB_DRIFT', 'TRUTH_SYSTEM_DRIFT']
2026-07-03T22:26:02Z VIOLATION DNS drift threat github.com: ['TRUTH_DNS_DOWN', 'TRUTH_STUB_DRIFT', 'TRUTH_SYSTEM_DRIFT']
2026-07-03T22:26:02Z VIOLATION DNS drift threat ssh.github.com: ['TRUTH_DNS_DOWN', 'TRUTH_STUB_DRIFT', 'TRUTH_SYSTEM_DRIFT']
2026-07-03T22:26:04Z VIOLATION DNS drift threat api.github.com: ['TRUTH_DNS_DOWN', 'TRUTH_STUB_DRIFT', 'TRUTH_SYSTEM_DRIFT']
2026-07-03T22:26:05Z VIOLATION DNS drift threat github.com: ['TRUTH_DNS_DOWN', 'TRUTH_STUB_DRIFT', 'TRUTH_SYSTEM_DRIFT']
2026-07-03T22:26:05Z VIOLATION DNS drift threat api.github.com: ['TRUTH_DNS_DOWN', 'TRUTH_STUB_DRIFT', 'TRUTH_SYSTEM_DRIFT']
2026-07-03T22:26:07Z VIOLATION DNS drift threat ssh.github.com: ['TRUTH_DNS_DOWN', 'TRUTH_STUB_DRIFT', 'TRUTH_SYSTEM_DRIFT']
2026-07-03T22:26:08Z VIOLATION DNS drift threat api.github.com: ['TRUTH_DNS_DOWN', 'TRUTH_STUB_DRIFT', 'TRUTH_SYSTEM_DRIFT']
2026-07-03T22:26:11Z VIOLATION DNS drift threat ssh.github.com: ['TRUTH_DNS_DOWN', 'TRUTH_STUB_DRIFT', 'TRUTH_SYSTEM_DRIFT']
2026-07-03T22:26:13Z VIOLATION DNS drift threat github.com: ['TRUTH_DNS_DOWN', 'TRUTH_STUB_DRIFT', 'TRUTH_SYSTEM_DRIFT']
2026-07-03T22:26:19Z VIOLATION DNS drift threat api.github.com: ['TRUTH_DNS_DOWN', 'TRUTH_STUB_DRIFT', 'TRUTH_SYSTEM_DRIFT']
2026-07-03T22:26:20Z VIOLATION DNS drift threat github.com: ['TRUTH_DNS_DOWN', 'TRUTH_STUB_DRIFT', 'TRUTH_SYSTEM_DRIFT']
2026-07-03T22:26:24Z VIOLATION DNS drift threat api.github.com: ['TRUTH_DNS_DOWN']
2026-07-03T22:26:25Z VIOLATION DNS drift threat github.com: ['TRUTH_DNS_DOWN', 'TRUTH_STUB_DRIFT', 'TRUTH_SYSTEM_DRIFT']
2026-07-03T22:26:27Z VIOLATION DNS drift threat github.com: ['TRUTH_DNS_DOWN', 'TRUTH_STUB_DRIFT', 'TRUTH_SYSTEM_DRIFT']
2026-07-03T22:26:31Z VIOLATION DNS drift threat api.github.com: ['TRUTH_DNS_DOWN', 'TRUTH_STUB_DRIFT', 'TRUTH_SYSTEM_DRIFT']
2026-07-03T22:26:33Z VIOLATION DNS drift threat github.com: ['TRUTH_DNS_DOWN', 'TRUTH_STUB_DRIFT', 'TRUTH_SYSTEM_DRIFT']
2026-07-03T22:26:33Z VIOLATION DNS drift threat api.github.com: ['TRUTH_DNS_DOWN', 'TRUTH_STUB_DRIFT', 'TRUTH_SYSTEM_DRIFT']
2026-07-03T22:26:36Z VIOLATION DNS drift threat github.com: ['TRUTH_DNS_DOWN', 'TRUTH_STUB_DRIFT', 'TRUTH_SYSTEM_DRIFT']
2026-07-03T22:26:37Z VIOLATION DNS drift threat github.com: ['TRUTH_DNS_DOWN']
2026-07-03T22:26:38Z VIOLATION DNS drift threat api.github.com: ['TRUTH_DNS_DOWN', 'TRUTH_STUB_DRIFT', 'TRUTH_SYSTEM_DRIFT']
2026-07-03T22:26:40Z VIOLATION DNS drift threat github.com: ['TRUTH_DNS_DOWN', 'TRUTH_STUB_DRIFT', 'TRUTH_SYSTEM_DRIFT']
2026-07-03T22:26:40Z VIOLATION DNS drift threat api.github.com: ['TRUTH_DNS_DOWN']
2026-07-03T22:26:40Z VIOLATION DNS drift threat github.com: ['TRUTH_DNS_DOWN', 'TRUTH_STUB_DRIFT', 'TRUTH_SYSTEM_DRIFT']
2026-07-03T22:26:40Z VIOLATION DNS drift threat github.com: ['TRUTH_DNS_DOWN', 'TRUTH_STUB_DRIFT', 'TRUTH_SYSTEM_DRIFT']
2026-07-03T22:26:43Z VIOLATION DNS drift threat api.github.com: ['TRUTH_DNS_DOWN']
2026-07-03T22:26:43Z VIOLATION DNS drift threat github.com: ['TRUTH_DNS_DOWN']
2026-07-03T22:26:45Z VIOLATION DNS drift threat ssh.github.com: ['TRUTH_DNS_DOWN', 'TRUTH_STUB_DRIFT', 'TRUTH_SYSTEM_DRIFT']
2026-07-03T22:26:45Z VIOLATION DNS drift threat api.github.com: ['TRUTH_DNS_DOWN']
2026-07-03T22:26:46Z VIOLATION DNS drift threat api.github.com: ['TRUTH_DNS_DOWN', 'TRUTH_STUB_DRIFT', 'TRUTH_SYSTEM_DRIFT']
2026-07-03T22:26:47Z VIOLATION DNS drift threat github.com: ['TRUTH_DNS_DOWN', 'TRUTH_STUB_DRIFT', 'TRUTH_SYSTEM_DRIFT']
2026-07-03T22:26:48Z VIOLATION DNS drift threat github.com: ['TRUTH_DNS_DOWN', 'TRUTH_STUB_DRIFT', 'TRUTH_SYSTEM_DRIFT']
2026-07-03T22:26:48Z VIOLATION DNS drift threat ssh.github.com: ['TRUTH_DNS_DOWN', 'TRUTH_STUB_DRIFT', 'TRUTH_SYSTEM_DRIFT']
2026-07-03T22:26:50Z VIOLATION DNS drift threat api.github.com: ['TRUTH_DNS_DOWN', 'TRUTH_STUB_DRIFT', 'TRUTH_SYSTEM_DRIFT']
2026-07-03T22:26:52Z VIOLATION DNS drift threat api.github.com: ['TRUTH_DNS_DOWN', 'TRUTH_STUB_DRIFT', 'TRUTH_SYSTEM_DRIFT']
2026-07-03T22:26:52Z VIOLATION DNS drift threat raw.githubusercontent.com: ['TRUTH_DNS_DOWN']
2026-07-03T22:26:52Z VIOLATION DNS drift threat ssh.github.com: ['TRUTH_DNS_DOWN', 'TRUTH_STUB_DRIFT', 'TRUTH_SYSTEM_DRIFT']
2026-07-03T22:27:00Z VIOLATION DNS drift threat github.com: ['TRUTH_DNS_DOWN', 'TRUTH_STUB_DRIFT', 'TRUTH_SYSTEM_DRIFT']
2026-07-03T22:27:01Z VIOLATION DNS drift threat github.com: ['TRUTH_DNS_DOWN', 'TRUTH_STUB_DRIFT', 'TRUTH_SYSTEM_DRIFT']
2026-07-03T22:27:03Z VIOLATION DNS drift threat api.github.com: ['TRUTH_DNS_DOWN', 'TRUTH_STUB_DRIFT', 'TRUTH_SYSTEM_DRIFT']
2026-07-03T22:27:04Z VIOLATION DNS drift threat api.github.com: ['TRUTH_DNS_DOWN', 'TRUTH_STUB_DRIFT', 'TRUTH_SYSTEM_DRIFT']
2026-07-03T22:27:06Z VIOLATION DNS drift threat ssh.github.com: ['TRUTH_DNS_DOWN', 'TRUTH_STUB_DRIFT', 'TRUTH_SYSTEM_DRIFT']
2026-07-03T22:27:07Z VIOLATION DNS drift threat ssh.github.com: ['TRUTH_DNS_DOWN']
2026-07-03T22:27:10Z VIOLATION DNS drift threat github.com: ['TRUTH_DNS_DOWN', 'TRUTH_STUB_DRIFT', 'TRUTH_SYSTEM_DRIFT']
2026-07-03T22:27:11Z VIOLATION DNS drift threat github.com: ['TRUTH_DNS_DOWN', 'TRUTH_STUB_DRIFT', 'TRUTH_SYSTEM_DRIFT']
2026-07-03T22:27:11Z VIOLATION DNS drift threat github.com: ['TRUTH_DNS_DOWN', 'TRUTH_STUB_DRIFT', 'TRUTH_SYSTEM_DRIFT']
2026-07-03T22:27:13Z VIOLATION DNS drift threat api.github.com: ['TRUTH_DNS_DOWN', 'TRUTH_STUB_DRIFT', 'TRUTH_SYSTEM_DRIFT']
2026-07-03T22:27:13Z VIOLATION DNS drift threat api.github.com: ['TRUTH_DNS_DOWN', 'TRUTH_STUB_DRIFT', 'TRUTH_SYSTEM_DRIFT']
2026-07-03T22:27:13Z VIOLATION DNS drift threat api.github.com: ['TRUTH_DNS_DOWN', 'TRUTH_STUB_DRIFT', 'TRUTH_SYSTEM_DRIFT']
2026-07-03T22:27:16Z VIOLATION DNS drift threat ssh.github.com: ['TRUTH_DNS_DOWN']
2026-07-03T22:27:16Z VIOLATION DNS drift threat ssh.github.com: ['TRUTH_DNS_DOWN', 'TRUTH_STUB_DRIFT', 'TRUTH_SYSTEM_DRIFT']
2026-07-03T22:27:17Z VIOLATION DNS drift threat github.com: ['TRUTH_DNS_DOWN', 'TRUTH_STUB_DRIFT', 'TRUTH_SYSTEM_DRIFT']
2026-07-03T22:27:18Z VIOLATION DNS drift threat github.com: ['TRUTH_DNS_DOWN', 'TRUTH_STUB_DRIFT', 'TRUTH_SYSTEM_DRIFT']
2026-07-03T22:27:19Z VIOLATION DNS drift threat raw.githubusercontent.com: ['TRUTH_DNS_DOWN']
2026-07-03T22:27:19Z VIOLATION DNS drift threat api.github.com: ['TRUTH_DNS_DOWN', 'TRUTH_STUB_DRIFT', 'TRUTH_SYSTEM_DRIFT']
2026-07-03T22:27:20Z VIOLATION DNS drift threat raw.githubusercontent.com: ['TRUTH_DNS_DOWN']
2026-07-03T22:27:21Z VIOLATION DNS drift threat github.com: ['TRUTH_DNS_DOWN', 'TRUTH_STUB_DRIFT', 'TRUTH_SYSTEM_DRIFT']
2026-07-03T22:27:21Z VIOLATION DNS drift threat api.github.com: ['TRUTH_DNS_DOWN', 'TRUTH_STUB_DRIFT', 'TRUTH_SYSTEM_DRIFT']
2026-07-03T22:27:21Z VIOLATION DNS drift threat github.com: ['TRUTH_DNS_DOWN', 'TRUTH_STUB_DRIFT', 'TRUTH_SYSTEM_DRIFT']
2026-07-03T22:27:22Z VIOLATION DNS drift threat ssh.github.com: ['TRUTH_DNS_DOWN', 'TRUTH_STUB_DRIFT', 'TRUTH_SYSTEM_DRIFT']
2026-07-03T22:27:22Z VIOLATION DNS drift threat github.com: ['TRUTH_DNS_DOWN']
2026-07-03T22:27:23Z VIOLATION DNS drift threat api.github.com: ['TRUTH_DNS_DOWN']
2026-07-03T22:27:25Z VIOLATION DNS drift threat api.github.com: ['TRUTH_DNS_DOWN', 'TRUTH_STUB_DRIFT', 'TRUTH_SYSTEM_DRIFT']
2026-07-03T22:27:25Z VIOLATION DNS drift threat github.com: ['TRUTH_DNS_DOWN', 'TRUTH_STUB_DRIFT', 'TRUTH_SYSTEM_DRIFT']
2026-07-03T22:27:25Z VIOLATION DNS drift threat ssh.github.com: ['TRUTH_DNS_DOWN', 'TRUTH_STUB_DRIFT', 'TRUTH_SYSTEM_DRIFT']
2026-07-03T22:27:26Z VIOLATION DNS drift threat ssh.github.com: ['TRUTH_DNS_DOWN', 'TRUTH_STUB_DRIFT', 'TRUTH_SYSTEM_DRIFT']
2026-07-03T22:27:27Z VIOLATION DNS drift threat github.com: ['TRUTH_DNS_DOWN', 'TRUTH_STUB_DRIFT', 'TRUTH_SYSTEM_DRIFT']
2026-07-03T22:27:27Z VIOLATION DNS drift threat api.github.com: ['TRUTH_DNS_DOWN', 'TRUTH_STUB_DRIFT', 'TRUTH_SYSTEM_DRIFT']
2026-07-03T22:27:28Z VIOLATION DNS drift threat ssh.github.com: ['TRUTH_DNS_DOWN']
2026-07-03T22:27:29Z VIOLATION DNS drift threat api.github.com: ['TRUTH_DNS_DOWN', 'TRUTH_STUB_DRIFT', 'TRUTH_SYSTEM_DRIFT']
2026-07-03T22:27:30Z VIOLATION DNS drift threat api.github.com: ['TRUTH_DNS_DOWN', 'TRUTH_STUB_DRIFT', 'TRUTH_SYSTEM_DRIFT']
2026-07-03T22:27:31Z VIOLATION DNS drift threat ssh.github.com: ['TRUTH_DNS_DOWN', 'TRUTH_STUB_DRIFT', 'TRUTH_SYSTEM_DRIFT']
2026-07-03T22:27:42Z VIOLATION DNS drift threat github.com: ['TRUTH_DNS_DOWN', 'TRUTH_STUB_DRIFT', 'TRUTH_SYSTEM_DRIFT']
2026-07-03T22:27:45Z VIOLATION DNS drift threat api.github.com: ['TRUTH_DNS_DOWN', 'TRUTH_STUB_DRIFT', 'TRUTH_SYSTEM_DRIFT']
2026-07-03T22:27:46Z VIOLATION DNS drift threat github.com: ['TRUTH_DNS_DOWN', 'TRUTH_STUB_DRIFT', 'TRUTH_SYSTEM_DRIFT']
2026-07-03T22:27:49Z VIOLATION DNS drift threat ssh.github.com: ['TRUTH_DNS_DOWN', 'TRUTH_STUB_DRIFT', 'TRUTH_SYSTEM_DRIFT']
2026-07-03T22:27:49Z VIOLATION DNS drift threat api.github.com: ['TRUTH_DNS_DOWN', 'TRUTH_STUB_DRIFT', 'TRUTH_SYSTEM_DRIFT']
2026-07-03T22:27:50Z VIOLATION DNS drift threat github.com: ['TRUTH_DNS_DOWN', 'TRUTH_STUB_DRIFT', 'TRUTH_SYSTEM_DRIFT']
2026-07-03T22:27:51Z VIOLATION DNS drift threat github.com: ['TRUTH_DNS_DOWN', 'TRUTH_STUB_DRIFT', 'TRUTH_SYSTEM_DRIFT']
2026-07-03T22:27:52Z VIOLATION DNS drift threat github.com: ['TRUTH_DNS_DOWN', 'TRUTH_STUB_DRIFT', 'TRUTH_SYSTEM_DRIFT']
2026-07-03T22:27:53Z VIOLATION DNS drift threat github.com: ['TRUTH_DNS_DOWN', 'TRUTH_STUB_DRIFT', 'TRUTH_SYSTEM_DRIFT']
2026-07-03T22:27:53Z VIOLATION DNS drift threat ssh.github.com: ['TRUTH_DNS_DOWN', 'TRUTH_STUB_DRIFT', 'TRUTH_SYSTEM_DRIFT']
2026-07-03T22:27:55Z VIOLATION DNS drift threat github.com: ['TRUTH_DNS_DOWN', 'TRUTH_STUB_DRIFT', 'TRUTH_SYSTEM_DRIFT']
2026-07-03T22:27:55Z VIOLATION DNS drift threat api.github.com: ['TRUTH_DNS_DOWN', 'TRUTH_STUB_DRIFT', 'TRUTH_SYSTEM_DRIFT']
2026-07-03T22:27:55Z VIOLATION DNS drift threat api.github.com: ['TRUTH_DNS_DOWN', 'TRUTH_STUB_DRIFT', 'TRUTH_SYSTEM_DRIFT']
2026-07-03T22:27:56Z VIOLATION DNS drift threat api.github.com: ['TRUTH_DNS_DOWN', 'TRUTH_STUB_DRIFT', 'TRUTH_SYSTEM_DRIFT']
2026-07-03T22:27:56Z VIOLATION DNS drift threat ssh.github.com: ['TRUTH_DNS_DOWN', 'TRUTH_STUB_DRIFT', 'TRUTH_SYSTEM_DRIFT']
2026-07-03T22:27:58Z VIOLATION DNS drift threat api.github.com: ['TRUTH_DNS_DOWN', 'TRUTH_STUB_DRIFT', 'TRUTH_SYSTEM_DRIFT']
2026-07-03T22:27:59Z VIOLATION DNS drift threat raw.githubusercontent.com: ['TRUTH_DNS_DOWN']
2026-07-03T22:27:59Z VIOLATION DNS drift threat ssh.github.com: ['TRUTH_DNS_DOWN', 'TRUTH_STUB_DRIFT', 'TRUTH_SYSTEM_DRIFT']
2026-07-03T22:27:59Z VIOLATION DNS drift threat github.com: ['TRUTH_DNS_DOWN', 'TRUTH_STUB_DRIFT', 'TRUTH_SYSTEM_DRIFT']
2026-07-03T22:28:00Z VIOLATION DNS drift threat api.github.com: ['TRUTH_DNS_DOWN', 'TRUTH_STUB_DRIFT', 'TRUTH_SYSTEM_DRIFT']
2026-07-03T22:28:00Z VIOLATION DNS drift threat ssh.github.com: ['TRUTH_DNS_DOWN', 'TRUTH_STUB_DRIFT', 'TRUTH_SYSTEM_DRIFT']
2026-07-03T22:28:00Z VIOLATION DNS drift threat ssh.github.com: ['TRUTH_DNS_DOWN', 'TRUTH_STUB_DRIFT', 'TRUTH_SYSTEM_DRIFT']
2026-07-03T22:28:01Z VIOLATION DNS drift threat github.com: ['TRUTH_DNS_DOWN', 'TRUTH_STUB_DRIFT', 'TRUTH_SYSTEM_DRIFT']
2026-07-03T22:28:02Z VIOLATION DNS drift threat api.github.com: ['TRUTH_DNS_DOWN']
2026-07-03T22:28:04Z VIOLATION DNS drift threat github.com: ['TRUTH_DNS_DOWN', 'TRUTH_STUB_DRIFT', 'TRUTH_SYSTEM_DRIFT']
2026-07-03T22:28:05Z VIOLATION DNS drift threat api.github.com: ['TRUTH_DNS_DOWN', 'TRUTH_STUB_DRIFT', 'TRUTH_SYSTEM_DRIFT']
2026-07-03T22:28:06Z VIOLATION DNS drift threat ssh.github.com: ['TRUTH_DNS_DOWN']
2026-07-03T22:28:08Z VIOLATION DNS drift threat github.com: ['TRUTH_DNS_DOWN']
2026-07-03T22:28:09Z VIOLATION DNS drift threat ssh.github.com: ['TRUTH_DNS_DOWN']
2026-07-03T22:28:09Z VIOLATION DNS drift threat api.github.com: ['TRUTH_DNS_DOWN', 'TRUTH_STUB_DRIFT', 'TRUTH_SYSTEM_DRIFT']
2026-07-03T22:28:10Z VIOLATION DNS drift threat api.github.com: ['TRUTH_DNS_DOWN', 'TRUTH_STUB_DRIFT', 'TRUTH_SYSTEM_DRIFT']
2026-07-03T22:28:12Z VIOLATION DNS drift threat ssh.github.com: ['TRUTH_DNS_DOWN', 'TRUTH_STUB_DRIFT', 'TRUTH_SYSTEM_DRIFT']
2026-07-03T22:28:12Z VIOLATION DNS drift threat ssh.github.com: ['TRUTH_DNS_DOWN', 'TRUTH_STUB_DRIFT', 'TRUTH_SYSTEM_DRIFT']
2026-07-03T22:28:24Z VIOLATION DNS drift threat github.com: ['TRUTH_DNS_DOWN', 'TRUTH_STUB_DRIFT', 'TRUTH_SYSTEM_DRIFT']
2026-07-03T22:28:27Z VIOLATION DNS drift threat github.com: ['TRUTH_DNS_DOWN', 'TRUTH_STUB_DRIFT', 'TRUTH_SYSTEM_DRIFT']
2026-07-03T22:28:29Z VIOLATION DNS drift threat github.com: ['TRUTH_DNS_DOWN', 'TRUTH_STUB_DRIFT', 'TRUTH_SYSTEM_DRIFT']
2026-07-03T22:28:29Z VIOLATION DNS drift threat api.github.com: ['TRUTH_DNS_DOWN', 'TRUTH_STUB_DRIFT', 'TRUTH_SYSTEM_DRIFT']
2026-07-03T22:28:32Z VIOLATION DNS drift threat api.github.com: ['TRUTH_DNS_DOWN', 'TRUTH_STUB_DRIFT', 'TRUTH_SYSTEM_DRIFT']
2026-07-03T22:28:32Z VIOLATION DNS drift threat github.com: ['TRUTH_DNS_DOWN', 'TRUTH_STUB_DRIFT', 'TRUTH_SYSTEM_DRIFT']
2026-07-03T22:28:33Z VIOLATION DNS drift threat ssh.github.com: ['TRUTH_DNS_DOWN', 'TRUTH_STUB_DRIFT', 'TRUTH_SYSTEM_DRIFT']
2026-07-03T22:28:35Z VIOLATION DNS drift threat github.com: ['TRUTH_DNS_DOWN', 'TRUTH_STUB_DRIFT', 'TRUTH_SYSTEM_DRIFT']
2026-07-03T22:28:36Z VIOLATION DNS drift threat api.github.com: ['TRUTH_DNS_DOWN', 'TRUTH_STUB_DRIFT', 'TRUTH_SYSTEM_DRIFT']
2026-07-03T22:28:37Z VIOLATION DNS drift threat github.com: ['TRUTH_DNS_DOWN']
2026-07-03T22:28:39Z VIOLATION DNS drift threat ssh.github.com: ['TRUTH_DNS_DOWN']
2026-07-03T22:28:39Z VIOLATION DNS drift threat github.com: ['TRUTH_DNS_DOWN', 'TRUTH_STUB_DRIFT', 'TRUTH_SYSTEM_DRIFT']
2026-07-03T22:28:40Z VIOLATION DNS drift threat api.github.com: ['TRUTH_DNS_DOWN', 'TRUTH_STUB_DRIFT', 'TRUTH_SYSTEM_DRIFT']
2026-07-03T22:28:40Z VIOLATION DNS drift threat github.com: ['TRUTH_DNS_DOWN', 'TRUTH_STUB_DRIFT', 'TRUTH_SYSTEM_DRIFT']
2026-07-03T22:28:41Z VIOLATION DNS drift threat github.com: ['TRUTH_DNS_DOWN', 'TRUTH_STUB_DRIFT', 'TRUTH_SYSTEM_DRIFT']
2026-07-03T22:28:42Z VIOLATION DNS drift threat ssh.github.com: ['TRUTH_DNS_DOWN', 'TRUTH_STUB_DRIFT', 'TRUTH_SYSTEM_DRIFT']
2026-07-03T22:28:42Z VIOLATION DNS drift threat api.github.com: ['TRUTH_DNS_DOWN', 'TRUTH_STUB_DRIFT', 'TRUTH_SYSTEM_DRIFT']
2026-07-03T22:28:43Z VIOLATION DNS drift threat api.github.com: ['TRUTH_DNS_DOWN', 'TRUTH_STUB_DRIFT', 'TRUTH_SYSTEM_DRIFT']
2026-07-03T22:28:44Z VIOLATION DNS drift threat api.github.com: ['TRUTH_DNS_DOWN', 'TRUTH_STUB_DRIFT', 'TRUTH_SYSTEM_DRIFT']
2026-07-03T22:28:44Z VIOLATION DNS drift threat api.github.com: ['TRUTH_DNS_DOWN', 'TRUTH_STUB_DRIFT', 'TRUTH_SYSTEM_DRIFT']
2026-07-03T22:28:48Z VIOLATION DNS drift threat github.com: ['TRUTH_DNS_DOWN', 'TRUTH_STUB_DRIFT', 'TRUTH_SYSTEM_DRIFT']
2026-07-03T22:28:51Z VIOLATION DNS drift threat api.github.com: ['TRUTH_DNS_DOWN', 'TRUTH_STUB_DRIFT', 'TRUTH_SYSTEM_DRIFT']
2026-07-03T22:28:55Z VIOLATION DNS drift threat ssh.github.com: ['TRUTH_DNS_DOWN', 'TRUTH_STUB_DRIFT', 'TRUTH_SYSTEM_DRIFT']
2026-07-03T22:28:57Z VIOLATION DNS drift threat github.com: ['TRUTH_DNS_DOWN', 'TRUTH_STUB_DRIFT', 'TRUTH_SYSTEM_DRIFT']
2026-07-03T22:28:59Z VIOLATION DNS drift threat github.com: ['TRUTH_DNS_DOWN', 'TRUTH_STUB_DRIFT', 'TRUTH_SYSTEM_DRIFT']
2026-07-03T22:28:59Z VIOLATION DNS drift threat github.com: ['TRUTH_DNS_DOWN', 'TRUTH_STUB_DRIFT', 'TRUTH_SYSTEM_DRIFT']
2026-07-03T22:29:00Z VIOLATION DNS drift threat api.github.com: ['TRUTH_DNS_DOWN', 'TRUTH_STUB_DRIFT', 'TRUTH_SYSTEM_DRIFT']
2026-07-03T22:29:03Z VIOLATION DNS drift threat ssh.github.com: ['TRUTH_DNS_DOWN', 'TRUTH_STUB_DRIFT', 'TRUTH_SYSTEM_DRIFT']
2026-07-03T22:29:03Z VIOLATION DNS drift threat api.github.com: ['TRUTH_DNS_DOWN', 'TRUTH_STUB_DRIFT', 'TRUTH_SYSTEM_DRIFT']
2026-07-03T22:29:03Z VIOLATION DNS drift threat api.github.com: ['TRUTH_DNS_DOWN']
2026-07-03T22:29:09Z VIOLATION DNS drift threat github.com: ['TRUTH_DNS_DOWN', 'TRUTH_STUB_DRIFT', 'TRUTH_SYSTEM_DRIFT']
2026-07-03T22:29:10Z VIOLATION DNS drift threat github.com: ['TRUTH_DNS_DOWN', 'TRUTH_STUB_DRIFT', 'TRUTH_SYSTEM_DRIFT']
2026-07-03T22:29:12Z VIOLATION DNS drift threat api.github.com: ['TRUTH_DNS_DOWN', 'TRUTH_STUB_DRIFT', 'TRUTH_SYSTEM_DRIFT']
2026-07-03T22:29:13Z VIOLATION DNS drift threat ssh.github.com: ['TRUTH_DNS_DOWN', 'TRUTH_STUB_DRIFT', 'TRUTH_SYSTEM_DRIFT']
2026-07-03T22:29:14Z VIOLATION DNS drift threat github.com: ['TRUTH_DNS_DOWN', 'TRUTH_STUB_DRIFT', 'TRUTH_SYSTEM_DRIFT']
2026-07-03T22:29:17Z VIOLATION DNS drift threat github.com: ['TRUTH_DNS_DOWN', 'TRUTH_STUB_DRIFT', 'TRUTH_SYSTEM_DRIFT']
2026-07-03T22:29:18Z VIOLATION DNS drift threat api.github.com: ['TRUTH_DNS_DOWN', 'TRUTH_STUB_DRIFT', 'TRUTH_SYSTEM_DRIFT']
2026-07-03T22:29:18Z VIOLATION DNS drift threat api.github.com: ['TRUTH_DNS_DOWN', 'TRUTH_STUB_DRIFT', 'TRUTH_SYSTEM_DRIFT']
2026-07-03T22:29:19Z VIOLATION DNS drift threat ssh.github.com: ['TRUTH_DNS_DOWN', 'TRUTH_STUB_DRIFT', 'TRUTH_SYSTEM_DRIFT']
2026-07-03T22:29:21Z VIOLATION DNS drift threat ssh.github.com: ['TRUTH_DNS_DOWN', 'TRUTH_STUB_DRIFT', 'TRUTH_SYSTEM_DRIFT']
2026-07-03T22:29:22Z VIOLATION DNS drift threat raw.githubusercontent.com: ['TRUTH_DNS_DOWN']
2026-07-03T22:29:24Z VIOLATION DNS drift threat github.com: ['TRUTH_DNS_DOWN', 'TRUTH_STUB_DRIFT', 'TRUTH_SYSTEM_DRIFT']
2026-07-03T22:29:24Z VIOLATION DNS drift threat github.com: ['TRUTH_DNS_DOWN', 'TRUTH_STUB_DRIFT', 'TRUTH_SYSTEM_DRIFT']
2026-07-03T22:29:26Z VIOLATION DNS drift threat api.github.com: ['TRUTH_DNS_DOWN', 'TRUTH_STUB_DRIFT', 'TRUTH_SYSTEM_DRIFT']
2026-07-03T22:29:26Z VIOLATION DNS drift threat github.com: ['TRUTH_DNS_DOWN', 'TRUTH_STUB_DRIFT', 'TRUTH_SYSTEM_DRIFT']
2026-07-03T22:29:27Z VIOLATION DNS drift threat api.github.com: ['TRUTH_DNS_DOWN', 'TRUTH_STUB_DRIFT', 'TRUTH_SYSTEM_DRIFT']
2026-07-03T22:29:27Z VIOLATION DNS drift threat github.com: ['TRUTH_DNS_DOWN', 'TRUTH_STUB_DRIFT', 'TRUTH_SYSTEM_DRIFT']
2026-07-03T22:29:28Z VIOLATION DNS drift threat api.github.com: ['TRUTH_DNS_DOWN', 'TRUTH_STUB_DRIFT', 'TRUTH_SYSTEM_DRIFT']
2026-07-03T22:29:28Z VIOLATION DNS drift threat api.github.com: ['TRUTH_DNS_DOWN', 'TRUTH_STUB_DRIFT', 'TRUTH_SYSTEM_DRIFT']
2026-07-03T22:29:29Z VIOLATION DNS drift threat ssh.github.com: ['TRUTH_DNS_DOWN', 'TRUTH_STUB_DRIFT', 'TRUTH_SYSTEM_DRIFT']
2026-07-03T22:29:30Z VIOLATION DNS drift threat raw.githubusercontent.com: ['TRUTH_DNS_DOWN']
2026-07-03T22:29:31Z VIOLATION DNS drift threat ssh.github.com: ['TRUTH_DNS_DOWN']
2026-07-03T22:29:32Z VIOLATION DNS drift threat ssh.github.com: ['TRUTH_DNS_DOWN', 'TRUTH_STUB_DRIFT', 'TRUTH_SYSTEM_DRIFT']
2026-07-03T22:29:33Z VIOLATION DNS drift threat ssh.github.com: ['TRUTH_DNS_DOWN', 'TRUTH_STUB_DRIFT', 'TRUTH_SYSTEM_DRIFT']
2026-07-03T22:29:34Z VIOLATION DNS drift threat github.com: ['TRUTH_DNS_DOWN', 'TRUTH_STUB_DRIFT', 'TRUTH_SYSTEM_DRIFT']
2026-07-03T22:29:34Z VIOLATION DNS drift threat raw.githubusercontent.com: ['TRUTH_DNS_DOWN']
2026-07-03T22:29:36Z VIOLATION DNS drift threat github.com: ['TRUTH_DNS_DOWN', 'TRUTH_STUB_DRIFT', 'TRUTH_SYSTEM_DRIFT']
2026-07-03T22:29:37Z VIOLATION DNS drift threat github.com: ['TRUTH_DNS_DOWN', 'TRUTH_STUB_DRIFT', 'TRUTH_SYSTEM_DRIFT']
2026-07-03T22:29:39Z VIOLATION DNS drift threat api.github.com: ['TRUTH_DNS_DOWN', 'TRUTH_STUB_DRIFT', 'TRUTH_SYSTEM_DRIFT']
2026-07-03T22:29:40Z VIOLATION DNS drift threat api.github.com: ['TRUTH_DNS_DOWN', 'TRUTH_STUB_DRIFT', 'TRUTH_SYSTEM_DRIFT']
2026-07-03T22:29:41Z VIOLATION DNS drift threat api.github.com: ['TRUTH_DNS_DOWN', 'TRUTH_STUB_DRIFT', 'TRUTH_SYSTEM_DRIFT']
2026-07-03T22:29:42Z VIOLATION DNS drift threat ssh.github.com: ['TRUTH_DNS_DOWN', 'TRUTH_STUB_DRIFT', 'TRUTH_SYSTEM_DRIFT']
2026-07-03T22:29:44Z VIOLATION DNS drift threat ssh.github.com: ['TRUTH_DNS_DOWN', 'TRUTH_STUB_DRIFT', 'TRUTH_SYSTEM_DRIFT']
2026-07-03T22:29:44Z VIOLATION DNS drift threat ssh.github.com: ['TRUTH_DNS_DOWN', 'TRUTH_STUB_DRIFT', 'TRUTH_SYSTEM_DRIFT']
2026-07-03T22:29:47Z VIOLATION DNS drift threat github.com: ['TRUTH_DNS_DOWN', 'TRUTH_STUB_DRIFT', 'TRUTH_SYSTEM_DRIFT']
2026-07-03T22:29:48Z VIOLATION DNS drift threat github.com: ['TRUTH_DNS_DOWN']
2026-07-03T22:29:51Z VIOLATION DNS drift threat api.github.com: ['TRUTH_DNS_DOWN', 'TRUTH_STUB_DRIFT', 'TRUTH_SYSTEM_DRIFT']
2026-07-03T22:29:51Z VIOLATION DNS drift threat api.github.com: ['TRUTH_DNS_DOWN', 'TRUTH_STUB_DRIFT', 'TRUTH_SYSTEM_DRIFT']
2026-07-03T22:29:53Z VIOLATION DNS drift threat ssh.github.com: ['TRUTH_DNS_DOWN', 'TRUTH_STUB_DRIFT', 'TRUTH_SYSTEM_DRIFT']
2026-07-03T22:29:54Z VIOLATION DNS drift threat ssh.github.com: ['TRUTH_DNS_DOWN', 'TRUTH_STUB_DRIFT', 'TRUTH_SYSTEM_DRIFT']
2026-07-03T22:29:56Z VIOLATION DNS drift threat github.com: ['TRUTH_DNS_DOWN', 'TRUTH_STUB_DRIFT', 'TRUTH_SYSTEM_DRIFT']
2026-07-03T22:30:00Z VIOLATION DNS drift threat api.github.com: ['TRUTH_DNS_DOWN', 'TRUTH_STUB_DRIFT', 'TRUTH_SYSTEM_DRIFT']
2026-07-03T22:30:00Z VIOLATION DNS drift threat github.com: ['TRUTH_DNS_DOWN']
2026-07-03T22:30:02Z VIOLATION DNS drift threat github.com: ['TRUTH_DNS_DOWN']
2026-07-03T22:30:04Z VIOLATION DNS drift threat api.github.com: ['TRUTH_DNS_DOWN', 'TRUTH_STUB_DRIFT', 'TRUTH_SYSTEM_DRIFT']
2026-07-03T22:30:04Z VIOLATION DNS drift threat api.github.com: ['TRUTH_DNS_DOWN', 'TRUTH_STUB_DRIFT', 'TRUTH_SYSTEM_DRIFT']
2026-07-03T22:30:05Z VIOLATION DNS drift threat ssh.github.com: ['TRUTH_DNS_DOWN', 'TRUTH_STUB_DRIFT', 'TRUTH_SYSTEM_DRIFT']
2026-07-03T22:30:05Z VIOLATION DNS drift threat github.com: ['TRUTH_DNS_DOWN']
2026-07-03T22:30:08Z VIOLATION DNS drift threat api.github.com: ['TRUTH_DNS_DOWN', 'TRUTH_STUB_DRIFT', 'TRUTH_SYSTEM_DRIFT']
2026-07-03T22:30:09Z VIOLATION DNS drift threat github.com: ['TRUTH_DNS_DOWN', 'TRUTH_STUB_DRIFT', 'TRUTH_SYSTEM_DRIFT']
2026-07-03T22:30:11Z VIOLATION DNS drift threat ssh.github.com: ['TRUTH_DNS_DOWN', 'TRUTH_STUB_DRIFT', 'TRUTH_SYSTEM_DRIFT']
2026-07-03T22:30:12Z VIOLATION DNS drift threat api.github.com: ['TRUTH_DNS_DOWN']
2026-07-03T22:30:13Z VIOLATION DNS drift threat raw.githubusercontent.com: ['TRUTH_DNS_DOWN']
2026-07-03T22:30:21Z VIOLATION DNS drift threat github.com: ['TRUTH_DNS_DOWN', 'TRUTH_STUB_DRIFT', 'TRUTH_SYSTEM_DRIFT']
2026-07-03T22:30:21Z VIOLATION DNS drift threat github.com: ['TRUTH_DNS_DOWN', 'TRUTH_STUB_DRIFT', 'TRUTH_SYSTEM_DRIFT']
2026-07-03T22:30:22Z VIOLATION DNS drift threat github.com: ['TRUTH_DNS_DOWN', 'TRUTH_STUB_DRIFT', 'TRUTH_SYSTEM_DRIFT']
2026-07-03T22:30:22Z VIOLATION DNS drift threat github.com: ['TRUTH_DNS_DOWN', 'TRUTH_STUB_DRIFT', 'TRUTH_SYSTEM_DRIFT']
2026-07-03T22:30:25Z VIOLATION DNS drift threat api.github.com: ['TRUTH_DNS_DOWN', 'TRUTH_STUB_DRIFT', 'TRUTH_SYSTEM_DRIFT']
2026-07-03T22:30:25Z VIOLATION DNS drift threat api.github.com: ['TRUTH_DNS_DOWN', 'TRUTH_STUB_DRIFT', 'TRUTH_SYSTEM_DRIFT']
2026-07-03T22:30:26Z VIOLATION DNS drift threat api.github.com: ['TRUTH_DNS_DOWN', 'TRUTH_STUB_DRIFT', 'TRUTH_SYSTEM_DRIFT']
2026-07-03T22:30:26Z VIOLATION DNS drift threat api.github.com: ['TRUTH_DNS_DOWN', 'TRUTH_STUB_DRIFT', 'TRUTH_SYSTEM_DRIFT']
2026-07-03T22:30:27Z VIOLATION DNS drift threat ssh.github.com: ['TRUTH_DNS_DOWN']
2026-07-03T22:30:28Z VIOLATION DNS drift threat ssh.github.com: ['TRUTH_DNS_DOWN']
2026-07-03T22:30:31Z VIOLATION DNS drift threat github.com: ['TRUTH_DNS_DOWN', 'TRUTH_STUB_DRIFT', 'TRUTH_SYSTEM_DRIFT']
2026-07-03T22:30:33Z VIOLATION DNS drift threat github.com: ['TRUTH_DNS_DOWN', 'TRUTH_STUB_DRIFT', 'TRUTH_SYSTEM_DRIFT']
2026-07-03T22:30:34Z VIOLATION DNS drift threat api.github.com: ['TRUTH_DNS_DOWN', 'TRUTH_STUB_DRIFT', 'TRUTH_SYSTEM_DRIFT']
2026-07-03T22:30:35Z VIOLATION DNS drift threat api.github.com: ['TRUTH_DNS_DOWN', 'TRUTH_STUB_DRIFT', 'TRUTH_SYSTEM_DRIFT']
2026-07-03T22:30:39Z VIOLATION DNS drift threat github.com: ['TRUTH_DNS_DOWN', 'TRUTH_STUB_DRIFT', 'TRUTH_SYSTEM_DRIFT']
2026-07-03T22:30:41Z VIOLATION DNS drift threat github.com: ['TRUTH_DNS_DOWN', 'TRUTH_STUB_DRIFT', 'TRUTH_SYSTEM_DRIFT']
2026-07-03T22:30:45Z VIOLATION DNS drift threat api.github.com: ['TRUTH_DNS_DOWN', 'TRUTH_STUB_DRIFT', 'TRUTH_SYSTEM_DRIFT']
2026-07-03T22:30:45Z VIOLATION DNS drift threat api.github.com: ['TRUTH_DNS_DOWN', 'TRUTH_STUB_DRIFT', 'TRUTH_SYSTEM_DRIFT']
2026-07-03T22:30:47Z VIOLATION DNS drift threat github.com: ['TRUTH_DNS_DOWN', 'TRUTH_STUB_DRIFT', 'TRUTH_SYSTEM_DRIFT']
2026-07-03T22:30:47Z VIOLATION DNS drift threat ssh.github.com: ['TRUTH_DNS_DOWN', 'TRUTH_STUB_DRIFT', 'TRUTH_SYSTEM_DRIFT']
2026-07-03T22:30:51Z VIOLATION DNS drift threat api.github.com: ['TRUTH_DNS_DOWN', 'TRUTH_STUB_DRIFT', 'TRUTH_SYSTEM_DRIFT']
2026-07-03T22:30:55Z VIOLATION DNS drift threat github.com: ['TRUTH_DNS_DOWN', 'TRUTH_STUB_DRIFT', 'TRUTH_SYSTEM_DRIFT']
2026-07-03T22:30:57Z VIOLATION DNS drift threat github.com: ['TRUTH_DNS_DOWN', 'TRUTH_STUB_DRIFT', 'TRUTH_SYSTEM_DRIFT']
2026-07-03T22:31:00Z VIOLATION DNS drift threat api.github.com: ['TRUTH_DNS_DOWN']
2026-07-03T22:31:00Z VIOLATION DNS drift threat github.com: ['TRUTH_DNS_DOWN', 'TRUTH_STUB_DRIFT', 'TRUTH_SYSTEM_DRIFT']
2026-07-03T22:31:02Z VIOLATION DNS drift threat api.github.com: ['TRUTH_DNS_DOWN', 'TRUTH_STUB_DRIFT', 'TRUTH_SYSTEM_DRIFT']
2026-07-03T22:31:03Z VIOLATION DNS drift threat api.github.com: ['TRUTH_DNS_DOWN', 'TRUTH_STUB_DRIFT', 'TRUTH_SYSTEM_DRIFT']
2026-07-03T22:31:07Z VIOLATION DNS drift threat github.com: ['TRUTH_DNS_DOWN', 'TRUTH_STUB_DRIFT', 'TRUTH_SYSTEM_DRIFT']
2026-07-03T22:31:08Z VIOLATION DNS drift threat github.com: ['TRUTH_DNS_DOWN', 'TRUTH_STUB_DRIFT', 'TRUTH_SYSTEM_DRIFT']
2026-07-03T22:31:08Z VIOLATION DNS drift threat github.com: ['TRUTH_DNS_DOWN', 'TRUTH_STUB_DRIFT', 'TRUTH_SYSTEM_DRIFT']
2026-07-03T22:31:09Z VIOLATION DNS drift threat github.com: ['TRUTH_DNS_DOWN', 'TRUTH_STUB_DRIFT', 'TRUTH_SYSTEM_DRIFT']
2026-07-03T22:31:10Z VIOLATION DNS drift threat api.github.com: ['TRUTH_DNS_DOWN', 'TRUTH_STUB_DRIFT', 'TRUTH_SYSTEM_DRIFT']
2026-07-03T22:31:11Z VIOLATION DNS drift threat api.github.com: ['TRUTH_DNS_DOWN', 'TRUTH_STUB_DRIFT', 'TRUTH_SYSTEM_DRIFT']
2026-07-03T22:31:12Z VIOLATION DNS drift threat api.github.com: ['TRUTH_DNS_DOWN', 'TRUTH_STUB_DRIFT', 'TRUTH_SYSTEM_DRIFT']
2026-07-03T22:31:12Z VIOLATION DNS drift threat api.github.com: ['TRUTH_DNS_DOWN', 'TRUTH_STUB_DRIFT', 'TRUTH_SYSTEM_DRIFT']
2026-07-03T22:31:13Z VIOLATION DNS drift threat github.com: ['TRUTH_DNS_DOWN', 'TRUTH_STUB_DRIFT', 'TRUTH_SYSTEM_DRIFT']
2026-07-03T22:31:13Z VIOLATION DNS drift threat github.com: ['TRUTH_DNS_DOWN', 'TRUTH_STUB_DRIFT', 'TRUTH_SYSTEM_DRIFT']
2026-07-03T22:31:14Z VIOLATION DNS drift threat ssh.github.com: ['TRUTH_DNS_DOWN', 'TRUTH_STUB_DRIFT', 'TRUTH_SYSTEM_DRIFT']
2026-07-03T22:31:15Z VIOLATION DNS drift threat api.github.com: ['TRUTH_DNS_DOWN', 'TRUTH_STUB_DRIFT', 'TRUTH_SYSTEM_DRIFT']
2026-07-03T22:31:16Z VIOLATION DNS drift threat github.com: ['TRUTH_DNS_DOWN', 'TRUTH_STUB_DRIFT', 'TRUTH_SYSTEM_DRIFT']
2026-07-03T22:31:16Z VIOLATION DNS drift threat api.github.com: ['TRUTH_DNS_DOWN']
2026-07-03T22:31:16Z VIOLATION DNS drift threat ssh.github.com: ['TRUTH_DNS_DOWN', 'TRUTH_STUB_DRIFT', 'TRUTH_SYSTEM_DRIFT']
2026-07-03T22:31:18Z VIOLATION DNS drift threat ssh.github.com: ['TRUTH_DNS_DOWN', 'TRUTH_STUB_DRIFT', 'TRUTH_SYSTEM_DRIFT']
2026-07-03T22:31:20Z VIOLATION DNS drift threat ssh.github.com: ['TRUTH_DNS_DOWN', 'TRUTH_STUB_DRIFT', 'TRUTH_SYSTEM_DRIFT']
2026-07-03T22:31:22Z VIOLATION DNS drift threat api.github.com: ['TRUTH_DNS_DOWN', 'TRUTH_STUB_DRIFT', 'TRUTH_SYSTEM_DRIFT']
2026-07-03T22:31:23Z VIOLATION DNS drift threat github.com: ['TRUTH_DNS_DOWN']
2026-07-03T22:31:25Z VIOLATION DNS drift threat ssh.github.com: ['TRUTH_DNS_DOWN', 'TRUTH_STUB_DRIFT', 'TRUTH_SYSTEM_DRIFT']
2026-07-03T22:31:25Z VIOLATION DNS drift threat api.github.com: ['TRUTH_DNS_DOWN', 'TRUTH_STUB_DRIFT', 'TRUTH_SYSTEM_DRIFT']
2026-07-03T22:31:26Z VIOLATION DNS drift threat github.com: ['TRUTH_DNS_DOWN', 'TRUTH_STUB_DRIFT', 'TRUTH_SYSTEM_DRIFT']
2026-07-03T22:31:26Z VIOLATION DNS drift threat github.com: ['TRUTH_DNS_DOWN', 'TRUTH_STUB_DRIFT', 'TRUTH_SYSTEM_DRIFT']
2026-07-03T22:31:28Z VIOLATION DNS drift threat api.github.com: ['TRUTH_DNS_DOWN', 'TRUTH_STUB_DRIFT', 'TRUTH_SYSTEM_DRIFT']
2026-07-03T22:31:29Z VIOLATION DNS drift threat ssh.github.com: ['TRUTH_DNS_DOWN', 'TRUTH_STUB_DRIFT', 'TRUTH_SYSTEM_DRIFT']
2026-07-03T22:31:30Z VIOLATION DNS drift threat api.github.com: ['TRUTH_DNS_DOWN', 'TRUTH_STUB_DRIFT', 'TRUTH_SYSTEM_DRIFT']
2026-07-03T22:31:31Z VIOLATION DNS drift threat ssh.github.com: ['TRUTH_DNS_DOWN', 'TRUTH_STUB_DRIFT', 'TRUTH_SYSTEM_DRIFT']
2026-07-03T22:31:38Z VIOLATION DNS drift threat github.com: ['TRUTH_DNS_DOWN']
2026-07-03T22:31:41Z VIOLATION DNS drift threat api.github.com: ['TRUTH_DNS_DOWN', 'TRUTH_STUB_DRIFT', 'TRUTH_SYSTEM_DRIFT']
2026-07-03T22:31:42Z VIOLATION DNS drift threat github.com: ['TRUTH_DNS_DOWN', 'TRUTH_STUB_DRIFT', 'TRUTH_SYSTEM_DRIFT']
2026-07-03T22:31:43Z VIOLATION DNS drift threat ssh.github.com: ['TRUTH_DNS_DOWN', 'TRUTH_STUB_DRIFT', 'TRUTH_SYSTEM_DRIFT']
2026-07-03T22:31:46Z VIOLATION DNS drift threat github.com: ['TRUTH_DNS_DOWN', 'TRUTH_STUB_DRIFT', 'TRUTH_SYSTEM_DRIFT']
2026-07-03T22:31:47Z VIOLATION DNS drift threat api.github.com: ['TRUTH_DNS_DOWN', 'TRUTH_STUB_DRIFT', 'TRUTH_SYSTEM_DRIFT']
2026-07-03T22:31:48Z VIOLATION DNS drift threat api.github.com: ['TRUTH_DNS_DOWN', 'TRUTH_STUB_DRIFT', 'TRUTH_SYSTEM_DRIFT']
2026-07-03T22:31:50Z VIOLATION DNS drift threat ssh.github.com: ['TRUTH_DNS_DOWN', 'TRUTH_STUB_DRIFT', 'TRUTH_SYSTEM_DRIFT']
2026-07-03T22:31:53Z VIOLATION DNS drift threat ssh.github.com: ['TRUTH_DNS_DOWN', 'TRUTH_STUB_DRIFT', 'TRUTH_SYSTEM_DRIFT']
2026-07-03T22:31:53Z VIOLATION DNS drift threat github.com: ['TRUTH_DNS_DOWN', 'TRUTH_STUB_DRIFT', 'TRUTH_SYSTEM_DRIFT']
2026-07-03T22:31:53Z VIOLATION DNS drift threat github.com: ['TRUTH_DNS_DOWN', 'TRUTH_STUB_DRIFT', 'TRUTH_SYSTEM_DRIFT']
2026-07-03T22:31:55Z VIOLATION DNS drift threat github.com: ['TRUTH_DNS_DOWN', 'TRUTH_STUB_DRIFT', 'TRUTH_SYSTEM_DRIFT']
2026-07-03T22:31:57Z VIOLATION DNS drift threat github.com: ['TRUTH_DNS_DOWN', 'TRUTH_STUB_DRIFT', 'TRUTH_SYSTEM_DRIFT']
2026-07-03T22:31:57Z VIOLATION DNS drift threat api.github.com: ['TRUTH_DNS_DOWN', 'TRUTH_STUB_DRIFT', 'TRUTH_SYSTEM_DRIFT']
2026-07-03T22:31:57Z VIOLATION DNS drift threat api.github.com: ['TRUTH_DNS_DOWN', 'TRUTH_STUB_DRIFT', 'TRUTH_SYSTEM_DRIFT']
2026-07-03T22:31:58Z VIOLATION DNS drift threat api.github.com: ['TRUTH_DNS_DOWN', 'TRUTH_STUB_DRIFT', 'TRUTH_SYSTEM_DRIFT']
2026-07-03T22:31:59Z VIOLATION DNS drift threat ssh.github.com: ['TRUTH_DNS_DOWN', 'TRUTH_STUB_DRIFT', 'TRUTH_SYSTEM_DRIFT']
2026-07-03T22:32:00Z VIOLATION DNS drift threat ssh.github.com: ['TRUTH_DNS_DOWN', 'TRUTH_STUB_DRIFT', 'TRUTH_SYSTEM_DRIFT']
2026-07-03T22:32:02Z VIOLATION DNS drift threat api.github.com: ['TRUTH_DNS_DOWN', 'TRUTH_STUB_DRIFT', 'TRUTH_SYSTEM_DRIFT']
2026-07-03T22:32:04Z VIOLATION DNS drift threat github.com: ['TRUTH_DNS_DOWN', 'TRUTH_STUB_DRIFT', 'TRUTH_SYSTEM_DRIFT']
2026-07-03T22:32:04Z VIOLATION DNS drift threat ssh.github.com: ['TRUTH_DNS_DOWN', 'TRUTH_STUB_DRIFT', 'TRUTH_SYSTEM_DRIFT']
2026-07-03T22:32:07Z VIOLATION DNS drift threat github.com: ['TRUTH_DNS_DOWN']
2026-07-03T22:32:07Z VIOLATION DNS drift threat github.com: ['TRUTH_DNS_DOWN', 'TRUTH_STUB_DRIFT', 'TRUTH_SYSTEM_DRIFT']
2026-07-03T22:32:09Z VIOLATION DNS drift threat api.github.com: ['TRUTH_DNS_DOWN', 'TRUTH_STUB_DRIFT', 'TRUTH_SYSTEM_DRIFT']
2026-07-03T22:32:10Z VIOLATION DNS drift threat github.com: ['TRUTH_DNS_DOWN', 'TRUTH_STUB_DRIFT', 'TRUTH_SYSTEM_DRIFT']
2026-07-03T22:32:11Z VIOLATION DNS drift threat api.github.com: ['TRUTH_DNS_DOWN', 'TRUTH_STUB_DRIFT', 'TRUTH_SYSTEM_DRIFT']
2026-07-03T22:32:12Z VIOLATION DNS drift threat api.github.com: ['TRUTH_DNS_DOWN', 'TRUTH_STUB_DRIFT', 'TRUTH_SYSTEM_DRIFT']
2026-07-03T22:32:13Z VIOLATION DNS drift threat ssh.github.com: ['TRUTH_DNS_DOWN', 'TRUTH_STUB_DRIFT', 'TRUTH_SYSTEM_DRIFT']
2026-07-03T22:32:14Z VIOLATION DNS drift threat api.github.com: ['TRUTH_DNS_DOWN', 'TRUTH_STUB_DRIFT', 'TRUTH_SYSTEM_DRIFT']
2026-07-03T22:32:16Z VIOLATION DNS drift threat ssh.github.com: ['TRUTH_DNS_DOWN', 'TRUTH_STUB_DRIFT', 'TRUTH_SYSTEM_DRIFT']
2026-07-03T22:32:21Z VIOLATION DNS drift threat github.com: ['TRUTH_DNS_DOWN']
2026-07-03T22:32:24Z VIOLATION DNS drift threat github.com: ['TRUTH_DNS_DOWN', 'TRUTH_STUB_DRIFT', 'TRUTH_SYSTEM_DRIFT']
2026-07-03T22:32:26Z VIOLATION DNS drift threat github.com: ['TRUTH_DNS_DOWN', 'TRUTH_STUB_DRIFT', 'TRUTH_SYSTEM_DRIFT']
2026-07-03T22:32:26Z VIOLATION DNS drift threat api.github.com: ['TRUTH_DNS_DOWN', 'TRUTH_STUB_DRIFT', 'TRUTH_SYSTEM_DRIFT']
2026-07-03T22:32:26Z VIOLATION DNS drift threat github.com: ['TRUTH_DNS_DOWN', 'TRUTH_STUB_DRIFT', 'TRUTH_SYSTEM_DRIFT']
2026-07-03T22:32:28Z VIOLATION DNS drift threat api.github.com: ['TRUTH_DNS_DOWN', 'TRUTH_STUB_DRIFT', 'TRUTH_SYSTEM_DRIFT']
2026-07-03T22:32:28Z VIOLATION DNS drift threat api.github.com: ['TRUTH_DNS_DOWN', 'TRUTH_STUB_DRIFT', 'TRUTH_SYSTEM_DRIFT']
2026-07-03T22:32:29Z VIOLATION DNS drift threat github.com: ['TRUTH_DNS_DOWN', 'TRUTH_STUB_DRIFT', 'TRUTH_SYSTEM_DRIFT']
2026-07-03T22:32:29Z VIOLATION DNS drift threat api.github.com: ['TRUTH_DNS_DOWN', 'TRUTH_STUB_DRIFT', 'TRUTH_SYSTEM_DRIFT']
2026-07-03T22:32:30Z VIOLATION DNS drift threat ssh.github.com: ['TRUTH_DNS_DOWN', 'TRUTH_STUB_DRIFT', 'TRUTH_SYSTEM_DRIFT']
2026-07-03T22:32:30Z VIOLATION DNS drift threat ssh.github.com: ['TRUTH_DNS_DOWN', 'TRUTH_STUB_DRIFT', 'TRUTH_SYSTEM_DRIFT']
2026-07-03T22:32:32Z VIOLATION DNS drift threat api.github.com: ['TRUTH_DNS_DOWN', 'TRUTH_STUB_DRIFT', 'TRUTH_SYSTEM_DRIFT']
2026-07-03T22:32:32Z VIOLATION DNS drift threat github.com: ['TRUTH_DNS_DOWN', 'TRUTH_STUB_DRIFT', 'TRUTH_SYSTEM_DRIFT']
2026-07-03T22:32:33Z VIOLATION DNS drift threat raw.githubusercontent.com: ['TRUTH_DNS_DOWN']
2026-07-03T22:32:33Z VIOLATION DNS drift threat ssh.github.com: ['TRUTH_DNS_DOWN', 'TRUTH_STUB_DRIFT', 'TRUTH_SYSTEM_DRIFT']
2026-07-03T22:32:33Z VIOLATION DNS drift threat raw.githubusercontent.com: ['TRUTH_DNS_DOWN']
2026-07-03T22:32:34Z VIOLATION DNS drift threat api.github.com: ['TRUTH_DNS_DOWN', 'TRUTH_STUB_DRIFT', 'TRUTH_SYSTEM_DRIFT']
2026-07-03T22:32:34Z VIOLATION DNS drift threat github.com: ['TRUTH_DNS_DOWN', 'TRUTH_STUB_DRIFT', 'TRUTH_SYSTEM_DRIFT']
2026-07-03T22:32:35Z VIOLATION DNS drift threat github.com: ['TRUTH_DNS_DOWN', 'TRUTH_STUB_DRIFT', 'TRUTH_SYSTEM_DRIFT']
2026-07-03T22:32:35Z VIOLATION DNS drift threat ssh.github.com: ['TRUTH_DNS_DOWN', 'TRUTH_STUB_DRIFT', 'TRUTH_SYSTEM_DRIFT']
2026-07-03T22:32:37Z VIOLATION DNS drift threat raw.githubusercontent.com: ['TRUTH_DNS_DOWN']
2026-07-03T22:32:38Z VIOLATION DNS drift threat api.github.com: ['TRUTH_DNS_DOWN', 'TRUTH_STUB_DRIFT', 'TRUTH_SYSTEM_DRIFT']
2026-07-03T22:32:38Z VIOLATION DNS drift threat ssh.github.com: ['TRUTH_DNS_DOWN', 'TRUTH_STUB_DRIFT', 'TRUTH_SYSTEM_DRIFT']
2026-07-03T22:32:39Z VIOLATION DNS drift threat api.github.com: ['TRUTH_DNS_DOWN', 'TRUTH_STUB_DRIFT', 'TRUTH_SYSTEM_DRIFT']
2026-07-03T22:32:40Z VIOLATION DNS drift threat github.com: ['TRUTH_DNS_DOWN']
2026-07-03T22:32:41Z VIOLATION DNS drift threat ssh.github.com: ['TRUTH_DNS_DOWN', 'TRUTH_STUB_DRIFT', 'TRUTH_SYSTEM_DRIFT']
2026-07-03T22:32:42Z VIOLATION DNS drift threat api.github.com: ['TRUTH_DNS_DOWN', 'TRUTH_STUB_DRIFT', 'TRUTH_SYSTEM_DRIFT']
2026-07-03T22:32:46Z VIOLATION DNS drift threat ssh.github.com: ['TRUTH_DNS_DOWN']
2026-07-03T22:32:47Z VIOLATION DNS drift threat github.com: ['TRUTH_DNS_DOWN', 'TRUTH_STUB_DRIFT', 'TRUTH_SYSTEM_DRIFT']
2026-07-03T22:32:49Z VIOLATION DNS drift threat github.com: ['TRUTH_DNS_DOWN', 'TRUTH_STUB_DRIFT', 'TRUTH_SYSTEM_DRIFT']
2026-07-03T22:32:49Z VIOLATION DNS drift threat github.com: ['TRUTH_DNS_DOWN', 'TRUTH_STUB_DRIFT', 'TRUTH_SYSTEM_DRIFT']
2026-07-03T22:32:49Z VIOLATION DNS drift threat api.github.com: ['TRUTH_DNS_DOWN', 'TRUTH_STUB_DRIFT', 'TRUTH_SYSTEM_DRIFT']
2026-07-03T22:32:52Z VIOLATION DNS drift threat api.github.com: ['TRUTH_DNS_DOWN', 'TRUTH_STUB_DRIFT', 'TRUTH_SYSTEM_DRIFT']
2026-07-03T22:32:52Z VIOLATION DNS drift threat api.github.com: ['TRUTH_DNS_DOWN', 'TRUTH_STUB_DRIFT', 'TRUTH_SYSTEM_DRIFT']
2026-07-03T22:32:55Z VIOLATION DNS drift threat ssh.github.com: ['TRUTH_DNS_DOWN']
2026-07-03T22:32:55Z VIOLATION DNS drift threat ssh.github.com: ['TRUTH_DNS_DOWN', 'TRUTH_STUB_DRIFT', 'TRUTH_SYSTEM_DRIFT']
2026-07-03T22:32:57Z VIOLATION DNS drift threat raw.githubusercontent.com: ['TRUTH_DNS_DOWN']
2026-07-03T22:32:59Z VIOLATION DNS drift threat github.com: ['TRUTH_DNS_DOWN', 'TRUTH_STUB_DRIFT', 'TRUTH_SYSTEM_DRIFT']
2026-07-03T22:33:01Z VIOLATION DNS drift threat github.com: ['TRUTH_DNS_DOWN', 'TRUTH_STUB_DRIFT', 'TRUTH_SYSTEM_DRIFT']
2026-07-03T22:33:02Z VIOLATION DNS drift threat github.com: ['TRUTH_DNS_DOWN', 'TRUTH_STUB_DRIFT', 'TRUTH_SYSTEM_DRIFT']
2026-07-03T22:33:04Z VIOLATION DNS drift threat api.github.com: ['TRUTH_DNS_DOWN']
2026-07-03T22:33:05Z VIOLATION DNS drift threat api.github.com: ['TRUTH_DNS_DOWN', 'TRUTH_STUB_DRIFT', 'TRUTH_SYSTEM_DRIFT']
2026-07-03T22:33:07Z VIOLATION DNS drift threat github.com: ['TRUTH_DNS_DOWN', 'TRUTH_STUB_DRIFT', 'TRUTH_SYSTEM_DRIFT']
2026-07-03T22:33:07Z VIOLATION DNS drift threat api.github.com: ['TRUTH_DNS_DOWN', 'TRUTH_STUB_DRIFT', 'TRUTH_SYSTEM_DRIFT']
2026-07-03T22:33:07Z VIOLATION DNS drift threat ssh.github.com: ['TRUTH_DNS_DOWN', 'TRUTH_STUB_DRIFT', 'TRUTH_SYSTEM_DRIFT']
2026-07-03T22:33:11Z VIOLATION DNS drift threat api.github.com: ['TRUTH_DNS_DOWN', 'TRUTH_STUB_DRIFT', 'TRUTH_SYSTEM_DRIFT']
2026-07-03T22:33:13Z VIOLATION DNS drift threat ssh.github.com: ['TRUTH_DNS_DOWN', 'TRUTH_STUB_DRIFT', 'TRUTH_SYSTEM_DRIFT']
2026-07-03T22:33:15Z VIOLATION DNS drift threat raw.githubusercontent.com: ['TRUTH_DNS_DOWN']
2026-07-03T22:33:15Z VIOLATION DNS drift threat github.com: ['TRUTH_DNS_DOWN', 'TRUTH_STUB_DRIFT', 'TRUTH_SYSTEM_DRIFT']
2026-07-03T22:33:17Z VIOLATION DNS drift threat github.com: ['TRUTH_DNS_DOWN', 'TRUTH_STUB_DRIFT', 'TRUTH_SYSTEM_DRIFT']
2026-07-03T22:33:17Z VIOLATION DNS drift threat github.com: ['TRUTH_DNS_DOWN', 'TRUTH_STUB_DRIFT', 'TRUTH_SYSTEM_DRIFT']
2026-07-03T22:33:21Z VIOLATION DNS drift threat api.github.com: ['TRUTH_DNS_DOWN', 'TRUTH_STUB_DRIFT', 'TRUTH_SYSTEM_DRIFT']
2026-07-03T22:33:21Z VIOLATION DNS drift threat api.github.com: ['TRUTH_DNS_DOWN', 'TRUTH_STUB_DRIFT', 'TRUTH_SYSTEM_DRIFT']
2026-07-03T22:33:21Z VIOLATION DNS drift threat github.com: ['TRUTH_DNS_DOWN', 'TRUTH_STUB_DRIFT', 'TRUTH_SYSTEM_DRIFT']
2026-07-03T22:33:23Z VIOLATION DNS drift threat ssh.github.com: ['TRUTH_DNS_DOWN', 'TRUTH_STUB_DRIFT', 'TRUTH_SYSTEM_DRIFT']
2026-07-03T22:33:24Z VIOLATION DNS drift threat github.com: ['TRUTH_DNS_DOWN', 'TRUTH_STUB_DRIFT', 'TRUTH_SYSTEM_DRIFT']
2026-07-03T22:33:24Z VIOLATION DNS drift threat ssh.github.com: ['TRUTH_DNS_DOWN']
2026-07-03T22:33:24Z VIOLATION DNS drift threat api.github.com: ['TRUTH_DNS_DOWN', 'TRUTH_STUB_DRIFT', 'TRUTH_SYSTEM_DRIFT']
2026-07-03T22:33:27Z VIOLATION DNS drift threat api.github.com: ['TRUTH_DNS_DOWN']
2026-07-03T22:33:27Z VIOLATION DNS drift threat github.com: ['TRUTH_DNS_DOWN', 'TRUTH_STUB_DRIFT', 'TRUTH_SYSTEM_DRIFT']
2026-07-03T22:33:28Z VIOLATION DNS drift threat ssh.github.com: ['TRUTH_DNS_DOWN', 'TRUTH_STUB_DRIFT', 'TRUTH_SYSTEM_DRIFT']
2026-07-03T22:33:30Z VIOLATION DNS drift threat api.github.com: ['TRUTH_DNS_DOWN', 'TRUTH_STUB_DRIFT', 'TRUTH_SYSTEM_DRIFT']
2026-07-03T22:33:31Z VIOLATION DNS drift threat ssh.github.com: ['TRUTH_DNS_DOWN', 'TRUTH_STUB_DRIFT', 'TRUTH_SYSTEM_DRIFT']
2026-07-03T22:33:31Z VIOLATION DNS drift threat github.com: ['TRUTH_DNS_DOWN', 'TRUTH_STUB_DRIFT', 'TRUTH_SYSTEM_DRIFT']
2026-07-03T22:33:33Z VIOLATION DNS drift threat ssh.github.com: ['TRUTH_DNS_DOWN', 'TRUTH_STUB_DRIFT', 'TRUTH_SYSTEM_DRIFT']
2026-07-03T22:33:34Z VIOLATION DNS drift threat api.github.com: ['TRUTH_DNS_DOWN', 'TRUTH_STUB_DRIFT', 'TRUTH_SYSTEM_DRIFT']
2026-07-03T22:33:37Z VIOLATION DNS drift threat github.com: ['TRUTH_DNS_DOWN', 'TRUTH_STUB_DRIFT', 'TRUTH_SYSTEM_DRIFT']
2026-07-03T22:33:40Z VIOLATION DNS drift threat api.github.com: ['TRUTH_DNS_DOWN', 'TRUTH_STUB_DRIFT', 'TRUTH_SYSTEM_DRIFT']
2026-07-03T22:33:41Z VIOLATION DNS drift threat ssh.github.com: ['TRUTH_DNS_DOWN', 'TRUTH_STUB_DRIFT', 'TRUTH_SYSTEM_DRIFT']
2026-07-03T22:33:43Z VIOLATION DNS drift threat ssh.github.com: ['TRUTH_DNS_DOWN', 'TRUTH_STUB_DRIFT', 'TRUTH_SYSTEM_DRIFT']
2026-07-03T22:33:44Z VIOLATION DNS drift threat github.com: ['TRUTH_DNS_DOWN', 'TRUTH_STUB_DRIFT', 'TRUTH_SYSTEM_DRIFT']
2026-07-03T22:33:45Z VIOLATION DNS drift threat api.github.com: ['TRUTH_DNS_DOWN', 'TRUTH_STUB_DRIFT', 'TRUTH_SYSTEM_DRIFT']
2026-07-03T22:33:46Z VIOLATION DNS drift threat github.com: ['TRUTH_DNS_DOWN', 'TRUTH_STUB_DRIFT', 'TRUTH_SYSTEM_DRIFT']
2026-07-03T22:33:47Z VIOLATION DNS drift threat ssh.github.com: ['TRUTH_DNS_DOWN']
2026-07-03T22:33:51Z VIOLATION DNS drift threat github.com: ['TRUTH_DNS_DOWN']
2026-07-03T22:33:52Z VIOLATION DNS drift threat api.github.com: ['TRUTH_DNS_DOWN']
2026-07-03T22:34:03Z VIOLATION DNS drift threat github.com: ['TRUTH_DNS_DOWN', 'TRUTH_STUB_DRIFT', 'TRUTH_SYSTEM_DRIFT']
2026-07-03T22:34:04Z VIOLATION DNS drift threat github.com: ['TRUTH_DNS_DOWN', 'TRUTH_STUB_DRIFT', 'TRUTH_SYSTEM_DRIFT']
2026-07-03T22:34:06Z VIOLATION DNS drift threat api.github.com: ['TRUTH_DNS_DOWN']
2026-07-03T22:34:07Z VIOLATION DNS drift threat github.com: ['TRUTH_DNS_DOWN', 'TRUTH_STUB_DRIFT', 'TRUTH_SYSTEM_DRIFT']
2026-07-03T22:34:08Z VIOLATION DNS drift threat ssh.github.com: ['TRUTH_DNS_DOWN', 'TRUTH_STUB_DRIFT', 'TRUTH_SYSTEM_DRIFT']
2026-07-03T22:34:09Z VIOLATION DNS drift threat api.github.com: ['TRUTH_DNS_DOWN', 'TRUTH_STUB_DRIFT', 'TRUTH_SYSTEM_DRIFT']
2026-07-03T22:34:11Z VIOLATION DNS drift threat api.github.com: ['TRUTH_DNS_DOWN']
2026-07-03T22:34:14Z VIOLATION DNS drift threat github.com: ['TRUTH_DNS_DOWN', 'TRUTH_STUB_DRIFT', 'TRUTH_SYSTEM_DRIFT']
2026-07-03T22:34:15Z VIOLATION DNS drift threat github.com: ['TRUTH_DNS_DOWN', 'TRUTH_STUB_DRIFT', 'TRUTH_SYSTEM_DRIFT']
2026-07-03T22:34:16Z VIOLATION DNS drift threat github.com: ['TRUTH_DNS_DOWN', 'TRUTH_STUB_DRIFT', 'TRUTH_SYSTEM_DRIFT']
2026-07-03T22:34:17Z VIOLATION DNS drift threat api.github.com: ['TRUTH_DNS_DOWN', 'TRUTH_STUB_DRIFT', 'TRUTH_SYSTEM_DRIFT']
2026-07-03T22:34:18Z VIOLATION DNS drift threat api.github.com: ['TRUTH_DNS_DOWN', 'TRUTH_STUB_DRIFT', 'TRUTH_SYSTEM_DRIFT']
2026-07-03T22:34:20Z VIOLATION DNS drift threat github.com: ['TRUTH_DNS_DOWN', 'TRUTH_STUB_DRIFT', 'TRUTH_SYSTEM_DRIFT']
2026-07-03T22:34:20Z VIOLATION DNS drift threat api.github.com: ['TRUTH_DNS_DOWN', 'TRUTH_STUB_DRIFT', 'TRUTH_SYSTEM_DRIFT']
2026-07-03T22:34:21Z VIOLATION DNS drift threat ssh.github.com: ['TRUTH_DNS_DOWN', 'TRUTH_STUB_DRIFT', 'TRUTH_SYSTEM_DRIFT']
2026-07-03T22:34:23Z VIOLATION DNS drift threat github.com: ['TRUTH_DNS_DOWN', 'TRUTH_STUB_DRIFT', 'TRUTH_SYSTEM_DRIFT']
2026-07-03T22:34:23Z VIOLATION DNS drift threat ssh.github.com: ['TRUTH_DNS_DOWN', 'TRUTH_STUB_DRIFT', 'TRUTH_SYSTEM_DRIFT']
2026-07-03T22:34:23Z VIOLATION DNS drift threat api.github.com: ['TRUTH_DNS_DOWN', 'TRUTH_STUB_DRIFT', 'TRUTH_SYSTEM_DRIFT']
2026-07-03T22:34:28Z VIOLATION DNS drift threat github.com: ['TRUTH_DNS_DOWN', 'TRUTH_STUB_DRIFT', 'TRUTH_SYSTEM_DRIFT']
2026-07-03T22:34:30Z VIOLATION DNS drift threat api.github.com: ['TRUTH_DNS_DOWN']
2026-07-03T22:34:32Z VIOLATION DNS drift threat github.com: ['TRUTH_DNS_DOWN', 'TRUTH_STUB_DRIFT', 'TRUTH_SYSTEM_DRIFT']
2026-07-03T22:34:34Z VIOLATION DNS drift threat ssh.github.com: ['TRUTH_DNS_DOWN']
2026-07-03T22:34:39Z VIOLATION DNS drift threat github.com: ['TRUTH_DNS_DOWN', 'TRUTH_STUB_DRIFT', 'TRUTH_SYSTEM_DRIFT']
2026-07-03T22:34:40Z VIOLATION DNS drift threat github.com: ['TRUTH_DNS_DOWN', 'TRUTH_STUB_DRIFT', 'TRUTH_SYSTEM_DRIFT']
2026-07-03T22:34:42Z VIOLATION DNS drift threat api.github.com: ['TRUTH_DNS_DOWN', 'TRUTH_STUB_DRIFT', 'TRUTH_SYSTEM_DRIFT']
2026-07-03T22:34:45Z VIOLATION DNS drift threat api.github.com: ['TRUTH_DNS_DOWN', 'TRUTH_STUB_DRIFT', 'TRUTH_SYSTEM_DRIFT']
2026-07-03T22:34:46Z VIOLATION DNS drift threat ssh.github.com: ['TRUTH_DNS_DOWN', 'TRUTH_STUB_DRIFT', 'TRUTH_SYSTEM_DRIFT']
2026-07-03T22:34:48Z VIOLATION DNS drift threat github.com: ['TRUTH_DNS_DOWN', 'TRUTH_STUB_DRIFT', 'TRUTH_SYSTEM_DRIFT']
2026-07-03T22:34:50Z VIOLATION DNS drift threat api.github.com: ['TRUTH_DNS_DOWN', 'TRUTH_STUB_DRIFT', 'TRUTH_SYSTEM_DRIFT']
2026-07-03T22:34:52Z VIOLATION DNS drift threat ssh.github.com: ['TRUTH_DNS_DOWN', 'TRUTH_STUB_DRIFT', 'TRUTH_SYSTEM_DRIFT']
2026-07-03T22:34:55Z VIOLATION DNS drift threat github.com: ['TRUTH_DNS_DOWN', 'TRUTH_STUB_DRIFT', 'TRUTH_SYSTEM_DRIFT']
2026-07-03T22:34:58Z VIOLATION DNS drift threat github.com: ['TRUTH_DNS_DOWN', 'TRUTH_STUB_DRIFT', 'TRUTH_SYSTEM_DRIFT']
2026-07-03T22:34:58Z VIOLATION DNS drift threat github.com: ['TRUTH_DNS_DOWN']
2026-07-03T22:34:59Z VIOLATION DNS drift threat github.com: ['TRUTH_DNS_DOWN', 'TRUTH_STUB_DRIFT', 'TRUTH_SYSTEM_DRIFT']
2026-07-03T22:35:01Z VIOLATION DNS drift threat api.github.com: ['TRUTH_DNS_DOWN', 'TRUTH_STUB_DRIFT', 'TRUTH_SYSTEM_DRIFT']
2026-07-03T22:35:02Z VIOLATION DNS drift threat api.github.com: ['TRUTH_DNS_DOWN', 'TRUTH_STUB_DRIFT', 'TRUTH_SYSTEM_DRIFT']
2026-07-03T22:35:02Z VIOLATION DNS drift threat api.github.com: ['TRUTH_DNS_DOWN', 'TRUTH_STUB_DRIFT', 'TRUTH_SYSTEM_DRIFT']
2026-07-03T22:35:04Z VIOLATION DNS drift threat ssh.github.com: ['TRUTH_DNS_DOWN', 'TRUTH_STUB_DRIFT', 'TRUTH_SYSTEM_DRIFT']
2026-07-03T22:35:05Z VIOLATION DNS drift threat ssh.github.com: ['TRUTH_DNS_DOWN', 'TRUTH_STUB_DRIFT', 'TRUTH_SYSTEM_DRIFT']
2026-07-03T22:35:07Z VIOLATION DNS drift threat github.com: ['TRUTH_DNS_DOWN', 'TRUTH_STUB_DRIFT', 'TRUTH_SYSTEM_DRIFT']
2026-07-03T22:35:08Z VIOLATION DNS drift threat github.com: ['TRUTH_DNS_DOWN', 'TRUTH_STUB_DRIFT', 'TRUTH_SYSTEM_DRIFT']
2026-07-03T22:35:08Z VIOLATION DNS drift threat github.com: ['TRUTH_DNS_DOWN', 'TRUTH_STUB_DRIFT', 'TRUTH_SYSTEM_DRIFT']
2026-07-03T22:35:09Z VIOLATION DNS drift threat github.com: ['TRUTH_DNS_DOWN', 'TRUTH_STUB_DRIFT', 'TRUTH_SYSTEM_DRIFT']
2026-07-03T22:35:10Z VIOLATION DNS drift threat api.github.com: ['TRUTH_DNS_DOWN', 'TRUTH_STUB_DRIFT', 'TRUTH_SYSTEM_DRIFT']
2026-07-03T22:35:11Z VIOLATION DNS drift threat api.github.com: ['TRUTH_DNS_DOWN', 'TRUTH_STUB_DRIFT', 'TRUTH_SYSTEM_DRIFT']
2026-07-03T22:35:12Z VIOLATION DNS drift threat ssh.github.com: ['TRUTH_DNS_DOWN', 'TRUTH_STUB_DRIFT', 'TRUTH_SYSTEM_DRIFT']
2026-07-03T22:35:12Z VIOLATION DNS drift threat api.github.com: ['TRUTH_DNS_DOWN', 'TRUTH_STUB_DRIFT', 'TRUTH_SYSTEM_DRIFT']
2026-07-03T22:35:12Z VIOLATION DNS drift threat ssh.github.com: ['TRUTH_DNS_DOWN', 'TRUTH_STUB_DRIFT', 'TRUTH_SYSTEM_DRIFT']
2026-07-03T22:35:13Z VIOLATION DNS drift threat api.github.com: ['TRUTH_DNS_DOWN', 'TRUTH_STUB_DRIFT', 'TRUTH_SYSTEM_DRIFT']
2026-07-03T22:35:13Z VIOLATION DNS drift threat raw.githubusercontent.com: ['TRUTH_DNS_DOWN']
2026-07-03T22:35:23Z VIOLATION DNS drift threat github.com: ['TRUTH_DNS_DOWN', 'TRUTH_STUB_DRIFT', 'TRUTH_SYSTEM_DRIFT']
2026-07-03T22:35:25Z VIOLATION DNS drift threat github.com: ['TRUTH_DNS_DOWN', 'TRUTH_STUB_DRIFT', 'TRUTH_SYSTEM_DRIFT']
2026-07-03T22:35:26Z VIOLATION DNS drift threat api.github.com: ['TRUTH_DNS_DOWN', 'TRUTH_STUB_DRIFT', 'TRUTH_SYSTEM_DRIFT']
2026-07-03T22:35:27Z VIOLATION DNS drift threat github.com: ['TRUTH_DNS_DOWN', 'TRUTH_STUB_DRIFT', 'TRUTH_SYSTEM_DRIFT']
2026-07-03T22:35:27Z VIOLATION DNS drift threat api.github.com: ['TRUTH_DNS_DOWN', 'TRUTH_STUB_DRIFT', 'TRUTH_SYSTEM_DRIFT']
2026-07-03T22:35:29Z VIOLATION DNS drift threat ssh.github.com: ['TRUTH_DNS_DOWN', 'TRUTH_STUB_DRIFT', 'TRUTH_SYSTEM_DRIFT']
2026-07-03T22:35:30Z VIOLATION DNS drift threat github.com: ['TRUTH_DNS_DOWN']
2026-07-03T22:35:31Z VIOLATION DNS drift threat api.github.com: ['TRUTH_DNS_DOWN', 'TRUTH_STUB_DRIFT', 'TRUTH_SYSTEM_DRIFT']
2026-07-03T22:35:33Z VIOLATION DNS drift threat api.github.com: ['TRUTH_DNS_DOWN', 'TRUTH_STUB_DRIFT', 'TRUTH_SYSTEM_DRIFT']
2026-07-03T22:35:34Z VIOLATION DNS drift threat ssh.github.com: ['TRUTH_DNS_DOWN', 'TRUTH_STUB_DRIFT', 'TRUTH_SYSTEM_DRIFT']
2026-07-03T22:35:36Z VIOLATION DNS drift threat github.com: ['TRUTH_DNS_DOWN', 'TRUTH_STUB_DRIFT']
2026-07-03T22:35:36Z VIOLATION DNS drift threat ssh.github.com: ['TRUTH_DNS_DOWN', 'TRUTH_STUB_DRIFT', 'TRUTH_SYSTEM_DRIFT']
2026-07-03T22:35:38Z VIOLATION DNS drift threat api.github.com: ['TRUTH_DNS_DOWN', 'TRUTH_STUB_DRIFT', 'TRUTH_SYSTEM_DRIFT']
2026-07-03T22:35:44Z VIOLATION DNS drift threat github.com: ['TRUTH_DNS_DOWN']
2026-07-03T22:35:46Z VIOLATION DNS drift threat api.github.com: ['TRUTH_DNS_DOWN', 'TRUTH_STUB_DRIFT', 'TRUTH_SYSTEM_DRIFT']
2026-07-03T22:35:46Z VIOLATION DNS drift threat github.com: ['TRUTH_DNS_DOWN', 'TRUTH_STUB_DRIFT', 'TRUTH_SYSTEM_DRIFT']
2026-07-03T22:35:48Z VIOLATION DNS drift threat github.com: ['TRUTH_DNS_DOWN', 'TRUTH_STUB_DRIFT', 'TRUTH_SYSTEM_DRIFT']
2026-07-03T22:35:49Z VIOLATION DNS drift threat github.com: ['TRUTH_DNS_DOWN', 'TRUTH_STUB_DRIFT', 'TRUTH_SYSTEM_DRIFT']
2026-07-03T22:35:50Z VIOLATION DNS drift threat api.github.com: ['TRUTH_DNS_DOWN', 'TRUTH_STUB_DRIFT', 'TRUTH_SYSTEM_DRIFT']
2026-07-03T22:35:51Z VIOLATION DNS drift threat api.github.com: ['TRUTH_DNS_DOWN', 'TRUTH_STUB_DRIFT', 'TRUTH_SYSTEM_DRIFT']
2026-07-03T22:35:51Z VIOLATION DNS drift threat api.github.com: ['TRUTH_DNS_DOWN', 'TRUTH_STUB_DRIFT', 'TRUTH_SYSTEM_DRIFT']
2026-07-03T22:35:53Z VIOLATION DNS drift threat ssh.github.com: ['TRUTH_DNS_DOWN']
2026-07-03T22:35:55Z VIOLATION DNS drift threat ssh.github.com: ['TRUTH_DNS_DOWN']
2026-07-03T22:35:56Z VIOLATION DNS drift threat github.com: ['TRUTH_DNS_DOWN', 'TRUTH_STUB_DRIFT', 'TRUTH_SYSTEM_DRIFT']
2026-07-03T22:35:59Z VIOLATION DNS drift threat api.github.com: ['TRUTH_DNS_DOWN', 'TRUTH_STUB_DRIFT', 'TRUTH_SYSTEM_DRIFT']
2026-07-03T22:36:01Z VIOLATION DNS drift threat github.com: ['TRUTH_DNS_DOWN', 'TRUTH_STUB_DRIFT', 'TRUTH_SYSTEM_DRIFT']
2026-07-03T22:36:01Z VIOLATION DNS drift threat ssh.github.com: ['TRUTH_DNS_DOWN', 'TRUTH_STUB_DRIFT', 'TRUTH_SYSTEM_DRIFT']
2026-07-03T22:36:03Z VIOLATION DNS drift threat api.github.com: ['TRUTH_DNS_DOWN']
2026-07-03T22:36:03Z VIOLATION DNS drift threat raw.githubusercontent.com: ['TRUTH_DNS_DOWN']
2026-07-03T22:36:06Z VIOLATION DNS drift threat ssh.github.com: ['TRUTH_DNS_DOWN', 'TRUTH_STUB_DRIFT', 'TRUTH_SYSTEM_DRIFT']
2026-07-03T22:36:07Z VIOLATION DNS drift threat github.com: ['TRUTH_DNS_DOWN', 'TRUTH_STUB_DRIFT', 'TRUTH_SYSTEM_DRIFT']
2026-07-03T22:36:09Z VIOLATION DNS drift threat github.com: ['TRUTH_DNS_DOWN', 'TRUTH_STUB_DRIFT', 'TRUTH_SYSTEM_DRIFT']
2026-07-03T22:36:10Z VIOLATION DNS drift threat api.github.com: ['TRUTH_DNS_DOWN', 'TRUTH_STUB_DRIFT', 'TRUTH_SYSTEM_DRIFT']
2026-07-03T22:36:12Z VIOLATION DNS drift threat github.com: ['TRUTH_DNS_DOWN']
2026-07-03T22:36:13Z VIOLATION DNS drift threat api.github.com: ['TRUTH_DNS_DOWN', 'TRUTH_STUB_DRIFT', 'TRUTH_SYSTEM_DRIFT']
2026-07-03T22:36:13Z VIOLATION DNS drift threat github.com: ['TRUTH_DNS_DOWN']
2026-07-03T22:36:14Z VIOLATION DNS drift threat api.github.com: ['TRUTH_DNS_DOWN', 'TRUTH_STUB_DRIFT', 'TRUTH_SYSTEM_DRIFT']
2026-07-03T22:36:15Z VIOLATION DNS drift threat github.com: ['TRUTH_DNS_DOWN', 'TRUTH_STUB_DRIFT', 'TRUTH_SYSTEM_DRIFT']
2026-07-03T22:36:17Z VIOLATION DNS drift threat api.github.com: ['TRUTH_DNS_DOWN', 'TRUTH_STUB_DRIFT', 'TRUTH_SYSTEM_DRIFT']
2026-07-03T22:36:17Z VIOLATION DNS drift threat ssh.github.com: ['TRUTH_DNS_DOWN', 'TRUTH_STUB_DRIFT', 'TRUTH_SYSTEM_DRIFT']
2026-07-03T22:36:20Z VIOLATION DNS drift threat api.github.com: ['TRUTH_DNS_DOWN']
2026-07-03T22:36:20Z VIOLATION DNS drift threat ssh.github.com: ['TRUTH_DNS_DOWN', 'TRUTH_STUB_DRIFT', 'TRUTH_SYSTEM_DRIFT']
2026-07-03T22:36:22Z VIOLATION DNS drift threat ssh.github.com: ['TRUTH_DNS_DOWN']
2026-07-03T22:36:23Z VIOLATION DNS drift threat github.com: ['TRUTH_DNS_DOWN', 'TRUTH_STUB_DRIFT', 'TRUTH_SYSTEM_DRIFT']
2026-07-03T22:36:26Z VIOLATION DNS drift threat github.com: ['TRUTH_DNS_DOWN', 'TRUTH_STUB_DRIFT', 'TRUTH_SYSTEM_DRIFT']
2026-07-03T22:36:27Z VIOLATION DNS drift threat api.github.com: ['TRUTH_DNS_DOWN']
2026-07-03T22:36:28Z VIOLATION DNS drift threat api.github.com: ['TRUTH_DNS_DOWN', 'TRUTH_STUB_DRIFT', 'TRUTH_SYSTEM_DRIFT']
2026-07-03T22:36:32Z VIOLATION DNS drift threat ssh.github.com: ['TRUTH_DNS_DOWN', 'TRUTH_STUB_DRIFT', 'TRUTH_SYSTEM_DRIFT']
2026-07-03T22:36:34Z VIOLATION DNS drift threat raw.githubusercontent.com: ['TRUTH_DNS_DOWN']
2026-07-03T22:36:35Z VIOLATION DNS drift threat github.com: ['TRUTH_DNS_DOWN', 'TRUTH_STUB_DRIFT', 'TRUTH_SYSTEM_DRIFT']
2026-07-03T22:36:35Z VIOLATION DNS drift threat github.com: ['TRUTH_DNS_DOWN', 'TRUTH_STUB_DRIFT', 'TRUTH_SYSTEM_DRIFT']
2026-07-03T22:36:38Z VIOLATION DNS drift threat api.github.com: ['TRUTH_DNS_DOWN', 'TRUTH_STUB_DRIFT', 'TRUTH_SYSTEM_DRIFT']
2026-07-03T22:36:39Z VIOLATION DNS drift threat api.github.com: ['TRUTH_DNS_DOWN', 'TRUTH_STUB_DRIFT', 'TRUTH_SYSTEM_DRIFT']
2026-07-03T22:36:40Z VIOLATION DNS drift threat github.com: ['TRUTH_DNS_DOWN', 'TRUTH_STUB_DRIFT', 'TRUTH_SYSTEM_DRIFT']
2026-07-03T22:36:41Z VIOLATION DNS drift threat api.github.com: ['TRUTH_DNS_DOWN', 'TRUTH_STUB_DRIFT', 'TRUTH_SYSTEM_DRIFT']
2026-07-03T22:36:42Z VIOLATION DNS drift threat ssh.github.com: ['TRUTH_DNS_DOWN', 'TRUTH_STUB_DRIFT', 'TRUTH_SYSTEM_DRIFT']
2026-07-03T22:36:43Z VIOLATION DNS drift threat ssh.github.com: ['TRUTH_DNS_DOWN', 'TRUTH_STUB_DRIFT', 'TRUTH_SYSTEM_DRIFT']
2026-07-03T22:36:46Z VIOLATION DNS drift threat github.com: ['TRUTH_DNS_DOWN', 'TRUTH_STUB_DRIFT', 'TRUTH_SYSTEM_DRIFT']
2026-07-03T22:36:48Z VIOLATION DNS drift threat api.github.com: ['TRUTH_DNS_DOWN', 'TRUTH_STUB_DRIFT', 'TRUTH_SYSTEM_DRIFT']
2026-07-03T22:36:50Z VIOLATION DNS drift threat github.com: ['TRUTH_DNS_DOWN', 'TRUTH_STUB_DRIFT', 'TRUTH_SYSTEM_DRIFT']
2026-07-03T22:36:51Z VIOLATION DNS drift threat github.com: ['TRUTH_DNS_DOWN', 'TRUTH_STUB_DRIFT', 'TRUTH_SYSTEM_DRIFT']
2026-07-03T22:36:51Z VIOLATION DNS drift threat github.com: ['TRUTH_DNS_DOWN', 'TRUTH_STUB_DRIFT', 'TRUTH_SYSTEM_DRIFT']
2026-07-03T22:36:55Z VIOLATION DNS drift threat api.github.com: ['TRUTH_DNS_DOWN', 'TRUTH_STUB_DRIFT', 'TRUTH_SYSTEM_DRIFT']
2026-07-03T22:36:57Z VIOLATION DNS drift threat ssh.github.com: ['TRUTH_DNS_DOWN', 'TRUTH_STUB_DRIFT', 'TRUTH_SYSTEM_DRIFT']
2026-07-03T22:36:57Z VIOLATION DNS drift threat api.github.com: ['TRUTH_DNS_DOWN', 'TRUTH_STUB_DRIFT', 'TRUTH_SYSTEM_DRIFT']
2026-07-03T22:36:59Z VIOLATION DNS drift threat raw.githubusercontent.com: ['TRUTH_DNS_DOWN']
2026-07-03T22:37:00Z VIOLATION DNS drift threat github.com: ['TRUTH_DNS_DOWN']
2026-07-03T22:37:00Z VIOLATION DNS drift threat github.com: ['TRUTH_DNS_DOWN', 'TRUTH_STUB_DRIFT', 'TRUTH_SYSTEM_DRIFT']
2026-07-03T22:37:01Z VIOLATION DNS drift threat github.com: ['TRUTH_DNS_DOWN']
2026-07-03T22:37:02Z VIOLATION DNS drift threat github.com: ['TRUTH_DNS_DOWN', 'TRUTH_STUB_DRIFT', 'TRUTH_SYSTEM_DRIFT']
2026-07-03T22:37:03Z VIOLATION DNS drift threat api.github.com: ['TRUTH_DNS_DOWN', 'TRUTH_STUB_DRIFT', 'TRUTH_SYSTEM_DRIFT']
2026-07-03T22:37:03Z VIOLATION DNS drift threat api.github.com: ['TRUTH_DNS_DOWN', 'TRUTH_STUB_DRIFT', 'TRUTH_SYSTEM_DRIFT']
2026-07-03T22:37:05Z VIOLATION DNS drift threat api.github.com: ['TRUTH_DNS_DOWN', 'TRUTH_STUB_DRIFT', 'TRUTH_SYSTEM_DRIFT']
2026-07-03T22:37:05Z VIOLATION DNS drift threat api.github.com: ['TRUTH_DNS_DOWN']
2026-07-03T22:37:06Z VIOLATION DNS drift threat ssh.github.com: ['TRUTH_DNS_DOWN', 'TRUTH_STUB_DRIFT', 'TRUTH_SYSTEM_DRIFT']
2026-07-03T22:37:06Z VIOLATION DNS drift threat ssh.github.com: ['TRUTH_DNS_DOWN', 'TRUTH_STUB_DRIFT', 'TRUTH_SYSTEM_DRIFT']
2026-07-03T22:37:07Z VIOLATION DNS drift threat ssh.github.com: ['TRUTH_DNS_DOWN', 'TRUTH_STUB_DRIFT', 'TRUTH_SYSTEM_DRIFT']
2026-07-03T22:37:08Z VIOLATION DNS drift threat ssh.github.com: ['TRUTH_DNS_DOWN', 'TRUTH_STUB_DRIFT', 'TRUTH_SYSTEM_DRIFT']
2026-07-03T22:37:12Z VIOLATION DNS drift threat github.com: ['TRUTH_DNS_DOWN', 'TRUTH_STUB_DRIFT', 'TRUTH_SYSTEM_DRIFT']
2026-07-03T22:37:15Z VIOLATION DNS drift threat api.github.com: ['TRUTH_DNS_DOWN', 'TRUTH_STUB_DRIFT', 'TRUTH_SYSTEM_DRIFT']
2026-07-03T22:37:16Z VIOLATION DNS drift threat github.com: ['TRUTH_DNS_DOWN', 'TRUTH_STUB_DRIFT', 'TRUTH_SYSTEM_DRIFT']
2026-07-03T22:37:18Z VIOLATION DNS drift threat ssh.github.com: ['TRUTH_DNS_DOWN', 'TRUTH_STUB_DRIFT', 'TRUTH_SYSTEM_DRIFT']
2026-07-03T22:37:19Z VIOLATION DNS drift threat github.com: ['TRUTH_DNS_DOWN', 'TRUTH_STUB_DRIFT', 'TRUTH_SYSTEM_DRIFT']
2026-07-03T22:37:19Z VIOLATION DNS drift threat api.github.com: ['TRUTH_DNS_DOWN']
2026-07-03T22:37:20Z VIOLATION DNS drift threat raw.githubusercontent.com: ['TRUTH_DNS_DOWN']
2026-07-03T22:37:22Z VIOLATION DNS drift threat ssh.github.com: ['TRUTH_DNS_DOWN', 'TRUTH_STUB_DRIFT', 'TRUTH_SYSTEM_DRIFT']
2026-07-03T22:37:24Z VIOLATION DNS drift threat api.github.com: ['TRUTH_DNS_DOWN', 'TRUTH_STUB_DRIFT', 'TRUTH_SYSTEM_DRIFT']
2026-07-03T22:37:30Z VIOLATION DNS drift threat github.com: ['TRUTH_DNS_DOWN']
2026-07-03T22:37:30Z VIOLATION DNS drift threat github.com: ['TRUTH_DNS_DOWN']
2026-07-03T22:37:32Z VIOLATION DNS drift threat api.github.com: ['TRUTH_DNS_DOWN', 'TRUTH_STUB_DRIFT', 'TRUTH_SYSTEM_DRIFT']
2026-07-03T22:37:34Z VIOLATION DNS drift threat api.github.com: ['TRUTH_DNS_DOWN', 'TRUTH_STUB_DRIFT', 'TRUTH_SYSTEM_DRIFT']
2026-07-03T22:37:34Z VIOLATION DNS drift threat github.com: ['TRUTH_DNS_DOWN']
2026-07-03T22:37:34Z VIOLATION DNS drift threat github.com: ['TRUTH_DNS_DOWN', 'TRUTH_STUB_DRIFT', 'TRUTH_SYSTEM_DRIFT']
2026-07-03T22:37:35Z VIOLATION DNS drift threat ssh.github.com: ['TRUTH_DNS_DOWN', 'TRUTH_STUB_DRIFT', 'TRUTH_SYSTEM_DRIFT']
2026-07-03T22:37:37Z VIOLATION DNS drift threat api.github.com: ['TRUTH_DNS_DOWN', 'TRUTH_STUB_DRIFT', 'TRUTH_SYSTEM_DRIFT']
2026-07-03T22:37:37Z VIOLATION DNS drift threat api.github.com: ['TRUTH_DNS_DOWN', 'TRUTH_STUB_DRIFT', 'TRUTH_SYSTEM_DRIFT']
2026-07-03T22:37:40Z VIOLATION DNS drift threat ssh.github.com: ['TRUTH_DNS_DOWN']
2026-07-03T22:37:45Z VIOLATION DNS drift threat github.com: ['TRUTH_DNS_DOWN']
2026-07-03T22:37:46Z VIOLATION DNS drift threat github.com: ['TRUTH_DNS_DOWN', 'TRUTH_STUB_DRIFT', 'TRUTH_SYSTEM_DRIFT']
2026-07-03T22:37:47Z VIOLATION DNS drift threat github.com: ['TRUTH_DNS_DOWN', 'TRUTH_STUB_DRIFT', 'TRUTH_SYSTEM_DRIFT']
2026-07-03T22:37:48Z VIOLATION DNS drift threat api.github.com: ['TRUTH_DNS_DOWN', 'TRUTH_STUB_DRIFT', 'TRUTH_SYSTEM_DRIFT']
2026-07-03T22:37:49Z VIOLATION DNS drift threat api.github.com: ['TRUTH_DNS_DOWN', 'TRUTH_STUB_DRIFT', 'TRUTH_SYSTEM_DRIFT']
2026-07-03T22:37:51Z VIOLATION DNS drift threat api.github.com: ['TRUTH_DNS_DOWN', 'TRUTH_STUB_DRIFT', 'TRUTH_SYSTEM_DRIFT']
2026-07-03T22:37:51Z VIOLATION DNS drift threat github.com: ['TRUTH_DNS_DOWN', 'TRUTH_STUB_DRIFT', 'TRUTH_SYSTEM_DRIFT']
2026-07-03T22:37:53Z VIOLATION DNS drift threat ssh.github.com: ['TRUTH_DNS_DOWN', 'TRUTH_STUB_DRIFT', 'TRUTH_SYSTEM_DRIFT']
2026-07-03T22:37:53Z VIOLATION DNS drift threat api.github.com: ['TRUTH_DNS_DOWN', 'TRUTH_STUB_DRIFT', 'TRUTH_SYSTEM_DRIFT']
2026-07-03T22:37:58Z VIOLATION DNS drift threat ssh.github.com: ['TRUTH_DNS_DOWN', 'TRUTH_STUB_DRIFT', 'TRUTH_SYSTEM_DRIFT']
2026-07-03T22:37:58Z VIOLATION DNS drift threat github.com: ['TRUTH_DNS_DOWN']
2026-07-03T22:38:00Z VIOLATION DNS drift threat github.com: ['TRUTH_DNS_DOWN', 'TRUTH_STUB_DRIFT', 'TRUTH_SYSTEM_DRIFT']
2026-07-03T22:38:01Z VIOLATION DNS drift threat github.com: ['TRUTH_DNS_DOWN', 'TRUTH_STUB_DRIFT', 'TRUTH_SYSTEM_DRIFT']
2026-07-03T22:38:02Z VIOLATION DNS drift threat api.github.com: ['TRUTH_DNS_DOWN']
2026-07-03T22:38:02Z VIOLATION DNS drift threat api.github.com: ['TRUTH_DNS_DOWN', 'TRUTH_STUB_DRIFT', 'TRUTH_SYSTEM_DRIFT']
2026-07-03T22:38:03Z VIOLATION DNS drift threat api.github.com: ['TRUTH_DNS_DOWN']
2026-07-03T22:38:05Z VIOLATION DNS drift threat ssh.github.com: ['TRUTH_DNS_DOWN']
2026-07-03T22:38:06Z VIOLATION DNS drift threat ssh.github.com: ['TRUTH_DNS_DOWN']
2026-07-03T22:38:06Z VIOLATION DNS drift threat ssh.github.com: ['TRUTH_DNS_DOWN', 'TRUTH_STUB_DRIFT', 'TRUTH_SYSTEM_DRIFT']
2026-07-03T22:38:07Z VIOLATION DNS drift threat github.com: ['TRUTH_DNS_DOWN', 'TRUTH_STUB_DRIFT', 'TRUTH_SYSTEM_DRIFT']
2026-07-03T22:38:08Z VIOLATION DNS drift threat github.com: ['TRUTH_DNS_DOWN', 'TRUTH_STUB_DRIFT', 'TRUTH_SYSTEM_DRIFT']
2026-07-03T22:38:12Z VIOLATION DNS drift threat api.github.com: ['TRUTH_DNS_DOWN', 'TRUTH_STUB_DRIFT', 'TRUTH_SYSTEM_DRIFT']
2026-07-03T22:38:13Z VIOLATION DNS drift threat api.github.com: ['TRUTH_DNS_DOWN', 'TRUTH_STUB_DRIFT', 'TRUTH_SYSTEM_DRIFT']
2026-07-03T22:38:15Z VIOLATION DNS drift threat ssh.github.com: ['TRUTH_DNS_DOWN']
2026-07-03T22:38:21Z VIOLATION DNS drift threat github.com: ['TRUTH_DNS_DOWN', 'TRUTH_STUB_DRIFT', 'TRUTH_SYSTEM_DRIFT']
2026-07-03T22:38:22Z VIOLATION DNS drift threat api.github.com: ['TRUTH_DNS_DOWN', 'TRUTH_STUB_DRIFT', 'TRUTH_SYSTEM_DRIFT']
2026-07-03T22:38:22Z VIOLATION DNS drift threat github.com: ['TRUTH_DNS_DOWN', 'TRUTH_STUB_DRIFT', 'TRUTH_SYSTEM_DRIFT']
2026-07-03T22:38:23Z VIOLATION DNS drift threat github.com: ['TRUTH_DNS_DOWN']
2026-07-03T22:38:25Z VIOLATION DNS drift threat api.github.com: ['TRUTH_DNS_DOWN', 'TRUTH_STUB_DRIFT', 'TRUTH_SYSTEM_DRIFT']
2026-07-03T22:38:25Z VIOLATION DNS drift threat api.github.com: ['TRUTH_DNS_DOWN', 'TRUTH_STUB_DRIFT', 'TRUTH_SYSTEM_DRIFT']
2026-07-03T22:38:26Z VIOLATION DNS drift threat ssh.github.com: ['TRUTH_DNS_DOWN', 'TRUTH_STUB_DRIFT', 'TRUTH_SYSTEM_DRIFT']
2026-07-03T22:38:27Z VIOLATION DNS drift threat github.com: ['TRUTH_DNS_DOWN', 'TRUTH_STUB_DRIFT', 'TRUTH_SYSTEM_DRIFT']
2026-07-03T22:38:29Z VIOLATION DNS drift threat ssh.github.com: ['TRUTH_DNS_DOWN']
2026-07-03T22:38:31Z VIOLATION DNS drift threat api.github.com: ['TRUTH_DNS_DOWN']
2026-07-03T22:38:31Z VIOLATION DNS drift threat github.com: ['TRUTH_DNS_DOWN', 'TRUTH_STUB_DRIFT', 'TRUTH_SYSTEM_DRIFT']
2026-07-03T22:38:32Z VIOLATION DNS drift threat api.github.com: ['TRUTH_DNS_DOWN', 'TRUTH_STUB_DRIFT', 'TRUTH_SYSTEM_DRIFT']
2026-07-03T22:38:35Z VIOLATION DNS drift threat ssh.github.com: ['TRUTH_DNS_DOWN']
2026-07-03T22:38:35Z VIOLATION DNS drift threat ssh.github.com: ['TRUTH_DNS_DOWN', 'TRUTH_STUB_DRIFT', 'TRUTH_SYSTEM_DRIFT']
2026-07-03T22:38:36Z VIOLATION DNS drift threat github.com: ['TRUTH_DNS_DOWN', 'TRUTH_STUB_DRIFT', 'TRUTH_SYSTEM_DRIFT']
2026-07-03T22:38:36Z VIOLATION DNS drift threat github.com: ['TRUTH_DNS_DOWN']
2026-07-03T22:38:37Z VIOLATION DNS drift threat github.com: ['TRUTH_DNS_DOWN', 'TRUTH_STUB_DRIFT', 'TRUTH_SYSTEM_DRIFT']
2026-07-03T22:38:38Z VIOLATION DNS drift threat raw.githubusercontent.com: ['TRUTH_DNS_DOWN']
2026-07-03T22:38:38Z VIOLATION DNS drift threat github.com: ['TRUTH_DNS_DOWN', 'TRUTH_STUB_DRIFT', 'TRUTH_SYSTEM_DRIFT']
2026-07-03T22:38:39Z VIOLATION DNS drift threat api.github.com: ['TRUTH_DNS_DOWN', 'TRUTH_STUB_DRIFT', 'TRUTH_SYSTEM_DRIFT']
2026-07-03T22:38:39Z VIOLATION DNS drift threat api.github.com: ['TRUTH_DNS_DOWN', 'TRUTH_STUB_DRIFT', 'TRUTH_SYSTEM_DRIFT']
2026-07-03T22:38:39Z VIOLATION DNS drift threat api.github.com: ['TRUTH_DNS_DOWN', 'TRUTH_STUB_DRIFT', 'TRUTH_SYSTEM_DRIFT']
2026-07-03T22:38:41Z VIOLATION DNS drift threat ssh.github.com: ['TRUTH_DNS_DOWN', 'TRUTH_STUB_DRIFT', 'TRUTH_SYSTEM_DRIFT']
2026-07-03T22:38:42Z VIOLATION DNS drift threat ssh.github.com: ['TRUTH_DNS_DOWN', 'TRUTH_STUB_DRIFT', 'TRUTH_SYSTEM_DRIFT']
2026-07-03T22:38:42Z VIOLATION DNS drift threat api.github.com: ['TRUTH_DNS_DOWN']
2026-07-03T22:38:42Z VIOLATION DNS drift threat ssh.github.com: ['TRUTH_DNS_DOWN', 'TRUTH_STUB_DRIFT', 'TRUTH_SYSTEM_DRIFT']
2026-07-03T22:38:44Z VIOLATION DNS drift threat ssh.github.com: ['TRUTH_DNS_DOWN', 'TRUTH_STUB_DRIFT', 'TRUTH_SYSTEM_DRIFT']
2026-07-03T22:38:51Z VIOLATION DNS drift threat github.com: ['TRUTH_DNS_DOWN', 'TRUTH_STUB_DRIFT', 'TRUTH_SYSTEM_DRIFT']
2026-07-03T22:38:53Z VIOLATION DNS drift threat github.com: ['TRUTH_DNS_DOWN']
2026-07-03T22:38:54Z VIOLATION DNS drift threat api.github.com: ['TRUTH_DNS_DOWN', 'TRUTH_STUB_DRIFT', 'TRUTH_SYSTEM_DRIFT']
2026-07-03T22:38:55Z VIOLATION DNS drift threat github.com: ['TRUTH_DNS_DOWN']
2026-07-03T22:38:57Z VIOLATION DNS drift threat api.github.com: ['TRUTH_DNS_DOWN', 'TRUTH_STUB_DRIFT', 'TRUTH_SYSTEM_DRIFT']
2026-07-03T22:38:58Z VIOLATION DNS drift threat api.github.com: ['TRUTH_DNS_DOWN', 'TRUTH_STUB_DRIFT', 'TRUTH_SYSTEM_DRIFT']
2026-07-03T22:38:58Z VIOLATION DNS drift threat github.com: ['TRUTH_DNS_DOWN', 'TRUTH_STUB_DRIFT', 'TRUTH_SYSTEM_DRIFT']
2026-07-03T22:39:02Z VIOLATION DNS drift threat api.github.com: ['TRUTH_DNS_DOWN', 'TRUTH_STUB_DRIFT', 'TRUTH_SYSTEM_DRIFT']
2026-07-03T22:39:02Z VIOLATION DNS drift threat ssh.github.com: ['TRUTH_DNS_DOWN', 'TRUTH_STUB_DRIFT', 'TRUTH_SYSTEM_DRIFT']
2026-07-03T22:39:05Z VIOLATION DNS drift threat ssh.github.com: ['TRUTH_DNS_DOWN', 'TRUTH_STUB_DRIFT', 'TRUTH_SYSTEM_DRIFT']
2026-07-03T22:39:05Z VIOLATION DNS drift threat github.com: ['TRUTH_DNS_DOWN', 'TRUTH_STUB_DRIFT', 'TRUTH_SYSTEM_DRIFT']
2026-07-03T22:39:08Z VIOLATION DNS drift threat github.com: ['TRUTH_DNS_DOWN']
2026-07-03T22:39:09Z VIOLATION DNS drift threat api.github.com: ['TRUTH_DNS_DOWN', 'TRUTH_STUB_DRIFT', 'TRUTH_SYSTEM_DRIFT']
2026-07-03T22:39:12Z VIOLATION DNS drift threat api.github.com: ['TRUTH_DNS_DOWN']
2026-07-03T22:39:13Z VIOLATION DNS drift threat github.com: ['TRUTH_DNS_DOWN']
2026-07-03T22:39:13Z VIOLATION DNS drift threat ssh.github.com: ['TRUTH_DNS_DOWN', 'TRUTH_STUB_DRIFT', 'TRUTH_SYSTEM_DRIFT']
2026-07-03T22:39:14Z VIOLATION DNS drift threat ssh.github.com: ['TRUTH_DNS_DOWN', 'TRUTH_STUB_DRIFT', 'TRUTH_SYSTEM_DRIFT']
2026-07-03T22:39:16Z VIOLATION DNS drift threat raw.githubusercontent.com: ['TRUTH_DNS_DOWN']
2026-07-03T22:39:18Z VIOLATION DNS drift threat api.github.com: ['TRUTH_DNS_DOWN']
2026-07-03T22:39:22Z VIOLATION DNS drift threat github.com: ['TRUTH_DNS_DOWN', 'TRUTH_STUB_DRIFT', 'TRUTH_SYSTEM_DRIFT']
2026-07-03T22:39:23Z VIOLATION DNS drift threat github.com: ['TRUTH_DNS_DOWN', 'TRUTH_STUB_DRIFT', 'TRUTH_SYSTEM_DRIFT']
2026-07-03T22:39:26Z VIOLATION DNS drift threat api.github.com: ['TRUTH_DNS_DOWN', 'TRUTH_STUB_DRIFT', 'TRUTH_SYSTEM_DRIFT']
2026-07-03T22:39:28Z VIOLATION DNS drift threat ssh.github.com: ['TRUTH_DNS_DOWN', 'TRUTH_STUB_DRIFT', 'TRUTH_SYSTEM_DRIFT']
2026-07-03T22:39:29Z VIOLATION DNS drift threat github.com: ['TRUTH_DNS_DOWN', 'TRUTH_STUB_DRIFT', 'TRUTH_SYSTEM_DRIFT']
2026-07-03T22:39:32Z VIOLATION DNS drift threat api.github.com: ['TRUTH_DNS_DOWN', 'TRUTH_STUB_DRIFT', 'TRUTH_SYSTEM_DRIFT']
2026-07-03T22:39:34Z VIOLATION DNS drift threat ssh.github.com: ['TRUTH_DNS_DOWN']
2026-07-03T22:39:35Z VIOLATION DNS drift threat github.com: ['TRUTH_DNS_DOWN', 'TRUTH_STUB_DRIFT', 'TRUTH_SYSTEM_DRIFT']
2026-07-03T22:39:37Z VIOLATION DNS drift threat github.com: ['TRUTH_DNS_DOWN', 'TRUTH_STUB_DRIFT', 'TRUTH_SYSTEM_DRIFT']
2026-07-03T22:39:38Z VIOLATION DNS drift threat github.com: ['TRUTH_DNS_DOWN']
2026-07-03T22:39:38Z VIOLATION DNS drift threat api.github.com: ['TRUTH_DNS_DOWN', 'TRUTH_STUB_DRIFT', 'TRUTH_SYSTEM_DRIFT']
2026-07-03T22:39:41Z VIOLATION DNS drift threat api.github.com: ['TRUTH_DNS_DOWN', 'TRUTH_STUB_DRIFT', 'TRUTH_SYSTEM_DRIFT']
2026-07-03T22:39:42Z VIOLATION DNS drift threat api.github.com: ['TRUTH_DNS_DOWN', 'TRUTH_STUB_DRIFT', 'TRUTH_SYSTEM_DRIFT']
2026-07-03T22:39:43Z VIOLATION DNS drift threat github.com: ['TRUTH_DNS_DOWN', 'TRUTH_STUB_DRIFT', 'TRUTH_SYSTEM_DRIFT']
2026-07-03T22:39:43Z VIOLATION DNS drift threat ssh.github.com: ['TRUTH_DNS_DOWN', 'TRUTH_STUB_DRIFT', 'TRUTH_SYSTEM_DRIFT']
2026-07-03T22:39:47Z VIOLATION DNS drift threat api.github.com: ['TRUTH_DNS_DOWN']
2026-07-03T22:39:53Z VIOLATION DNS drift threat github.com: ['TRUTH_DNS_DOWN']
2026-07-03T22:39:56Z VIOLATION DNS drift threat github.com: ['TRUTH_DNS_DOWN']
2026-07-03T22:39:57Z VIOLATION DNS drift threat api.github.com: ['TRUTH_DNS_DOWN', 'TRUTH_STUB_DRIFT', 'TRUTH_SYSTEM_DRIFT']
2026-07-03T22:39:57Z VIOLATION DNS drift threat github.com: ['TRUTH_DNS_DOWN', 'TRUTH_STUB_DRIFT', 'TRUTH_SYSTEM_DRIFT']
2026-07-03T22:39:57Z VIOLATION DNS drift threat github.com: ['TRUTH_DNS_DOWN']
2026-07-03T22:39:57Z VIOLATION DNS drift threat api.github.com: ['TRUTH_DNS_DOWN', 'TRUTH_STUB_DRIFT', 'TRUTH_SYSTEM_DRIFT']
2026-07-03T22:39:58Z VIOLATION DNS drift threat github.com: ['TRUTH_DNS_DOWN', 'TRUTH_STUB_DRIFT', 'TRUTH_SYSTEM_DRIFT']
2026-07-03T22:40:00Z VIOLATION DNS drift threat api.github.com: ['TRUTH_DNS_DOWN', 'TRUTH_STUB_DRIFT', 'TRUTH_SYSTEM_DRIFT']
2026-07-03T22:40:01Z VIOLATION DNS drift threat api.github.com: ['TRUTH_DNS_DOWN']
2026-07-03T22:40:01Z VIOLATION DNS drift threat api.github.com: ['TRUTH_DNS_DOWN', 'TRUTH_STUB_DRIFT', 'TRUTH_SYSTEM_DRIFT']
2026-07-03T22:40:02Z VIOLATION DNS drift threat ssh.github.com: ['TRUTH_DNS_DOWN', 'TRUTH_STUB_DRIFT', 'TRUTH_SYSTEM_DRIFT']
2026-07-03T22:40:02Z VIOLATION DNS drift threat ssh.github.com: ['TRUTH_DNS_DOWN']
2026-07-03T22:40:04Z VIOLATION DNS drift threat ssh.github.com: ['TRUTH_DNS_DOWN', 'TRUTH_STUB_DRIFT', 'TRUTH_SYSTEM_DRIFT']
2026-07-03T22:40:05Z VIOLATION DNS drift threat github.com: ['TRUTH_DNS_DOWN', 'TRUTH_STUB_DRIFT', 'TRUTH_SYSTEM_DRIFT']
2026-07-03T22:40:07Z VIOLATION DNS drift threat github.com: ['TRUTH_DNS_DOWN', 'TRUTH_STUB_DRIFT', 'TRUTH_SYSTEM_DRIFT']
2026-07-03T22:40:08Z VIOLATION DNS drift threat api.github.com: ['TRUTH_DNS_DOWN', 'TRUTH_STUB_DRIFT', 'TRUTH_SYSTEM_DRIFT']
2026-07-03T22:40:09Z VIOLATION DNS drift threat api.github.com: ['TRUTH_DNS_DOWN', 'TRUTH_STUB_DRIFT', 'TRUTH_SYSTEM_DRIFT']
2026-07-03T22:40:10Z VIOLATION DNS drift threat ssh.github.com: ['TRUTH_DNS_DOWN', 'TRUTH_STUB_DRIFT', 'TRUTH_SYSTEM_DRIFT']
2026-07-03T22:40:14Z VIOLATION DNS drift threat github.com: ['TRUTH_DNS_DOWN']
2026-07-03T22:40:14Z VIOLATION DNS drift threat github.com: ['TRUTH_DNS_DOWN']
2026-07-03T22:40:16Z VIOLATION DNS drift threat github.com: ['TRUTH_DNS_DOWN', 'TRUTH_STUB_DRIFT', 'TRUTH_SYSTEM_DRIFT']
2026-07-03T22:40:18Z VIOLATION DNS drift threat api.github.com: ['TRUTH_DNS_DOWN']
2026-07-03T22:40:19Z VIOLATION DNS drift threat api.github.com: ['TRUTH_DNS_DOWN', 'TRUTH_STUB_DRIFT', 'TRUTH_SYSTEM_DRIFT']
2026-07-03T22:40:25Z VIOLATION DNS drift threat github.com: ['TRUTH_DNS_DOWN', 'TRUTH_STUB_DRIFT', 'TRUTH_SYSTEM_DRIFT']
2026-07-03T22:40:27Z VIOLATION DNS drift threat github.com: ['TRUTH_DNS_DOWN', 'TRUTH_STUB_DRIFT', 'TRUTH_SYSTEM_DRIFT']
2026-07-03T22:40:30Z VIOLATION DNS drift threat github.com: ['TRUTH_DNS_DOWN', 'TRUTH_STUB_DRIFT', 'TRUTH_SYSTEM_DRIFT']
2026-07-03T22:40:31Z VIOLATION DNS drift threat api.github.com: ['TRUTH_DNS_DOWN', 'TRUTH_STUB_DRIFT', 'TRUTH_SYSTEM_DRIFT']
2026-07-03T22:40:32Z VIOLATION DNS drift threat api.github.com: ['TRUTH_DNS_DOWN', 'TRUTH_STUB_DRIFT', 'TRUTH_SYSTEM_DRIFT']
2026-07-03T22:40:35Z VIOLATION DNS drift threat github.com: ['TRUTH_DNS_DOWN', 'TRUTH_STUB_DRIFT', 'TRUTH_SYSTEM_DRIFT']
2026-07-03T22:40:35Z VIOLATION DNS drift threat ssh.github.com: ['TRUTH_DNS_DOWN', 'TRUTH_STUB_DRIFT', 'TRUTH_SYSTEM_DRIFT']
2026-07-03T22:40:39Z VIOLATION DNS drift threat api.github.com: ['TRUTH_DNS_DOWN']
2026-07-03T22:40:47Z VIOLATION DNS drift threat github.com: ['TRUTH_DNS_DOWN', 'TRUTH_STUB_DRIFT', 'TRUTH_SYSTEM_DRIFT']
2026-07-03T22:40:50Z VIOLATION DNS drift threat api.github.com: ['TRUTH_DNS_DOWN', 'TRUTH_STUB_DRIFT', 'TRUTH_SYSTEM_DRIFT']
2026-07-03T22:40:51Z VIOLATION DNS drift threat github.com: ['TRUTH_DNS_DOWN', 'TRUTH_STUB_DRIFT', 'TRUTH_SYSTEM_DRIFT']
2026-07-03T22:40:52Z VIOLATION DNS drift threat ssh.github.com: ['TRUTH_DNS_DOWN', 'TRUTH_STUB_DRIFT', 'TRUTH_SYSTEM_DRIFT']
2026-07-03T22:40:53Z VIOLATION DNS drift threat api.github.com: ['TRUTH_DNS_DOWN', 'TRUTH_STUB_DRIFT', 'TRUTH_SYSTEM_DRIFT']
2026-07-03T22:40:56Z VIOLATION DNS drift threat ssh.github.com: ['TRUTH_DNS_DOWN', 'TRUTH_STUB_DRIFT', 'TRUTH_SYSTEM_DRIFT']
2026-07-03T22:40:56Z VIOLATION DNS drift threat github.com: ['TRUTH_DNS_DOWN']
2026-07-03T22:40:58Z VIOLATION DNS drift threat api.github.com: ['TRUTH_DNS_DOWN', 'TRUTH_STUB_DRIFT', 'TRUTH_SYSTEM_DRIFT']
2026-07-03T22:41:02Z VIOLATION DNS drift threat ssh.github.com: ['TRUTH_DNS_DOWN', 'TRUTH_STUB_DRIFT', 'TRUTH_SYSTEM_DRIFT']
2026-07-03T22:41:03Z VIOLATION DNS drift threat github.com: ['TRUTH_DNS_DOWN', 'TRUTH_STUB_DRIFT', 'TRUTH_SYSTEM_DRIFT']
2026-07-03T22:41:07Z VIOLATION DNS drift threat github.com: ['TRUTH_DNS_DOWN', 'TRUTH_STUB_DRIFT', 'TRUTH_SYSTEM_DRIFT']
2026-07-03T22:41:08Z VIOLATION DNS drift threat github.com: ['TRUTH_DNS_DOWN', 'TRUTH_STUB_DRIFT', 'TRUTH_SYSTEM_DRIFT']
2026-07-03T22:41:08Z VIOLATION DNS drift threat github.com: ['TRUTH_DNS_DOWN', 'TRUTH_STUB_DRIFT', 'TRUTH_SYSTEM_DRIFT']
2026-07-03T22:41:10Z VIOLATION DNS drift threat github.com: ['TRUTH_DNS_DOWN', 'TRUTH_STUB_DRIFT', 'TRUTH_SYSTEM_DRIFT']
2026-07-03T22:41:11Z VIOLATION DNS drift threat github.com: ['TRUTH_DNS_DOWN', 'TRUTH_STUB_DRIFT', 'TRUTH_SYSTEM_DRIFT']
2026-07-03T22:41:12Z VIOLATION DNS drift threat api.github.com: ['TRUTH_DNS_DOWN', 'TRUTH_STUB_DRIFT', 'TRUTH_SYSTEM_DRIFT']
2026-07-03T22:41:13Z VIOLATION DNS drift threat api.github.com: ['TRUTH_DNS_DOWN', 'TRUTH_STUB_DRIFT', 'TRUTH_SYSTEM_DRIFT']
2026-07-03T22:41:13Z VIOLATION DNS drift threat api.github.com: ['TRUTH_DNS_DOWN', 'TRUTH_STUB_DRIFT', 'TRUTH_SYSTEM_DRIFT']
2026-07-03T22:41:13Z VIOLATION DNS drift threat api.github.com: ['TRUTH_DNS_DOWN', 'TRUTH_STUB_DRIFT', 'TRUTH_SYSTEM_DRIFT']
2026-07-03T22:41:18Z VIOLATION DNS drift threat ssh.github.com: ['TRUTH_DNS_DOWN', 'TRUTH_STUB_DRIFT', 'TRUTH_SYSTEM_DRIFT']
2026-07-03T22:41:20Z VIOLATION DNS drift threat github.com: ['TRUTH_DNS_DOWN', 'TRUTH_STUB_DRIFT', 'TRUTH_SYSTEM_DRIFT']
2026-07-03T22:41:22Z VIOLATION DNS drift threat api.github.com: ['TRUTH_DNS_DOWN', 'TRUTH_STUB_DRIFT', 'TRUTH_SYSTEM_DRIFT']
2026-07-03T22:41:25Z VIOLATION DNS drift threat ssh.github.com: ['TRUTH_DNS_DOWN', 'TRUTH_STUB_DRIFT', 'TRUTH_SYSTEM_DRIFT']
2026-07-03T22:41:28Z VIOLATION DNS drift threat github.com: ['TRUTH_DNS_DOWN']
2026-07-03T22:41:30Z VIOLATION DNS drift threat github.com: ['TRUTH_DNS_DOWN', 'TRUTH_STUB_DRIFT', 'TRUTH_SYSTEM_DRIFT']
2026-07-03T22:41:30Z VIOLATION DNS drift threat github.com: ['TRUTH_DNS_DOWN', 'TRUTH_STUB_DRIFT', 'TRUTH_SYSTEM_DRIFT']
2026-07-03T22:41:32Z VIOLATION DNS drift threat api.github.com: ['TRUTH_DNS_DOWN', 'TRUTH_STUB_DRIFT', 'TRUTH_SYSTEM_DRIFT']
2026-07-03T22:41:33Z VIOLATION DNS drift threat github.com: ['TRUTH_DNS_DOWN', 'TRUTH_STUB_DRIFT', 'TRUTH_SYSTEM_DRIFT']
2026-07-03T22:41:33Z VIOLATION DNS drift threat github.com: ['TRUTH_DNS_DOWN', 'TRUTH_STUB_DRIFT', 'TRUTH_SYSTEM_DRIFT']
2026-07-03T22:41:34Z VIOLATION DNS drift threat api.github.com: ['TRUTH_DNS_DOWN', 'TRUTH_STUB_DRIFT', 'TRUTH_SYSTEM_DRIFT']
2026-07-03T22:41:35Z VIOLATION DNS drift threat api.github.com: ['TRUTH_DNS_DOWN', 'TRUTH_STUB_DRIFT', 'TRUTH_SYSTEM_DRIFT']
2026-07-03T22:41:36Z VIOLATION DNS drift threat ssh.github.com: ['TRUTH_DNS_DOWN', 'TRUTH_STUB_DRIFT', 'TRUTH_SYSTEM_DRIFT']
2026-07-03T22:41:37Z VIOLATION DNS drift threat api.github.com: ['TRUTH_DNS_DOWN']
2026-07-03T22:41:38Z VIOLATION DNS drift threat ssh.github.com: ['TRUTH_DNS_DOWN', 'TRUTH_STUB_DRIFT', 'TRUTH_SYSTEM_DRIFT']
2026-07-03T22:41:38Z VIOLATION DNS drift threat api.github.com: ['TRUTH_DNS_DOWN', 'TRUTH_STUB_DRIFT', 'TRUTH_SYSTEM_DRIFT']
2026-07-03T22:41:40Z VIOLATION DNS drift threat github.com: ['TRUTH_DNS_DOWN']
2026-07-03T22:41:41Z VIOLATION DNS drift threat ssh.github.com: ['TRUTH_DNS_DOWN']
2026-07-03T22:41:45Z VIOLATION DNS drift threat api.github.com: ['TRUTH_DNS_DOWN', 'TRUTH_STUB_DRIFT', 'TRUTH_SYSTEM_DRIFT']
2026-07-03T22:41:45Z VIOLATION DNS drift threat github.com: ['TRUTH_DNS_DOWN', 'TRUTH_STUB_DRIFT', 'TRUTH_SYSTEM_DRIFT']
2026-07-03T22:41:47Z VIOLATION DNS drift threat github.com: ['TRUTH_DNS_DOWN', 'TRUTH_STUB_DRIFT', 'TRUTH_SYSTEM_DRIFT']
2026-07-03T22:41:48Z VIOLATION DNS drift threat api.github.com: ['TRUTH_DNS_DOWN', 'TRUTH_STUB_DRIFT', 'TRUTH_SYSTEM_DRIFT']
2026-07-03T22:41:52Z VIOLATION DNS drift threat api.github.com: ['TRUTH_DNS_DOWN', 'TRUTH_STUB_DRIFT', 'TRUTH_SYSTEM_DRIFT']
2026-07-03T22:41:52Z VIOLATION DNS drift threat github.com: ['TRUTH_DNS_DOWN', 'TRUTH_STUB_DRIFT', 'TRUTH_SYSTEM_DRIFT']
2026-07-03T22:41:58Z VIOLATION DNS drift threat api.github.com: ['TRUTH_DNS_DOWN', 'TRUTH_STUB_DRIFT', 'TRUTH_SYSTEM_DRIFT']
2026-07-03T22:41:59Z VIOLATION DNS drift threat github.com: ['TRUTH_DNS_DOWN']
2026-07-03T22:42:01Z VIOLATION DNS drift threat github.com: ['TRUTH_DNS_DOWN', 'TRUTH_STUB_DRIFT', 'TRUTH_SYSTEM_DRIFT']
2026-07-03T22:42:04Z VIOLATION DNS drift threat api.github.com: ['TRUTH_DNS_DOWN', 'TRUTH_STUB_DRIFT', 'TRUTH_SYSTEM_DRIFT']
2026-07-03T22:42:08Z VIOLATION DNS drift threat api.github.com: ['TRUTH_DNS_DOWN', 'TRUTH_STUB_DRIFT', 'TRUTH_SYSTEM_DRIFT']
2026-07-03T22:42:11Z VIOLATION DNS drift threat github.com: ['TRUTH_DNS_DOWN', 'TRUTH_STUB_DRIFT', 'TRUTH_SYSTEM_DRIFT']
2026-07-03T22:42:13Z VIOLATION DNS drift threat github.com: ['TRUTH_DNS_DOWN', 'TRUTH_STUB_DRIFT', 'TRUTH_SYSTEM_DRIFT']
2026-07-03T22:42:14Z VIOLATION DNS drift threat github.com: ['TRUTH_DNS_DOWN', 'TRUTH_STUB_DRIFT', 'TRUTH_SYSTEM_DRIFT']
2026-07-03T22:42:17Z VIOLATION DNS drift threat api.github.com: ['TRUTH_DNS_DOWN', 'TRUTH_STUB_DRIFT', 'TRUTH_SYSTEM_DRIFT']
2026-07-03T22:42:17Z VIOLATION DNS drift threat api.github.com: ['TRUTH_DNS_DOWN', 'TRUTH_STUB_DRIFT', 'TRUTH_SYSTEM_DRIFT']
2026-07-03T22:42:29Z VIOLATION DNS drift threat github.com: ['TRUTH_DNS_DOWN', 'TRUTH_STUB_DRIFT', 'TRUTH_SYSTEM_DRIFT']
2026-07-03T22:42:29Z VIOLATION DNS drift threat github.com: ['TRUTH_DNS_DOWN', 'TRUTH_STUB_DRIFT', 'TRUTH_SYSTEM_DRIFT']
2026-07-03T22:42:33Z VIOLATION DNS drift threat github.com: ['TRUTH_DNS_DOWN', 'TRUTH_STUB_DRIFT', 'TRUTH_SYSTEM_DRIFT']
2026-07-03T22:42:33Z VIOLATION DNS drift threat github.com: ['TRUTH_DNS_DOWN', 'TRUTH_STUB_DRIFT', 'TRUTH_SYSTEM_DRIFT']
2026-07-03T22:42:33Z VIOLATION DNS drift threat github.com: ['TRUTH_DNS_DOWN', 'TRUTH_STUB_DRIFT', 'TRUTH_SYSTEM_DRIFT']
2026-07-03T22:42:34Z VIOLATION DNS drift threat api.github.com: ['TRUTH_DNS_DOWN', 'TRUTH_STUB_DRIFT', 'TRUTH_SYSTEM_DRIFT']
2026-07-03T22:42:34Z VIOLATION DNS drift threat api.github.com: ['TRUTH_DNS_DOWN', 'TRUTH_STUB_DRIFT', 'TRUTH_SYSTEM_DRIFT']
2026-07-03T22:42:35Z VIOLATION DNS drift threat github.com: ['TRUTH_DNS_DOWN', 'TRUTH_STUB_DRIFT', 'TRUTH_SYSTEM_DRIFT']
2026-07-03T22:42:35Z VIOLATION DNS drift threat api.github.com: ['TRUTH_DNS_DOWN']
2026-07-03T22:42:37Z VIOLATION DNS drift threat ssh.github.com: ['TRUTH_DNS_DOWN', 'TRUTH_STUB_DRIFT', 'TRUTH_SYSTEM_DRIFT']
2026-07-03T22:42:38Z VIOLATION DNS drift threat api.github.com: ['TRUTH_DNS_DOWN', 'TRUTH_STUB_DRIFT', 'TRUTH_SYSTEM_DRIFT']
2026-07-03T22:42:38Z VIOLATION DNS drift threat api.github.com: ['TRUTH_DNS_DOWN', 'TRUTH_STUB_DRIFT', 'TRUTH_SYSTEM_DRIFT']
2026-07-03T22:42:38Z VIOLATION DNS drift threat github.com: ['TRUTH_DNS_DOWN', 'TRUTH_STUB_DRIFT', 'TRUTH_SYSTEM_DRIFT']
2026-07-03T22:42:39Z VIOLATION DNS drift threat api.github.com: ['TRUTH_DNS_DOWN', 'TRUTH_STUB_DRIFT', 'TRUTH_SYSTEM_DRIFT']
2026-07-03T22:42:40Z VIOLATION DNS drift threat raw.githubusercontent.com: ['TRUTH_DNS_DOWN']
2026-07-03T22:42:41Z VIOLATION DNS drift threat api.github.com: ['TRUTH_DNS_DOWN', 'TRUTH_STUB_DRIFT', 'TRUTH_SYSTEM_DRIFT']
2026-07-03T22:42:45Z VIOLATION DNS drift threat github.com: ['TRUTH_DNS_DOWN', 'TRUTH_STUB_DRIFT', 'TRUTH_SYSTEM_DRIFT']
2026-07-03T22:42:45Z VIOLATION DNS drift threat github.com: ['TRUTH_DNS_DOWN']
2026-07-03T22:42:47Z VIOLATION DNS drift threat api.github.com: ['TRUTH_DNS_DOWN', 'TRUTH_STUB_DRIFT', 'TRUTH_SYSTEM_DRIFT']
2026-07-03T22:42:47Z VIOLATION DNS drift threat api.github.com: ['TRUTH_DNS_DOWN', 'TRUTH_STUB_DRIFT', 'TRUTH_SYSTEM_DRIFT']
2026-07-03T22:42:50Z VIOLATION DNS drift threat github.com: ['TRUTH_DNS_DOWN', 'TRUTH_STUB_DRIFT', 'TRUTH_SYSTEM_DRIFT']
2026-07-03T22:42:50Z VIOLATION DNS drift threat ssh.github.com: ['TRUTH_DNS_DOWN', 'TRUTH_STUB_DRIFT', 'TRUTH_SYSTEM_DRIFT']
2026-07-03T22:42:51Z VIOLATION DNS drift threat github.com: ['TRUTH_DNS_DOWN']
2026-07-03T22:42:52Z VIOLATION DNS drift threat api.github.com: ['TRUTH_DNS_DOWN', 'TRUTH_STUB_DRIFT', 'TRUTH_SYSTEM_DRIFT']
2026-07-03T22:42:53Z VIOLATION DNS drift threat raw.githubusercontent.com: ['TRUTH_DNS_DOWN']
2026-07-03T22:42:53Z VIOLATION DNS drift threat api.github.com: ['TRUTH_DNS_DOWN', 'TRUTH_STUB_DRIFT', 'TRUTH_SYSTEM_DRIFT']
2026-07-03T22:42:55Z VIOLATION DNS drift threat ssh.github.com: ['TRUTH_DNS_DOWN', 'TRUTH_STUB_DRIFT', 'TRUTH_SYSTEM_DRIFT']
2026-07-03T22:42:56Z VIOLATION DNS drift threat raw.githubusercontent.com: ['TRUTH_DNS_DOWN']
2026-07-03T22:42:57Z VIOLATION DNS drift threat ssh.github.com: ['TRUTH_DNS_DOWN', 'TRUTH_STUB_DRIFT', 'TRUTH_SYSTEM_DRIFT']
2026-07-03T22:43:00Z VIOLATION DNS drift threat github.com: ['TRUTH_DNS_DOWN', 'TRUTH_STUB_DRIFT', 'TRUTH_SYSTEM_DRIFT']
2026-07-03T22:43:00Z VIOLATION DNS drift threat github.com: ['TRUTH_DNS_DOWN', 'TRUTH_STUB_DRIFT', 'TRUTH_SYSTEM_DRIFT']
2026-07-03T22:43:02Z VIOLATION DNS drift threat api.github.com: ['TRUTH_DNS_DOWN', 'TRUTH_STUB_DRIFT', 'TRUTH_SYSTEM_DRIFT']
2026-07-03T22:43:04Z VIOLATION DNS drift threat api.github.com: ['TRUTH_DNS_DOWN', 'TRUTH_STUB_DRIFT', 'TRUTH_SYSTEM_DRIFT']
2026-07-03T22:43:05Z VIOLATION DNS drift threat github.com: ['TRUTH_DNS_DOWN', 'TRUTH_STUB_DRIFT', 'TRUTH_SYSTEM_DRIFT']
2026-07-03T22:43:05Z VIOLATION DNS drift threat ssh.github.com: ['TRUTH_DNS_DOWN', 'TRUTH_STUB_DRIFT', 'TRUTH_SYSTEM_DRIFT']
2026-07-03T22:43:07Z VIOLATION DNS drift threat github.com: ['TRUTH_DNS_DOWN', 'TRUTH_STUB_DRIFT', 'TRUTH_SYSTEM_DRIFT']
2026-07-03T22:43:09Z VIOLATION DNS drift threat api.github.com: ['TRUTH_DNS_DOWN', 'TRUTH_STUB_DRIFT', 'TRUTH_SYSTEM_DRIFT']
2026-07-03T22:43:09Z VIOLATION DNS drift threat github.com: ['TRUTH_DNS_DOWN', 'TRUTH_STUB_DRIFT', 'TRUTH_SYSTEM_DRIFT']
2026-07-03T22:43:09Z VIOLATION DNS drift threat github.com: ['TRUTH_DNS_DOWN', 'TRUTH_STUB_DRIFT', 'TRUTH_SYSTEM_DRIFT']
2026-07-03T22:43:09Z VIOLATION DNS drift threat api.github.com: ['TRUTH_DNS_DOWN', 'TRUTH_STUB_DRIFT', 'TRUTH_SYSTEM_DRIFT']
2026-07-03T22:43:10Z VIOLATION DNS drift threat api.github.com: ['TRUTH_DNS_DOWN', 'TRUTH_STUB_DRIFT', 'TRUTH_SYSTEM_DRIFT']
2026-07-03T22:43:12Z VIOLATION DNS drift threat api.github.com: ['TRUTH_DNS_DOWN', 'TRUTH_STUB_DRIFT', 'TRUTH_SYSTEM_DRIFT']
2026-07-03T22:43:12Z VIOLATION DNS drift threat ssh.github.com: ['TRUTH_DNS_DOWN', 'TRUTH_STUB_DRIFT', 'TRUTH_SYSTEM_DRIFT']
2026-07-03T22:43:13Z VIOLATION DNS drift threat ssh.github.com: ['TRUTH_DNS_DOWN', 'TRUTH_STUB_DRIFT', 'TRUTH_SYSTEM_DRIFT']
2026-07-03T22:43:16Z VIOLATION DNS drift threat ssh.github.com: ['TRUTH_DNS_DOWN', 'TRUTH_STUB_DRIFT', 'TRUTH_SYSTEM_DRIFT']
2026-07-03T22:43:18Z VIOLATION DNS drift threat github.com: ['TRUTH_DNS_DOWN', 'TRUTH_SYSTEM_DRIFT']
2026-07-03T22:43:21Z VIOLATION DNS drift threat api.github.com: ['TRUTH_DNS_DOWN', 'TRUTH_STUB_DRIFT', 'TRUTH_SYSTEM_DRIFT']
2026-07-03T22:43:24Z VIOLATION DNS drift threat github.com: ['TRUTH_DNS_DOWN', 'TRUTH_STUB_DRIFT', 'TRUTH_SYSTEM_DRIFT']
2026-07-03T22:43:27Z VIOLATION DNS drift threat github.com: ['TRUTH_DNS_DOWN', 'TRUTH_STUB_DRIFT', 'TRUTH_SYSTEM_DRIFT']
2026-07-03T22:43:29Z VIOLATION DNS drift threat github.com: ['TRUTH_DNS_DOWN', 'TRUTH_STUB_DRIFT', 'TRUTH_SYSTEM_DRIFT']
2026-07-03T22:43:29Z VIOLATION DNS drift threat api.github.com: ['TRUTH_DNS_DOWN', 'TRUTH_STUB_DRIFT', 'TRUTH_SYSTEM_DRIFT']
2026-07-03T22:43:32Z VIOLATION DNS drift threat api.github.com: ['TRUTH_DNS_DOWN', 'TRUTH_STUB_DRIFT', 'TRUTH_SYSTEM_DRIFT']
2026-07-03T22:43:33Z VIOLATION DNS drift threat api.github.com: ['TRUTH_DNS_DOWN', 'TRUTH_STUB_DRIFT', 'TRUTH_SYSTEM_DRIFT']
2026-07-03T22:43:36Z VIOLATION DNS drift threat github.com: ['TRUTH_DNS_DOWN', 'TRUTH_STUB_DRIFT', 'TRUTH_SYSTEM_DRIFT']
2026-07-03T22:43:36Z VIOLATION DNS drift threat ssh.github.com: ['TRUTH_DNS_DOWN', 'TRUTH_STUB_DRIFT', 'TRUTH_SYSTEM_DRIFT']
2026-07-03T22:43:38Z VIOLATION DNS drift threat api.github.com: ['TRUTH_DNS_DOWN', 'TRUTH_STUB_DRIFT', 'TRUTH_SYSTEM_DRIFT']
2026-07-03T22:43:38Z VIOLATION DNS drift threat github.com: ['TRUTH_DNS_DOWN', 'TRUTH_STUB_DRIFT', 'TRUTH_SYSTEM_DRIFT']
2026-07-03T22:43:39Z VIOLATION DNS drift threat github.com: ['TRUTH_DNS_DOWN', 'TRUTH_STUB_DRIFT', 'TRUTH_SYSTEM_DRIFT']
2026-07-03T22:43:42Z VIOLATION DNS drift threat api.github.com: ['TRUTH_DNS_DOWN']
2026-07-03T22:43:44Z VIOLATION DNS drift threat api.github.com: ['TRUTH_DNS_DOWN', 'TRUTH_STUB_DRIFT', 'TRUTH_SYSTEM_DRIFT']
2026-07-03T22:43:48Z VIOLATION DNS drift threat ssh.github.com: ['TRUTH_DNS_DOWN', 'TRUTH_STUB_DRIFT', 'TRUTH_SYSTEM_DRIFT']
2026-07-03T22:43:49Z VIOLATION DNS drift threat github.com: ['TRUTH_DNS_DOWN']
2026-07-03T22:43:52Z VIOLATION DNS drift threat api.github.com: ['TRUTH_DNS_DOWN', 'TRUTH_STUB_DRIFT', 'TRUTH_SYSTEM_DRIFT']
2026-07-03T22:43:57Z VIOLATION DNS drift threat github.com: ['TRUTH_DNS_DOWN', 'TRUTH_STUB_DRIFT', 'TRUTH_SYSTEM_DRIFT']
2026-07-03T22:43:59Z VIOLATION DNS drift threat github.com: ['TRUTH_DNS_DOWN', 'TRUTH_STUB_DRIFT', 'TRUTH_SYSTEM_DRIFT']
2026-07-03T22:43:59Z VIOLATION DNS drift threat api.github.com: ['TRUTH_DNS_DOWN', 'TRUTH_STUB_DRIFT', 'TRUTH_SYSTEM_DRIFT']
2026-07-03T22:44:04Z VIOLATION DNS drift threat api.github.com: ['TRUTH_DNS_DOWN', 'TRUTH_STUB_DRIFT', 'TRUTH_SYSTEM_DRIFT']
2026-07-03T22:44:07Z VIOLATION DNS drift threat github.com: ['TRUTH_DNS_DOWN', 'TRUTH_STUB_DRIFT', 'TRUTH_SYSTEM_DRIFT']
2026-07-03T22:44:07Z VIOLATION DNS drift threat github.com: ['TRUTH_DNS_DOWN', 'TRUTH_STUB_DRIFT', 'TRUTH_SYSTEM_DRIFT']
2026-07-03T22:44:09Z VIOLATION DNS drift threat github.com: ['TRUTH_DNS_DOWN', 'TRUTH_STUB_DRIFT', 'TRUTH_SYSTEM_DRIFT']
2026-07-03T22:44:10Z VIOLATION DNS drift threat api.github.com: ['TRUTH_DNS_DOWN', 'TRUTH_STUB_DRIFT', 'TRUTH_SYSTEM_DRIFT']
2026-07-03T22:44:11Z VIOLATION DNS drift threat api.github.com: ['TRUTH_DNS_DOWN', 'TRUTH_STUB_DRIFT', 'TRUTH_SYSTEM_DRIFT']
2026-07-03T22:44:12Z VIOLATION DNS drift threat github.com: ['TRUTH_DNS_DOWN', 'TRUTH_STUB_DRIFT', 'TRUTH_SYSTEM_DRIFT']
2026-07-03T22:44:12Z VIOLATION DNS drift threat api.github.com: ['TRUTH_DNS_DOWN', 'TRUTH_STUB_DRIFT', 'TRUTH_SYSTEM_DRIFT']
2026-07-03T22:44:14Z VIOLATION DNS drift threat ssh.github.com: ['TRUTH_DNS_DOWN']
2026-07-03T22:44:16Z VIOLATION DNS drift threat api.github.com: ['TRUTH_DNS_DOWN', 'TRUTH_STUB_DRIFT', 'TRUTH_SYSTEM_DRIFT']
2026-07-03T22:44:17Z VIOLATION DNS drift threat github.com: ['TRUTH_DNS_DOWN', 'TRUTH_STUB_DRIFT', 'TRUTH_SYSTEM_DRIFT']
2026-07-03T22:44:18Z VIOLATION DNS drift threat github.com: ['TRUTH_DNS_DOWN', 'TRUTH_STUB_DRIFT', 'TRUTH_SYSTEM_DRIFT']
2026-07-03T22:44:20Z VIOLATION DNS drift threat api.github.com: ['TRUTH_DNS_DOWN', 'TRUTH_STUB_DRIFT', 'TRUTH_SYSTEM_DRIFT']
2026-07-03T22:44:21Z VIOLATION DNS drift threat api.github.com: ['TRUTH_DNS_DOWN', 'TRUTH_STUB_DRIFT', 'TRUTH_SYSTEM_DRIFT']
2026-07-03T22:44:22Z VIOLATION DNS drift threat github.com: ['TRUTH_DNS_DOWN', 'TRUTH_STUB_DRIFT', 'TRUTH_SYSTEM_DRIFT']
2026-07-03T22:44:23Z VIOLATION DNS drift threat ssh.github.com: ['TRUTH_DNS_DOWN', 'TRUTH_STUB_DRIFT', 'TRUTH_SYSTEM_DRIFT']
2026-07-03T22:44:24Z VIOLATION DNS drift threat ssh.github.com: ['TRUTH_DNS_DOWN', 'TRUTH_STUB_DRIFT', 'TRUTH_SYSTEM_DRIFT']
2026-07-03T22:44:25Z VIOLATION DNS drift threat raw.githubusercontent.com: ['TRUTH_DNS_DOWN']
2026-07-03T22:44:25Z VIOLATION DNS drift threat api.github.com: ['TRUTH_DNS_DOWN', 'TRUTH_STUB_DRIFT', 'TRUTH_SYSTEM_DRIFT']
2026-07-03T22:44:30Z VIOLATION DNS drift threat ssh.github.com: ['TRUTH_DNS_DOWN']
2026-07-03T22:44:32Z VIOLATION DNS drift threat github.com: ['TRUTH_DNS_DOWN', 'TRUTH_STUB_DRIFT', 'TRUTH_SYSTEM_DRIFT']
2026-07-03T22:44:32Z VIOLATION DNS drift threat github.com: ['TRUTH_DNS_DOWN']
2026-07-03T22:44:35Z VIOLATION DNS drift threat github.com: ['TRUTH_DNS_DOWN']
2026-07-03T22:44:36Z VIOLATION DNS drift threat api.github.com: ['TRUTH_DNS_DOWN', 'TRUTH_STUB_DRIFT', 'TRUTH_SYSTEM_DRIFT']
2026-07-03T22:44:36Z VIOLATION DNS drift threat api.github.com: ['TRUTH_DNS_DOWN', 'TRUTH_STUB_DRIFT', 'TRUTH_SYSTEM_DRIFT']
2026-07-03T22:44:37Z VIOLATION DNS drift threat api.github.com: ['TRUTH_DNS_DOWN', 'TRUTH_STUB_DRIFT', 'TRUTH_SYSTEM_DRIFT']
2026-07-03T22:44:38Z VIOLATION DNS drift threat ssh.github.com: ['TRUTH_DNS_DOWN', 'TRUTH_STUB_DRIFT', 'TRUTH_SYSTEM_DRIFT']
2026-07-03T22:44:41Z VIOLATION DNS drift threat github.com: ['TRUTH_DNS_DOWN', 'TRUTH_STUB_DRIFT', 'TRUTH_SYSTEM_DRIFT']
2026-07-03T22:44:41Z VIOLATION DNS drift threat ssh.github.com: ['TRUTH_DNS_DOWN', 'TRUTH_STUB_DRIFT', 'TRUTH_SYSTEM_DRIFT']
2026-07-03T22:44:41Z VIOLATION DNS drift threat github.com: ['TRUTH_DNS_DOWN', 'TRUTH_STUB_DRIFT', 'TRUTH_SYSTEM_DRIFT']
2026-07-03T22:44:43Z VIOLATION DNS drift threat github.com: ['TRUTH_DNS_DOWN', 'TRUTH_STUB_DRIFT', 'TRUTH_SYSTEM_DRIFT']
2026-07-03T22:44:43Z VIOLATION DNS drift threat github.com: ['TRUTH_DNS_DOWN', 'TRUTH_STUB_DRIFT', 'TRUTH_SYSTEM_DRIFT']
2026-07-03T22:44:44Z VIOLATION DNS drift threat api.github.com: ['TRUTH_DNS_DOWN', 'TRUTH_STUB_DRIFT', 'TRUTH_SYSTEM_DRIFT']
2026-07-03T22:44:45Z VIOLATION DNS drift threat api.github.com: ['TRUTH_DNS_DOWN', 'TRUTH_STUB_DRIFT', 'TRUTH_SYSTEM_DRIFT']
2026-07-03T22:44:45Z VIOLATION DNS drift threat api.github.com: ['TRUTH_DNS_DOWN', 'TRUTH_STUB_DRIFT', 'TRUTH_SYSTEM_DRIFT']
2026-07-03T22:44:47Z VIOLATION DNS drift threat api.github.com: ['TRUTH_DNS_DOWN', 'TRUTH_STUB_DRIFT', 'TRUTH_SYSTEM_DRIFT']
2026-07-03T22:44:49Z VIOLATION DNS drift threat ssh.github.com: ['TRUTH_DNS_DOWN', 'TRUTH_STUB_DRIFT', 'TRUTH_SYSTEM_DRIFT']
2026-07-03T22:44:51Z VIOLATION DNS drift threat ssh.github.com: ['TRUTH_DNS_DOWN', 'TRUTH_STUB_DRIFT', 'TRUTH_SYSTEM_DRIFT']
2026-07-03T22:44:55Z VIOLATION DNS drift threat github.com: ['TRUTH_DNS_DOWN', 'TRUTH_STUB_DRIFT', 'TRUTH_SYSTEM_DRIFT']
2026-07-03T22:44:55Z VIOLATION DNS drift threat github.com: ['TRUTH_DNS_DOWN', 'TRUTH_STUB_DRIFT', 'TRUTH_SYSTEM_DRIFT']
2026-07-03T22:44:56Z VIOLATION DNS drift threat github.com: ['TRUTH_DNS_DOWN', 'TRUTH_STUB_DRIFT', 'TRUTH_SYSTEM_DRIFT']
2026-07-03T22:44:58Z VIOLATION DNS drift threat github.com: ['TRUTH_DNS_DOWN', 'TRUTH_STUB_DRIFT', 'TRUTH_SYSTEM_DRIFT']
2026-07-03T22:44:58Z VIOLATION DNS drift threat api.github.com: ['TRUTH_DNS_DOWN', 'TRUTH_STUB_DRIFT', 'TRUTH_SYSTEM_DRIFT']
2026-07-03T22:44:59Z VIOLATION DNS drift threat api.github.com: ['TRUTH_DNS_DOWN']
2026-07-03T22:45:00Z VIOLATION DNS drift threat api.github.com: ['TRUTH_DNS_DOWN']
2026-07-03T22:45:01Z VIOLATION DNS drift threat ssh.github.com: ['TRUTH_DNS_DOWN', 'TRUTH_STUB_DRIFT', 'TRUTH_SYSTEM_DRIFT']
2026-07-03T22:45:03Z VIOLATION DNS drift threat ssh.github.com: ['TRUTH_DNS_DOWN', 'TRUTH_STUB_DRIFT', 'TRUTH_SYSTEM_DRIFT']
2026-07-03T22:45:04Z VIOLATION DNS drift threat api.github.com: ['TRUTH_DNS_DOWN', 'TRUTH_STUB_DRIFT', 'TRUTH_SYSTEM_DRIFT']
2026-07-03T22:45:22Z VIOLATION DNS drift threat github.com: ['TRUTH_DNS_DOWN', 'TRUTH_STUB_DRIFT', 'TRUTH_SYSTEM_DRIFT']
2026-07-03T22:45:23Z VIOLATION DNS drift threat github.com: ['TRUTH_DNS_DOWN']
2026-07-03T22:45:25Z VIOLATION DNS drift threat github.com: ['TRUTH_DNS_DOWN', 'TRUTH_STUB_DRIFT', 'TRUTH_SYSTEM_DRIFT']
2026-07-03T22:45:25Z VIOLATION DNS drift threat api.github.com: ['TRUTH_DNS_DOWN', 'TRUTH_STUB_DRIFT', 'TRUTH_SYSTEM_DRIFT']
2026-07-03T22:45:25Z VIOLATION DNS drift threat api.github.com: ['TRUTH_DNS_DOWN', 'TRUTH_STUB_DRIFT', 'TRUTH_SYSTEM_DRIFT']
2026-07-03T22:45:28Z VIOLATION DNS drift threat ssh.github.com: ['TRUTH_DNS_DOWN', 'TRUTH_STUB_DRIFT', 'TRUTH_SYSTEM_DRIFT']
2026-07-03T22:45:29Z VIOLATION DNS drift threat github.com: ['TRUTH_DNS_DOWN', 'TRUTH_STUB_DRIFT', 'TRUTH_SYSTEM_DRIFT']
2026-07-03T22:45:31Z VIOLATION DNS drift threat github.com: ['TRUTH_DNS_DOWN', 'TRUTH_STUB_DRIFT', 'TRUTH_SYSTEM_DRIFT']
2026-07-03T22:45:32Z VIOLATION DNS drift threat api.github.com: ['TRUTH_DNS_DOWN', 'TRUTH_STUB_DRIFT', 'TRUTH_SYSTEM_DRIFT']
2026-07-03T22:45:33Z VIOLATION DNS drift threat api.github.com: ['TRUTH_DNS_DOWN', 'TRUTH_STUB_DRIFT', 'TRUTH_SYSTEM_DRIFT']
2026-07-03T22:45:34Z VIOLATION DNS drift threat ssh.github.com: ['TRUTH_DNS_DOWN', 'TRUTH_STUB_DRIFT', 'TRUTH_SYSTEM_DRIFT']
2026-07-03T22:45:34Z VIOLATION DNS drift threat github.com: ['TRUTH_DNS_DOWN', 'TRUTH_STUB_DRIFT', 'TRUTH_SYSTEM_DRIFT']
2026-07-03T22:45:36Z VIOLATION DNS drift threat ssh.github.com: ['TRUTH_DNS_DOWN', 'TRUTH_STUB_DRIFT', 'TRUTH_SYSTEM_DRIFT']
2026-07-03T22:45:36Z VIOLATION DNS drift threat github.com: ['TRUTH_DNS_DOWN', 'TRUTH_STUB_DRIFT', 'TRUTH_SYSTEM_DRIFT']
2026-07-03T22:45:36Z VIOLATION DNS drift threat raw.githubusercontent.com: ['TRUTH_DNS_DOWN']
2026-07-03T22:45:36Z VIOLATION DNS drift threat api.github.com: ['TRUTH_DNS_DOWN', 'TRUTH_STUB_DRIFT', 'TRUTH_SYSTEM_DRIFT']
2026-07-03T22:45:39Z VIOLATION DNS drift threat github.com: ['TRUTH_DNS_DOWN', 'TRUTH_STUB_DRIFT', 'TRUTH_SYSTEM_DRIFT']
2026-07-03T22:45:39Z VIOLATION DNS drift threat ssh.github.com: ['TRUTH_DNS_DOWN', 'TRUTH_STUB_DRIFT', 'TRUTH_SYSTEM_DRIFT']
2026-07-03T22:45:40Z VIOLATION DNS drift threat api.github.com: ['TRUTH_DNS_DOWN', 'TRUTH_STUB_DRIFT', 'TRUTH_SYSTEM_DRIFT']
2026-07-03T22:45:42Z VIOLATION DNS drift threat raw.githubusercontent.com: ['TRUTH_DNS_DOWN']
2026-07-03T22:45:43Z VIOLATION DNS drift threat github.com: ['TRUTH_DNS_DOWN', 'TRUTH_STUB_DRIFT', 'TRUTH_SYSTEM_DRIFT']
2026-07-03T22:45:43Z VIOLATION DNS drift threat api.github.com: ['TRUTH_DNS_DOWN', 'TRUTH_STUB_DRIFT', 'TRUTH_SYSTEM_DRIFT']
2026-07-03T22:45:46Z VIOLATION DNS drift threat api.github.com: ['TRUTH_DNS_DOWN']
2026-07-03T22:45:46Z VIOLATION DNS drift threat ssh.github.com: ['TRUTH_DNS_DOWN', 'TRUTH_STUB_DRIFT', 'TRUTH_SYSTEM_DRIFT']
2026-07-03T22:45:47Z VIOLATION DNS drift threat github.com: ['TRUTH_DNS_DOWN', 'TRUTH_STUB_DRIFT', 'TRUTH_SYSTEM_DRIFT']
2026-07-03T22:45:48Z VIOLATION DNS drift threat github.com: ['TRUTH_DNS_DOWN', 'TRUTH_STUB_DRIFT', 'TRUTH_SYSTEM_DRIFT']
2026-07-03T22:45:49Z VIOLATION DNS drift threat ssh.github.com: ['TRUTH_DNS_DOWN', 'TRUTH_STUB_DRIFT', 'TRUTH_SYSTEM_DRIFT']
2026-07-03T22:45:50Z VIOLATION DNS drift threat api.github.com: ['TRUTH_DNS_DOWN', 'TRUTH_STUB_DRIFT', 'TRUTH_SYSTEM_DRIFT']
2026-07-03T22:45:51Z VIOLATION DNS drift threat github.com: ['TRUTH_DNS_DOWN', 'TRUTH_STUB_DRIFT', 'TRUTH_SYSTEM_DRIFT']
2026-07-03T22:45:51Z VIOLATION DNS drift threat api.github.com: ['TRUTH_DNS_DOWN']
2026-07-03T22:45:53Z VIOLATION DNS drift threat ssh.github.com: ['TRUTH_DNS_DOWN', 'TRUTH_STUB_DRIFT', 'TRUTH_SYSTEM_DRIFT']
2026-07-03T22:45:54Z VIOLATION DNS drift threat api.github.com: ['TRUTH_DNS_DOWN', 'TRUTH_STUB_DRIFT', 'TRUTH_SYSTEM_DRIFT']
2026-07-03T22:45:55Z VIOLATION DNS drift threat github.com: ['TRUTH_DNS_DOWN', 'TRUTH_STUB_DRIFT', 'TRUTH_SYSTEM_DRIFT']
2026-07-03T22:45:57Z VIOLATION DNS drift threat api.github.com: ['TRUTH_DNS_DOWN', 'TRUTH_STUB_DRIFT', 'TRUTH_SYSTEM_DRIFT']
2026-07-03T22:45:59Z VIOLATION DNS drift threat github.com: ['TRUTH_DNS_DOWN', 'TRUTH_STUB_DRIFT', 'TRUTH_SYSTEM_DRIFT']
2026-07-03T22:46:00Z VIOLATION DNS drift threat github.com: ['TRUTH_DNS_DOWN', 'TRUTH_STUB_DRIFT', 'TRUTH_SYSTEM_DRIFT']
2026-07-03T22:46:00Z VIOLATION DNS drift threat ssh.github.com: ['TRUTH_DNS_DOWN', 'TRUTH_STUB_DRIFT', 'TRUTH_SYSTEM_DRIFT']
2026-07-03T22:46:02Z VIOLATION DNS drift threat api.github.com: ['TRUTH_DNS_DOWN']
2026-07-03T22:46:02Z VIOLATION DNS drift threat api.github.com: ['TRUTH_DNS_DOWN']
2026-07-03T22:46:05Z VIOLATION DNS drift threat ssh.github.com: ['TRUTH_DNS_DOWN', 'TRUTH_STUB_DRIFT', 'TRUTH_SYSTEM_DRIFT']
2026-07-03T22:46:05Z VIOLATION DNS drift threat github.com: ['TRUTH_DNS_DOWN']
2026-07-03T22:46:08Z VIOLATION DNS drift threat api.github.com: ['TRUTH_DNS_DOWN', 'TRUTH_STUB_DRIFT', 'TRUTH_SYSTEM_DRIFT']
2026-07-03T22:46:09Z VIOLATION DNS drift threat github.com: ['TRUTH_DNS_DOWN', 'TRUTH_STUB_DRIFT', 'TRUTH_SYSTEM_DRIFT']
2026-07-03T22:46:10Z VIOLATION DNS drift threat ssh.github.com: ['TRUTH_DNS_DOWN']
2026-07-03T22:46:13Z VIOLATION DNS drift threat api.github.com: ['TRUTH_DNS_DOWN', 'TRUTH_STUB_DRIFT', 'TRUTH_SYSTEM_DRIFT']
2026-07-03T22:46:14Z VIOLATION DNS drift threat raw.githubusercontent.com: ['TRUTH_DNS_DOWN']
2026-07-03T22:46:16Z VIOLATION DNS drift threat ssh.github.com: ['TRUTH_DNS_DOWN', 'TRUTH_STUB_DRIFT', 'TRUTH_SYSTEM_DRIFT']
2026-07-03T22:46:17Z VIOLATION DNS drift threat github.com: ['TRUTH_DNS_DOWN', 'TRUTH_STUB_DRIFT', 'TRUTH_SYSTEM_DRIFT']
2026-07-03T22:46:18Z VIOLATION DNS drift threat github.com: ['TRUTH_DNS_DOWN', 'TRUTH_STUB_DRIFT', 'TRUTH_SYSTEM_DRIFT']
2026-07-03T22:46:20Z VIOLATION DNS drift threat api.github.com: ['TRUTH_DNS_DOWN', 'TRUTH_STUB_DRIFT', 'TRUTH_SYSTEM_DRIFT']
2026-07-03T22:46:21Z VIOLATION DNS drift threat github.com: ['TRUTH_DNS_DOWN', 'TRUTH_STUB_DRIFT', 'TRUTH_SYSTEM_DRIFT']
2026-07-03T22:46:21Z VIOLATION DNS drift threat api.github.com: ['TRUTH_DNS_DOWN', 'TRUTH_STUB_DRIFT', 'TRUTH_SYSTEM_DRIFT']
2026-07-03T22:46:23Z VIOLATION DNS drift threat api.github.com: ['TRUTH_DNS_DOWN', 'TRUTH_STUB_DRIFT', 'TRUTH_SYSTEM_DRIFT']
2026-07-03T22:46:23Z VIOLATION DNS drift threat github.com: ['TRUTH_DNS_DOWN', 'TRUTH_STUB_DRIFT', 'TRUTH_SYSTEM_DRIFT']
2026-07-03T22:46:26Z VIOLATION DNS drift threat api.github.com: ['TRUTH_DNS_DOWN', 'TRUTH_STUB_DRIFT', 'TRUTH_SYSTEM_DRIFT']
2026-07-03T22:46:28Z VIOLATION DNS drift threat ssh.github.com: ['TRUTH_DNS_DOWN', 'TRUTH_STUB_DRIFT', 'TRUTH_SYSTEM_DRIFT']
2026-07-03T22:46:29Z VIOLATION DNS drift threat github.com: ['TRUTH_DNS_DOWN', 'TRUTH_STUB_DRIFT', 'TRUTH_SYSTEM_DRIFT']
2026-07-03T22:46:35Z VIOLATION DNS drift threat api.github.com: ['TRUTH_DNS_DOWN', 'TRUTH_STUB_DRIFT', 'TRUTH_SYSTEM_DRIFT']
2026-07-03T22:46:38Z VIOLATION DNS drift threat github.com: ['TRUTH_DNS_DOWN']
2026-07-03T22:46:40Z VIOLATION DNS drift threat api.github.com: ['TRUTH_DNS_DOWN', 'TRUTH_STUB_DRIFT', 'TRUTH_SYSTEM_DRIFT']
2026-07-03T22:46:41Z VIOLATION DNS drift threat github.com: ['TRUTH_DNS_DOWN']
2026-07-03T22:46:43Z VIOLATION DNS drift threat github.com: ['TRUTH_DNS_DOWN', 'TRUTH_STUB_DRIFT', 'TRUTH_SYSTEM_DRIFT']
2026-07-03T22:46:45Z VIOLATION DNS drift threat api.github.com: ['TRUTH_DNS_DOWN', 'TRUTH_STUB_DRIFT', 'TRUTH_SYSTEM_DRIFT']
2026-07-03T22:46:45Z VIOLATION DNS drift threat api.github.com: ['TRUTH_DNS_DOWN', 'TRUTH_STUB_DRIFT', 'TRUTH_SYSTEM_DRIFT']
2026-07-03T22:46:54Z VIOLATION DNS drift threat github.com: ['TRUTH_DNS_DOWN']
2026-07-03T22:46:58Z VIOLATION DNS drift threat github.com: ['TRUTH_DNS_DOWN', 'TRUTH_STUB_DRIFT', 'TRUTH_SYSTEM_DRIFT']
2026-07-03T22:46:58Z VIOLATION DNS drift threat api.github.com: ['TRUTH_DNS_DOWN', 'TRUTH_STUB_DRIFT', 'TRUTH_SYSTEM_DRIFT']
2026-07-03T22:46:59Z VIOLATION DNS drift threat github.com: ['TRUTH_DNS_DOWN']
2026-07-03T22:47:00Z VIOLATION DNS drift threat github.com: ['TRUTH_DNS_DOWN', 'TRUTH_STUB_DRIFT', 'TRUTH_SYSTEM_DRIFT']
2026-07-03T22:47:01Z VIOLATION DNS drift threat api.github.com: ['TRUTH_DNS_DOWN', 'TRUTH_STUB_DRIFT', 'TRUTH_SYSTEM_DRIFT']
2026-07-03T22:47:02Z VIOLATION DNS drift threat github.com: ['TRUTH_DNS_DOWN', 'TRUTH_STUB_DRIFT', 'TRUTH_SYSTEM_DRIFT']
2026-07-03T22:47:03Z VIOLATION DNS drift threat api.github.com: ['TRUTH_DNS_DOWN', 'TRUTH_STUB_DRIFT', 'TRUTH_SYSTEM_DRIFT']
2026-07-03T22:47:04Z VIOLATION DNS drift threat ssh.github.com: ['TRUTH_DNS_DOWN', 'TRUTH_STUB_DRIFT', 'TRUTH_SYSTEM_DRIFT']
2026-07-03T22:47:04Z VIOLATION DNS drift threat api.github.com: ['TRUTH_DNS_DOWN', 'TRUTH_STUB_DRIFT', 'TRUTH_SYSTEM_DRIFT']
2026-07-03T22:47:04Z VIOLATION DNS drift threat api.github.com: ['TRUTH_DNS_DOWN', 'TRUTH_STUB_DRIFT', 'TRUTH_SYSTEM_DRIFT']
2026-07-03T22:47:06Z VIOLATION DNS drift threat ssh.github.com: ['TRUTH_DNS_DOWN', 'TRUTH_STUB_DRIFT', 'TRUTH_SYSTEM_DRIFT']
2026-07-03T22:47:06Z VIOLATION DNS drift threat ssh.github.com: ['TRUTH_DNS_DOWN', 'TRUTH_STUB_DRIFT', 'TRUTH_SYSTEM_DRIFT']
2026-07-03T22:47:06Z VIOLATION DNS drift threat raw.githubusercontent.com: ['TRUTH_DNS_DOWN']
2026-07-03T22:47:07Z VIOLATION DNS drift threat ssh.github.com: ['TRUTH_DNS_DOWN', 'TRUTH_STUB_DRIFT', 'TRUTH_SYSTEM_DRIFT']
2026-07-03T22:47:07Z VIOLATION DNS drift threat github.com: ['TRUTH_DNS_DOWN', 'TRUTH_STUB_DRIFT', 'TRUTH_SYSTEM_DRIFT']
2026-07-03T22:47:08Z VIOLATION DNS drift threat github.com: ['TRUTH_DNS_DOWN', 'TRUTH_STUB_DRIFT', 'TRUTH_SYSTEM_DRIFT']
2026-07-03T22:47:09Z VIOLATION DNS drift threat github.com: ['TRUTH_DNS_DOWN', 'TRUTH_STUB_DRIFT', 'TRUTH_SYSTEM_DRIFT']
2026-07-03T22:47:09Z VIOLATION DNS drift threat raw.githubusercontent.com: ['TRUTH_DNS_DOWN']
2026-07-03T22:47:10Z VIOLATION DNS drift threat api.github.com: ['TRUTH_DNS_DOWN', 'TRUTH_STUB_DRIFT', 'TRUTH_SYSTEM_DRIFT']
2026-07-03T22:47:12Z VIOLATION DNS drift threat api.github.com: ['TRUTH_DNS_DOWN', 'TRUTH_STUB_DRIFT', 'TRUTH_SYSTEM_DRIFT']
2026-07-03T22:47:13Z VIOLATION DNS drift threat api.github.com: ['TRUTH_DNS_DOWN', 'TRUTH_STUB_DRIFT', 'TRUTH_SYSTEM_DRIFT']
2026-07-03T22:47:14Z VIOLATION DNS drift threat ssh.github.com: ['TRUTH_DNS_DOWN', 'TRUTH_STUB_DRIFT', 'TRUTH_SYSTEM_DRIFT']
2026-07-03T22:47:15Z VIOLATION DNS drift threat ssh.github.com: ['TRUTH_DNS_DOWN', 'TRUTH_STUB_DRIFT', 'TRUTH_SYSTEM_DRIFT']
2026-07-03T22:47:17Z VIOLATION DNS drift threat github.com: ['TRUTH_DNS_DOWN', 'TRUTH_STUB_DRIFT', 'TRUTH_SYSTEM_DRIFT']
2026-07-03T22:47:18Z VIOLATION DNS drift threat raw.githubusercontent.com: ['TRUTH_DNS_DOWN']
2026-07-03T22:47:18Z VIOLATION DNS drift threat github.com: ['TRUTH_DNS_DOWN']
2026-07-03T22:47:18Z VIOLATION DNS drift threat github.com: ['TRUTH_DNS_DOWN']
2026-07-03T22:47:18Z VIOLATION DNS drift threat api.github.com: ['TRUTH_DNS_DOWN', 'TRUTH_STUB_DRIFT', 'TRUTH_SYSTEM_DRIFT']
2026-07-03T22:47:20Z VIOLATION DNS drift threat api.github.com: ['TRUTH_DNS_DOWN']
2026-07-03T22:47:21Z VIOLATION DNS drift threat ssh.github.com: ['TRUTH_DNS_DOWN']
2026-07-03T22:47:23Z VIOLATION DNS drift threat raw.githubusercontent.com: ['TRUTH_DNS_DOWN']
2026-07-03T22:47:23Z VIOLATION DNS drift threat api.github.com: ['TRUTH_DNS_DOWN', 'TRUTH_STUB_DRIFT', 'TRUTH_SYSTEM_DRIFT']
2026-07-03T22:47:31Z VIOLATION DNS drift threat github.com: ['TRUTH_DNS_DOWN', 'TRUTH_STUB_DRIFT', 'TRUTH_SYSTEM_DRIFT']
2026-07-03T22:47:32Z VIOLATION DNS drift threat github.com: ['TRUTH_DNS_DOWN', 'TRUTH_STUB_DRIFT', 'TRUTH_SYSTEM_DRIFT']
2026-07-03T22:47:32Z VIOLATION DNS drift threat github.com: ['TRUTH_DNS_DOWN']
2026-07-03T22:47:33Z VIOLATION DNS drift threat api.github.com: ['TRUTH_DNS_DOWN', 'TRUTH_STUB_DRIFT', 'TRUTH_SYSTEM_DRIFT']
2026-07-03T22:47:35Z VIOLATION DNS drift threat github.com: ['TRUTH_DNS_DOWN', 'TRUTH_STUB_DRIFT', 'TRUTH_SYSTEM_DRIFT']
2026-07-03T22:47:35Z VIOLATION DNS drift threat api.github.com: ['TRUTH_DNS_DOWN', 'TRUTH_STUB_DRIFT', 'TRUTH_SYSTEM_DRIFT']
2026-07-03T22:47:35Z VIOLATION DNS drift threat api.github.com: ['TRUTH_DNS_DOWN', 'TRUTH_STUB_DRIFT', 'TRUTH_SYSTEM_DRIFT']
2026-07-03T22:47:36Z VIOLATION DNS drift threat github.com: ['TRUTH_DNS_DOWN', 'TRUTH_STUB_DRIFT', 'TRUTH_SYSTEM_DRIFT']
2026-07-03T22:47:37Z VIOLATION DNS drift threat ssh.github.com: ['TRUTH_DNS_DOWN', 'TRUTH_STUB_DRIFT', 'TRUTH_SYSTEM_DRIFT']
2026-07-03T22:47:38Z VIOLATION DNS drift threat github.com: ['TRUTH_DNS_DOWN', 'TRUTH_STUB_DRIFT', 'TRUTH_SYSTEM_DRIFT']
2026-07-03T22:47:38Z VIOLATION DNS drift threat ssh.github.com: ['TRUTH_DNS_DOWN', 'TRUTH_STUB_DRIFT', 'TRUTH_SYSTEM_DRIFT']
2026-07-03T22:47:39Z VIOLATION DNS drift threat ssh.github.com: ['TRUTH_DNS_DOWN', 'TRUTH_STUB_DRIFT', 'TRUTH_SYSTEM_DRIFT']
2026-07-03T22:47:40Z VIOLATION DNS drift threat api.github.com: ['TRUTH_DNS_DOWN', 'TRUTH_STUB_DRIFT', 'TRUTH_SYSTEM_DRIFT']
2026-07-03T22:47:41Z VIOLATION DNS drift threat api.github.com: ['TRUTH_DNS_DOWN', 'TRUTH_STUB_DRIFT', 'TRUTH_SYSTEM_DRIFT']
2026-07-03T22:47:41Z VIOLATION DNS drift threat api.github.com: ['TRUTH_DNS_DOWN', 'TRUTH_STUB_DRIFT', 'TRUTH_SYSTEM_DRIFT']
2026-07-03T22:47:44Z VIOLATION DNS drift threat github.com: ['TRUTH_DNS_DOWN', 'TRUTH_STUB_DRIFT', 'TRUTH_SYSTEM_DRIFT']
2026-07-03T22:47:47Z VIOLATION DNS drift threat api.github.com: ['TRUTH_DNS_DOWN', 'TRUTH_STUB_DRIFT', 'TRUTH_SYSTEM_DRIFT']
2026-07-03T22:47:50Z VIOLATION DNS drift threat github.com: ['TRUTH_DNS_DOWN', 'TRUTH_STUB_DRIFT', 'TRUTH_SYSTEM_DRIFT']
2026-07-03T22:47:54Z VIOLATION DNS drift threat github.com: ['TRUTH_DNS_DOWN', 'TRUTH_STUB_DRIFT', 'TRUTH_SYSTEM_DRIFT']
2026-07-03T22:48:01Z VIOLATION DNS drift threat api.github.com: ['TRUTH_DNS_DOWN', 'TRUTH_STUB_DRIFT', 'TRUTH_SYSTEM_DRIFT']
2026-07-03T22:48:05Z VIOLATION DNS drift threat github.com: ['TRUTH_DNS_DOWN', 'TRUTH_STUB_DRIFT', 'TRUTH_SYSTEM_DRIFT']
2026-07-03T22:48:06Z VIOLATION DNS drift threat github.com: ['TRUTH_DNS_DOWN', 'TRUTH_STUB_DRIFT', 'TRUTH_SYSTEM_DRIFT']
2026-07-03T22:48:08Z VIOLATION DNS drift threat api.github.com: ['TRUTH_DNS_DOWN', 'TRUTH_STUB_DRIFT', 'TRUTH_SYSTEM_DRIFT']
2026-07-03T22:48:11Z VIOLATION DNS drift threat api.github.com: ['TRUTH_DNS_DOWN']
2026-07-03T22:48:12Z VIOLATION DNS drift threat github.com: ['TRUTH_DNS_DOWN']
2026-07-03T22:48:12Z VIOLATION DNS drift threat ssh.github.com: ['TRUTH_DNS_DOWN', 'TRUTH_STUB_DRIFT', 'TRUTH_SYSTEM_DRIFT']
2026-07-03T22:48:13Z VIOLATION DNS drift threat github.com: ['TRUTH_DNS_DOWN', 'TRUTH_STUB_DRIFT', 'TRUTH_SYSTEM_DRIFT']
2026-07-03T22:48:13Z VIOLATION DNS drift threat api.github.com: ['TRUTH_DNS_DOWN']
2026-07-03T22:48:16Z VIOLATION DNS drift threat github.com: ['TRUTH_DNS_DOWN']
2026-07-03T22:48:16Z VIOLATION DNS drift threat ssh.github.com: ['TRUTH_DNS_DOWN', 'TRUTH_STUB_DRIFT', 'TRUTH_SYSTEM_DRIFT']
2026-07-03T22:48:16Z VIOLATION DNS drift threat api.github.com: ['TRUTH_DNS_DOWN', 'TRUTH_STUB_DRIFT', 'TRUTH_SYSTEM_DRIFT']
2026-07-03T22:48:18Z VIOLATION DNS drift threat api.github.com: ['TRUTH_DNS_DOWN', 'TRUTH_STUB_DRIFT', 'TRUTH_SYSTEM_DRIFT']
2026-07-03T22:48:19Z VIOLATION DNS drift threat raw.githubusercontent.com: ['TRUTH_DNS_DOWN']
2026-07-03T22:48:22Z VIOLATION DNS drift threat ssh.github.com: ['TRUTH_DNS_DOWN', 'TRUTH_STUB_DRIFT', 'TRUTH_SYSTEM_DRIFT']
2026-07-03T22:48:25Z VIOLATION DNS drift threat github.com: ['TRUTH_DNS_DOWN', 'TRUTH_STUB_DRIFT', 'TRUTH_SYSTEM_DRIFT']
2026-07-03T22:48:27Z VIOLATION DNS drift threat github.com: ['TRUTH_DNS_DOWN']
2026-07-03T22:48:28Z VIOLATION DNS drift threat github.com: ['TRUTH_DNS_DOWN']
2026-07-03T22:48:28Z VIOLATION DNS drift threat github.com: ['TRUTH_DNS_DOWN', 'TRUTH_STUB_DRIFT', 'TRUTH_SYSTEM_DRIFT']
2026-07-03T22:48:29Z VIOLATION DNS drift threat github.com: ['TRUTH_DNS_DOWN', 'TRUTH_STUB_DRIFT', 'TRUTH_SYSTEM_DRIFT']
2026-07-03T22:48:32Z VIOLATION DNS drift threat api.github.com: ['TRUTH_DNS_DOWN', 'TRUTH_STUB_DRIFT', 'TRUTH_SYSTEM_DRIFT']
2026-07-03T22:48:33Z VIOLATION DNS drift threat api.github.com: ['TRUTH_DNS_DOWN', 'TRUTH_STUB_DRIFT', 'TRUTH_SYSTEM_DRIFT']
2026-07-03T22:48:35Z VIOLATION DNS drift threat api.github.com: ['TRUTH_DNS_DOWN', 'TRUTH_STUB_DRIFT', 'TRUTH_SYSTEM_DRIFT']
2026-07-03T22:48:36Z VIOLATION DNS drift threat api.github.com: ['TRUTH_DNS_DOWN', 'TRUTH_STUB_DRIFT', 'TRUTH_SYSTEM_DRIFT']
2026-07-03T22:48:37Z VIOLATION DNS drift threat ssh.github.com: ['TRUTH_DNS_DOWN', 'TRUTH_STUB_DRIFT', 'TRUTH_SYSTEM_DRIFT']
2026-07-03T22:48:39Z VIOLATION DNS drift threat github.com: ['TRUTH_DNS_DOWN', 'TRUTH_STUB_DRIFT', 'TRUTH_SYSTEM_DRIFT']
2026-07-03T22:48:40Z VIOLATION DNS drift threat github.com: ['TRUTH_DNS_DOWN', 'TRUTH_STUB_DRIFT', 'TRUTH_SYSTEM_DRIFT']
2026-07-03T22:48:43Z VIOLATION DNS drift threat api.github.com: ['TRUTH_DNS_DOWN', 'TRUTH_STUB_DRIFT', 'TRUTH_SYSTEM_DRIFT']
2026-07-03T22:48:45Z VIOLATION DNS drift threat api.github.com: ['TRUTH_DNS_DOWN', 'TRUTH_STUB_DRIFT', 'TRUTH_SYSTEM_DRIFT']
2026-07-03T22:48:45Z VIOLATION DNS drift threat ssh.github.com: ['TRUTH_DNS_DOWN', 'TRUTH_STUB_DRIFT', 'TRUTH_SYSTEM_DRIFT']
2026-07-03T22:48:46Z VIOLATION DNS drift threat github.com: ['TRUTH_DNS_DOWN', 'TRUTH_STUB_DRIFT', 'TRUTH_SYSTEM_DRIFT']
2026-07-03T22:48:47Z VIOLATION DNS drift threat ssh.github.com: ['TRUTH_DNS_DOWN']
2026-07-03T22:48:47Z VIOLATION DNS drift threat raw.githubusercontent.com: ['TRUTH_DNS_DOWN']
2026-07-03T22:48:50Z VIOLATION DNS drift threat api.github.com: ['TRUTH_DNS_DOWN', 'TRUTH_STUB_DRIFT', 'TRUTH_SYSTEM_DRIFT']
2026-07-03T22:48:51Z VIOLATION DNS drift threat github.com: ['TRUTH_DNS_DOWN', 'TRUTH_STUB_DRIFT', 'TRUTH_SYSTEM_DRIFT']
2026-07-03T22:48:52Z VIOLATION DNS drift threat github.com: ['TRUTH_DNS_DOWN', 'TRUTH_STUB_DRIFT', 'TRUTH_SYSTEM_DRIFT']
2026-07-03T22:48:55Z VIOLATION DNS drift threat github.com: ['TRUTH_DNS_DOWN', 'TRUTH_STUB_DRIFT', 'TRUTH_SYSTEM_DRIFT']
2026-07-03T22:48:55Z VIOLATION DNS drift threat api.github.com: ['TRUTH_DNS_DOWN', 'TRUTH_STUB_DRIFT', 'TRUTH_SYSTEM_DRIFT']
2026-07-03T22:48:55Z VIOLATION DNS drift threat api.github.com: ['TRUTH_DNS_DOWN', 'TRUTH_STUB_DRIFT', 'TRUTH_SYSTEM_DRIFT']
2026-07-03T22:48:55Z VIOLATION DNS drift threat github.com: ['TRUTH_DNS_DOWN', 'TRUTH_STUB_DRIFT', 'TRUTH_SYSTEM_DRIFT']
2026-07-03T22:48:57Z VIOLATION DNS drift threat github.com: ['TRUTH_DNS_DOWN', 'TRUTH_STUB_DRIFT', 'TRUTH_SYSTEM_DRIFT']
2026-07-03T22:48:58Z VIOLATION DNS drift threat ssh.github.com: ['TRUTH_DNS_DOWN', 'TRUTH_STUB_DRIFT', 'TRUTH_SYSTEM_DRIFT']
2026-07-03T22:48:59Z VIOLATION DNS drift threat api.github.com: ['TRUTH_DNS_DOWN', 'TRUTH_STUB_DRIFT', 'TRUTH_SYSTEM_DRIFT']
2026-07-03T22:48:59Z VIOLATION DNS drift threat api.github.com: ['TRUTH_DNS_DOWN', 'TRUTH_STUB_DRIFT', 'TRUTH_SYSTEM_DRIFT']
2026-07-03T22:48:59Z VIOLATION DNS drift threat ssh.github.com: ['TRUTH_DNS_DOWN']
2026-07-03T22:49:02Z VIOLATION DNS drift threat ssh.github.com: ['TRUTH_DNS_DOWN']
2026-07-03T22:49:03Z VIOLATION DNS drift threat ssh.github.com: ['TRUTH_DNS_DOWN']
2026-07-03T22:49:03Z VIOLATION DNS drift threat api.github.com: ['TRUTH_DNS_DOWN']
2026-07-03T22:49:03Z VIOLATION DNS drift threat github.com: ['TRUTH_DNS_DOWN', 'TRUTH_STUB_DRIFT', 'TRUTH_SYSTEM_DRIFT']
2026-07-03T22:49:04Z VIOLATION DNS drift threat github.com: ['TRUTH_DNS_DOWN', 'TRUTH_STUB_DRIFT', 'TRUTH_SYSTEM_DRIFT']
2026-07-03T22:49:07Z VIOLATION DNS drift threat api.github.com: ['TRUTH_DNS_DOWN']
2026-07-03T22:49:08Z VIOLATION DNS drift threat api.github.com: ['TRUTH_DNS_DOWN', 'TRUTH_STUB_DRIFT', 'TRUTH_SYSTEM_DRIFT']
2026-07-03T22:49:11Z VIOLATION DNS drift threat github.com: ['TRUTH_DNS_DOWN', 'TRUTH_STUB_DRIFT', 'TRUTH_SYSTEM_DRIFT']
2026-07-03T22:49:13Z VIOLATION DNS drift threat api.github.com: ['TRUTH_DNS_DOWN', 'TRUTH_STUB_DRIFT', 'TRUTH_SYSTEM_DRIFT']
2026-07-03T22:49:25Z VIOLATION DNS drift threat github.com: ['TRUTH_DNS_DOWN', 'TRUTH_STUB_DRIFT', 'TRUTH_SYSTEM_DRIFT']
2026-07-03T22:49:28Z VIOLATION DNS drift threat api.github.com: ['TRUTH_DNS_DOWN', 'TRUTH_STUB_DRIFT', 'TRUTH_SYSTEM_DRIFT']
2026-07-03T22:49:30Z VIOLATION DNS drift threat github.com: ['TRUTH_DNS_DOWN']
2026-07-03T22:49:30Z VIOLATION DNS drift threat ssh.github.com: ['TRUTH_DNS_DOWN']
2026-07-03T22:49:32Z VIOLATION DNS drift threat raw.githubusercontent.com: ['TRUTH_DNS_DOWN']
2026-07-03T22:49:33Z VIOLATION DNS drift threat github.com: ['TRUTH_DNS_DOWN', 'TRUTH_STUB_DRIFT', 'TRUTH_SYSTEM_DRIFT']
2026-07-03T22:49:34Z VIOLATION DNS drift threat api.github.com: ['TRUTH_DNS_DOWN', 'TRUTH_STUB_DRIFT', 'TRUTH_SYSTEM_DRIFT']
2026-07-03T22:49:34Z VIOLATION DNS drift threat github.com: ['TRUTH_DNS_DOWN', 'TRUTH_STUB_DRIFT', 'TRUTH_SYSTEM_DRIFT']
2026-07-03T22:49:36Z VIOLATION DNS drift threat ssh.github.com: ['TRUTH_DNS_DOWN', 'TRUTH_STUB_DRIFT', 'TRUTH_SYSTEM_DRIFT']
2026-07-03T22:49:36Z VIOLATION DNS drift threat github.com: ['TRUTH_DNS_DOWN', 'TRUTH_STUB_DRIFT', 'TRUTH_SYSTEM_DRIFT']
2026-07-03T22:49:36Z VIOLATION DNS drift threat api.github.com: ['TRUTH_DNS_DOWN', 'TRUTH_STUB_DRIFT', 'TRUTH_SYSTEM_DRIFT']
2026-07-03T22:49:37Z VIOLATION DNS drift threat api.github.com: ['TRUTH_DNS_DOWN', 'TRUTH_STUB_DRIFT', 'TRUTH_SYSTEM_DRIFT']
2026-07-03T22:49:38Z VIOLATION DNS drift threat ssh.github.com: ['TRUTH_DNS_DOWN', 'TRUTH_STUB_DRIFT', 'TRUTH_SYSTEM_DRIFT']
2026-07-03T22:49:38Z VIOLATION DNS drift threat raw.githubusercontent.com: ['TRUTH_DNS_DOWN']
2026-07-03T22:49:38Z VIOLATION DNS drift threat api.github.com: ['TRUTH_DNS_DOWN', 'TRUTH_STUB_DRIFT', 'TRUTH_SYSTEM_DRIFT']
2026-07-03T22:49:38Z VIOLATION DNS drift threat ssh.github.com: ['TRUTH_DNS_DOWN', 'TRUTH_STUB_DRIFT', 'TRUTH_SYSTEM_DRIFT']
2026-07-03T22:49:41Z VIOLATION DNS drift threat ssh.github.com: ['TRUTH_DNS_DOWN', 'TRUTH_STUB_DRIFT', 'TRUTH_SYSTEM_DRIFT']
2026-07-03T22:49:44Z VIOLATION DNS drift threat raw.githubusercontent.com: ['TRUTH_DNS_DOWN']
2026-07-03T22:49:50Z VIOLATION DNS drift threat github.com: ['TRUTH_DNS_DOWN', 'TRUTH_STUB_DRIFT', 'TRUTH_SYSTEM_DRIFT']
2026-07-03T22:49:50Z VIOLATION DNS drift threat github.com: ['TRUTH_DNS_DOWN', 'TRUTH_STUB_DRIFT', 'TRUTH_SYSTEM_DRIFT']
2026-07-03T22:49:51Z VIOLATION DNS drift threat api.github.com: ['TRUTH_DNS_DOWN', 'TRUTH_STUB_DRIFT', 'TRUTH_SYSTEM_DRIFT']
2026-07-03T22:49:52Z VIOLATION DNS drift threat github.com: ['TRUTH_DNS_DOWN', 'TRUTH_STUB_DRIFT', 'TRUTH_SYSTEM_DRIFT']
2026-07-03T22:49:53Z VIOLATION DNS drift threat github.com: ['TRUTH_DNS_DOWN', 'TRUTH_STUB_DRIFT', 'TRUTH_SYSTEM_DRIFT']
2026-07-03T22:49:54Z VIOLATION DNS drift threat api.github.com: ['TRUTH_DNS_DOWN', 'TRUTH_STUB_DRIFT', 'TRUTH_SYSTEM_DRIFT']
2026-07-03T22:49:54Z VIOLATION DNS drift threat github.com: ['TRUTH_DNS_DOWN', 'TRUTH_STUB_DRIFT', 'TRUTH_SYSTEM_DRIFT']
2026-07-03T22:49:56Z VIOLATION DNS drift threat api.github.com: ['TRUTH_DNS_DOWN', 'TRUTH_STUB_DRIFT', 'TRUTH_SYSTEM_DRIFT']
2026-07-03T22:49:56Z VIOLATION DNS drift threat api.github.com: ['TRUTH_DNS_DOWN', 'TRUTH_STUB_DRIFT', 'TRUTH_SYSTEM_DRIFT']
2026-07-03T22:49:58Z VIOLATION DNS drift threat ssh.github.com: ['TRUTH_DNS_DOWN', 'TRUTH_STUB_DRIFT', 'TRUTH_SYSTEM_DRIFT']
2026-07-03T22:49:58Z VIOLATION DNS drift threat ssh.github.com: ['TRUTH_DNS_DOWN', 'TRUTH_STUB_DRIFT', 'TRUTH_SYSTEM_DRIFT']
2026-07-03T22:49:59Z VIOLATION DNS drift threat github.com: ['TRUTH_DNS_DOWN', 'TRUTH_STUB_DRIFT', 'TRUTH_SYSTEM_DRIFT']
2026-07-03T22:49:59Z VIOLATION DNS drift threat api.github.com: ['TRUTH_DNS_DOWN', 'TRUTH_STUB_DRIFT', 'TRUTH_SYSTEM_DRIFT']
2026-07-03T22:49:59Z VIOLATION DNS drift threat github.com: ['TRUTH_DNS_DOWN', 'TRUTH_STUB_DRIFT', 'TRUTH_SYSTEM_DRIFT']
2026-07-03T22:50:00Z VIOLATION DNS drift threat ssh.github.com: ['TRUTH_DNS_DOWN']
2026-07-03T22:50:01Z VIOLATION DNS drift threat github.com: ['TRUTH_DNS_DOWN', 'TRUTH_STUB_DRIFT', 'TRUTH_SYSTEM_DRIFT']
2026-07-03T22:50:01Z VIOLATION DNS drift threat api.github.com: ['TRUTH_DNS_DOWN', 'TRUTH_STUB_DRIFT', 'TRUTH_SYSTEM_DRIFT']
2026-07-03T22:50:01Z VIOLATION DNS drift threat api.github.com: ['TRUTH_DNS_DOWN', 'TRUTH_STUB_DRIFT', 'TRUTH_SYSTEM_DRIFT']
2026-07-03T22:50:01Z VIOLATION DNS drift threat github.com: ['TRUTH_DNS_DOWN', 'TRUTH_STUB_DRIFT', 'TRUTH_SYSTEM_DRIFT']
2026-07-03T22:50:03Z VIOLATION DNS drift threat ssh.github.com: ['TRUTH_DNS_DOWN', 'TRUTH_STUB_DRIFT', 'TRUTH_SYSTEM_DRIFT']
2026-07-03T22:50:03Z VIOLATION DNS drift threat api.github.com: ['TRUTH_DNS_DOWN', 'TRUTH_STUB_DRIFT', 'TRUTH_SYSTEM_DRIFT']
2026-07-03T22:50:05Z VIOLATION DNS drift threat api.github.com: ['TRUTH_DNS_DOWN', 'TRUTH_STUB_DRIFT', 'TRUTH_SYSTEM_DRIFT']
2026-07-03T22:50:05Z VIOLATION DNS drift threat raw.githubusercontent.com: ['TRUTH_DNS_DOWN']
2026-07-03T22:50:07Z VIOLATION DNS drift threat ssh.github.com: ['TRUTH_DNS_DOWN', 'TRUTH_STUB_DRIFT', 'TRUTH_SYSTEM_DRIFT']
2026-07-03T22:50:07Z VIOLATION DNS drift threat ssh.github.com: ['TRUTH_DNS_DOWN', 'TRUTH_STUB_DRIFT', 'TRUTH_SYSTEM_DRIFT']
2026-07-03T22:50:08Z VIOLATION DNS drift threat github.com: ['TRUTH_DNS_DOWN']
2026-07-03T22:50:09Z VIOLATION DNS drift threat api.github.com: ['TRUTH_DNS_DOWN', 'TRUTH_STUB_DRIFT', 'TRUTH_SYSTEM_DRIFT']
2026-07-03T22:50:11Z VIOLATION DNS drift threat github.com: ['TRUTH_DNS_DOWN', 'TRUTH_STUB_DRIFT', 'TRUTH_SYSTEM_DRIFT']
2026-07-03T22:50:11Z VIOLATION DNS drift threat ssh.github.com: ['TRUTH_DNS_DOWN']
2026-07-03T22:50:12Z VIOLATION DNS drift threat raw.githubusercontent.com: ['TRUTH_DNS_DOWN']
2026-07-03T22:50:13Z VIOLATION DNS drift threat api.github.com: ['TRUTH_DNS_DOWN', 'TRUTH_STUB_DRIFT', 'TRUTH_SYSTEM_DRIFT']
2026-07-03T22:50:17Z VIOLATION DNS drift threat ssh.github.com: ['TRUTH_DNS_DOWN']
2026-07-03T22:50:17Z VIOLATION DNS drift threat github.com: ['TRUTH_DNS_DOWN', 'TRUTH_STUB_DRIFT', 'TRUTH_SYSTEM_DRIFT']
2026-07-03T22:50:20Z VIOLATION DNS drift threat api.github.com: ['TRUTH_DNS_DOWN', 'TRUTH_STUB_DRIFT', 'TRUTH_SYSTEM_DRIFT']
2026-07-03T22:50:27Z VIOLATION DNS drift threat github.com: ['TRUTH_DNS_DOWN', 'TRUTH_STUB_DRIFT', 'TRUTH_SYSTEM_DRIFT']
2026-07-03T22:50:28Z VIOLATION DNS drift threat github.com: ['TRUTH_DNS_DOWN', 'TRUTH_STUB_DRIFT', 'TRUTH_SYSTEM_DRIFT']
2026-07-03T22:50:28Z VIOLATION DNS drift threat github.com: ['TRUTH_DNS_DOWN', 'TRUTH_STUB_DRIFT', 'TRUTH_SYSTEM_DRIFT']
2026-07-03T22:50:31Z VIOLATION DNS drift threat api.github.com: ['TRUTH_DNS_DOWN', 'TRUTH_STUB_DRIFT', 'TRUTH_SYSTEM_DRIFT']
2026-07-03T22:50:31Z VIOLATION DNS drift threat api.github.com: ['TRUTH_DNS_DOWN', 'TRUTH_STUB_DRIFT', 'TRUTH_SYSTEM_DRIFT']
2026-07-03T22:50:31Z VIOLATION DNS drift threat api.github.com: ['TRUTH_DNS_DOWN', 'TRUTH_STUB_DRIFT', 'TRUTH_SYSTEM_DRIFT']
2026-07-03T22:50:33Z VIOLATION DNS drift threat ssh.github.com: ['TRUTH_DNS_DOWN', 'TRUTH_STUB_DRIFT', 'TRUTH_SYSTEM_DRIFT']
2026-07-03T22:50:33Z VIOLATION DNS drift threat github.com: ['TRUTH_DNS_DOWN', 'TRUTH_STUB_DRIFT', 'TRUTH_SYSTEM_DRIFT']
2026-07-03T22:50:34Z VIOLATION DNS drift threat ssh.github.com: ['TRUTH_DNS_DOWN', 'TRUTH_STUB_DRIFT', 'TRUTH_SYSTEM_DRIFT']
2026-07-03T22:50:35Z VIOLATION DNS drift threat ssh.github.com: ['TRUTH_DNS_DOWN']
2026-07-03T22:50:37Z VIOLATION DNS drift threat github.com: ['TRUTH_DNS_DOWN', 'TRUTH_STUB_DRIFT', 'TRUTH_SYSTEM_DRIFT']
2026-07-03T22:50:37Z VIOLATION DNS drift threat api.github.com: ['TRUTH_DNS_DOWN', 'TRUTH_STUB_DRIFT', 'TRUTH_SYSTEM_DRIFT']
2026-07-03T22:50:38Z VIOLATION DNS drift threat github.com: ['TRUTH_DNS_DOWN', 'TRUTH_STUB_DRIFT', 'TRUTH_SYSTEM_DRIFT']
2026-07-03T22:50:40Z VIOLATION DNS drift threat ssh.github.com: ['TRUTH_DNS_DOWN']
2026-07-03T22:50:42Z VIOLATION DNS drift threat api.github.com: ['TRUTH_DNS_DOWN']
2026-07-03T22:50:44Z VIOLATION DNS drift threat api.github.com: ['TRUTH_DNS_DOWN', 'TRUTH_STUB_DRIFT', 'TRUTH_SYSTEM_DRIFT']
2026-07-03T22:50:51Z VIOLATION DNS drift threat github.com: ['TRUTH_DNS_DOWN', 'TRUTH_STUB_DRIFT', 'TRUTH_SYSTEM_DRIFT']
2026-07-03T22:50:54Z VIOLATION DNS drift threat api.github.com: ['TRUTH_DNS_DOWN', 'TRUTH_STUB_DRIFT', 'TRUTH_SYSTEM_DRIFT']
2026-07-03T22:50:56Z VIOLATION DNS drift threat github.com: ['TRUTH_DNS_DOWN', 'TRUTH_STUB_DRIFT', 'TRUTH_SYSTEM_DRIFT']
2026-07-03T22:50:57Z VIOLATION DNS drift threat github.com: ['TRUTH_DNS_DOWN', 'TRUTH_STUB_DRIFT', 'TRUTH_SYSTEM_DRIFT']
2026-07-03T22:50:59Z VIOLATION DNS drift threat api.github.com: ['TRUTH_DNS_DOWN', 'TRUTH_STUB_DRIFT', 'TRUTH_SYSTEM_DRIFT']
2026-07-03T22:51:00Z VIOLATION DNS drift threat api.github.com: ['TRUTH_DNS_DOWN', 'TRUTH_STUB_DRIFT', 'TRUTH_SYSTEM_DRIFT']
2026-07-03T22:51:00Z VIOLATION DNS drift threat github.com: ['TRUTH_DNS_DOWN', 'TRUTH_STUB_DRIFT', 'TRUTH_SYSTEM_DRIFT']
2026-07-03T22:51:01Z VIOLATION DNS drift threat github.com: ['TRUTH_DNS_DOWN', 'TRUTH_STUB_DRIFT', 'TRUTH_SYSTEM_DRIFT']
2026-07-03T22:51:03Z VIOLATION DNS drift threat api.github.com: ['TRUTH_DNS_DOWN', 'TRUTH_STUB_DRIFT', 'TRUTH_SYSTEM_DRIFT']
2026-07-03T22:51:03Z VIOLATION DNS drift threat ssh.github.com: ['TRUTH_DNS_DOWN', 'TRUTH_STUB_DRIFT', 'TRUTH_SYSTEM_DRIFT']
2026-07-03T22:51:06Z VIOLATION DNS drift threat api.github.com: ['TRUTH_DNS_DOWN', 'TRUTH_STUB_DRIFT', 'TRUTH_SYSTEM_DRIFT']
2026-07-03T22:51:12Z VIOLATION DNS drift threat github.com: ['TRUTH_DNS_DOWN', 'TRUTH_STUB_DRIFT', 'TRUTH_SYSTEM_DRIFT']
2026-07-03T22:51:14Z VIOLATION DNS drift threat api.github.com: ['TRUTH_DNS_DOWN', 'TRUTH_STUB_DRIFT', 'TRUTH_SYSTEM_DRIFT']
2026-07-03T22:51:16Z VIOLATION DNS drift threat github.com: ['TRUTH_DNS_DOWN', 'TRUTH_STUB_DRIFT', 'TRUTH_SYSTEM_DRIFT']
2026-07-03T22:51:17Z VIOLATION DNS drift threat ssh.github.com: ['TRUTH_DNS_DOWN']
2026-07-03T22:51:18Z VIOLATION DNS drift threat github.com: ['TRUTH_DNS_DOWN', 'TRUTH_STUB_DRIFT', 'TRUTH_SYSTEM_DRIFT']
2026-07-03T22:51:19Z VIOLATION DNS drift threat github.com: ['TRUTH_DNS_DOWN', 'TRUTH_STUB_DRIFT', 'TRUTH_SYSTEM_DRIFT']
2026-07-03T22:51:19Z VIOLATION DNS drift threat api.github.com: ['TRUTH_DNS_DOWN', 'TRUTH_STUB_DRIFT', 'TRUTH_SYSTEM_DRIFT']
2026-07-03T22:51:21Z VIOLATION DNS drift threat ssh.github.com: ['TRUTH_DNS_DOWN', 'TRUTH_STUB_DRIFT', 'TRUTH_SYSTEM_DRIFT']
2026-07-03T22:51:22Z VIOLATION DNS drift threat api.github.com: ['TRUTH_DNS_DOWN', 'TRUTH_STUB_DRIFT', 'TRUTH_SYSTEM_DRIFT']
2026-07-03T22:51:22Z VIOLATION DNS drift threat api.github.com: ['TRUTH_DNS_DOWN', 'TRUTH_STUB_DRIFT', 'TRUTH_SYSTEM_DRIFT']
2026-07-03T22:51:23Z VIOLATION DNS drift threat github.com: ['TRUTH_DNS_DOWN', 'TRUTH_STUB_DRIFT', 'TRUTH_SYSTEM_DRIFT']
2026-07-03T22:51:24Z VIOLATION DNS drift threat ssh.github.com: ['TRUTH_DNS_DOWN', 'TRUTH_STUB_DRIFT', 'TRUTH_SYSTEM_DRIFT']
2026-07-03T22:51:24Z VIOLATION DNS drift threat github.com: ['TRUTH_DNS_DOWN', 'TRUTH_STUB_DRIFT', 'TRUTH_SYSTEM_DRIFT']
2026-07-03T22:51:24Z VIOLATION DNS drift threat raw.githubusercontent.com: ['TRUTH_DNS_DOWN']
2026-07-03T22:51:26Z VIOLATION DNS drift threat api.github.com: ['TRUTH_DNS_DOWN', 'TRUTH_STUB_DRIFT', 'TRUTH_SYSTEM_DRIFT']
2026-07-03T22:51:27Z VIOLATION DNS drift threat api.github.com: ['TRUTH_DNS_DOWN', 'TRUTH_STUB_DRIFT', 'TRUTH_SYSTEM_DRIFT']
2026-07-03T22:51:27Z VIOLATION DNS drift threat github.com: ['TRUTH_DNS_DOWN', 'TRUTH_STUB_DRIFT', 'TRUTH_SYSTEM_DRIFT']
2026-07-03T22:51:28Z VIOLATION DNS drift threat ssh.github.com: ['TRUTH_DNS_DOWN', 'TRUTH_STUB_DRIFT', 'TRUTH_SYSTEM_DRIFT']
2026-07-03T22:51:30Z VIOLATION DNS drift threat github.com: ['TRUTH_DNS_DOWN', 'TRUTH_STUB_DRIFT', 'TRUTH_SYSTEM_DRIFT']
2026-07-03T22:51:30Z VIOLATION DNS drift threat api.github.com: ['TRUTH_DNS_DOWN', 'TRUTH_STUB_DRIFT', 'TRUTH_SYSTEM_DRIFT']
2026-07-03T22:51:30Z VIOLATION DNS drift threat ssh.github.com: ['TRUTH_DNS_DOWN', 'TRUTH_STUB_DRIFT', 'TRUTH_SYSTEM_DRIFT']
2026-07-03T22:51:30Z VIOLATION DNS drift threat raw.githubusercontent.com: ['TRUTH_DNS_DOWN']
2026-07-03T22:51:32Z VIOLATION DNS drift threat ssh.github.com: ['TRUTH_DNS_DOWN', 'TRUTH_STUB_DRIFT', 'TRUTH_SYSTEM_DRIFT']
2026-07-03T22:51:32Z VIOLATION DNS drift threat api.github.com: ['TRUTH_DNS_DOWN', 'TRUTH_STUB_DRIFT', 'TRUTH_SYSTEM_DRIFT']
2026-07-03T22:51:34Z VIOLATION DNS drift threat github.com: ['TRUTH_DNS_DOWN', 'TRUTH_STUB_DRIFT', 'TRUTH_SYSTEM_DRIFT']
2026-07-03T22:51:36Z VIOLATION DNS drift threat ssh.github.com: ['TRUTH_DNS_DOWN', 'TRUTH_STUB_DRIFT', 'TRUTH_SYSTEM_DRIFT']
2026-07-03T22:51:37Z VIOLATION DNS drift threat api.github.com: ['TRUTH_DNS_DOWN']
2026-07-03T22:51:38Z VIOLATION DNS drift threat github.com: ['TRUTH_DNS_DOWN', 'TRUTH_STUB_DRIFT', 'TRUTH_SYSTEM_DRIFT']
2026-07-03T22:51:39Z VIOLATION DNS drift threat ssh.github.com: ['TRUTH_DNS_DOWN']
2026-07-03T22:51:40Z VIOLATION DNS drift threat api.github.com: ['TRUTH_DNS_DOWN', 'TRUTH_STUB_DRIFT', 'TRUTH_SYSTEM_DRIFT']
2026-07-03T22:51:44Z VIOLATION DNS drift threat ssh.github.com: ['TRUTH_DNS_DOWN']
2026-07-03T22:51:49Z VIOLATION DNS drift threat github.com: ['TRUTH_DNS_DOWN', 'TRUTH_STUB_DRIFT', 'TRUTH_SYSTEM_DRIFT']
2026-07-03T22:51:51Z VIOLATION DNS drift threat github.com: ['TRUTH_DNS_DOWN']
2026-07-03T22:51:52Z VIOLATION DNS drift threat github.com: ['TRUTH_DNS_DOWN', 'TRUTH_STUB_DRIFT', 'TRUTH_SYSTEM_DRIFT']
2026-07-03T22:51:53Z VIOLATION DNS drift threat github.com: ['TRUTH_DNS_DOWN', 'TRUTH_STUB_DRIFT', 'TRUTH_SYSTEM_DRIFT']
2026-07-03T22:51:54Z VIOLATION DNS drift threat api.github.com: ['TRUTH_DNS_DOWN', 'TRUTH_STUB_DRIFT', 'TRUTH_SYSTEM_DRIFT']
2026-07-03T22:51:54Z VIOLATION DNS drift threat api.github.com: ['TRUTH_DNS_DOWN', 'TRUTH_STUB_DRIFT', 'TRUTH_SYSTEM_DRIFT']
2026-07-03T22:51:55Z VIOLATION DNS drift threat api.github.com: ['TRUTH_DNS_DOWN', 'TRUTH_STUB_DRIFT', 'TRUTH_SYSTEM_DRIFT']
2026-07-03T22:51:56Z VIOLATION DNS drift threat api.github.com: ['TRUTH_DNS_DOWN']
2026-07-03T22:51:57Z VIOLATION DNS drift threat ssh.github.com: ['TRUTH_DNS_DOWN', 'TRUTH_STUB_DRIFT', 'TRUTH_SYSTEM_DRIFT']
2026-07-03T22:51:57Z VIOLATION DNS drift threat ssh.github.com: ['TRUTH_DNS_DOWN', 'TRUTH_STUB_DRIFT', 'TRUTH_SYSTEM_DRIFT']
2026-07-03T22:51:58Z VIOLATION DNS drift threat github.com: ['TRUTH_DNS_DOWN', 'TRUTH_STUB_DRIFT', 'TRUTH_SYSTEM_DRIFT']
2026-07-03T22:51:58Z VIOLATION DNS drift threat github.com: ['TRUTH_DNS_DOWN', 'TRUTH_STUB_DRIFT', 'TRUTH_SYSTEM_DRIFT']
2026-07-03T22:52:02Z VIOLATION DNS drift threat api.github.com: ['TRUTH_DNS_DOWN', 'TRUTH_STUB_DRIFT', 'TRUTH_SYSTEM_DRIFT']
2026-07-03T22:52:02Z VIOLATION DNS drift threat api.github.com: ['TRUTH_DNS_DOWN', 'TRUTH_STUB_DRIFT', 'TRUTH_SYSTEM_DRIFT']
2026-07-03T22:52:06Z VIOLATION DNS drift threat ssh.github.com: ['TRUTH_DNS_DOWN', 'TRUTH_STUB_DRIFT', 'TRUTH_SYSTEM_DRIFT']
2026-07-03T22:52:09Z VIOLATION DNS drift threat github.com: ['TRUTH_DNS_DOWN', 'TRUTH_STUB_DRIFT', 'TRUTH_SYSTEM_DRIFT']
2026-07-03T22:52:12Z VIOLATION DNS drift threat api.github.com: ['TRUTH_DNS_DOWN', 'TRUTH_STUB_DRIFT', 'TRUTH_SYSTEM_DRIFT']
2026-07-03T22:52:14Z VIOLATION DNS drift threat github.com: ['TRUTH_DNS_DOWN', 'TRUTH_STUB_DRIFT', 'TRUTH_SYSTEM_DRIFT']
2026-07-03T22:52:15Z VIOLATION DNS drift threat ssh.github.com: ['TRUTH_DNS_DOWN', 'TRUTH_STUB_DRIFT', 'TRUTH_SYSTEM_DRIFT']
2026-07-03T22:52:16Z VIOLATION DNS drift threat api.github.com: ['TRUTH_DNS_DOWN']
2026-07-03T22:52:18Z VIOLATION DNS drift threat raw.githubusercontent.com: ['TRUTH_DNS_DOWN']
2026-07-03T22:52:18Z VIOLATION DNS drift threat github.com: ['TRUTH_DNS_DOWN']
2026-07-03T22:52:20Z VIOLATION DNS drift threat github.com: ['TRUTH_DNS_DOWN', 'TRUTH_STUB_DRIFT', 'TRUTH_SYSTEM_DRIFT']
2026-07-03T22:52:20Z VIOLATION DNS drift threat api.github.com: ['TRUTH_DNS_DOWN']
2026-07-03T22:52:22Z VIOLATION DNS drift threat api.github.com: ['TRUTH_DNS_DOWN', 'TRUTH_STUB_DRIFT', 'TRUTH_SYSTEM_DRIFT']
2026-07-03T22:52:22Z VIOLATION DNS drift threat github.com: ['TRUTH_DNS_DOWN']
2026-07-03T22:52:25Z VIOLATION DNS drift threat github.com: ['TRUTH_DNS_DOWN', 'TRUTH_STUB_DRIFT', 'TRUTH_SYSTEM_DRIFT']
2026-07-03T22:52:26Z VIOLATION DNS drift threat ssh.github.com: ['TRUTH_DNS_DOWN', 'TRUTH_STUB_DRIFT', 'TRUTH_SYSTEM_DRIFT']
2026-07-03T22:52:26Z VIOLATION DNS drift threat ssh.github.com: ['TRUTH_DNS_DOWN', 'TRUTH_STUB_DRIFT', 'TRUTH_SYSTEM_DRIFT']
2026-07-03T22:52:26Z VIOLATION DNS drift threat api.github.com: ['TRUTH_DNS_DOWN', 'TRUTH_STUB_DRIFT', 'TRUTH_SYSTEM_DRIFT']
2026-07-03T22:52:29Z VIOLATION DNS drift threat raw.githubusercontent.com: ['TRUTH_DNS_DOWN']
2026-07-03T22:52:34Z VIOLATION DNS drift threat github.com: ['TRUTH_DNS_DOWN', 'TRUTH_STUB_DRIFT', 'TRUTH_SYSTEM_DRIFT']
2026-07-03T22:52:35Z VIOLATION DNS drift threat github.com: ['TRUTH_DNS_DOWN', 'TRUTH_STUB_DRIFT', 'TRUTH_SYSTEM_DRIFT']
2026-07-03T22:52:36Z VIOLATION DNS drift threat github.com: ['TRUTH_DNS_DOWN']
2026-07-03T22:52:37Z VIOLATION DNS drift threat api.github.com: ['TRUTH_DNS_DOWN', 'TRUTH_STUB_DRIFT', 'TRUTH_SYSTEM_DRIFT']
2026-07-03T22:52:39Z VIOLATION DNS drift threat api.github.com: ['TRUTH_DNS_DOWN', 'TRUTH_STUB_DRIFT', 'TRUTH_SYSTEM_DRIFT']
2026-07-03T22:52:39Z VIOLATION DNS drift threat ssh.github.com: ['TRUTH_DNS_DOWN', 'TRUTH_STUB_DRIFT', 'TRUTH_SYSTEM_DRIFT']
2026-07-03T22:52:40Z VIOLATION DNS drift threat github.com: ['TRUTH_DNS_DOWN', 'TRUTH_STUB_DRIFT', 'TRUTH_SYSTEM_DRIFT']
2026-07-03T22:52:41Z VIOLATION DNS drift threat ssh.github.com: ['TRUTH_DNS_DOWN', 'TRUTH_STUB_DRIFT', 'TRUTH_SYSTEM_DRIFT']
2026-07-03T22:52:44Z VIOLATION DNS drift threat github.com: ['TRUTH_DNS_DOWN', 'TRUTH_STUB_DRIFT', 'TRUTH_SYSTEM_DRIFT']
2026-07-03T22:52:44Z VIOLATION DNS drift threat api.github.com: ['TRUTH_DNS_DOWN']
2026-07-03T22:52:47Z VIOLATION DNS drift threat api.github.com: ['TRUTH_DNS_DOWN', 'TRUTH_STUB_DRIFT', 'TRUTH_SYSTEM_DRIFT']
2026-07-03T22:52:47Z VIOLATION DNS drift threat github.com: ['TRUTH_DNS_DOWN']
2026-07-03T22:52:49Z VIOLATION DNS drift threat api.github.com: ['TRUTH_DNS_DOWN', 'TRUTH_STUB_DRIFT', 'TRUTH_SYSTEM_DRIFT']
2026-07-03T22:52:50Z VIOLATION DNS drift threat ssh.github.com: ['TRUTH_DNS_DOWN', 'TRUTH_STUB_DRIFT', 'TRUTH_SYSTEM_DRIFT']
2026-07-03T22:52:51Z VIOLATION DNS drift threat ssh.github.com: ['TRUTH_DNS_DOWN', 'TRUTH_STUB_DRIFT', 'TRUTH_SYSTEM_DRIFT']
2026-07-03T22:52:53Z VIOLATION DNS drift threat raw.githubusercontent.com: ['TRUTH_DNS_DOWN']
2026-07-03T22:52:53Z VIOLATION DNS drift threat github.com: ['TRUTH_DNS_DOWN', 'TRUTH_STUB_DRIFT', 'TRUTH_SYSTEM_DRIFT']
2026-07-03T22:52:54Z VIOLATION DNS drift threat raw.githubusercontent.com: ['TRUTH_DNS_DOWN']
2026-07-03T22:52:55Z VIOLATION DNS drift threat api.github.com: ['TRUTH_DNS_DOWN', 'TRUTH_STUB_DRIFT', 'TRUTH_SYSTEM_DRIFT']
2026-07-03T22:52:56Z VIOLATION DNS drift threat github.com: ['TRUTH_DNS_DOWN']
2026-07-03T22:52:57Z VIOLATION DNS drift threat ssh.github.com: ['TRUTH_DNS_DOWN', 'TRUTH_STUB_DRIFT', 'TRUTH_SYSTEM_DRIFT']
2026-07-03T22:52:57Z VIOLATION DNS drift threat github.com: ['TRUTH_DNS_DOWN', 'TRUTH_STUB_DRIFT', 'TRUTH_SYSTEM_DRIFT']
2026-07-03T22:52:58Z VIOLATION DNS drift threat raw.githubusercontent.com: ['TRUTH_DNS_DOWN']
2026-07-03T22:52:59Z VIOLATION DNS drift threat api.github.com: ['TRUTH_DNS_DOWN', 'TRUTH_STUB_DRIFT', 'TRUTH_SYSTEM_DRIFT']
2026-07-03T22:53:00Z VIOLATION DNS drift threat github.com: ['TRUTH_DNS_DOWN', 'TRUTH_STUB_DRIFT', 'TRUTH_SYSTEM_DRIFT']
2026-07-03T22:53:01Z VIOLATION DNS drift threat ssh.github.com: ['TRUTH_DNS_DOWN', 'TRUTH_STUB_DRIFT', 'TRUTH_SYSTEM_DRIFT']
2026-07-03T22:53:01Z VIOLATION DNS drift threat github.com: ['TRUTH_DNS_DOWN']
2026-07-03T22:53:01Z VIOLATION DNS drift threat api.github.com: ['TRUTH_DNS_DOWN', 'TRUTH_STUB_DRIFT', 'TRUTH_SYSTEM_DRIFT']
2026-07-03T22:53:01Z VIOLATION DNS drift threat github.com: ['TRUTH_DNS_DOWN', 'TRUTH_STUB_DRIFT', 'TRUTH_SYSTEM_DRIFT']
2026-07-03T22:53:02Z VIOLATION DNS drift threat github.com: ['TRUTH_DNS_DOWN', 'TRUTH_STUB_DRIFT', 'TRUTH_SYSTEM_DRIFT']
2026-07-03T22:53:03Z VIOLATION DNS drift threat api.github.com: ['TRUTH_DNS_DOWN', 'TRUTH_STUB_DRIFT', 'TRUTH_SYSTEM_DRIFT']
2026-07-03T22:53:04Z VIOLATION DNS drift threat api.github.com: ['TRUTH_DNS_DOWN']
2026-07-03T22:53:04Z VIOLATION DNS drift threat raw.githubusercontent.com: ['TRUTH_DNS_DOWN']
2026-07-03T22:53:04Z VIOLATION DNS drift threat api.github.com: ['TRUTH_DNS_DOWN', 'TRUTH_STUB_DRIFT', 'TRUTH_SYSTEM_DRIFT']
2026-07-03T22:53:06Z VIOLATION DNS drift threat ssh.github.com: ['TRUTH_DNS_DOWN']
2026-07-03T22:53:06Z VIOLATION DNS drift threat github.com: ['TRUTH_DNS_DOWN', 'TRUTH_STUB_DRIFT', 'TRUTH_SYSTEM_DRIFT']
2026-07-03T22:53:07Z VIOLATION DNS drift threat api.github.com: ['TRUTH_DNS_DOWN', 'TRUTH_STUB_DRIFT', 'TRUTH_SYSTEM_DRIFT']
2026-07-03T22:53:07Z VIOLATION DNS drift threat ssh.github.com: ['TRUTH_DNS_DOWN']
2026-07-03T22:53:07Z VIOLATION DNS drift threat ssh.github.com: ['TRUTH_DNS_DOWN']
2026-07-03T22:53:08Z VIOLATION DNS drift threat github.com: ['TRUTH_DNS_DOWN', 'TRUTH_STUB_DRIFT', 'TRUTH_SYSTEM_DRIFT']
2026-07-03T22:53:10Z VIOLATION DNS drift threat raw.githubusercontent.com: ['TRUTH_DNS_DOWN']
2026-07-03T22:53:10Z VIOLATION DNS drift threat api.github.com: ['TRUTH_DNS_DOWN', 'TRUTH_STUB_DRIFT', 'TRUTH_SYSTEM_DRIFT']
2026-07-03T22:53:10Z VIOLATION DNS drift threat ssh.github.com: ['TRUTH_DNS_DOWN', 'TRUTH_STUB_DRIFT', 'TRUTH_SYSTEM_DRIFT']
2026-07-03T22:53:11Z VIOLATION DNS drift threat api.github.com: ['TRUTH_DNS_DOWN', 'TRUTH_STUB_DRIFT', 'TRUTH_SYSTEM_DRIFT']
2026-07-03T22:53:13Z VIOLATION DNS drift threat ssh.github.com: ['TRUTH_DNS_DOWN', 'TRUTH_STUB_DRIFT', 'TRUTH_SYSTEM_DRIFT']
2026-07-03T22:53:24Z VIOLATION DNS drift threat github.com: ['TRUTH_DNS_DOWN', 'TRUTH_STUB_DRIFT', 'TRUTH_SYSTEM_DRIFT']
2026-07-03T22:53:27Z VIOLATION DNS drift threat github.com: ['TRUTH_DNS_DOWN', 'TRUTH_STUB_DRIFT', 'TRUTH_SYSTEM_DRIFT']
2026-07-03T22:53:27Z VIOLATION DNS drift threat github.com: ['TRUTH_DNS_DOWN', 'TRUTH_STUB_DRIFT', 'TRUTH_SYSTEM_DRIFT']
2026-07-03T22:53:28Z VIOLATION DNS drift threat api.github.com: ['TRUTH_DNS_DOWN']
2026-07-03T22:53:29Z VIOLATION DNS drift threat api.github.com: ['TRUTH_DNS_DOWN']
2026-07-03T22:53:29Z VIOLATION DNS drift threat github.com: ['TRUTH_DNS_DOWN', 'TRUTH_STUB_DRIFT', 'TRUTH_SYSTEM_DRIFT']
2026-07-03T22:53:30Z VIOLATION DNS drift threat ssh.github.com: ['TRUTH_DNS_DOWN', 'TRUTH_STUB_DRIFT', 'TRUTH_SYSTEM_DRIFT']
2026-07-03T22:53:31Z VIOLATION DNS drift threat api.github.com: ['TRUTH_DNS_DOWN', 'TRUTH_STUB_DRIFT', 'TRUTH_SYSTEM_DRIFT']
2026-07-03T22:53:31Z VIOLATION DNS drift threat ssh.github.com: ['TRUTH_DNS_DOWN', 'TRUTH_STUB_DRIFT', 'TRUTH_SYSTEM_DRIFT']
2026-07-03T22:53:33Z VIOLATION DNS drift threat api.github.com: ['TRUTH_DNS_DOWN', 'TRUTH_STUB_DRIFT', 'TRUTH_SYSTEM_DRIFT']
2026-07-03T22:53:34Z VIOLATION DNS drift threat ssh.github.com: ['TRUTH_DNS_DOWN', 'TRUTH_STUB_DRIFT', 'TRUTH_SYSTEM_DRIFT']
2026-07-03T22:53:35Z VIOLATION DNS drift threat raw.githubusercontent.com: ['TRUTH_DNS_DOWN']
2026-07-03T22:53:35Z VIOLATION DNS drift threat github.com: ['TRUTH_DNS_DOWN']
2026-07-03T22:53:37Z VIOLATION DNS drift threat api.github.com: ['TRUTH_DNS_DOWN', 'TRUTH_STUB_DRIFT', 'TRUTH_SYSTEM_DRIFT']
2026-07-03T22:53:42Z VIOLATION DNS drift threat ssh.github.com: ['TRUTH_DNS_DOWN', 'TRUTH_STUB_DRIFT', 'TRUTH_SYSTEM_DRIFT']
2026-07-03T22:53:43Z VIOLATION DNS drift threat github.com: ['TRUTH_DNS_DOWN', 'TRUTH_STUB_DRIFT', 'TRUTH_SYSTEM_DRIFT']
2026-07-03T22:53:44Z VIOLATION DNS drift threat github.com: ['TRUTH_DNS_DOWN', 'TRUTH_STUB_DRIFT', 'TRUTH_SYSTEM_DRIFT']
2026-07-03T22:53:46Z VIOLATION DNS drift threat api.github.com: ['TRUTH_DNS_DOWN', 'TRUTH_STUB_DRIFT', 'TRUTH_SYSTEM_DRIFT']
2026-07-03T22:53:49Z VIOLATION DNS drift threat ssh.github.com: ['TRUTH_DNS_DOWN', 'TRUTH_STUB_DRIFT', 'TRUTH_SYSTEM_DRIFT']
2026-07-03T22:53:50Z VIOLATION DNS drift threat api.github.com: ['TRUTH_DNS_DOWN', 'TRUTH_STUB_DRIFT', 'TRUTH_SYSTEM_DRIFT']
2026-07-03T22:53:51Z VIOLATION DNS drift threat github.com: ['TRUTH_DNS_DOWN', 'TRUTH_STUB_DRIFT', 'TRUTH_SYSTEM_DRIFT']
2026-07-03T22:53:53Z VIOLATION DNS drift threat api.github.com: ['TRUTH_DNS_DOWN', 'TRUTH_STUB_DRIFT', 'TRUTH_SYSTEM_DRIFT']
2026-07-03T22:53:54Z VIOLATION DNS drift threat github.com: ['TRUTH_DNS_DOWN', 'TRUTH_STUB_DRIFT', 'TRUTH_SYSTEM_DRIFT']
2026-07-03T22:53:58Z VIOLATION DNS drift threat api.github.com: ['TRUTH_DNS_DOWN', 'TRUTH_STUB_DRIFT', 'TRUTH_SYSTEM_DRIFT']
2026-07-03T22:53:59Z VIOLATION DNS drift threat github.com: ['TRUTH_DNS_DOWN', 'TRUTH_STUB_DRIFT', 'TRUTH_SYSTEM_DRIFT']
2026-07-03T22:53:59Z VIOLATION DNS drift threat ssh.github.com: ['TRUTH_DNS_DOWN', 'TRUTH_STUB_DRIFT', 'TRUTH_SYSTEM_DRIFT']
2026-07-03T22:54:01Z VIOLATION DNS drift threat api.github.com: ['TRUTH_DNS_DOWN', 'TRUTH_STUB_DRIFT', 'TRUTH_SYSTEM_DRIFT']
2026-07-03T22:54:02Z VIOLATION DNS drift threat github.com: ['TRUTH_DNS_DOWN', 'TRUTH_STUB_DRIFT', 'TRUTH_SYSTEM_DRIFT']
2026-07-03T22:54:03Z VIOLATION DNS drift threat raw.githubusercontent.com: ['TRUTH_DNS_DOWN']
2026-07-03T22:54:04Z VIOLATION DNS drift threat github.com: ['TRUTH_DNS_DOWN', 'TRUTH_STUB_DRIFT', 'TRUTH_SYSTEM_DRIFT']
2026-07-03T22:54:04Z VIOLATION DNS drift threat api.github.com: ['TRUTH_DNS_DOWN', 'TRUTH_STUB_DRIFT', 'TRUTH_SYSTEM_DRIFT']
2026-07-03T22:54:05Z VIOLATION DNS drift threat api.github.com: ['TRUTH_DNS_DOWN', 'TRUTH_STUB_DRIFT', 'TRUTH_SYSTEM_DRIFT']
2026-07-03T22:54:06Z VIOLATION DNS drift threat ssh.github.com: ['TRUTH_DNS_DOWN']
2026-07-03T22:54:07Z VIOLATION DNS drift threat ssh.github.com: ['TRUTH_DNS_DOWN', 'TRUTH_STUB_DRIFT', 'TRUTH_SYSTEM_DRIFT']
2026-07-03T22:54:08Z VIOLATION DNS drift threat ssh.github.com: ['TRUTH_DNS_DOWN', 'TRUTH_STUB_DRIFT', 'TRUTH_SYSTEM_DRIFT']
2026-07-03T22:54:10Z VIOLATION DNS drift threat github.com: ['TRUTH_DNS_DOWN', 'TRUTH_STUB_DRIFT', 'TRUTH_SYSTEM_DRIFT']
2026-07-03T22:54:13Z VIOLATION DNS drift threat raw.githubusercontent.com: ['TRUTH_DNS_DOWN']
2026-07-03T22:54:13Z VIOLATION DNS drift threat api.github.com: ['TRUTH_DNS_DOWN', 'TRUTH_STUB_DRIFT', 'TRUTH_SYSTEM_DRIFT']
2026-07-03T22:54:15Z VIOLATION DNS drift threat github.com: ['TRUTH_DNS_DOWN', 'TRUTH_STUB_DRIFT', 'TRUTH_SYSTEM_DRIFT']
2026-07-03T22:54:16Z VIOLATION DNS drift threat ssh.github.com: ['TRUTH_DNS_DOWN']
2026-07-03T22:54:19Z VIOLATION DNS drift threat api.github.com: ['TRUTH_DNS_DOWN', 'TRUTH_STUB_DRIFT', 'TRUTH_SYSTEM_DRIFT']
2026-07-03T22:54:19Z VIOLATION DNS drift threat github.com: ['TRUTH_DNS_DOWN']
2026-07-03T22:54:22Z VIOLATION DNS drift threat github.com: ['TRUTH_DNS_DOWN', 'TRUTH_STUB_DRIFT', 'TRUTH_SYSTEM_DRIFT']
2026-07-03T22:54:22Z VIOLATION DNS drift threat ssh.github.com: ['TRUTH_DNS_DOWN', 'TRUTH_STUB_DRIFT', 'TRUTH_SYSTEM_DRIFT']
2026-07-03T22:54:23Z VIOLATION DNS drift threat api.github.com: ['TRUTH_DNS_DOWN', 'TRUTH_STUB_DRIFT', 'TRUTH_SYSTEM_DRIFT']
2026-07-03T22:54:25Z VIOLATION DNS drift threat api.github.com: ['TRUTH_DNS_DOWN', 'TRUTH_STUB_DRIFT', 'TRUTH_SYSTEM_DRIFT']
2026-07-03T22:54:25Z VIOLATION DNS drift threat github.com: ['TRUTH_DNS_DOWN', 'TRUTH_STUB_DRIFT', 'TRUTH_SYSTEM_DRIFT']
2026-07-03T22:54:26Z VIOLATION DNS drift threat ssh.github.com: ['TRUTH_DNS_DOWN']
2026-07-03T22:54:27Z VIOLATION DNS drift threat github.com: ['TRUTH_DNS_DOWN', 'TRUTH_STUB_DRIFT', 'TRUTH_SYSTEM_DRIFT']
2026-07-03T22:54:28Z VIOLATION DNS drift threat ssh.github.com: ['TRUTH_DNS_DOWN', 'TRUTH_STUB_DRIFT', 'TRUTH_SYSTEM_DRIFT']
2026-07-03T22:54:28Z VIOLATION DNS drift threat api.github.com: ['TRUTH_DNS_DOWN', 'TRUTH_STUB_DRIFT', 'TRUTH_SYSTEM_DRIFT']
2026-07-03T22:54:29Z VIOLATION DNS drift threat github.com: ['TRUTH_DNS_DOWN', 'TRUTH_STUB_DRIFT', 'TRUTH_SYSTEM_DRIFT']
2026-07-03T22:54:30Z VIOLATION DNS drift threat ssh.github.com: ['TRUTH_DNS_DOWN', 'TRUTH_STUB_DRIFT', 'TRUTH_SYSTEM_DRIFT']
2026-07-03T22:54:31Z VIOLATION DNS drift threat github.com: ['TRUTH_DNS_DOWN', 'TRUTH_STUB_DRIFT', 'TRUTH_SYSTEM_DRIFT']
2026-07-03T22:54:31Z VIOLATION DNS drift threat github.com: ['TRUTH_DNS_DOWN', 'TRUTH_STUB_DRIFT', 'TRUTH_SYSTEM_DRIFT']
2026-07-03T22:54:31Z VIOLATION DNS drift threat github.com: ['TRUTH_DNS_DOWN', 'TRUTH_STUB_DRIFT', 'TRUTH_SYSTEM_DRIFT']
2026-07-03T22:54:31Z VIOLATION DNS drift threat api.github.com: ['TRUTH_DNS_DOWN', 'TRUTH_STUB_DRIFT', 'TRUTH_SYSTEM_DRIFT']
2026-07-03T22:54:32Z VIOLATION DNS drift threat api.github.com: ['TRUTH_DNS_DOWN', 'TRUTH_STUB_DRIFT', 'TRUTH_SYSTEM_DRIFT']
2026-07-03T22:54:34Z VIOLATION DNS drift threat ssh.github.com: ['TRUTH_DNS_DOWN', 'TRUTH_STUB_DRIFT', 'TRUTH_SYSTEM_DRIFT']
2026-07-03T22:54:35Z VIOLATION DNS drift threat api.github.com: ['TRUTH_DNS_DOWN', 'TRUTH_STUB_DRIFT', 'TRUTH_SYSTEM_DRIFT']
2026-07-03T22:54:35Z VIOLATION DNS drift threat api.github.com: ['TRUTH_DNS_DOWN', 'TRUTH_STUB_DRIFT', 'TRUTH_SYSTEM_DRIFT']
2026-07-03T22:54:36Z VIOLATION DNS drift threat ssh.github.com: ['TRUTH_DNS_DOWN', 'TRUTH_STUB_DRIFT', 'TRUTH_SYSTEM_DRIFT']
2026-07-03T22:54:36Z VIOLATION DNS drift threat api.github.com: ['TRUTH_DNS_DOWN', 'TRUTH_STUB_DRIFT', 'TRUTH_SYSTEM_DRIFT']
2026-07-03T22:54:38Z VIOLATION DNS drift threat ssh.github.com: ['TRUTH_DNS_DOWN', 'TRUTH_STUB_DRIFT', 'TRUTH_SYSTEM_DRIFT']
2026-07-03T22:54:39Z VIOLATION DNS drift threat ssh.github.com: ['TRUTH_DNS_DOWN', 'TRUTH_STUB_DRIFT', 'TRUTH_SYSTEM_DRIFT']
2026-07-03T22:54:40Z VIOLATION DNS drift threat ssh.github.com: ['TRUTH_DNS_DOWN', 'TRUTH_STUB_DRIFT', 'TRUTH_SYSTEM_DRIFT']
2026-07-03T22:54:42Z VIOLATION DNS drift threat github.com: ['TRUTH_DNS_DOWN', 'TRUTH_STUB_DRIFT', 'TRUTH_SYSTEM_DRIFT']
2026-07-03T22:54:46Z VIOLATION DNS drift threat api.github.com: ['TRUTH_DNS_DOWN', 'TRUTH_STUB_DRIFT', 'TRUTH_SYSTEM_DRIFT']
2026-07-03T22:54:48Z VIOLATION DNS drift threat ssh.github.com: ['TRUTH_DNS_DOWN', 'TRUTH_STUB_DRIFT', 'TRUTH_SYSTEM_DRIFT']
2026-07-03T22:54:53Z VIOLATION DNS drift threat github.com: ['TRUTH_DNS_DOWN']
2026-07-03T22:54:56Z VIOLATION DNS drift threat github.com: ['TRUTH_DNS_DOWN', 'TRUTH_STUB_DRIFT', 'TRUTH_SYSTEM_DRIFT']
2026-07-03T22:54:58Z VIOLATION DNS drift threat api.github.com: ['TRUTH_DNS_DOWN', 'TRUTH_STUB_DRIFT', 'TRUTH_SYSTEM_DRIFT']
2026-07-03T22:55:00Z VIOLATION DNS drift threat ssh.github.com: ['TRUTH_DNS_DOWN', 'TRUTH_STUB_DRIFT', 'TRUTH_SYSTEM_DRIFT']
2026-07-03T22:55:00Z VIOLATION DNS drift threat github.com: ['TRUTH_DNS_DOWN', 'TRUTH_STUB_DRIFT', 'TRUTH_SYSTEM_DRIFT']
2026-07-03T22:55:01Z VIOLATION DNS drift threat github.com: ['TRUTH_DNS_DOWN', 'TRUTH_STUB_DRIFT', 'TRUTH_SYSTEM_DRIFT']
2026-07-03T22:55:02Z VIOLATION DNS drift threat raw.githubusercontent.com: ['TRUTH_DNS_DOWN']
2026-07-03T22:55:03Z VIOLATION DNS drift threat api.github.com: ['TRUTH_DNS_DOWN', 'TRUTH_STUB_DRIFT', 'TRUTH_SYSTEM_DRIFT']
2026-07-03T22:55:07Z VIOLATION DNS drift threat github.com: ['TRUTH_DNS_DOWN', 'TRUTH_STUB_DRIFT', 'TRUTH_SYSTEM_DRIFT']
2026-07-03T22:55:07Z VIOLATION DNS drift threat api.github.com: ['TRUTH_DNS_DOWN', 'TRUTH_STUB_DRIFT', 'TRUTH_SYSTEM_DRIFT']
2026-07-03T22:55:10Z VIOLATION DNS drift threat github.com: ['TRUTH_DNS_DOWN', 'TRUTH_STUB_DRIFT', 'TRUTH_SYSTEM_DRIFT']
2026-07-03T22:55:11Z VIOLATION DNS drift threat api.github.com: ['TRUTH_DNS_DOWN', 'TRUTH_STUB_DRIFT', 'TRUTH_SYSTEM_DRIFT']
2026-07-03T22:55:13Z VIOLATION DNS drift threat ssh.github.com: ['TRUTH_DNS_DOWN', 'TRUTH_STUB_DRIFT', 'TRUTH_SYSTEM_DRIFT']
2026-07-03T22:55:13Z VIOLATION DNS drift threat github.com: ['TRUTH_DNS_DOWN', 'TRUTH_STUB_DRIFT', 'TRUTH_SYSTEM_DRIFT']
2026-07-03T22:55:13Z VIOLATION DNS drift threat api.github.com: ['TRUTH_DNS_DOWN', 'TRUTH_STUB_DRIFT', 'TRUTH_SYSTEM_DRIFT']
2026-07-03T22:55:14Z VIOLATION DNS drift threat github.com: ['TRUTH_DNS_DOWN', 'TRUTH_STUB_DRIFT', 'TRUTH_SYSTEM_DRIFT']
2026-07-03T22:55:18Z VIOLATION DNS drift threat api.github.com: ['TRUTH_DNS_DOWN', 'TRUTH_STUB_DRIFT', 'TRUTH_SYSTEM_DRIFT']
2026-07-03T22:55:19Z VIOLATION DNS drift threat api.github.com: ['TRUTH_DNS_DOWN', 'TRUTH_STUB_DRIFT', 'TRUTH_SYSTEM_DRIFT']
2026-07-03T22:55:20Z VIOLATION DNS drift threat ssh.github.com: ['TRUTH_DNS_DOWN', 'TRUTH_STUB_DRIFT', 'TRUTH_SYSTEM_DRIFT']
2026-07-03T22:55:21Z VIOLATION DNS drift threat github.com: ['TRUTH_DNS_DOWN', 'TRUTH_STUB_DRIFT', 'TRUTH_SYSTEM_DRIFT']
2026-07-03T22:55:24Z VIOLATION DNS drift threat github.com: ['TRUTH_DNS_DOWN', 'TRUTH_STUB_DRIFT', 'TRUTH_SYSTEM_DRIFT']
2026-07-03T22:55:24Z VIOLATION DNS drift threat api.github.com: ['TRUTH_DNS_DOWN']
2026-07-03T22:55:27Z VIOLATION DNS drift threat ssh.github.com: ['TRUTH_DNS_DOWN']
2026-07-03T22:55:29Z VIOLATION DNS drift threat api.github.com: ['TRUTH_DNS_DOWN', 'TRUTH_STUB_DRIFT', 'TRUTH_SYSTEM_DRIFT']
2026-07-03T22:55:30Z VIOLATION DNS drift threat raw.githubusercontent.com: ['TRUTH_DNS_DOWN']
2026-07-03T22:55:32Z VIOLATION DNS drift threat ssh.github.com: ['TRUTH_DNS_DOWN', 'TRUTH_STUB_DRIFT', 'TRUTH_SYSTEM_DRIFT']
2026-07-03T22:55:33Z VIOLATION DNS drift threat github.com: ['TRUTH_DNS_DOWN', 'TRUTH_STUB_DRIFT', 'TRUTH_SYSTEM_DRIFT']
2026-07-03T22:55:34Z VIOLATION DNS drift threat github.com: ['TRUTH_DNS_DOWN', 'TRUTH_STUB_DRIFT', 'TRUTH_SYSTEM_DRIFT']
2026-07-03T22:55:35Z VIOLATION DNS drift threat github.com: ['TRUTH_DNS_DOWN', 'TRUTH_STUB_DRIFT', 'TRUTH_SYSTEM_DRIFT']
2026-07-03T22:55:38Z VIOLATION DNS drift threat api.github.com: ['TRUTH_DNS_DOWN', 'TRUTH_STUB_DRIFT', 'TRUTH_SYSTEM_DRIFT']
2026-07-03T22:55:38Z VIOLATION DNS drift threat api.github.com: ['TRUTH_DNS_DOWN', 'TRUTH_STUB_DRIFT', 'TRUTH_SYSTEM_DRIFT']
2026-07-03T22:55:38Z VIOLATION DNS drift threat api.github.com: ['TRUTH_DNS_DOWN', 'TRUTH_STUB_DRIFT', 'TRUTH_SYSTEM_DRIFT']
2026-07-03T22:55:41Z VIOLATION DNS drift threat ssh.github.com: ['TRUTH_DNS_DOWN', 'TRUTH_STUB_DRIFT', 'TRUTH_SYSTEM_DRIFT']
2026-07-03T22:55:41Z VIOLATION DNS drift threat ssh.github.com: ['TRUTH_DNS_DOWN', 'TRUTH_STUB_DRIFT', 'TRUTH_SYSTEM_DRIFT']
2026-07-03T22:55:44Z VIOLATION DNS drift threat github.com: ['TRUTH_DNS_DOWN', 'TRUTH_STUB_DRIFT', 'TRUTH_SYSTEM_DRIFT']
2026-07-03T22:55:45Z VIOLATION DNS drift threat github.com: ['TRUTH_DNS_DOWN', 'TRUTH_STUB_DRIFT', 'TRUTH_SYSTEM_DRIFT']
2026-07-03T22:55:46Z VIOLATION DNS drift threat github.com: ['TRUTH_DNS_DOWN', 'TRUTH_STUB_DRIFT', 'TRUTH_SYSTEM_DRIFT']
2026-07-03T22:55:47Z VIOLATION DNS drift threat github.com: ['TRUTH_DNS_DOWN', 'TRUTH_STUB_DRIFT', 'TRUTH_SYSTEM_DRIFT']
2026-07-03T22:55:47Z VIOLATION DNS drift threat api.github.com: ['TRUTH_DNS_DOWN', 'TRUTH_STUB_DRIFT', 'TRUTH_SYSTEM_DRIFT']
2026-07-03T22:55:48Z VIOLATION DNS drift threat github.com: ['TRUTH_DNS_DOWN']
2026-07-03T22:55:49Z VIOLATION DNS drift threat api.github.com: ['TRUTH_DNS_DOWN', 'TRUTH_STUB_DRIFT', 'TRUTH_SYSTEM_DRIFT']
2026-07-03T22:55:49Z VIOLATION DNS drift threat api.github.com: ['TRUTH_DNS_DOWN', 'TRUTH_STUB_DRIFT', 'TRUTH_SYSTEM_DRIFT']
2026-07-03T22:55:50Z VIOLATION DNS drift threat api.github.com: ['TRUTH_DNS_DOWN', 'TRUTH_STUB_DRIFT', 'TRUTH_SYSTEM_DRIFT']
2026-07-03T22:55:51Z VIOLATION DNS drift threat api.github.com: ['TRUTH_DNS_DOWN', 'TRUTH_STUB_DRIFT', 'TRUTH_SYSTEM_DRIFT']
2026-07-03T22:55:51Z VIOLATION DNS drift threat github.com: ['TRUTH_DNS_DOWN', 'TRUTH_STUB_DRIFT', 'TRUTH_SYSTEM_DRIFT']
2026-07-03T22:55:52Z VIOLATION DNS drift threat ssh.github.com: ['TRUTH_DNS_DOWN', 'TRUTH_STUB_DRIFT', 'TRUTH_SYSTEM_DRIFT']
2026-07-03T22:55:52Z VIOLATION DNS drift threat ssh.github.com: ['TRUTH_DNS_DOWN', 'TRUTH_STUB_DRIFT', 'TRUTH_SYSTEM_DRIFT']
2026-07-03T22:55:52Z VIOLATION DNS drift threat github.com: ['TRUTH_DNS_DOWN', 'TRUTH_STUB_DRIFT', 'TRUTH_SYSTEM_DRIFT']
2026-07-03T22:55:55Z VIOLATION DNS drift threat api.github.com: ['TRUTH_DNS_DOWN', 'TRUTH_STUB_DRIFT', 'TRUTH_SYSTEM_DRIFT']
2026-07-03T22:55:58Z VIOLATION DNS drift threat api.github.com: ['TRUTH_DNS_DOWN', 'TRUTH_STUB_DRIFT', 'TRUTH_SYSTEM_DRIFT']
2026-07-03T22:56:01Z VIOLATION DNS drift threat github.com: ['TRUTH_DNS_DOWN']
2026-07-03T22:56:04Z VIOLATION DNS drift threat github.com: ['TRUTH_DNS_DOWN']
2026-07-03T22:56:05Z VIOLATION DNS drift threat api.github.com: ['TRUTH_DNS_DOWN', 'TRUTH_STUB_DRIFT', 'TRUTH_SYSTEM_DRIFT']
2026-07-03T22:56:07Z VIOLATION DNS drift threat api.github.com: ['TRUTH_DNS_DOWN', 'TRUTH_STUB_DRIFT', 'TRUTH_SYSTEM_DRIFT']
2026-07-03T22:56:07Z VIOLATION DNS drift threat github.com: ['TRUTH_DNS_DOWN', 'TRUTH_STUB_DRIFT', 'TRUTH_SYSTEM_DRIFT']
2026-07-03T22:56:11Z VIOLATION DNS drift threat ssh.github.com: ['TRUTH_DNS_DOWN']
2026-07-03T22:56:12Z VIOLATION DNS drift threat github.com: ['TRUTH_DNS_DOWN']
2026-07-03T22:56:12Z VIOLATION DNS drift threat api.github.com: ['TRUTH_DNS_DOWN', 'TRUTH_STUB_DRIFT', 'TRUTH_SYSTEM_DRIFT']
2026-07-03T22:56:15Z VIOLATION DNS drift threat github.com: ['TRUTH_DNS_DOWN', 'TRUTH_STUB_DRIFT', 'TRUTH_SYSTEM_DRIFT']
2026-07-03T22:56:17Z VIOLATION DNS drift threat github.com: ['TRUTH_DNS_DOWN', 'TRUTH_STUB_DRIFT', 'TRUTH_SYSTEM_DRIFT']
2026-07-03T22:56:19Z VIOLATION DNS drift threat api.github.com: ['TRUTH_DNS_DOWN', 'TRUTH_STUB_DRIFT', 'TRUTH_SYSTEM_DRIFT']
2026-07-03T22:56:19Z VIOLATION DNS drift threat api.github.com: ['TRUTH_DNS_DOWN', 'TRUTH_STUB_DRIFT', 'TRUTH_SYSTEM_DRIFT']
2026-07-03T22:56:24Z VIOLATION DNS drift threat ssh.github.com: ['TRUTH_DNS_DOWN', 'TRUTH_STUB_DRIFT', 'TRUTH_SYSTEM_DRIFT']
2026-07-03T22:56:26Z VIOLATION DNS drift threat github.com: ['TRUTH_DNS_DOWN', 'TRUTH_STUB_DRIFT', 'TRUTH_SYSTEM_DRIFT']
2026-07-03T22:56:27Z VIOLATION DNS drift threat api.github.com: ['TRUTH_DNS_DOWN', 'TRUTH_STUB_DRIFT', 'TRUTH_SYSTEM_DRIFT']
2026-07-03T22:56:32Z VIOLATION DNS drift threat ssh.github.com: ['TRUTH_DNS_DOWN', 'TRUTH_STUB_DRIFT', 'TRUTH_SYSTEM_DRIFT']
2026-07-03T22:56:33Z VIOLATION DNS drift threat github.com: ['TRUTH_DNS_DOWN', 'TRUTH_STUB_DRIFT', 'TRUTH_SYSTEM_DRIFT']
2026-07-03T22:56:36Z VIOLATION DNS drift threat api.github.com: ['TRUTH_DNS_DOWN', 'TRUTH_STUB_DRIFT', 'TRUTH_SYSTEM_DRIFT']
2026-07-03T22:56:44Z VIOLATION DNS drift threat github.com: ['TRUTH_DNS_DOWN', 'TRUTH_STUB_DRIFT', 'TRUTH_SYSTEM_DRIFT']
2026-07-03T22:56:44Z VIOLATION DNS drift threat github.com: ['TRUTH_DNS_DOWN', 'TRUTH_STUB_DRIFT', 'TRUTH_SYSTEM_DRIFT']
2026-07-03T22:56:47Z VIOLATION DNS drift threat github.com: ['TRUTH_DNS_DOWN']
2026-07-03T22:56:48Z VIOLATION DNS drift threat api.github.com: ['TRUTH_DNS_DOWN', 'TRUTH_STUB_DRIFT', 'TRUTH_SYSTEM_DRIFT']
2026-07-03T22:56:50Z VIOLATION DNS drift threat api.github.com: ['TRUTH_DNS_DOWN', 'TRUTH_STUB_DRIFT', 'TRUTH_SYSTEM_DRIFT']
2026-07-03T22:56:51Z VIOLATION DNS drift threat api.github.com: ['TRUTH_DNS_DOWN', 'TRUTH_STUB_DRIFT', 'TRUTH_SYSTEM_DRIFT']
2026-07-03T22:56:51Z VIOLATION DNS drift threat github.com: ['TRUTH_DNS_DOWN', 'TRUTH_STUB_DRIFT', 'TRUTH_SYSTEM_DRIFT']
2026-07-03T22:56:53Z VIOLATION DNS drift threat ssh.github.com: ['TRUTH_DNS_DOWN', 'TRUTH_STUB_DRIFT', 'TRUTH_SYSTEM_DRIFT']
2026-07-03T22:56:53Z VIOLATION DNS drift threat api.github.com: ['TRUTH_DNS_DOWN', 'TRUTH_STUB_DRIFT', 'TRUTH_SYSTEM_DRIFT']
2026-07-03T22:56:54Z VIOLATION DNS drift threat github.com: ['TRUTH_DNS_DOWN', 'TRUTH_STUB_DRIFT', 'TRUTH_SYSTEM_DRIFT']
2026-07-03T22:56:54Z VIOLATION DNS drift threat raw.githubusercontent.com: ['TRUTH_DNS_DOWN']
2026-07-03T22:56:55Z VIOLATION DNS drift threat github.com: ['TRUTH_DNS_DOWN', 'TRUTH_STUB_DRIFT', 'TRUTH_SYSTEM_DRIFT']
2026-07-03T22:56:56Z VIOLATION DNS drift threat ssh.github.com: ['TRUTH_DNS_DOWN']
2026-07-03T22:56:56Z VIOLATION DNS drift threat api.github.com: ['TRUTH_DNS_DOWN', 'TRUTH_STUB_DRIFT', 'TRUTH_SYSTEM_DRIFT']
2026-07-03T22:56:58Z VIOLATION DNS drift threat github.com: ['TRUTH_DNS_DOWN']
2026-07-03T22:56:59Z VIOLATION DNS drift threat api.github.com: ['TRUTH_DNS_DOWN', 'TRUTH_STUB_DRIFT', 'TRUTH_SYSTEM_DRIFT']
2026-07-03T22:57:00Z VIOLATION DNS drift threat ssh.github.com: ['TRUTH_DNS_DOWN']
2026-07-03T22:57:01Z VIOLATION DNS drift threat github.com: ['TRUTH_DNS_DOWN', 'TRUTH_STUB_DRIFT', 'TRUTH_SYSTEM_DRIFT']
2026-07-03T22:57:01Z VIOLATION DNS drift threat api.github.com: ['TRUTH_DNS_DOWN', 'TRUTH_STUB_DRIFT', 'TRUTH_SYSTEM_DRIFT']
2026-07-03T22:57:03Z VIOLATION DNS drift threat api.github.com: ['TRUTH_DNS_DOWN', 'TRUTH_STUB_DRIFT', 'TRUTH_SYSTEM_DRIFT']
2026-07-03T22:57:03Z VIOLATION DNS drift threat github.com: ['TRUTH_DNS_DOWN', 'TRUTH_STUB_DRIFT', 'TRUTH_SYSTEM_DRIFT']
2026-07-03T22:57:04Z VIOLATION DNS drift threat github.com: ['TRUTH_DNS_DOWN', 'TRUTH_STUB_DRIFT', 'TRUTH_SYSTEM_DRIFT']
2026-07-03T22:57:04Z VIOLATION DNS drift threat ssh.github.com: ['TRUTH_DNS_DOWN', 'TRUTH_STUB_DRIFT', 'TRUTH_SYSTEM_DRIFT']
2026-07-03T22:57:05Z VIOLATION DNS drift threat ssh.github.com: ['TRUTH_DNS_DOWN', 'TRUTH_STUB_DRIFT', 'TRUTH_SYSTEM_DRIFT']
2026-07-03T22:57:05Z VIOLATION DNS drift threat ssh.github.com: ['TRUTH_DNS_DOWN', 'TRUTH_STUB_DRIFT', 'TRUTH_SYSTEM_DRIFT']
2026-07-03T22:57:06Z VIOLATION DNS drift threat github.com: ['TRUTH_DNS_DOWN', 'TRUTH_STUB_DRIFT', 'TRUTH_SYSTEM_DRIFT']
2026-07-03T22:57:07Z VIOLATION DNS drift threat api.github.com: ['TRUTH_DNS_DOWN', 'TRUTH_STUB_DRIFT', 'TRUTH_SYSTEM_DRIFT']
2026-07-03T22:57:08Z VIOLATION DNS drift threat api.github.com: ['TRUTH_DNS_DOWN', 'TRUTH_STUB_DRIFT', 'TRUTH_SYSTEM_DRIFT']
2026-07-03T22:57:09Z VIOLATION DNS drift threat api.github.com: ['TRUTH_DNS_DOWN', 'TRUTH_STUB_DRIFT', 'TRUTH_SYSTEM_DRIFT']
2026-07-03T22:57:13Z VIOLATION DNS drift threat github.com: ['TRUTH_DNS_DOWN', 'TRUTH_STUB_DRIFT', 'TRUTH_SYSTEM_DRIFT']
2026-07-03T22:57:13Z VIOLATION DNS drift threat ssh.github.com: ['TRUTH_DNS_DOWN']
2026-07-03T22:57:15Z VIOLATION DNS drift threat api.github.com: ['TRUTH_DNS_DOWN', 'TRUTH_STUB_DRIFT', 'TRUTH_SYSTEM_DRIFT']
2026-07-03T22:57:16Z VIOLATION DNS drift threat ssh.github.com: ['TRUTH_DNS_DOWN', 'TRUTH_STUB_DRIFT', 'TRUTH_SYSTEM_DRIFT']
2026-07-03T22:57:16Z VIOLATION DNS drift threat github.com: ['TRUTH_DNS_DOWN', 'TRUTH_STUB_DRIFT', 'TRUTH_SYSTEM_DRIFT']
2026-07-03T22:57:16Z VIOLATION DNS drift threat github.com: ['TRUTH_DNS_DOWN', 'TRUTH_STUB_DRIFT', 'TRUTH_SYSTEM_DRIFT']
2026-07-03T22:57:19Z VIOLATION DNS drift threat api.github.com: ['TRUTH_DNS_DOWN', 'TRUTH_STUB_DRIFT', 'TRUTH_SYSTEM_DRIFT']
2026-07-03T22:57:19Z VIOLATION DNS drift threat github.com: ['TRUTH_DNS_DOWN', 'TRUTH_STUB_DRIFT', 'TRUTH_SYSTEM_DRIFT']
2026-07-03T22:57:23Z VIOLATION DNS drift threat api.github.com: ['TRUTH_DNS_DOWN', 'TRUTH_STUB_DRIFT', 'TRUTH_SYSTEM_DRIFT']
2026-07-03T22:57:25Z VIOLATION DNS drift threat ssh.github.com: ['TRUTH_DNS_DOWN']
2026-07-03T22:57:27Z VIOLATION DNS drift threat raw.githubusercontent.com: ['TRUTH_DNS_DOWN']
2026-07-03T22:57:31Z VIOLATION DNS drift threat github.com: ['TRUTH_DNS_DOWN', 'TRUTH_STUB_DRIFT', 'TRUTH_SYSTEM_DRIFT']
2026-07-03T22:57:33Z VIOLATION DNS drift threat api.github.com: ['TRUTH_DNS_DOWN', 'TRUTH_STUB_DRIFT', 'TRUTH_SYSTEM_DRIFT']
2026-07-03T22:57:36Z VIOLATION DNS drift threat github.com: ['TRUTH_DNS_DOWN', 'TRUTH_STUB_DRIFT', 'TRUTH_SYSTEM_DRIFT']
2026-07-03T22:57:36Z VIOLATION DNS drift threat github.com: ['TRUTH_DNS_DOWN', 'TRUTH_STUB_DRIFT', 'TRUTH_SYSTEM_DRIFT']
2026-07-03T22:57:39Z VIOLATION DNS drift threat github.com: ['TRUTH_DNS_DOWN', 'TRUTH_STUB_DRIFT', 'TRUTH_SYSTEM_DRIFT']
2026-07-03T22:57:39Z VIOLATION DNS drift threat api.github.com: ['TRUTH_DNS_DOWN', 'TRUTH_STUB_DRIFT', 'TRUTH_SYSTEM_DRIFT']
2026-07-03T22:57:40Z VIOLATION DNS drift threat api.github.com: ['TRUTH_DNS_DOWN', 'TRUTH_STUB_DRIFT', 'TRUTH_SYSTEM_DRIFT']
2026-07-03T22:57:41Z VIOLATION DNS drift threat ssh.github.com: ['TRUTH_DNS_DOWN']
2026-07-03T22:57:43Z VIOLATION DNS drift threat ssh.github.com: ['TRUTH_DNS_DOWN', 'TRUTH_STUB_DRIFT', 'TRUTH_SYSTEM_DRIFT']
2026-07-03T22:57:43Z VIOLATION DNS drift threat api.github.com: ['TRUTH_DNS_DOWN', 'TRUTH_STUB_DRIFT', 'TRUTH_SYSTEM_DRIFT']
2026-07-03T22:57:44Z VIOLATION DNS drift threat raw.githubusercontent.com: ['TRUTH_DNS_DOWN']
2026-07-03T22:57:46Z VIOLATION DNS drift threat ssh.github.com: ['TRUTH_DNS_DOWN']
2026-07-03T22:57:50Z VIOLATION DNS drift threat github.com: ['TRUTH_DNS_DOWN']
2026-07-03T22:57:52Z VIOLATION DNS drift threat github.com: ['TRUTH_DNS_DOWN', 'TRUTH_STUB_DRIFT', 'TRUTH_SYSTEM_DRIFT']
2026-07-03T22:57:52Z VIOLATION DNS drift threat api.github.com: ['TRUTH_DNS_DOWN', 'TRUTH_STUB_DRIFT', 'TRUTH_SYSTEM_DRIFT']
2026-07-03T22:57:53Z VIOLATION DNS drift threat github.com: ['TRUTH_DNS_DOWN', 'TRUTH_STUB_DRIFT', 'TRUTH_SYSTEM_DRIFT']
2026-07-03T22:57:54Z VIOLATION DNS drift threat github.com: ['TRUTH_DNS_DOWN', 'TRUTH_STUB_DRIFT', 'TRUTH_SYSTEM_DRIFT']
2026-07-03T22:57:55Z VIOLATION DNS drift threat ssh.github.com: ['TRUTH_DNS_DOWN', 'TRUTH_STUB_DRIFT', 'TRUTH_SYSTEM_DRIFT']
2026-07-03T22:57:55Z VIOLATION DNS drift threat api.github.com: ['TRUTH_DNS_DOWN', 'TRUTH_STUB_DRIFT', 'TRUTH_SYSTEM_DRIFT']
2026-07-03T22:57:55Z VIOLATION DNS drift threat api.github.com: ['TRUTH_DNS_DOWN', 'TRUTH_STUB_DRIFT', 'TRUTH_SYSTEM_DRIFT']
2026-07-03T22:57:56Z VIOLATION DNS drift threat api.github.com: ['TRUTH_DNS_DOWN', 'TRUTH_STUB_DRIFT', 'TRUTH_SYSTEM_DRIFT']
2026-07-03T22:57:56Z VIOLATION DNS drift threat ssh.github.com: ['TRUTH_DNS_DOWN', 'TRUTH_STUB_DRIFT', 'TRUTH_SYSTEM_DRIFT']
2026-07-03T22:57:59Z VIOLATION DNS drift threat ssh.github.com: ['TRUTH_DNS_DOWN']
2026-07-03T22:58:00Z VIOLATION DNS drift threat raw.githubusercontent.com: ['TRUTH_DNS_DOWN']
2026-07-03T22:58:09Z VIOLATION DNS drift threat github.com: ['TRUTH_DNS_DOWN', 'TRUTH_STUB_DRIFT', 'TRUTH_SYSTEM_DRIFT']
2026-07-03T22:58:11Z VIOLATION DNS drift threat github.com: ['TRUTH_DNS_DOWN']
2026-07-03T22:58:11Z VIOLATION DNS drift threat api.github.com: ['TRUTH_DNS_DOWN', 'TRUTH_STUB_DRIFT', 'TRUTH_SYSTEM_DRIFT']
2026-07-03T22:58:12Z VIOLATION DNS drift threat github.com: ['TRUTH_DNS_DOWN', 'TRUTH_STUB_DRIFT', 'TRUTH_SYSTEM_DRIFT']
2026-07-03T22:58:13Z VIOLATION DNS drift threat api.github.com: ['TRUTH_DNS_DOWN', 'TRUTH_STUB_DRIFT', 'TRUTH_SYSTEM_DRIFT']
2026-07-03T22:58:15Z VIOLATION DNS drift threat api.github.com: ['TRUTH_DNS_DOWN', 'TRUTH_STUB_DRIFT', 'TRUTH_SYSTEM_DRIFT']
2026-07-03T22:58:16Z VIOLATION DNS drift threat ssh.github.com: ['TRUTH_DNS_DOWN', 'TRUTH_STUB_DRIFT', 'TRUTH_SYSTEM_DRIFT']
2026-07-03T22:58:17Z VIOLATION DNS drift threat github.com: ['TRUTH_DNS_DOWN', 'TRUTH_STUB_DRIFT', 'TRUTH_SYSTEM_DRIFT']
2026-07-03T22:58:18Z VIOLATION DNS drift threat github.com: ['TRUTH_DNS_DOWN', 'TRUTH_STUB_DRIFT', 'TRUTH_SYSTEM_DRIFT']
2026-07-03T22:58:19Z VIOLATION DNS drift threat ssh.github.com: ['TRUTH_DNS_DOWN']
2026-07-03T22:58:19Z VIOLATION DNS drift threat github.com: ['TRUTH_DNS_DOWN', 'TRUTH_STUB_DRIFT', 'TRUTH_SYSTEM_DRIFT']
2026-07-03T22:58:20Z VIOLATION DNS drift threat api.github.com: ['TRUTH_DNS_DOWN', 'TRUTH_STUB_DRIFT', 'TRUTH_SYSTEM_DRIFT']
2026-07-03T22:58:21Z VIOLATION DNS drift threat api.github.com: ['TRUTH_DNS_DOWN', 'TRUTH_STUB_DRIFT', 'TRUTH_SYSTEM_DRIFT']
2026-07-03T22:58:22Z VIOLATION DNS drift threat github.com: ['TRUTH_DNS_DOWN', 'TRUTH_STUB_DRIFT', 'TRUTH_SYSTEM_DRIFT']
2026-07-03T22:58:23Z VIOLATION DNS drift threat ssh.github.com: ['TRUTH_DNS_DOWN', 'TRUTH_STUB_DRIFT', 'TRUTH_SYSTEM_DRIFT']
2026-07-03T22:58:24Z VIOLATION DNS drift threat api.github.com: ['TRUTH_DNS_DOWN', 'TRUTH_STUB_DRIFT', 'TRUTH_SYSTEM_DRIFT']
2026-07-03T22:58:24Z VIOLATION DNS drift threat api.github.com: ['TRUTH_DNS_DOWN', 'TRUTH_STUB_DRIFT', 'TRUTH_SYSTEM_DRIFT']
2026-07-03T22:58:24Z VIOLATION DNS drift threat ssh.github.com: ['TRUTH_DNS_DOWN', 'TRUTH_STUB_DRIFT', 'TRUTH_SYSTEM_DRIFT']
2026-07-03T22:58:25Z VIOLATION DNS drift threat raw.githubusercontent.com: ['TRUTH_DNS_DOWN']
2026-07-03T22:58:25Z VIOLATION DNS drift threat github.com: ['TRUTH_DNS_DOWN', 'TRUTH_STUB_DRIFT', 'TRUTH_SYSTEM_DRIFT']
2026-07-03T22:58:26Z VIOLATION DNS drift threat raw.githubusercontent.com: ['TRUTH_DNS_DOWN']
2026-07-03T22:58:27Z VIOLATION DNS drift threat ssh.github.com: ['TRUTH_DNS_DOWN', 'TRUTH_STUB_DRIFT', 'TRUTH_SYSTEM_DRIFT']
2026-07-03T22:58:28Z VIOLATION DNS drift threat api.github.com: ['TRUTH_DNS_DOWN', 'TRUTH_STUB_DRIFT', 'TRUTH_SYSTEM_DRIFT']
2026-07-03T22:58:29Z VIOLATION DNS drift threat github.com: ['TRUTH_DNS_DOWN', 'TRUTH_STUB_DRIFT', 'TRUTH_SYSTEM_DRIFT']
2026-07-03T22:58:30Z VIOLATION DNS drift threat raw.githubusercontent.com: ['TRUTH_DNS_DOWN']
2026-07-03T22:58:32Z VIOLATION DNS drift threat api.github.com: ['TRUTH_DNS_DOWN', 'TRUTH_STUB_DRIFT', 'TRUTH_SYSTEM_DRIFT']
2026-07-03T22:58:33Z VIOLATION DNS drift threat ssh.github.com: ['TRUTH_DNS_DOWN']
2026-07-03T22:58:35Z VIOLATION DNS drift threat github.com: ['TRUTH_DNS_DOWN', 'TRUTH_STUB_DRIFT', 'TRUTH_SYSTEM_DRIFT']
2026-07-03T22:58:36Z VIOLATION DNS drift threat github.com: ['TRUTH_DNS_DOWN', 'TRUTH_STUB_DRIFT', 'TRUTH_SYSTEM_DRIFT']
2026-07-03T22:58:36Z VIOLATION DNS drift threat ssh.github.com: ['TRUTH_DNS_DOWN', 'TRUTH_STUB_DRIFT', 'TRUTH_SYSTEM_DRIFT']
2026-07-03T22:58:36Z VIOLATION DNS drift threat github.com: ['TRUTH_DNS_DOWN', 'TRUTH_STUB_DRIFT', 'TRUTH_SYSTEM_DRIFT']
2026-07-03T22:58:38Z VIOLATION DNS drift threat github.com: ['TRUTH_DNS_DOWN']
2026-07-03T22:58:38Z VIOLATION DNS drift threat api.github.com: ['TRUTH_DNS_DOWN', 'TRUTH_STUB_DRIFT', 'TRUTH_SYSTEM_DRIFT']
2026-07-03T22:58:39Z VIOLATION DNS drift threat api.github.com: ['TRUTH_DNS_DOWN', 'TRUTH_STUB_DRIFT', 'TRUTH_SYSTEM_DRIFT']
2026-07-03T22:58:40Z VIOLATION DNS drift threat api.github.com: ['TRUTH_DNS_DOWN']
2026-07-03T22:58:41Z VIOLATION DNS drift threat ssh.github.com: ['TRUTH_DNS_DOWN', 'TRUTH_STUB_DRIFT', 'TRUTH_SYSTEM_DRIFT']
2026-07-03T22:58:41Z VIOLATION DNS drift threat github.com: ['TRUTH_DNS_DOWN', 'TRUTH_STUB_DRIFT', 'TRUTH_SYSTEM_DRIFT']
2026-07-03T22:58:41Z VIOLATION DNS drift threat api.github.com: ['TRUTH_DNS_DOWN', 'TRUTH_STUB_DRIFT', 'TRUTH_SYSTEM_DRIFT']
2026-07-03T22:58:42Z VIOLATION DNS drift threat ssh.github.com: ['TRUTH_DNS_DOWN', 'TRUTH_STUB_DRIFT', 'TRUTH_SYSTEM_DRIFT']
2026-07-03T22:58:44Z VIOLATION DNS drift threat ssh.github.com: ['TRUTH_DNS_DOWN', 'TRUTH_STUB_DRIFT', 'TRUTH_SYSTEM_DRIFT']
2026-07-03T22:58:45Z VIOLATION DNS drift threat api.github.com: ['TRUTH_DNS_DOWN', 'TRUTH_STUB_DRIFT', 'TRUTH_SYSTEM_DRIFT']
2026-07-03T22:58:48Z VIOLATION DNS drift threat ssh.github.com: ['TRUTH_DNS_DOWN', 'TRUTH_STUB_DRIFT', 'TRUTH_SYSTEM_DRIFT']
2026-07-03T22:58:58Z VIOLATION DNS drift threat github.com: ['TRUTH_DNS_DOWN', 'TRUTH_STUB_DRIFT', 'TRUTH_SYSTEM_DRIFT']
2026-07-03T22:58:59Z VIOLATION DNS drift threat github.com: ['TRUTH_DNS_DOWN', 'TRUTH_STUB_DRIFT', 'TRUTH_SYSTEM_DRIFT']
2026-07-03T22:59:00Z VIOLATION DNS drift threat github.com: ['TRUTH_DNS_DOWN']
2026-07-03T22:59:01Z VIOLATION DNS drift threat api.github.com: ['TRUTH_DNS_DOWN']
2026-07-03T22:59:02Z VIOLATION DNS drift threat github.com: ['TRUTH_DNS_DOWN', 'TRUTH_STUB_DRIFT', 'TRUTH_SYSTEM_DRIFT']
2026-07-03T22:59:02Z VIOLATION DNS drift threat api.github.com: ['TRUTH_DNS_DOWN']
2026-07-03T22:59:02Z VIOLATION DNS drift threat api.github.com: ['TRUTH_DNS_DOWN', 'TRUTH_STUB_DRIFT', 'TRUTH_SYSTEM_DRIFT']
2026-07-03T22:59:03Z VIOLATION DNS drift threat github.com: ['TRUTH_DNS_DOWN', 'TRUTH_STUB_DRIFT', 'TRUTH_SYSTEM_DRIFT']
2026-07-03T22:59:04Z VIOLATION DNS drift threat ssh.github.com: ['TRUTH_DNS_DOWN']
2026-07-03T22:59:06Z VIOLATION DNS drift threat api.github.com: ['TRUTH_DNS_DOWN', 'TRUTH_STUB_DRIFT', 'TRUTH_SYSTEM_DRIFT']
2026-07-03T22:59:06Z VIOLATION DNS drift threat ssh.github.com: ['TRUTH_DNS_DOWN', 'TRUTH_STUB_DRIFT', 'TRUTH_SYSTEM_DRIFT']
2026-07-03T22:59:07Z VIOLATION DNS drift threat raw.githubusercontent.com: ['TRUTH_DNS_DOWN']
2026-07-03T22:59:12Z VIOLATION DNS drift threat github.com: ['TRUTH_DNS_DOWN']
2026-07-03T22:59:12Z VIOLATION DNS drift threat github.com: ['TRUTH_DNS_DOWN', 'TRUTH_STUB_DRIFT', 'TRUTH_SYSTEM_DRIFT']
2026-07-03T22:59:13Z VIOLATION DNS drift threat api.github.com: ['TRUTH_DNS_DOWN', 'TRUTH_STUB_DRIFT', 'TRUTH_SYSTEM_DRIFT']
2026-07-03T22:59:16Z VIOLATION DNS drift threat api.github.com: ['TRUTH_DNS_DOWN', 'TRUTH_STUB_DRIFT', 'TRUTH_SYSTEM_DRIFT']
2026-07-03T22:59:16Z VIOLATION DNS drift threat ssh.github.com: ['TRUTH_DNS_DOWN', 'TRUTH_STUB_DRIFT', 'TRUTH_SYSTEM_DRIFT']
2026-07-03T22:59:18Z VIOLATION DNS drift threat raw.githubusercontent.com: ['TRUTH_DNS_DOWN']
2026-07-03T22:59:21Z VIOLATION DNS drift threat github.com: ['TRUTH_DNS_DOWN', 'TRUTH_STUB_DRIFT', 'TRUTH_SYSTEM_DRIFT']
2026-07-03T22:59:24Z VIOLATION DNS drift threat api.github.com: ['TRUTH_DNS_DOWN']
2026-07-03T22:59:26Z VIOLATION DNS drift threat ssh.github.com: ['TRUTH_DNS_DOWN', 'TRUTH_STUB_DRIFT', 'TRUTH_SYSTEM_DRIFT']
2026-07-03T22:59:28Z VIOLATION DNS drift threat raw.githubusercontent.com: ['TRUTH_DNS_DOWN']
2026-07-03T22:59:29Z VIOLATION DNS drift threat github.com: ['TRUTH_DNS_DOWN']
2026-07-03T22:59:30Z VIOLATION DNS drift threat github.com: ['TRUTH_DNS_DOWN', 'TRUTH_STUB_DRIFT', 'TRUTH_SYSTEM_DRIFT']
2026-07-03T22:59:30Z VIOLATION DNS drift threat github.com: ['TRUTH_DNS_DOWN', 'TRUTH_STUB_DRIFT', 'TRUTH_SYSTEM_DRIFT']
2026-07-03T22:59:30Z VIOLATION DNS drift threat github.com: ['TRUTH_DNS_DOWN']
2026-07-03T22:59:32Z VIOLATION DNS drift threat api.github.com: ['TRUTH_DNS_DOWN', 'TRUTH_STUB_DRIFT', 'TRUTH_SYSTEM_DRIFT']
2026-07-03T22:59:33Z VIOLATION DNS drift threat api.github.com: ['TRUTH_DNS_DOWN']
2026-07-03T22:59:33Z VIOLATION DNS drift threat api.github.com: ['TRUTH_DNS_DOWN', 'TRUTH_STUB_DRIFT', 'TRUTH_SYSTEM_DRIFT']
2026-07-03T22:59:34Z VIOLATION DNS drift threat api.github.com: ['TRUTH_DNS_DOWN', 'TRUTH_STUB_DRIFT', 'TRUTH_SYSTEM_DRIFT']
2026-07-03T22:59:36Z VIOLATION DNS drift threat ssh.github.com: ['TRUTH_DNS_DOWN', 'TRUTH_STUB_DRIFT', 'TRUTH_SYSTEM_DRIFT']
2026-07-03T22:59:36Z VIOLATION DNS drift threat ssh.github.com: ['TRUTH_DNS_DOWN', 'TRUTH_STUB_DRIFT', 'TRUTH_SYSTEM_DRIFT']
2026-07-03T22:59:37Z VIOLATION DNS drift threat ssh.github.com: ['TRUTH_DNS_DOWN', 'TRUTH_STUB_DRIFT', 'TRUTH_SYSTEM_DRIFT']
2026-07-03T22:59:38Z VIOLATION DNS drift threat ssh.github.com: ['TRUTH_DNS_DOWN', 'TRUTH_STUB_DRIFT', 'TRUTH_SYSTEM_DRIFT']
2026-07-03T22:59:43Z VIOLATION DNS drift threat github.com: ['TRUTH_DNS_DOWN', 'TRUTH_STUB_DRIFT', 'TRUTH_SYSTEM_DRIFT']
2026-07-03T22:59:45Z VIOLATION DNS drift threat github.com: ['TRUTH_DNS_DOWN', 'TRUTH_STUB_DRIFT', 'TRUTH_SYSTEM_DRIFT']
2026-07-03T22:59:47Z VIOLATION DNS drift threat api.github.com: ['TRUTH_DNS_DOWN', 'TRUTH_STUB_DRIFT', 'TRUTH_SYSTEM_DRIFT']
2026-07-03T22:59:48Z VIOLATION DNS drift threat api.github.com: ['TRUTH_DNS_DOWN']
2026-07-03T22:59:49Z VIOLATION DNS drift threat github.com: ['TRUTH_DNS_DOWN', 'TRUTH_STUB_DRIFT', 'TRUTH_SYSTEM_DRIFT']
2026-07-03T22:59:50Z VIOLATION DNS drift threat github.com: ['TRUTH_DNS_DOWN', 'TRUTH_STUB_DRIFT', 'TRUTH_SYSTEM_DRIFT']
2026-07-03T22:59:50Z VIOLATION DNS drift threat ssh.github.com: ['TRUTH_DNS_DOWN', 'TRUTH_STUB_DRIFT', 'TRUTH_SYSTEM_DRIFT']
2026-07-03T22:59:51Z VIOLATION DNS drift threat api.github.com: ['TRUTH_DNS_DOWN', 'TRUTH_STUB_DRIFT', 'TRUTH_SYSTEM_DRIFT']
2026-07-03T22:59:53Z VIOLATION DNS drift threat api.github.com: ['TRUTH_DNS_DOWN', 'TRUTH_STUB_DRIFT', 'TRUTH_SYSTEM_DRIFT']
2026-07-03T22:59:54Z VIOLATION DNS drift threat github.com: ['TRUTH_DNS_DOWN', 'TRUTH_STUB_DRIFT', 'TRUTH_SYSTEM_DRIFT']
2026-07-03T22:59:56Z VIOLATION DNS drift threat github.com: ['TRUTH_DNS_DOWN', 'TRUTH_STUB_DRIFT', 'TRUTH_SYSTEM_DRIFT']
2026-07-03T22:59:56Z VIOLATION DNS drift threat github.com: ['TRUTH_DNS_DOWN', 'TRUTH_STUB_DRIFT', 'TRUTH_SYSTEM_DRIFT']
2026-07-03T22:59:57Z VIOLATION DNS drift threat ssh.github.com: ['TRUTH_DNS_DOWN', 'TRUTH_STUB_DRIFT', 'TRUTH_SYSTEM_DRIFT']
2026-07-03T22:59:58Z VIOLATION DNS drift threat github.com: ['TRUTH_DNS_DOWN', 'TRUTH_STUB_DRIFT', 'TRUTH_SYSTEM_DRIFT']
2026-07-03T22:59:59Z VIOLATION DNS drift threat api.github.com: ['TRUTH_DNS_DOWN', 'TRUTH_STUB_DRIFT', 'TRUTH_SYSTEM_DRIFT']
2026-07-03T22:59:59Z VIOLATION DNS drift threat raw.githubusercontent.com: ['TRUTH_DNS_DOWN']
2026-07-03T23:00:00Z VIOLATION DNS drift threat api.github.com: ['TRUTH_DNS_DOWN', 'TRUTH_STUB_DRIFT', 'TRUTH_SYSTEM_DRIFT']
2026-07-03T23:00:00Z VIOLATION DNS drift threat api.github.com: ['TRUTH_DNS_DOWN']
2026-07-03T23:00:00Z VIOLATION DNS drift threat api.github.com: ['TRUTH_DNS_DOWN', 'TRUTH_STUB_DRIFT', 'TRUTH_SYSTEM_DRIFT']
2026-07-03T23:00:02Z VIOLATION DNS drift threat ssh.github.com: ['TRUTH_DNS_DOWN']
2026-07-03T23:00:03Z VIOLATION DNS drift threat github.com: ['TRUTH_DNS_DOWN', 'TRUTH_STUB_DRIFT', 'TRUTH_SYSTEM_DRIFT']
2026-07-03T23:00:03Z VIOLATION DNS drift threat ssh.github.com: ['TRUTH_DNS_DOWN', 'TRUTH_STUB_DRIFT', 'TRUTH_SYSTEM_DRIFT']
2026-07-03T23:00:04Z VIOLATION DNS drift threat github.com: ['TRUTH_DNS_DOWN', 'TRUTH_STUB_DRIFT', 'TRUTH_SYSTEM_DRIFT']
2026-07-03T23:00:07Z VIOLATION DNS drift threat api.github.com: ['TRUTH_DNS_DOWN', 'TRUTH_STUB_DRIFT', 'TRUTH_SYSTEM_DRIFT']
2026-07-03T23:00:09Z VIOLATION DNS drift threat api.github.com: ['TRUTH_DNS_DOWN']
2026-07-03T23:00:20Z VIOLATION DNS drift threat github.com: ['TRUTH_DNS_DOWN', 'TRUTH_STUB_DRIFT', 'TRUTH_SYSTEM_DRIFT']
2026-07-03T23:00:23Z VIOLATION DNS drift threat api.github.com: ['TRUTH_DNS_DOWN', 'TRUTH_STUB_DRIFT', 'TRUTH_SYSTEM_DRIFT']
2026-07-03T23:00:25Z VIOLATION DNS drift threat github.com: ['TRUTH_DNS_DOWN', 'TRUTH_STUB_DRIFT', 'TRUTH_SYSTEM_DRIFT']
2026-07-03T23:00:29Z VIOLATION DNS drift threat github.com: ['TRUTH_DNS_DOWN', 'TRUTH_STUB_DRIFT', 'TRUTH_SYSTEM_DRIFT']
2026-07-03T23:00:32Z VIOLATION DNS drift threat api.github.com: ['TRUTH_DNS_DOWN', 'TRUTH_STUB_DRIFT', 'TRUTH_SYSTEM_DRIFT']
2026-07-03T23:00:32Z VIOLATION DNS drift threat api.github.com: ['TRUTH_DNS_DOWN']
2026-07-03T23:00:34Z VIOLATION DNS drift threat github.com: ['TRUTH_DNS_DOWN', 'TRUTH_STUB_DRIFT', 'TRUTH_SYSTEM_DRIFT']
2026-07-03T23:00:34Z VIOLATION DNS drift threat github.com: ['TRUTH_DNS_DOWN', 'TRUTH_STUB_DRIFT', 'TRUTH_SYSTEM_DRIFT']
2026-07-03T23:00:36Z VIOLATION DNS drift threat ssh.github.com: ['TRUTH_DNS_DOWN', 'TRUTH_STUB_DRIFT', 'TRUTH_SYSTEM_DRIFT']
2026-07-03T23:00:37Z VIOLATION DNS drift threat api.github.com: ['TRUTH_DNS_DOWN']
2026-07-03T23:00:38Z VIOLATION DNS drift threat github.com: ['TRUTH_DNS_DOWN', 'TRUTH_STUB_DRIFT', 'TRUTH_SYSTEM_DRIFT']
2026-07-03T23:00:38Z VIOLATION DNS drift threat api.github.com: ['TRUTH_DNS_DOWN', 'TRUTH_STUB_DRIFT', 'TRUTH_SYSTEM_DRIFT']
2026-07-03T23:00:38Z VIOLATION DNS drift threat github.com: ['TRUTH_DNS_DOWN', 'TRUTH_STUB_DRIFT', 'TRUTH_SYSTEM_DRIFT']
2026-07-03T23:00:38Z VIOLATION DNS drift threat github.com: ['TRUTH_DNS_DOWN', 'TRUTH_STUB_DRIFT', 'TRUTH_SYSTEM_DRIFT']
2026-07-03T23:00:40Z VIOLATION DNS drift threat api.github.com: ['TRUTH_DNS_DOWN', 'TRUTH_STUB_DRIFT', 'TRUTH_SYSTEM_DRIFT']
2026-07-03T23:00:40Z VIOLATION DNS drift threat api.github.com: ['TRUTH_DNS_DOWN', 'TRUTH_STUB_DRIFT', 'TRUTH_SYSTEM_DRIFT']
2026-07-03T23:00:40Z VIOLATION DNS drift threat ssh.github.com: ['TRUTH_DNS_DOWN', 'TRUTH_STUB_DRIFT', 'TRUTH_SYSTEM_DRIFT']
2026-07-03T23:00:41Z VIOLATION DNS drift threat api.github.com: ['TRUTH_DNS_DOWN', 'TRUTH_STUB_DRIFT', 'TRUTH_SYSTEM_DRIFT']
2026-07-03T23:00:43Z VIOLATION DNS drift threat ssh.github.com: ['TRUTH_DNS_DOWN', 'TRUTH_STUB_DRIFT', 'TRUTH_SYSTEM_DRIFT']
2026-07-03T23:00:44Z VIOLATION DNS drift threat ssh.github.com: ['TRUTH_DNS_DOWN']
2026-07-03T23:00:44Z VIOLATION DNS drift threat ssh.github.com: ['TRUTH_DNS_DOWN']
2026-07-03T23:00:45Z VIOLATION DNS drift threat ssh.github.com: ['TRUTH_DNS_DOWN']
2026-07-03T23:00:48Z VIOLATION DNS drift threat github.com: ['TRUTH_DNS_DOWN', 'TRUTH_STUB_DRIFT', 'TRUTH_SYSTEM_DRIFT']
2026-07-03T23:00:51Z VIOLATION DNS drift threat github.com: ['TRUTH_DNS_DOWN', 'TRUTH_STUB_DRIFT', 'TRUTH_SYSTEM_DRIFT']
2026-07-03T23:00:53Z VIOLATION DNS drift threat api.github.com: ['TRUTH_DNS_DOWN']
2026-07-03T23:00:53Z VIOLATION DNS drift threat raw.githubusercontent.com: ['TRUTH_DNS_DOWN']
2026-07-03T23:00:53Z VIOLATION DNS drift threat github.com: ['TRUTH_DNS_DOWN', 'TRUTH_STUB_DRIFT', 'TRUTH_SYSTEM_DRIFT']
2026-07-03T23:00:54Z VIOLATION DNS drift threat api.github.com: ['TRUTH_DNS_DOWN', 'TRUTH_STUB_DRIFT', 'TRUTH_SYSTEM_DRIFT']
2026-07-03T23:00:56Z VIOLATION DNS drift threat ssh.github.com: ['TRUTH_DNS_DOWN', 'TRUTH_STUB_DRIFT', 'TRUTH_SYSTEM_DRIFT']
2026-07-03T23:00:58Z VIOLATION DNS drift threat github.com: ['TRUTH_DNS_DOWN', 'TRUTH_STUB_DRIFT', 'TRUTH_SYSTEM_DRIFT']
2026-07-03T23:00:58Z VIOLATION DNS drift threat github.com: ['TRUTH_DNS_DOWN', 'TRUTH_STUB_DRIFT', 'TRUTH_SYSTEM_DRIFT']
2026-07-03T23:00:59Z VIOLATION DNS drift threat github.com: ['TRUTH_DNS_DOWN', 'TRUTH_STUB_DRIFT', 'TRUTH_SYSTEM_DRIFT']
2026-07-03T23:01:01Z VIOLATION DNS drift threat api.github.com: ['TRUTH_DNS_DOWN']
2026-07-03T23:01:02Z VIOLATION DNS drift threat api.github.com: ['TRUTH_DNS_DOWN', 'TRUTH_STUB_DRIFT', 'TRUTH_SYSTEM_DRIFT']
2026-07-03T23:01:02Z VIOLATION DNS drift threat api.github.com: ['TRUTH_DNS_DOWN', 'TRUTH_STUB_DRIFT', 'TRUTH_SYSTEM_DRIFT']
2026-07-03T23:01:04Z VIOLATION DNS drift threat ssh.github.com: ['TRUTH_DNS_DOWN', 'TRUTH_STUB_DRIFT', 'TRUTH_SYSTEM_DRIFT']
2026-07-03T23:01:06Z VIOLATION DNS drift threat ssh.github.com: ['TRUTH_DNS_DOWN', 'TRUTH_STUB_DRIFT', 'TRUTH_SYSTEM_DRIFT']
2026-07-03T23:01:08Z VIOLATION DNS drift threat raw.githubusercontent.com: ['TRUTH_DNS_DOWN']
2026-07-03T23:01:10Z VIOLATION DNS drift threat github.com: ['TRUTH_DNS_DOWN', 'TRUTH_STUB_DRIFT', 'TRUTH_SYSTEM_DRIFT']
2026-07-03T23:01:12Z VIOLATION DNS drift threat github.com: ['TRUTH_DNS_DOWN', 'TRUTH_STUB_DRIFT', 'TRUTH_SYSTEM_DRIFT']
2026-07-03T23:01:13Z VIOLATION DNS drift threat api.github.com: ['TRUTH_DNS_DOWN']
2026-07-03T23:01:13Z VIOLATION DNS drift threat github.com: ['TRUTH_DNS_DOWN', 'TRUTH_STUB_DRIFT', 'TRUTH_SYSTEM_DRIFT']
2026-07-03T23:01:14Z VIOLATION DNS drift threat api.github.com: ['TRUTH_DNS_DOWN', 'TRUTH_STUB_DRIFT', 'TRUTH_SYSTEM_DRIFT']
2026-07-03T23:01:15Z VIOLATION DNS drift threat github.com: ['TRUTH_DNS_DOWN', 'TRUTH_STUB_DRIFT', 'TRUTH_SYSTEM_DRIFT']
2026-07-03T23:01:16Z VIOLATION DNS drift threat ssh.github.com: ['TRUTH_DNS_DOWN', 'TRUTH_STUB_DRIFT', 'TRUTH_SYSTEM_DRIFT']
2026-07-03T23:01:17Z VIOLATION DNS drift threat api.github.com: ['TRUTH_DNS_DOWN']
2026-07-03T23:01:17Z VIOLATION DNS drift threat ssh.github.com: ['TRUTH_DNS_DOWN', 'TRUTH_STUB_DRIFT', 'TRUTH_SYSTEM_DRIFT']
2026-07-03T23:01:18Z VIOLATION DNS drift threat api.github.com: ['TRUTH_DNS_DOWN', 'TRUTH_STUB_DRIFT', 'TRUTH_SYSTEM_DRIFT']
2026-07-03T23:01:19Z VIOLATION DNS drift threat github.com: ['TRUTH_DNS_DOWN', 'TRUTH_STUB_DRIFT', 'TRUTH_SYSTEM_DRIFT']
2026-07-03T23:01:21Z VIOLATION DNS drift threat github.com: ['TRUTH_DNS_DOWN', 'TRUTH_STUB_DRIFT', 'TRUTH_SYSTEM_DRIFT']
2026-07-03T23:01:21Z VIOLATION DNS drift threat github.com: ['TRUTH_DNS_DOWN', 'TRUTH_STUB_DRIFT', 'TRUTH_SYSTEM_DRIFT']
2026-07-03T23:01:21Z VIOLATION DNS drift threat api.github.com: ['TRUTH_DNS_DOWN', 'TRUTH_STUB_DRIFT', 'TRUTH_SYSTEM_DRIFT']
2026-07-03T23:01:22Z VIOLATION DNS drift threat ssh.github.com: ['TRUTH_DNS_DOWN']
2026-07-03T23:01:25Z VIOLATION DNS drift threat github.com: ['TRUTH_DNS_DOWN']
2026-07-03T23:01:25Z VIOLATION DNS drift threat api.github.com: ['TRUTH_DNS_DOWN', 'TRUTH_STUB_DRIFT', 'TRUTH_SYSTEM_DRIFT']
2026-07-03T23:01:28Z VIOLATION DNS drift threat api.github.com: ['TRUTH_DNS_DOWN', 'TRUTH_STUB_DRIFT', 'TRUTH_SYSTEM_DRIFT']
2026-07-03T23:01:29Z VIOLATION DNS drift threat api.github.com: ['TRUTH_DNS_DOWN', 'TRUTH_STUB_DRIFT', 'TRUTH_SYSTEM_DRIFT']
2026-07-03T23:01:30Z VIOLATION DNS drift threat github.com: ['TRUTH_DNS_DOWN', 'TRUTH_STUB_DRIFT', 'TRUTH_SYSTEM_DRIFT']
2026-07-03T23:01:31Z VIOLATION DNS drift threat ssh.github.com: ['TRUTH_DNS_DOWN', 'TRUTH_STUB_DRIFT', 'TRUTH_SYSTEM_DRIFT']
2026-07-03T23:01:34Z VIOLATION DNS drift threat api.github.com: ['TRUTH_DNS_DOWN', 'TRUTH_STUB_DRIFT', 'TRUTH_SYSTEM_DRIFT']
2026-07-03T23:01:38Z VIOLATION DNS drift threat github.com: ['TRUTH_DNS_DOWN', 'TRUTH_STUB_DRIFT', 'TRUTH_SYSTEM_DRIFT']
2026-07-03T23:01:42Z VIOLATION DNS drift threat api.github.com: ['TRUTH_DNS_DOWN', 'TRUTH_STUB_DRIFT', 'TRUTH_SYSTEM_DRIFT']
2026-07-03T23:01:46Z VIOLATION DNS drift threat github.com: ['TRUTH_DNS_DOWN', 'TRUTH_STUB_DRIFT', 'TRUTH_SYSTEM_DRIFT']
2026-07-03T23:01:51Z VIOLATION DNS drift threat api.github.com: ['TRUTH_DNS_DOWN', 'TRUTH_STUB_DRIFT', 'TRUTH_SYSTEM_DRIFT']
2026-07-03T23:01:55Z VIOLATION DNS drift threat github.com: ['TRUTH_DNS_DOWN', 'TRUTH_STUB_DRIFT', 'TRUTH_SYSTEM_DRIFT']
2026-07-03T23:01:57Z VIOLATION DNS drift threat github.com: ['TRUTH_DNS_DOWN']
2026-07-03T23:01:58Z VIOLATION DNS drift threat api.github.com: ['TRUTH_DNS_DOWN']
2026-07-03T23:02:00Z VIOLATION DNS drift threat api.github.com: ['TRUTH_DNS_DOWN', 'TRUTH_STUB_DRIFT', 'TRUTH_SYSTEM_DRIFT']
2026-07-03T23:02:04Z VIOLATION DNS drift threat github.com: ['TRUTH_DNS_DOWN', 'TRUTH_STUB_DRIFT', 'TRUTH_SYSTEM_DRIFT']
2026-07-03T23:02:05Z VIOLATION DNS drift threat github.com: ['TRUTH_DNS_DOWN', 'TRUTH_STUB_DRIFT', 'TRUTH_SYSTEM_DRIFT']
2026-07-03T23:02:07Z VIOLATION DNS drift threat api.github.com: ['TRUTH_DNS_DOWN']
2026-07-03T23:02:09Z VIOLATION DNS drift threat ssh.github.com: ['TRUTH_DNS_DOWN']
2026-07-03T23:02:10Z VIOLATION DNS drift threat api.github.com: ['TRUTH_DNS_DOWN', 'TRUTH_STUB_DRIFT', 'TRUTH_SYSTEM_DRIFT']
2026-07-03T23:02:10Z VIOLATION DNS drift threat github.com: ['TRUTH_DNS_DOWN', 'TRUTH_STUB_DRIFT', 'TRUTH_SYSTEM_DRIFT']
2026-07-03T23:02:11Z VIOLATION DNS drift threat github.com: ['TRUTH_DNS_DOWN', 'TRUTH_STUB_DRIFT', 'TRUTH_SYSTEM_DRIFT']
2026-07-03T23:02:12Z VIOLATION DNS drift threat github.com: ['TRUTH_DNS_DOWN']
2026-07-03T23:02:12Z VIOLATION DNS drift threat raw.githubusercontent.com: ['TRUTH_DNS_DOWN']
2026-07-03T23:02:13Z VIOLATION DNS drift threat api.github.com: ['TRUTH_DNS_DOWN']
2026-07-03T23:02:14Z VIOLATION DNS drift threat api.github.com: ['TRUTH_DNS_DOWN']
2026-07-03T23:02:15Z VIOLATION DNS drift threat github.com: ['TRUTH_DNS_DOWN']
2026-07-03T23:02:16Z VIOLATION DNS drift threat api.github.com: ['TRUTH_DNS_DOWN', 'TRUTH_STUB_DRIFT', 'TRUTH_SYSTEM_DRIFT']
2026-07-03T23:02:16Z VIOLATION DNS drift threat ssh.github.com: ['TRUTH_DNS_DOWN', 'TRUTH_STUB_DRIFT', 'TRUTH_SYSTEM_DRIFT']
2026-07-03T23:02:17Z VIOLATION DNS drift threat ssh.github.com: ['TRUTH_DNS_DOWN', 'TRUTH_STUB_DRIFT', 'TRUTH_SYSTEM_DRIFT']
2026-07-03T23:02:18Z VIOLATION DNS drift threat github.com: ['TRUTH_DNS_DOWN', 'TRUTH_STUB_DRIFT', 'TRUTH_SYSTEM_DRIFT']
2026-07-03T23:02:20Z VIOLATION DNS drift threat api.github.com: ['TRUTH_DNS_DOWN', 'TRUTH_STUB_DRIFT', 'TRUTH_SYSTEM_DRIFT']
2026-07-03T23:02:20Z VIOLATION DNS drift threat api.github.com: ['TRUTH_DNS_DOWN', 'TRUTH_STUB_DRIFT', 'TRUTH_SYSTEM_DRIFT']
2026-07-03T23:02:22Z VIOLATION DNS drift threat github.com: ['TRUTH_DNS_DOWN']
2026-07-03T23:02:24Z VIOLATION DNS drift threat ssh.github.com: ['TRUTH_DNS_DOWN', 'TRUTH_STUB_DRIFT', 'TRUTH_SYSTEM_DRIFT']
2026-07-03T23:02:26Z VIOLATION DNS drift threat api.github.com: ['TRUTH_DNS_DOWN', 'TRUTH_STUB_DRIFT', 'TRUTH_SYSTEM_DRIFT']
2026-07-03T23:02:29Z VIOLATION DNS drift threat github.com: ['TRUTH_DNS_DOWN']
2026-07-03T23:02:35Z VIOLATION DNS drift threat api.github.com: ['TRUTH_DNS_DOWN']
2026-07-03T23:02:36Z VIOLATION DNS drift threat github.com: ['TRUTH_DNS_DOWN', 'TRUTH_STUB_DRIFT', 'TRUTH_SYSTEM_DRIFT']
2026-07-03T23:02:39Z VIOLATION DNS drift threat api.github.com: ['TRUTH_DNS_DOWN', 'TRUTH_STUB_DRIFT', 'TRUTH_SYSTEM_DRIFT']
2026-07-03T23:02:42Z VIOLATION DNS drift threat github.com: ['TRUTH_DNS_DOWN', 'TRUTH_STUB_DRIFT', 'TRUTH_SYSTEM_DRIFT']
2026-07-03T23:02:43Z VIOLATION DNS drift threat github.com: ['TRUTH_DNS_DOWN', 'TRUTH_STUB_DRIFT', 'TRUTH_SYSTEM_DRIFT']
2026-07-03T23:02:43Z VIOLATION DNS drift threat ssh.github.com: ['TRUTH_DNS_DOWN', 'TRUTH_STUB_DRIFT', 'TRUTH_SYSTEM_DRIFT']
2026-07-03T23:02:43Z VIOLATION DNS drift threat api.github.com: ['TRUTH_DNS_DOWN']
2026-07-03T23:02:43Z VIOLATION DNS drift threat github.com: ['TRUTH_DNS_DOWN', 'TRUTH_STUB_DRIFT', 'TRUTH_SYSTEM_DRIFT']
2026-07-03T23:02:44Z VIOLATION DNS drift threat github.com: ['TRUTH_DNS_DOWN']
2026-07-03T23:02:45Z VIOLATION DNS drift threat ssh.github.com: ['TRUTH_DNS_DOWN', 'TRUTH_STUB_DRIFT', 'TRUTH_SYSTEM_DRIFT']
2026-07-03T23:02:46Z VIOLATION DNS drift threat api.github.com: ['TRUTH_DNS_DOWN', 'TRUTH_STUB_DRIFT', 'TRUTH_SYSTEM_DRIFT']
2026-07-03T23:02:47Z VIOLATION DNS drift threat api.github.com: ['TRUTH_DNS_DOWN', 'TRUTH_STUB_DRIFT', 'TRUTH_SYSTEM_DRIFT']
2026-07-03T23:02:47Z VIOLATION DNS drift threat api.github.com: ['TRUTH_DNS_DOWN', 'TRUTH_STUB_DRIFT', 'TRUTH_SYSTEM_DRIFT']
2026-07-03T23:02:48Z VIOLATION DNS drift threat github.com: ['TRUTH_DNS_DOWN', 'TRUTH_STUB_DRIFT', 'TRUTH_SYSTEM_DRIFT']
2026-07-03T23:02:49Z VIOLATION DNS drift threat ssh.github.com: ['TRUTH_DNS_DOWN', 'TRUTH_STUB_DRIFT', 'TRUTH_SYSTEM_DRIFT']
2026-07-03T23:02:52Z VIOLATION DNS drift threat ssh.github.com: ['TRUTH_DNS_DOWN']
2026-07-03T23:02:52Z VIOLATION DNS drift threat api.github.com: ['TRUTH_DNS_DOWN']
2026-07-03T23:02:56Z VIOLATION DNS drift threat github.com: ['TRUTH_DNS_DOWN']
2026-07-03T23:02:58Z VIOLATION DNS drift threat github.com: ['TRUTH_DNS_DOWN', 'TRUTH_STUB_DRIFT', 'TRUTH_SYSTEM_DRIFT']
2026-07-03T23:02:59Z VIOLATION DNS drift threat api.github.com: ['TRUTH_DNS_DOWN']
2026-07-03T23:03:01Z VIOLATION DNS drift threat api.github.com: ['TRUTH_DNS_DOWN', 'TRUTH_STUB_DRIFT', 'TRUTH_SYSTEM_DRIFT']
2026-07-03T23:03:01Z VIOLATION DNS drift threat github.com: ['TRUTH_DNS_DOWN']
2026-07-03T23:03:03Z VIOLATION DNS drift threat ssh.github.com: ['TRUTH_DNS_DOWN', 'TRUTH_STUB_DRIFT', 'TRUTH_SYSTEM_DRIFT']
2026-07-03T23:03:04Z VIOLATION DNS drift threat api.github.com: ['TRUTH_DNS_DOWN']
2026-07-03T23:03:06Z VIOLATION DNS drift threat github.com: ['TRUTH_DNS_DOWN']
2026-07-03T23:03:08Z VIOLATION DNS drift threat github.com: ['TRUTH_DNS_DOWN', 'TRUTH_STUB_DRIFT', 'TRUTH_SYSTEM_DRIFT']
2026-07-03T23:03:10Z VIOLATION DNS drift threat api.github.com: ['TRUTH_DNS_DOWN', 'TRUTH_STUB_DRIFT', 'TRUTH_SYSTEM_DRIFT']
2026-07-03T23:03:12Z VIOLATION DNS drift threat api.github.com: ['TRUTH_DNS_DOWN', 'TRUTH_STUB_DRIFT', 'TRUTH_SYSTEM_DRIFT']
2026-07-03T23:03:14Z VIOLATION DNS drift threat ssh.github.com: ['TRUTH_DNS_DOWN', 'TRUTH_STUB_DRIFT', 'TRUTH_SYSTEM_DRIFT']
2026-07-03T23:03:16Z VIOLATION DNS drift threat github.com: ['TRUTH_DNS_DOWN', 'TRUTH_STUB_DRIFT', 'TRUTH_SYSTEM_DRIFT']
2026-07-03T23:03:17Z VIOLATION DNS drift threat github.com: ['TRUTH_DNS_DOWN']
2026-07-03T23:03:19Z VIOLATION DNS drift threat api.github.com: ['TRUTH_DNS_DOWN', 'TRUTH_STUB_DRIFT', 'TRUTH_SYSTEM_DRIFT']
2026-07-03T23:03:20Z VIOLATION DNS drift threat api.github.com: ['TRUTH_DNS_DOWN']
2026-07-03T23:03:22Z VIOLATION DNS drift threat ssh.github.com: ['TRUTH_DNS_DOWN', 'TRUTH_STUB_DRIFT', 'TRUTH_SYSTEM_DRIFT']
2026-07-03T23:03:25Z VIOLATION DNS drift threat github.com: ['TRUTH_DNS_DOWN', 'TRUTH_STUB_DRIFT', 'TRUTH_SYSTEM_DRIFT']
2026-07-03T23:03:27Z VIOLATION DNS drift threat api.github.com: ['TRUTH_DNS_DOWN', 'TRUTH_STUB_DRIFT', 'TRUTH_SYSTEM_DRIFT']
2026-07-03T23:03:27Z VIOLATION DNS drift threat github.com: ['TRUTH_DNS_DOWN', 'TRUTH_STUB_DRIFT', 'TRUTH_SYSTEM_DRIFT']
2026-07-03T23:03:30Z VIOLATION DNS drift threat ssh.github.com: ['TRUTH_DNS_DOWN', 'TRUTH_STUB_DRIFT', 'TRUTH_SYSTEM_DRIFT']
2026-07-03T23:03:31Z VIOLATION DNS drift threat github.com: ['TRUTH_DNS_DOWN', 'TRUTH_STUB_DRIFT', 'TRUTH_SYSTEM_DRIFT']
2026-07-03T23:03:32Z VIOLATION DNS drift threat api.github.com: ['TRUTH_DNS_DOWN']
2026-07-03T23:03:33Z VIOLATION DNS drift threat github.com: ['TRUTH_DNS_DOWN', 'TRUTH_STUB_DRIFT', 'TRUTH_SYSTEM_DRIFT']
2026-07-03T23:03:33Z VIOLATION DNS drift threat github.com: ['TRUTH_DNS_DOWN', 'TRUTH_STUB_DRIFT', 'TRUTH_SYSTEM_DRIFT']
2026-07-03T23:03:35Z VIOLATION DNS drift threat github.com: ['TRUTH_DNS_DOWN']
2026-07-03T23:03:35Z VIOLATION DNS drift threat api.github.com: ['TRUTH_DNS_DOWN', 'TRUTH_STUB_DRIFT', 'TRUTH_SYSTEM_DRIFT']
2026-07-03T23:03:36Z VIOLATION DNS drift threat api.github.com: ['TRUTH_DNS_DOWN', 'TRUTH_STUB_DRIFT', 'TRUTH_SYSTEM_DRIFT']
2026-07-03T23:03:37Z VIOLATION DNS drift threat api.github.com: ['TRUTH_DNS_DOWN', 'TRUTH_STUB_DRIFT', 'TRUTH_SYSTEM_DRIFT']
2026-07-03T23:03:37Z VIOLATION DNS drift threat github.com: ['TRUTH_DNS_DOWN', 'TRUTH_STUB_DRIFT', 'TRUTH_SYSTEM_DRIFT']
2026-07-03T23:03:38Z VIOLATION DNS drift threat ssh.github.com: ['TRUTH_DNS_DOWN', 'TRUTH_STUB_DRIFT', 'TRUTH_SYSTEM_DRIFT']
2026-07-03T23:03:39Z VIOLATION DNS drift threat ssh.github.com: ['TRUTH_DNS_DOWN', 'TRUTH_STUB_DRIFT', 'TRUTH_SYSTEM_DRIFT']
2026-07-03T23:03:39Z VIOLATION DNS drift threat api.github.com: ['TRUTH_DNS_DOWN']
2026-07-03T23:03:40Z VIOLATION DNS drift threat api.github.com: ['TRUTH_DNS_DOWN', 'TRUTH_STUB_DRIFT', 'TRUTH_SYSTEM_DRIFT']
2026-07-03T23:03:50Z VIOLATION DNS drift threat github.com: ['TRUTH_DNS_DOWN', 'TRUTH_STUB_DRIFT', 'TRUTH_SYSTEM_DRIFT']
2026-07-03T23:03:53Z VIOLATION DNS drift threat github.com: ['TRUTH_DNS_DOWN', 'TRUTH_STUB_DRIFT', 'TRUTH_SYSTEM_DRIFT']
2026-07-03T23:03:56Z VIOLATION DNS drift threat api.github.com: ['TRUTH_DNS_DOWN', 'TRUTH_STUB_DRIFT', 'TRUTH_SYSTEM_DRIFT']
2026-07-03T23:03:56Z VIOLATION DNS drift threat api.github.com: ['TRUTH_DNS_DOWN', 'TRUTH_STUB_DRIFT', 'TRUTH_SYSTEM_DRIFT']
2026-07-03T23:04:00Z VIOLATION DNS drift threat github.com: ['TRUTH_DNS_DOWN', 'TRUTH_STUB_DRIFT', 'TRUTH_SYSTEM_DRIFT']
2026-07-03T23:04:01Z VIOLATION DNS drift threat github.com: ['TRUTH_DNS_DOWN', 'TRUTH_STUB_DRIFT', 'TRUTH_SYSTEM_DRIFT']
2026-07-03T23:04:05Z VIOLATION DNS drift threat api.github.com: ['TRUTH_DNS_DOWN', 'TRUTH_STUB_DRIFT', 'TRUTH_SYSTEM_DRIFT']
2026-07-03T23:04:08Z VIOLATION DNS drift threat api.github.com: ['TRUTH_DNS_DOWN', 'TRUTH_STUB_DRIFT', 'TRUTH_SYSTEM_DRIFT']
2026-07-03T23:04:09Z VIOLATION DNS drift threat github.com: ['TRUTH_DNS_DOWN', 'TRUTH_STUB_DRIFT', 'TRUTH_SYSTEM_DRIFT']
2026-07-03T23:04:10Z VIOLATION DNS drift threat github.com: ['TRUTH_DNS_DOWN', 'TRUTH_STUB_DRIFT', 'TRUTH_SYSTEM_DRIFT']
2026-07-03T23:04:12Z VIOLATION DNS drift threat github.com: ['TRUTH_DNS_DOWN', 'TRUTH_STUB_DRIFT', 'TRUTH_SYSTEM_DRIFT']
2026-07-03T23:04:12Z VIOLATION DNS drift threat api.github.com: ['TRUTH_DNS_DOWN', 'TRUTH_STUB_DRIFT', 'TRUTH_SYSTEM_DRIFT']
2026-07-03T23:04:14Z VIOLATION DNS drift threat github.com: ['TRUTH_DNS_DOWN', 'TRUTH_STUB_DRIFT', 'TRUTH_SYSTEM_DRIFT']
2026-07-03T23:04:14Z VIOLATION DNS drift threat api.github.com: ['TRUTH_DNS_DOWN', 'TRUTH_STUB_DRIFT', 'TRUTH_SYSTEM_DRIFT']
2026-07-03T23:04:15Z VIOLATION DNS drift threat github.com: ['TRUTH_DNS_DOWN', 'TRUTH_STUB_DRIFT', 'TRUTH_SYSTEM_DRIFT']
2026-07-03T23:04:15Z VIOLATION DNS drift threat ssh.github.com: ['TRUTH_DNS_DOWN', 'TRUTH_STUB_DRIFT', 'TRUTH_SYSTEM_DRIFT']
2026-07-03T23:04:15Z VIOLATION DNS drift threat github.com: ['TRUTH_DNS_DOWN', 'TRUTH_STUB_DRIFT', 'TRUTH_SYSTEM_DRIFT']
2026-07-03T23:04:15Z VIOLATION DNS drift threat api.github.com: ['TRUTH_DNS_DOWN', 'TRUTH_STUB_DRIFT', 'TRUTH_SYSTEM_DRIFT']
2026-07-03T23:04:16Z VIOLATION DNS drift threat api.github.com: ['TRUTH_DNS_DOWN']
2026-07-03T23:04:17Z VIOLATION DNS drift threat api.github.com: ['TRUTH_DNS_DOWN', 'TRUTH_STUB_DRIFT', 'TRUTH_SYSTEM_DRIFT']
2026-07-03T23:04:18Z VIOLATION DNS drift threat api.github.com: ['TRUTH_DNS_DOWN', 'TRUTH_STUB_DRIFT', 'TRUTH_SYSTEM_DRIFT']
2026-07-03T23:04:18Z VIOLATION DNS drift threat ssh.github.com: ['TRUTH_DNS_DOWN', 'TRUTH_STUB_DRIFT', 'TRUTH_SYSTEM_DRIFT']
2026-07-03T23:04:19Z VIOLATION DNS drift threat github.com: ['TRUTH_DNS_DOWN', 'TRUTH_STUB_DRIFT', 'TRUTH_SYSTEM_DRIFT']
2026-07-03T23:04:22Z VIOLATION DNS drift threat ssh.github.com: ['TRUTH_DNS_DOWN', 'TRUTH_STUB_DRIFT', 'TRUTH_SYSTEM_DRIFT']
2026-07-03T23:04:22Z VIOLATION DNS drift threat ssh.github.com: ['TRUTH_DNS_DOWN', 'TRUTH_STUB_DRIFT', 'TRUTH_SYSTEM_DRIFT']
2026-07-03T23:04:23Z VIOLATION DNS drift threat api.github.com: ['TRUTH_DNS_DOWN']
2026-07-03T23:04:25Z VIOLATION DNS drift threat ssh.github.com: ['TRUTH_DNS_DOWN', 'TRUTH_STUB_DRIFT', 'TRUTH_SYSTEM_DRIFT']
2026-07-03T23:04:34Z VIOLATION DNS drift threat github.com: ['TRUTH_DNS_DOWN', 'TRUTH_STUB_DRIFT', 'TRUTH_SYSTEM_DRIFT']
2026-07-03T23:04:38Z VIOLATION DNS drift threat api.github.com: ['TRUTH_DNS_DOWN', 'TRUTH_STUB_DRIFT', 'TRUTH_SYSTEM_DRIFT']
2026-07-03T23:04:39Z VIOLATION DNS drift threat github.com: ['TRUTH_DNS_DOWN', 'TRUTH_STUB_DRIFT', 'TRUTH_SYSTEM_DRIFT']
2026-07-03T23:04:42Z VIOLATION DNS drift threat github.com: ['TRUTH_DNS_DOWN', 'TRUTH_STUB_DRIFT', 'TRUTH_SYSTEM_DRIFT']
2026-07-03T23:04:42Z VIOLATION DNS drift threat api.github.com: ['TRUTH_DNS_DOWN', 'TRUTH_STUB_DRIFT', 'TRUTH_SYSTEM_DRIFT']
2026-07-03T23:04:45Z VIOLATION DNS drift threat api.github.com: ['TRUTH_DNS_DOWN']
2026-07-03T23:04:46Z VIOLATION DNS drift threat github.com: ['TRUTH_DNS_DOWN', 'TRUTH_STUB_DRIFT', 'TRUTH_SYSTEM_DRIFT']
2026-07-03T23:04:50Z VIOLATION DNS drift threat api.github.com: ['TRUTH_DNS_DOWN', 'TRUTH_STUB_DRIFT', 'TRUTH_SYSTEM_DRIFT']
2026-07-03T23:04:53Z VIOLATION DNS drift threat ssh.github.com: ['TRUTH_DNS_DOWN', 'TRUTH_STUB_DRIFT', 'TRUTH_SYSTEM_DRIFT']
2026-07-03T23:04:54Z VIOLATION DNS drift threat github.com: ['TRUTH_DNS_DOWN']
2026-07-03T23:04:54Z VIOLATION DNS drift threat github.com: ['TRUTH_DNS_DOWN', 'TRUTH_STUB_DRIFT', 'TRUTH_SYSTEM_DRIFT']
2026-07-03T23:04:55Z VIOLATION DNS drift threat github.com: ['TRUTH_DNS_DOWN', 'TRUTH_STUB_DRIFT', 'TRUTH_SYSTEM_DRIFT']
2026-07-03T23:04:56Z VIOLATION DNS drift threat api.github.com: ['TRUTH_DNS_DOWN', 'TRUTH_STUB_DRIFT', 'TRUTH_SYSTEM_DRIFT']
2026-07-03T23:04:56Z VIOLATION DNS drift threat api.github.com: ['TRUTH_DNS_DOWN', 'TRUTH_STUB_DRIFT', 'TRUTH_SYSTEM_DRIFT']
2026-07-03T23:05:00Z VIOLATION DNS drift threat ssh.github.com: ['TRUTH_DNS_DOWN', 'TRUTH_STUB_DRIFT', 'TRUTH_SYSTEM_DRIFT']
2026-07-03T23:05:00Z VIOLATION DNS drift threat github.com: ['TRUTH_DNS_DOWN']
2026-07-03T23:05:01Z VIOLATION DNS drift threat api.github.com: ['TRUTH_DNS_DOWN']
2026-07-03T23:05:02Z VIOLATION DNS drift threat ssh.github.com: ['TRUTH_DNS_DOWN', 'TRUTH_STUB_DRIFT', 'TRUTH_SYSTEM_DRIFT']
2026-07-03T23:05:03Z VIOLATION DNS drift threat github.com: ['TRUTH_DNS_DOWN', 'TRUTH_STUB_DRIFT', 'TRUTH_SYSTEM_DRIFT']
2026-07-03T23:05:04Z VIOLATION DNS drift threat api.github.com: ['TRUTH_DNS_DOWN', 'TRUTH_STUB_DRIFT', 'TRUTH_SYSTEM_DRIFT']
2026-07-03T23:05:06Z VIOLATION DNS drift threat github.com: ['TRUTH_DNS_DOWN', 'TRUTH_STUB_DRIFT', 'TRUTH_SYSTEM_DRIFT']
2026-07-03T23:05:06Z VIOLATION DNS drift threat api.github.com: ['TRUTH_DNS_DOWN']
2026-07-03T23:05:07Z VIOLATION DNS drift threat ssh.github.com: ['TRUTH_DNS_DOWN']
2026-07-03T23:05:09Z VIOLATION DNS drift threat github.com: ['TRUTH_DNS_DOWN', 'TRUTH_STUB_DRIFT', 'TRUTH_SYSTEM_DRIFT']
2026-07-03T23:05:09Z VIOLATION DNS drift threat api.github.com: ['TRUTH_DNS_DOWN', 'TRUTH_STUB_DRIFT', 'TRUTH_SYSTEM_DRIFT']
2026-07-03T23:05:11Z VIOLATION DNS drift threat github.com: ['TRUTH_DNS_DOWN', 'TRUTH_STUB_DRIFT', 'TRUTH_SYSTEM_DRIFT']
2026-07-03T23:05:12Z VIOLATION DNS drift threat ssh.github.com: ['TRUTH_DNS_DOWN', 'TRUTH_STUB_DRIFT', 'TRUTH_SYSTEM_DRIFT']
2026-07-03T23:05:13Z VIOLATION DNS drift threat github.com: ['TRUTH_DNS_DOWN', 'TRUTH_STUB_DRIFT', 'TRUTH_SYSTEM_DRIFT']
2026-07-03T23:05:14Z VIOLATION DNS drift threat api.github.com: ['TRUTH_DNS_DOWN', 'TRUTH_STUB_DRIFT', 'TRUTH_SYSTEM_DRIFT']
2026-07-03T23:05:14Z VIOLATION DNS drift threat api.github.com: ['TRUTH_DNS_DOWN', 'TRUTH_STUB_DRIFT', 'TRUTH_SYSTEM_DRIFT']
2026-07-03T23:05:15Z VIOLATION DNS drift threat api.github.com: ['TRUTH_DNS_DOWN', 'TRUTH_STUB_DRIFT', 'TRUTH_SYSTEM_DRIFT']
2026-07-03T23:05:18Z VIOLATION DNS drift threat ssh.github.com: ['TRUTH_DNS_DOWN', 'TRUTH_STUB_DRIFT', 'TRUTH_SYSTEM_DRIFT']
2026-07-03T23:05:24Z VIOLATION DNS drift threat github.com: ['TRUTH_DNS_DOWN', 'TRUTH_STUB_DRIFT', 'TRUTH_SYSTEM_DRIFT']
2026-07-03T23:05:26Z VIOLATION DNS drift threat github.com: ['TRUTH_DNS_DOWN', 'TRUTH_STUB_DRIFT', 'TRUTH_SYSTEM_DRIFT']
2026-07-03T23:05:28Z VIOLATION DNS drift threat api.github.com: ['TRUTH_DNS_DOWN', 'TRUTH_STUB_DRIFT', 'TRUTH_SYSTEM_DRIFT']
2026-07-03T23:05:29Z VIOLATION DNS drift threat api.github.com: ['TRUTH_DNS_DOWN', 'TRUTH_STUB_DRIFT', 'TRUTH_SYSTEM_DRIFT']
2026-07-03T23:05:31Z VIOLATION DNS drift threat github.com: ['TRUTH_DNS_DOWN', 'TRUTH_STUB_DRIFT', 'TRUTH_SYSTEM_DRIFT']
2026-07-03T23:05:32Z VIOLATION DNS drift threat ssh.github.com: ['TRUTH_DNS_DOWN', 'TRUTH_STUB_DRIFT', 'TRUTH_SYSTEM_DRIFT']
2026-07-03T23:05:32Z VIOLATION DNS drift threat ssh.github.com: ['TRUTH_DNS_DOWN', 'TRUTH_STUB_DRIFT', 'TRUTH_SYSTEM_DRIFT']
2026-07-03T23:05:33Z VIOLATION DNS drift threat github.com: ['TRUTH_DNS_DOWN', 'TRUTH_STUB_DRIFT', 'TRUTH_SYSTEM_DRIFT']
2026-07-03T23:05:33Z VIOLATION DNS drift threat api.github.com: ['TRUTH_DNS_DOWN', 'TRUTH_STUB_DRIFT', 'TRUTH_SYSTEM_DRIFT']
2026-07-03T23:05:34Z VIOLATION DNS drift threat raw.githubusercontent.com: ['TRUTH_DNS_DOWN']
2026-07-03T23:05:35Z VIOLATION DNS drift threat github.com: ['TRUTH_DNS_DOWN']
2026-07-03T23:05:37Z VIOLATION DNS drift threat ssh.github.com: ['TRUTH_DNS_DOWN']
2026-07-03T23:05:37Z VIOLATION DNS drift threat api.github.com: ['TRUTH_DNS_DOWN', 'TRUTH_STUB_DRIFT', 'TRUTH_SYSTEM_DRIFT']
2026-07-03T23:05:38Z VIOLATION DNS drift threat api.github.com: ['TRUTH_DNS_DOWN', 'TRUTH_STUB_DRIFT', 'TRUTH_SYSTEM_DRIFT']
2026-07-03T23:05:39Z VIOLATION DNS drift threat github.com: ['TRUTH_DNS_DOWN', 'TRUTH_STUB_DRIFT', 'TRUTH_SYSTEM_DRIFT']
2026-07-03T23:05:40Z VIOLATION DNS drift threat github.com: ['TRUTH_DNS_DOWN', 'TRUTH_STUB_DRIFT', 'TRUTH_SYSTEM_DRIFT']
2026-07-03T23:05:41Z VIOLATION DNS drift threat ssh.github.com: ['TRUTH_DNS_DOWN', 'TRUTH_STUB_DRIFT', 'TRUTH_SYSTEM_DRIFT']
2026-07-03T23:05:41Z VIOLATION DNS drift threat ssh.github.com: ['TRUTH_DNS_DOWN', 'TRUTH_STUB_DRIFT', 'TRUTH_SYSTEM_DRIFT']
2026-07-03T23:05:43Z VIOLATION DNS drift threat api.github.com: ['TRUTH_DNS_DOWN', 'TRUTH_STUB_DRIFT', 'TRUTH_SYSTEM_DRIFT']
2026-07-03T23:05:45Z VIOLATION DNS drift threat api.github.com: ['TRUTH_DNS_DOWN']
2026-07-03T23:05:50Z VIOLATION DNS drift threat github.com: ['TRUTH_DNS_DOWN']
2026-07-03T23:05:52Z VIOLATION DNS drift threat api.github.com: ['TRUTH_DNS_DOWN', 'TRUTH_STUB_DRIFT', 'TRUTH_SYSTEM_DRIFT']
2026-07-03T23:05:53Z VIOLATION DNS drift threat github.com: ['TRUTH_DNS_DOWN']
2026-07-03T23:05:55Z VIOLATION DNS drift threat ssh.github.com: ['TRUTH_DNS_DOWN', 'TRUTH_STUB_DRIFT', 'TRUTH_SYSTEM_DRIFT']
2026-07-03T23:05:57Z VIOLATION DNS drift threat github.com: ['TRUTH_DNS_DOWN', 'TRUTH_STUB_DRIFT', 'TRUTH_SYSTEM_DRIFT']
2026-07-03T23:05:58Z VIOLATION DNS drift threat api.github.com: ['TRUTH_DNS_DOWN']
2026-07-03T23:06:00Z VIOLATION DNS drift threat github.com: ['TRUTH_DNS_DOWN', 'TRUTH_STUB_DRIFT', 'TRUTH_SYSTEM_DRIFT']
2026-07-03T23:06:01Z VIOLATION DNS drift threat api.github.com: ['TRUTH_DNS_DOWN', 'TRUTH_STUB_DRIFT', 'TRUTH_SYSTEM_DRIFT']
2026-07-03T23:06:01Z VIOLATION DNS drift threat ssh.github.com: ['TRUTH_DNS_DOWN', 'TRUTH_STUB_DRIFT', 'TRUTH_SYSTEM_DRIFT']
2026-07-03T23:06:01Z VIOLATION DNS drift threat github.com: ['TRUTH_DNS_DOWN', 'TRUTH_STUB_DRIFT', 'TRUTH_SYSTEM_DRIFT']
2026-07-03T23:06:03Z VIOLATION DNS drift threat api.github.com: ['TRUTH_DNS_DOWN', 'TRUTH_STUB_DRIFT', 'TRUTH_SYSTEM_DRIFT']
2026-07-03T23:06:03Z VIOLATION DNS drift threat api.github.com: ['TRUTH_DNS_DOWN', 'TRUTH_STUB_DRIFT', 'TRUTH_SYSTEM_DRIFT']
2026-07-03T23:06:04Z VIOLATION DNS drift threat ssh.github.com: ['TRUTH_DNS_DOWN', 'TRUTH_STUB_DRIFT', 'TRUTH_SYSTEM_DRIFT']
2026-07-03T23:06:05Z VIOLATION DNS drift threat github.com: ['TRUTH_DNS_DOWN', 'TRUTH_STUB_DRIFT', 'TRUTH_SYSTEM_DRIFT']
2026-07-03T23:06:06Z VIOLATION DNS drift threat ssh.github.com: ['TRUTH_DNS_DOWN', 'TRUTH_STUB_DRIFT', 'TRUTH_SYSTEM_DRIFT']
2026-07-03T23:06:08Z VIOLATION DNS drift threat github.com: ['TRUTH_DNS_DOWN', 'TRUTH_STUB_DRIFT', 'TRUTH_SYSTEM_DRIFT']
2026-07-03T23:06:08Z VIOLATION DNS drift threat api.github.com: ['TRUTH_DNS_DOWN', 'TRUTH_STUB_DRIFT', 'TRUTH_SYSTEM_DRIFT']
2026-07-03T23:06:11Z VIOLATION DNS drift threat ssh.github.com: ['TRUTH_DNS_DOWN', 'TRUTH_STUB_DRIFT', 'TRUTH_SYSTEM_DRIFT']
2026-07-03T23:06:11Z VIOLATION DNS drift threat api.github.com: ['TRUTH_DNS_DOWN']
2026-07-03T23:06:15Z VIOLATION DNS drift threat ssh.github.com: ['TRUTH_DNS_DOWN', 'TRUTH_STUB_DRIFT', 'TRUTH_SYSTEM_DRIFT']
2026-07-03T23:06:22Z VIOLATION DNS drift threat github.com: ['TRUTH_DNS_DOWN', 'TRUTH_STUB_DRIFT', 'TRUTH_SYSTEM_DRIFT']
2026-07-03T23:06:22Z VIOLATION DNS drift threat github.com: ['TRUTH_DNS_DOWN', 'TRUTH_STUB_DRIFT', 'TRUTH_SYSTEM_DRIFT']
2026-07-03T23:06:24Z VIOLATION DNS drift threat api.github.com: ['TRUTH_DNS_DOWN', 'TRUTH_STUB_DRIFT', 'TRUTH_SYSTEM_DRIFT']
2026-07-03T23:06:24Z VIOLATION DNS drift threat github.com: ['TRUTH_DNS_DOWN', 'TRUTH_STUB_DRIFT', 'TRUTH_SYSTEM_DRIFT']
2026-07-03T23:06:25Z VIOLATION DNS drift threat api.github.com: ['TRUTH_DNS_DOWN', 'TRUTH_STUB_DRIFT', 'TRUTH_SYSTEM_DRIFT']
2026-07-03T23:06:27Z VIOLATION DNS drift threat ssh.github.com: ['TRUTH_DNS_DOWN']
2026-07-03T23:06:28Z VIOLATION DNS drift threat api.github.com: ['TRUTH_DNS_DOWN', 'TRUTH_STUB_DRIFT', 'TRUTH_SYSTEM_DRIFT']
2026-07-03T23:06:28Z VIOLATION DNS drift threat ssh.github.com: ['TRUTH_DNS_DOWN', 'TRUTH_STUB_DRIFT', 'TRUTH_SYSTEM_DRIFT']
2026-07-03T23:06:29Z VIOLATION DNS drift threat github.com: ['TRUTH_DNS_DOWN', 'TRUTH_STUB_DRIFT', 'TRUTH_SYSTEM_DRIFT']
2026-07-03T23:06:31Z VIOLATION DNS drift threat ssh.github.com: ['TRUTH_DNS_DOWN', 'TRUTH_STUB_DRIFT', 'TRUTH_SYSTEM_DRIFT']
2026-07-03T23:06:31Z VIOLATION DNS drift threat github.com: ['TRUTH_DNS_DOWN', 'TRUTH_STUB_DRIFT', 'TRUTH_SYSTEM_DRIFT']
2026-07-03T23:06:32Z VIOLATION DNS drift threat api.github.com: ['TRUTH_DNS_DOWN', 'TRUTH_STUB_DRIFT', 'TRUTH_SYSTEM_DRIFT']
2026-07-03T23:06:32Z VIOLATION DNS drift threat raw.githubusercontent.com: ['TRUTH_DNS_DOWN']
2026-07-03T23:06:33Z VIOLATION DNS drift threat github.com: ['TRUTH_DNS_DOWN', 'TRUTH_STUB_DRIFT', 'TRUTH_SYSTEM_DRIFT']
2026-07-03T23:06:34Z VIOLATION DNS drift threat ssh.github.com: ['TRUTH_DNS_DOWN', 'TRUTH_STUB_DRIFT', 'TRUTH_SYSTEM_DRIFT']
2026-07-03T23:06:35Z VIOLATION DNS drift threat api.github.com: ['TRUTH_DNS_DOWN', 'TRUTH_STUB_DRIFT', 'TRUTH_SYSTEM_DRIFT']
2026-07-03T23:06:35Z VIOLATION DNS drift threat github.com: ['TRUTH_DNS_DOWN', 'TRUTH_STUB_DRIFT', 'TRUTH_SYSTEM_DRIFT']
2026-07-03T23:06:35Z VIOLATION DNS drift threat api.github.com: ['TRUTH_DNS_DOWN', 'TRUTH_STUB_DRIFT', 'TRUTH_SYSTEM_DRIFT']
2026-07-03T23:06:37Z VIOLATION DNS drift threat raw.githubusercontent.com: ['TRUTH_DNS_DOWN']
2026-07-03T23:06:38Z VIOLATION DNS drift threat api.github.com: ['TRUTH_DNS_DOWN', 'TRUTH_STUB_DRIFT', 'TRUTH_SYSTEM_DRIFT']
2026-07-03T23:06:38Z VIOLATION DNS drift threat ssh.github.com: ['TRUTH_DNS_DOWN', 'TRUTH_STUB_DRIFT', 'TRUTH_SYSTEM_DRIFT']
2026-07-03T23:06:39Z VIOLATION DNS drift threat github.com: ['TRUTH_DNS_DOWN', 'TRUTH_STUB_DRIFT', 'TRUTH_SYSTEM_DRIFT']
2026-07-03T23:06:40Z VIOLATION DNS drift threat ssh.github.com: ['TRUTH_DNS_DOWN', 'TRUTH_STUB_DRIFT', 'TRUTH_SYSTEM_DRIFT']
2026-07-03T23:06:40Z VIOLATION DNS drift threat ssh.github.com: ['TRUTH_DNS_DOWN', 'TRUTH_STUB_DRIFT', 'TRUTH_SYSTEM_DRIFT']
2026-07-03T23:06:43Z VIOLATION DNS drift threat raw.githubusercontent.com: ['TRUTH_DNS_DOWN']
2026-07-03T23:06:44Z VIOLATION DNS drift threat api.github.com: ['TRUTH_DNS_DOWN', 'TRUTH_STUB_DRIFT', 'TRUTH_SYSTEM_DRIFT']
2026-07-03T23:06:45Z VIOLATION DNS drift threat github.com: ['TRUTH_DNS_DOWN', 'TRUTH_STUB_DRIFT', 'TRUTH_SYSTEM_DRIFT']
2026-07-03T23:06:50Z VIOLATION DNS drift threat api.github.com: ['TRUTH_DNS_DOWN']
2026-07-03T23:06:52Z VIOLATION DNS drift threat github.com: ['TRUTH_DNS_DOWN', 'TRUTH_STUB_DRIFT', 'TRUTH_SYSTEM_DRIFT']
2026-07-03T23:06:55Z VIOLATION DNS drift threat github.com: ['TRUTH_DNS_DOWN']
2026-07-03T23:06:55Z VIOLATION DNS drift threat github.com: ['TRUTH_DNS_DOWN', 'TRUTH_STUB_DRIFT', 'TRUTH_SYSTEM_DRIFT']
2026-07-03T23:06:56Z VIOLATION DNS drift threat github.com: ['TRUTH_DNS_DOWN', 'TRUTH_STUB_DRIFT', 'TRUTH_SYSTEM_DRIFT']
2026-07-03T23:06:56Z VIOLATION DNS drift threat api.github.com: ['TRUTH_DNS_DOWN', 'TRUTH_STUB_DRIFT', 'TRUTH_SYSTEM_DRIFT']
2026-07-03T23:06:56Z VIOLATION DNS drift threat github.com: ['TRUTH_DNS_DOWN', 'TRUTH_STUB_DRIFT', 'TRUTH_SYSTEM_DRIFT']
2026-07-03T23:06:57Z VIOLATION DNS drift threat api.github.com: ['TRUTH_DNS_DOWN', 'TRUTH_STUB_DRIFT', 'TRUTH_SYSTEM_DRIFT']
2026-07-03T23:06:59Z VIOLATION DNS drift threat ssh.github.com: ['TRUTH_DNS_DOWN', 'TRUTH_STUB_DRIFT', 'TRUTH_SYSTEM_DRIFT']
2026-07-03T23:06:59Z VIOLATION DNS drift threat api.github.com: ['TRUTH_DNS_DOWN', 'TRUTH_STUB_DRIFT', 'TRUTH_SYSTEM_DRIFT']
2026-07-03T23:06:59Z VIOLATION DNS drift threat github.com: ['TRUTH_DNS_DOWN', 'TRUTH_STUB_DRIFT', 'TRUTH_SYSTEM_DRIFT']
2026-07-03T23:06:59Z VIOLATION DNS drift threat api.github.com: ['TRUTH_DNS_DOWN', 'TRUTH_STUB_DRIFT', 'TRUTH_SYSTEM_DRIFT']
2026-07-03T23:07:01Z VIOLATION DNS drift threat api.github.com: ['TRUTH_DNS_DOWN', 'TRUTH_STUB_DRIFT', 'TRUTH_SYSTEM_DRIFT']
2026-07-03T23:07:01Z VIOLATION DNS drift threat ssh.github.com: ['TRUTH_DNS_DOWN', 'TRUTH_STUB_DRIFT', 'TRUTH_SYSTEM_DRIFT']
2026-07-03T23:07:02Z VIOLATION DNS drift threat api.github.com: ['TRUTH_DNS_DOWN', 'TRUTH_STUB_DRIFT', 'TRUTH_SYSTEM_DRIFT']
2026-07-03T23:07:04Z VIOLATION DNS drift threat github.com: ['TRUTH_DNS_DOWN', 'TRUTH_STUB_DRIFT', 'TRUTH_SYSTEM_DRIFT']
2026-07-03T23:07:04Z VIOLATION DNS drift threat ssh.github.com: ['TRUTH_DNS_DOWN', 'TRUTH_STUB_DRIFT', 'TRUTH_SYSTEM_DRIFT']
2026-07-03T23:07:06Z VIOLATION DNS drift threat github.com: ['TRUTH_DNS_DOWN']
2026-07-03T23:07:08Z VIOLATION DNS drift threat api.github.com: ['TRUTH_DNS_DOWN', 'TRUTH_STUB_DRIFT', 'TRUTH_SYSTEM_DRIFT']
2026-07-03T23:07:10Z VIOLATION DNS drift threat api.github.com: ['TRUTH_DNS_DOWN', 'TRUTH_STUB_DRIFT', 'TRUTH_SYSTEM_DRIFT']
2026-07-03T23:07:11Z VIOLATION DNS drift threat ssh.github.com: ['TRUTH_DNS_DOWN', 'TRUTH_STUB_DRIFT', 'TRUTH_SYSTEM_DRIFT']
2026-07-03T23:07:17Z VIOLATION DNS drift threat github.com: ['TRUTH_DNS_DOWN', 'TRUTH_STUB_DRIFT', 'TRUTH_SYSTEM_DRIFT']
2026-07-03T23:07:19Z VIOLATION DNS drift threat github.com: ['TRUTH_DNS_DOWN']
2026-07-03T23:07:22Z VIOLATION DNS drift threat api.github.com: ['TRUTH_DNS_DOWN', 'TRUTH_STUB_DRIFT', 'TRUTH_SYSTEM_DRIFT']
2026-07-03T23:07:22Z VIOLATION DNS drift threat api.github.com: ['TRUTH_DNS_DOWN']
2026-07-03T23:07:23Z VIOLATION DNS drift threat ssh.github.com: ['TRUTH_DNS_DOWN', 'TRUTH_STUB_DRIFT', 'TRUTH_SYSTEM_DRIFT']
2026-07-03T23:07:24Z VIOLATION DNS drift threat github.com: ['TRUTH_DNS_DOWN', 'TRUTH_STUB_DRIFT', 'TRUTH_SYSTEM_DRIFT']
2026-07-03T23:07:25Z VIOLATION DNS drift threat api.github.com: ['TRUTH_DNS_DOWN', 'TRUTH_STUB_DRIFT', 'TRUTH_SYSTEM_DRIFT']
2026-07-03T23:07:28Z VIOLATION DNS drift threat ssh.github.com: ['TRUTH_DNS_DOWN', 'TRUTH_STUB_DRIFT', 'TRUTH_SYSTEM_DRIFT']
2026-07-03T23:07:32Z VIOLATION DNS drift threat raw.githubusercontent.com: ['TRUTH_DNS_DOWN']
2026-07-03T23:07:32Z VIOLATION DNS drift threat github.com: ['TRUTH_DNS_DOWN', 'TRUTH_STUB_DRIFT', 'TRUTH_SYSTEM_DRIFT']
2026-07-03T23:07:37Z VIOLATION DNS drift threat api.github.com: ['TRUTH_DNS_DOWN', 'TRUTH_STUB_DRIFT', 'TRUTH_SYSTEM_DRIFT']
2026-07-03T23:07:42Z VIOLATION DNS drift threat github.com: ['TRUTH_DNS_DOWN', 'TRUTH_STUB_DRIFT', 'TRUTH_SYSTEM_DRIFT']
2026-07-03T23:07:43Z VIOLATION DNS drift threat github.com: ['TRUTH_DNS_DOWN', 'TRUTH_STUB_DRIFT', 'TRUTH_SYSTEM_DRIFT']
2026-07-03T23:07:46Z VIOLATION DNS drift threat github.com: ['TRUTH_DNS_DOWN']
2026-07-03T23:07:46Z VIOLATION DNS drift threat api.github.com: ['TRUTH_DNS_DOWN', 'TRUTH_STUB_DRIFT', 'TRUTH_SYSTEM_DRIFT']
2026-07-03T23:07:49Z VIOLATION DNS drift threat ssh.github.com: ['TRUTH_DNS_DOWN', 'TRUTH_STUB_DRIFT', 'TRUTH_SYSTEM_DRIFT']
2026-07-03T23:07:49Z VIOLATION DNS drift threat api.github.com: ['TRUTH_DNS_DOWN', 'TRUTH_STUB_DRIFT', 'TRUTH_SYSTEM_DRIFT']
2026-07-03T23:07:49Z VIOLATION DNS drift threat api.github.com: ['TRUTH_DNS_DOWN', 'TRUTH_STUB_DRIFT', 'TRUTH_SYSTEM_DRIFT']
2026-07-03T23:07:49Z VIOLATION DNS drift threat github.com: ['TRUTH_DNS_DOWN', 'TRUTH_STUB_DRIFT', 'TRUTH_SYSTEM_DRIFT']
2026-07-03T23:07:52Z VIOLATION DNS drift threat api.github.com: ['TRUTH_DNS_DOWN', 'TRUTH_STUB_DRIFT', 'TRUTH_SYSTEM_DRIFT']
2026-07-03T23:07:53Z VIOLATION DNS drift threat github.com: ['TRUTH_DNS_DOWN', 'TRUTH_STUB_DRIFT', 'TRUTH_SYSTEM_DRIFT']
2026-07-03T23:07:53Z VIOLATION DNS drift threat ssh.github.com: ['TRUTH_DNS_DOWN']
2026-07-03T23:07:55Z VIOLATION DNS drift threat github.com: ['TRUTH_DNS_DOWN', 'TRUTH_STUB_DRIFT', 'TRUTH_SYSTEM_DRIFT']
2026-07-03T23:07:55Z VIOLATION DNS drift threat github.com: ['TRUTH_DNS_DOWN', 'TRUTH_STUB_DRIFT', 'TRUTH_SYSTEM_DRIFT']
2026-07-03T23:07:56Z VIOLATION DNS drift threat github.com: ['TRUTH_DNS_DOWN', 'TRUTH_STUB_DRIFT', 'TRUTH_SYSTEM_DRIFT']
2026-07-03T23:07:57Z VIOLATION DNS drift threat github.com: ['TRUTH_DNS_DOWN', 'TRUTH_STUB_DRIFT', 'TRUTH_SYSTEM_DRIFT']
2026-07-03T23:07:57Z VIOLATION DNS drift threat api.github.com: ['TRUTH_DNS_DOWN']
2026-07-03T23:07:59Z VIOLATION DNS drift threat api.github.com: ['TRUTH_DNS_DOWN', 'TRUTH_STUB_DRIFT', 'TRUTH_SYSTEM_DRIFT']
2026-07-03T23:07:59Z VIOLATION DNS drift threat api.github.com: ['TRUTH_DNS_DOWN']
2026-07-03T23:08:01Z VIOLATION DNS drift threat api.github.com: ['TRUTH_DNS_DOWN', 'TRUTH_STUB_DRIFT', 'TRUTH_SYSTEM_DRIFT']
2026-07-03T23:08:02Z VIOLATION DNS drift threat api.github.com: ['TRUTH_DNS_DOWN']
2026-07-03T23:08:03Z VIOLATION DNS drift threat ssh.github.com: ['TRUTH_DNS_DOWN', 'TRUTH_STUB_DRIFT', 'TRUTH_SYSTEM_DRIFT']
2026-07-03T23:08:08Z VIOLATION DNS drift threat github.com: ['TRUTH_DNS_DOWN']
2026-07-03T23:08:11Z VIOLATION DNS drift threat api.github.com: ['TRUTH_DNS_DOWN', 'TRUTH_STUB_DRIFT', 'TRUTH_SYSTEM_DRIFT']
2026-07-03T23:08:13Z VIOLATION DNS drift threat github.com: ['TRUTH_DNS_DOWN']
2026-07-03T23:08:19Z VIOLATION DNS drift threat github.com: ['TRUTH_DNS_DOWN']
2026-07-03T23:08:20Z VIOLATION DNS drift threat github.com: ['TRUTH_DNS_DOWN', 'TRUTH_STUB_DRIFT', 'TRUTH_SYSTEM_DRIFT']
2026-07-03T23:08:23Z VIOLATION DNS drift threat github.com: ['TRUTH_DNS_DOWN', 'TRUTH_STUB_DRIFT', 'TRUTH_SYSTEM_DRIFT']
2026-07-03T23:08:23Z VIOLATION DNS drift threat api.github.com: ['TRUTH_DNS_DOWN']
2026-07-03T23:08:23Z VIOLATION DNS drift threat api.github.com: ['TRUTH_DNS_DOWN', 'TRUTH_STUB_DRIFT', 'TRUTH_SYSTEM_DRIFT']
2026-07-03T23:08:25Z VIOLATION DNS drift threat github.com: ['TRUTH_DNS_DOWN', 'TRUTH_STUB_DRIFT', 'TRUTH_SYSTEM_DRIFT']
2026-07-03T23:08:26Z VIOLATION DNS drift threat github.com: ['TRUTH_DNS_DOWN', 'TRUTH_STUB_DRIFT', 'TRUTH_SYSTEM_DRIFT']
2026-07-03T23:08:26Z VIOLATION DNS drift threat ssh.github.com: ['TRUTH_DNS_DOWN', 'TRUTH_STUB_DRIFT', 'TRUTH_SYSTEM_DRIFT']
2026-07-03T23:08:26Z VIOLATION DNS drift threat api.github.com: ['TRUTH_DNS_DOWN']
2026-07-03T23:08:27Z VIOLATION DNS drift threat ssh.github.com: ['TRUTH_DNS_DOWN', 'TRUTH_STUB_DRIFT', 'TRUTH_SYSTEM_DRIFT']
2026-07-03T23:08:28Z VIOLATION DNS drift threat api.github.com: ['TRUTH_DNS_DOWN', 'TRUTH_STUB_DRIFT', 'TRUTH_SYSTEM_DRIFT']
2026-07-03T23:08:29Z VIOLATION DNS drift threat ssh.github.com: ['TRUTH_DNS_DOWN', 'TRUTH_STUB_DRIFT', 'TRUTH_SYSTEM_DRIFT']
2026-07-03T23:08:30Z VIOLATION DNS drift threat github.com: ['TRUTH_DNS_DOWN', 'TRUTH_STUB_DRIFT', 'TRUTH_SYSTEM_DRIFT']
2026-07-03T23:08:30Z VIOLATION DNS drift threat api.github.com: ['TRUTH_DNS_DOWN', 'TRUTH_STUB_DRIFT', 'TRUTH_SYSTEM_DRIFT']
2026-07-03T23:08:31Z VIOLATION DNS drift threat github.com: ['TRUTH_DNS_DOWN', 'TRUTH_STUB_DRIFT', 'TRUTH_SYSTEM_DRIFT']
2026-07-03T23:08:31Z VIOLATION DNS drift threat raw.githubusercontent.com: ['TRUTH_DNS_DOWN']
2026-07-03T23:08:32Z VIOLATION DNS drift threat api.github.com: ['TRUTH_DNS_DOWN']
2026-07-03T23:08:33Z VIOLATION DNS drift threat ssh.github.com: ['TRUTH_DNS_DOWN', 'TRUTH_STUB_DRIFT', 'TRUTH_SYSTEM_DRIFT']
2026-07-03T23:08:33Z VIOLATION DNS drift threat api.github.com: ['TRUTH_DNS_DOWN']
2026-07-03T23:08:34Z VIOLATION DNS drift threat ssh.github.com: ['TRUTH_DNS_DOWN', 'TRUTH_STUB_DRIFT', 'TRUTH_SYSTEM_DRIFT']
2026-07-03T23:08:37Z VIOLATION DNS drift threat ssh.github.com: ['TRUTH_DNS_DOWN', 'TRUTH_STUB_DRIFT', 'TRUTH_SYSTEM_DRIFT']
2026-07-03T23:08:42Z VIOLATION DNS drift threat github.com: ['TRUTH_DNS_DOWN']
2026-07-03T23:08:44Z VIOLATION DNS drift threat api.github.com: ['TRUTH_DNS_DOWN']
2026-07-03T23:08:45Z VIOLATION DNS drift threat github.com: ['TRUTH_DNS_DOWN', 'TRUTH_STUB_DRIFT', 'TRUTH_SYSTEM_DRIFT']
2026-07-03T23:08:46Z VIOLATION DNS drift threat github.com: ['TRUTH_DNS_DOWN', 'TRUTH_STUB_DRIFT', 'TRUTH_SYSTEM_DRIFT']
2026-07-03T23:08:49Z VIOLATION DNS drift threat api.github.com: ['TRUTH_DNS_DOWN', 'TRUTH_STUB_DRIFT', 'TRUTH_SYSTEM_DRIFT']
2026-07-03T23:08:49Z VIOLATION DNS drift threat api.github.com: ['TRUTH_DNS_DOWN', 'TRUTH_STUB_DRIFT', 'TRUTH_SYSTEM_DRIFT']
2026-07-03T23:08:51Z VIOLATION DNS drift threat github.com: ['TRUTH_DNS_DOWN', 'TRUTH_STUB_DRIFT', 'TRUTH_SYSTEM_DRIFT']
2026-07-03T23:08:51Z VIOLATION DNS drift threat ssh.github.com: ['TRUTH_DNS_DOWN']
2026-07-03T23:08:54Z VIOLATION DNS drift threat api.github.com: ['TRUTH_DNS_DOWN', 'TRUTH_STUB_DRIFT', 'TRUTH_SYSTEM_DRIFT']
2026-07-03T23:08:57Z VIOLATION DNS drift threat github.com: ['TRUTH_DNS_DOWN', 'TRUTH_STUB_DRIFT', 'TRUTH_SYSTEM_DRIFT']
2026-07-03T23:08:57Z VIOLATION DNS drift threat ssh.github.com: ['TRUTH_DNS_DOWN']
2026-07-03T23:08:59Z VIOLATION DNS drift threat github.com: ['TRUTH_DNS_DOWN', 'TRUTH_STUB_DRIFT', 'TRUTH_SYSTEM_DRIFT']
2026-07-03T23:09:01Z VIOLATION DNS drift threat api.github.com: ['TRUTH_DNS_DOWN', 'TRUTH_STUB_DRIFT', 'TRUTH_SYSTEM_DRIFT']
2026-07-03T23:09:01Z VIOLATION DNS drift threat api.github.com: ['TRUTH_DNS_DOWN', 'TRUTH_STUB_DRIFT', 'TRUTH_SYSTEM_DRIFT']
2026-07-03T23:09:04Z VIOLATION DNS drift threat github.com: ['TRUTH_DNS_DOWN', 'TRUTH_STUB_DRIFT', 'TRUTH_SYSTEM_DRIFT']
2026-07-03T23:09:04Z VIOLATION DNS drift threat github.com: ['TRUTH_DNS_DOWN', 'TRUTH_STUB_DRIFT', 'TRUTH_SYSTEM_DRIFT']
2026-07-03T23:09:05Z VIOLATION DNS drift threat ssh.github.com: ['TRUTH_DNS_DOWN', 'TRUTH_STUB_DRIFT', 'TRUTH_SYSTEM_DRIFT']
2026-07-03T23:09:08Z VIOLATION DNS drift threat github.com: ['TRUTH_DNS_DOWN', 'TRUTH_STUB_DRIFT', 'TRUTH_SYSTEM_DRIFT']
2026-07-03T23:09:09Z VIOLATION DNS drift threat api.github.com: ['TRUTH_DNS_DOWN', 'TRUTH_STUB_DRIFT', 'TRUTH_SYSTEM_DRIFT']
2026-07-03T23:09:09Z VIOLATION DNS drift threat api.github.com: ['TRUTH_DNS_DOWN', 'TRUTH_STUB_DRIFT', 'TRUTH_SYSTEM_DRIFT']
2026-07-03T23:09:10Z VIOLATION DNS drift threat ssh.github.com: ['TRUTH_DNS_DOWN', 'TRUTH_STUB_DRIFT', 'TRUTH_SYSTEM_DRIFT']
2026-07-03T23:09:11Z VIOLATION DNS drift threat api.github.com: ['TRUTH_DNS_DOWN', 'TRUTH_STUB_DRIFT', 'TRUTH_SYSTEM_DRIFT']
2026-07-03T23:09:13Z VIOLATION DNS drift threat github.com: ['TRUTH_DNS_DOWN', 'TRUTH_STUB_DRIFT', 'TRUTH_SYSTEM_DRIFT']
2026-07-03T23:09:13Z VIOLATION DNS drift threat raw.githubusercontent.com: ['TRUTH_DNS_DOWN']
2026-07-03T23:09:13Z VIOLATION DNS drift threat ssh.github.com: ['TRUTH_DNS_DOWN', 'TRUTH_STUB_DRIFT', 'TRUTH_SYSTEM_DRIFT']
2026-07-03T23:09:15Z VIOLATION DNS drift threat github.com: ['TRUTH_DNS_DOWN', 'TRUTH_STUB_DRIFT', 'TRUTH_SYSTEM_DRIFT']
2026-07-03T23:09:18Z VIOLATION DNS drift threat api.github.com: ['TRUTH_DNS_DOWN', 'TRUTH_STUB_DRIFT', 'TRUTH_SYSTEM_DRIFT']
2026-07-03T23:09:18Z VIOLATION DNS drift threat api.github.com: ['TRUTH_DNS_DOWN']
2026-07-03T23:09:21Z VIOLATION DNS drift threat ssh.github.com: ['TRUTH_DNS_DOWN', 'TRUTH_STUB_DRIFT', 'TRUTH_SYSTEM_DRIFT']
2026-07-03T23:09:22Z VIOLATION DNS drift threat github.com: ['TRUTH_DNS_DOWN', 'TRUTH_STUB_DRIFT', 'TRUTH_SYSTEM_DRIFT']
2026-07-03T23:09:22Z VIOLATION DNS drift threat github.com: ['TRUTH_DNS_DOWN', 'TRUTH_STUB_DRIFT', 'TRUTH_SYSTEM_DRIFT']
2026-07-03T23:09:22Z VIOLATION DNS drift threat github.com: ['TRUTH_DNS_DOWN', 'TRUTH_STUB_DRIFT', 'TRUTH_SYSTEM_DRIFT']
2026-07-03T23:09:25Z VIOLATION DNS drift threat api.github.com: ['TRUTH_DNS_DOWN']
2026-07-03T23:09:25Z VIOLATION DNS drift threat api.github.com: ['TRUTH_DNS_DOWN', 'TRUTH_STUB_DRIFT', 'TRUTH_SYSTEM_DRIFT']
2026-07-03T23:09:26Z VIOLATION DNS drift threat api.github.com: ['TRUTH_DNS_DOWN']
2026-07-03T23:09:26Z VIOLATION DNS drift threat github.com: ['TRUTH_DNS_DOWN', 'TRUTH_STUB_DRIFT', 'TRUTH_SYSTEM_DRIFT']
2026-07-03T23:09:28Z VIOLATION DNS drift threat ssh.github.com: ['TRUTH_DNS_DOWN', 'TRUTH_STUB_DRIFT', 'TRUTH_SYSTEM_DRIFT']
2026-07-03T23:09:28Z VIOLATION DNS drift threat ssh.github.com: ['TRUTH_DNS_DOWN', 'TRUTH_STUB_DRIFT', 'TRUTH_SYSTEM_DRIFT']
2026-07-03T23:09:30Z VIOLATION DNS drift threat github.com: ['TRUTH_DNS_DOWN']
2026-07-03T23:09:30Z VIOLATION DNS drift threat github.com: ['TRUTH_DNS_DOWN', 'TRUTH_STUB_DRIFT', 'TRUTH_SYSTEM_DRIFT']
2026-07-03T23:09:31Z VIOLATION DNS drift threat api.github.com: ['TRUTH_DNS_DOWN', 'TRUTH_STUB_DRIFT', 'TRUTH_SYSTEM_DRIFT']
2026-07-03T23:09:32Z VIOLATION DNS drift threat api.github.com: ['TRUTH_DNS_DOWN', 'TRUTH_STUB_DRIFT', 'TRUTH_SYSTEM_DRIFT']
2026-07-03T23:09:33Z VIOLATION DNS drift threat api.github.com: ['TRUTH_DNS_DOWN', 'TRUTH_STUB_DRIFT', 'TRUTH_SYSTEM_DRIFT']
2026-07-03T23:09:34Z VIOLATION DNS drift threat ssh.github.com: ['TRUTH_DNS_DOWN', 'TRUTH_STUB_DRIFT', 'TRUTH_SYSTEM_DRIFT']
2026-07-03T23:09:35Z VIOLATION DNS drift threat ssh.github.com: ['TRUTH_DNS_DOWN']
2026-07-03T23:09:36Z VIOLATION DNS drift threat ssh.github.com: ['TRUTH_DNS_DOWN', 'TRUTH_STUB_DRIFT', 'TRUTH_SYSTEM_DRIFT']
2026-07-03T23:09:44Z VIOLATION DNS drift threat github.com: ['TRUTH_DNS_DOWN', 'TRUTH_STUB_DRIFT', 'TRUTH_SYSTEM_DRIFT']
2026-07-03T23:09:47Z VIOLATION DNS drift threat api.github.com: ['TRUTH_DNS_DOWN', 'TRUTH_STUB_DRIFT', 'TRUTH_SYSTEM_DRIFT']
2026-07-03T23:09:48Z VIOLATION DNS drift threat github.com: ['TRUTH_DNS_DOWN', 'TRUTH_STUB_DRIFT', 'TRUTH_SYSTEM_DRIFT']
2026-07-03T23:09:49Z VIOLATION DNS drift threat github.com: ['TRUTH_DNS_DOWN', 'TRUTH_STUB_DRIFT', 'TRUTH_SYSTEM_DRIFT']
2026-07-03T23:09:51Z VIOLATION DNS drift threat ssh.github.com: ['TRUTH_DNS_DOWN', 'TRUTH_STUB_DRIFT', 'TRUTH_SYSTEM_DRIFT']
2026-07-03T23:09:53Z VIOLATION DNS drift threat api.github.com: ['TRUTH_DNS_DOWN', 'TRUTH_STUB_DRIFT', 'TRUTH_SYSTEM_DRIFT']
2026-07-03T23:09:56Z VIOLATION DNS drift threat ssh.github.com: ['TRUTH_DNS_DOWN', 'TRUTH_STUB_DRIFT', 'TRUTH_SYSTEM_DRIFT']
2026-07-03T23:09:58Z VIOLATION DNS drift threat github.com: ['TRUTH_DNS_DOWN', 'TRUTH_STUB_DRIFT', 'TRUTH_SYSTEM_DRIFT']
2026-07-03T23:10:04Z VIOLATION DNS drift threat api.github.com: ['TRUTH_DNS_DOWN', 'TRUTH_STUB_DRIFT', 'TRUTH_SYSTEM_DRIFT']
2026-07-03T23:10:09Z VIOLATION DNS drift threat github.com: ['TRUTH_DNS_DOWN', 'TRUTH_STUB_DRIFT', 'TRUTH_SYSTEM_DRIFT']
2026-07-03T23:10:11Z VIOLATION DNS drift threat github.com: ['TRUTH_DNS_DOWN', 'TRUTH_STUB_DRIFT', 'TRUTH_SYSTEM_DRIFT']
2026-07-03T23:10:12Z VIOLATION DNS drift threat api.github.com: ['TRUTH_DNS_DOWN', 'TRUTH_STUB_DRIFT', 'TRUTH_SYSTEM_DRIFT']
2026-07-03T23:10:14Z VIOLATION DNS drift threat github.com: ['TRUTH_DNS_DOWN', 'TRUTH_STUB_DRIFT', 'TRUTH_SYSTEM_DRIFT']
2026-07-03T23:10:14Z VIOLATION DNS drift threat github.com: ['TRUTH_DNS_DOWN']
2026-07-03T23:10:15Z VIOLATION DNS drift threat api.github.com: ['TRUTH_DNS_DOWN', 'TRUTH_STUB_DRIFT', 'TRUTH_SYSTEM_DRIFT']
2026-07-03T23:10:15Z VIOLATION DNS drift threat ssh.github.com: ['TRUTH_DNS_DOWN', 'TRUTH_STUB_DRIFT', 'TRUTH_SYSTEM_DRIFT']
2026-07-03T23:10:17Z VIOLATION DNS drift threat api.github.com: ['TRUTH_DNS_DOWN', 'TRUTH_STUB_DRIFT', 'TRUTH_SYSTEM_DRIFT']
2026-07-03T23:10:18Z VIOLATION DNS drift threat ssh.github.com: ['TRUTH_DNS_DOWN', 'TRUTH_STUB_DRIFT', 'TRUTH_SYSTEM_DRIFT']
2026-07-03T23:10:20Z VIOLATION DNS drift threat github.com: ['TRUTH_DNS_DOWN']
2026-07-03T23:10:20Z VIOLATION DNS drift threat ssh.github.com: ['TRUTH_DNS_DOWN']
2026-07-03T23:10:20Z VIOLATION DNS drift threat api.github.com: ['TRUTH_DNS_DOWN', 'TRUTH_STUB_DRIFT', 'TRUTH_SYSTEM_DRIFT']
2026-07-03T23:10:22Z VIOLATION DNS drift threat api.github.com: ['TRUTH_DNS_DOWN', 'TRUTH_STUB_DRIFT', 'TRUTH_SYSTEM_DRIFT']
2026-07-03T23:10:26Z VIOLATION DNS drift threat github.com: ['TRUTH_DNS_DOWN', 'TRUTH_STUB_DRIFT', 'TRUTH_SYSTEM_DRIFT']
2026-07-03T23:10:26Z VIOLATION DNS drift threat github.com: ['TRUTH_DNS_DOWN', 'TRUTH_STUB_DRIFT', 'TRUTH_SYSTEM_DRIFT']
2026-07-03T23:10:26Z VIOLATION DNS drift threat github.com: ['TRUTH_DNS_DOWN', 'TRUTH_STUB_DRIFT', 'TRUTH_SYSTEM_DRIFT']
2026-07-03T23:10:26Z VIOLATION DNS drift threat github.com: ['TRUTH_DNS_DOWN', 'TRUTH_STUB_DRIFT', 'TRUTH_SYSTEM_DRIFT']
2026-07-03T23:10:27Z VIOLATION DNS drift threat github.com: ['TRUTH_DNS_DOWN', 'TRUTH_STUB_DRIFT', 'TRUTH_SYSTEM_DRIFT']
2026-07-03T23:10:28Z VIOLATION DNS drift threat api.github.com: ['TRUTH_DNS_DOWN', 'TRUTH_STUB_DRIFT', 'TRUTH_SYSTEM_DRIFT']
2026-07-03T23:10:29Z VIOLATION DNS drift threat api.github.com: ['TRUTH_DNS_DOWN']
2026-07-03T23:10:29Z VIOLATION DNS drift threat api.github.com: ['TRUTH_DNS_DOWN', 'TRUTH_STUB_DRIFT', 'TRUTH_SYSTEM_DRIFT']
2026-07-03T23:10:30Z VIOLATION DNS drift threat ssh.github.com: ['TRUTH_DNS_DOWN', 'TRUTH_STUB_DRIFT', 'TRUTH_SYSTEM_DRIFT']
2026-07-03T23:10:30Z VIOLATION DNS drift threat api.github.com: ['TRUTH_DNS_DOWN', 'TRUTH_STUB_DRIFT', 'TRUTH_SYSTEM_DRIFT']
2026-07-03T23:10:31Z VIOLATION DNS drift threat api.github.com: ['TRUTH_DNS_DOWN', 'TRUTH_STUB_DRIFT', 'TRUTH_SYSTEM_DRIFT']
2026-07-03T23:10:40Z VIOLATION DNS drift threat github.com: ['TRUTH_DNS_DOWN', 'TRUTH_STUB_DRIFT', 'TRUTH_SYSTEM_DRIFT']
2026-07-03T23:10:44Z VIOLATION DNS drift threat api.github.com: ['TRUTH_DNS_DOWN']
2026-07-03T23:10:45Z VIOLATION DNS drift threat github.com: ['TRUTH_DNS_DOWN']
2026-07-03T23:10:46Z VIOLATION DNS drift threat github.com: ['TRUTH_DNS_DOWN', 'TRUTH_STUB_DRIFT', 'TRUTH_SYSTEM_DRIFT']
2026-07-03T23:10:47Z VIOLATION DNS drift threat ssh.github.com: ['TRUTH_DNS_DOWN', 'TRUTH_STUB_DRIFT', 'TRUTH_SYSTEM_DRIFT']
2026-07-03T23:10:49Z VIOLATION DNS drift threat github.com: ['TRUTH_DNS_DOWN']
2026-07-03T23:10:50Z VIOLATION DNS drift threat api.github.com: ['TRUTH_DNS_DOWN', 'TRUTH_STUB_DRIFT', 'TRUTH_SYSTEM_DRIFT']
2026-07-03T23:10:50Z VIOLATION DNS drift threat github.com: ['TRUTH_DNS_DOWN', 'TRUTH_STUB_DRIFT', 'TRUTH_SYSTEM_DRIFT']
2026-07-03T23:10:51Z VIOLATION DNS drift threat ssh.github.com: ['TRUTH_DNS_DOWN', 'TRUTH_STUB_DRIFT', 'TRUTH_SYSTEM_DRIFT']
2026-07-03T23:10:52Z VIOLATION DNS drift threat api.github.com: ['TRUTH_DNS_DOWN', 'TRUTH_STUB_DRIFT', 'TRUTH_SYSTEM_DRIFT']
2026-07-03T23:10:53Z VIOLATION DNS drift threat raw.githubusercontent.com: ['TRUTH_DNS_DOWN']
2026-07-03T23:10:54Z VIOLATION DNS drift threat api.github.com: ['TRUTH_DNS_DOWN']
2026-07-03T23:10:54Z VIOLATION DNS drift threat api.github.com: ['TRUTH_DNS_DOWN', 'TRUTH_STUB_DRIFT', 'TRUTH_SYSTEM_DRIFT']
2026-07-03T23:10:56Z VIOLATION DNS drift threat ssh.github.com: ['TRUTH_DNS_DOWN']
2026-07-03T23:10:59Z VIOLATION DNS drift threat github.com: ['TRUTH_DNS_DOWN', 'TRUTH_STUB_DRIFT', 'TRUTH_SYSTEM_DRIFT']
2026-07-03T23:11:00Z VIOLATION DNS drift threat github.com: ['TRUTH_DNS_DOWN', 'TRUTH_STUB_DRIFT', 'TRUTH_SYSTEM_DRIFT']
2026-07-03T23:11:01Z VIOLATION DNS drift threat github.com: ['TRUTH_DNS_DOWN']
2026-07-03T23:11:02Z VIOLATION DNS drift threat api.github.com: ['TRUTH_DNS_DOWN']
2026-07-03T23:11:03Z VIOLATION DNS drift threat api.github.com: ['TRUTH_DNS_DOWN', 'TRUTH_STUB_DRIFT', 'TRUTH_SYSTEM_DRIFT']
2026-07-03T23:11:03Z VIOLATION DNS drift threat github.com: ['TRUTH_DNS_DOWN', 'TRUTH_STUB_DRIFT', 'TRUTH_SYSTEM_DRIFT']
2026-07-03T23:11:04Z VIOLATION DNS drift threat api.github.com: ['TRUTH_DNS_DOWN', 'TRUTH_STUB_DRIFT', 'TRUTH_SYSTEM_DRIFT']
2026-07-03T23:11:05Z VIOLATION DNS drift threat api.github.com: ['TRUTH_DNS_DOWN', 'TRUTH_STUB_DRIFT', 'TRUTH_SYSTEM_DRIFT']
2026-07-03T23:11:05Z VIOLATION DNS drift threat ssh.github.com: ['TRUTH_DNS_DOWN', 'TRUTH_STUB_DRIFT', 'TRUTH_SYSTEM_DRIFT']
2026-07-03T23:11:06Z VIOLATION DNS drift threat ssh.github.com: ['TRUTH_DNS_DOWN', 'TRUTH_STUB_DRIFT', 'TRUTH_SYSTEM_DRIFT']
2026-07-03T23:11:08Z VIOLATION DNS drift threat raw.githubusercontent.com: ['TRUTH_DNS_DOWN']
2026-07-03T23:11:08Z VIOLATION DNS drift threat ssh.github.com: ['TRUTH_DNS_DOWN', 'TRUTH_STUB_DRIFT', 'TRUTH_SYSTEM_DRIFT']
2026-07-03T23:11:08Z VIOLATION DNS drift threat ssh.github.com: ['TRUTH_DNS_DOWN', 'TRUTH_STUB_DRIFT', 'TRUTH_SYSTEM_DRIFT']
2026-07-03T23:11:11Z VIOLATION DNS drift threat raw.githubusercontent.com: ['TRUTH_DNS_DOWN']
2026-07-03T23:11:13Z VIOLATION DNS drift threat github.com: ['TRUTH_DNS_DOWN', 'TRUTH_STUB_DRIFT', 'TRUTH_SYSTEM_DRIFT']
2026-07-03T23:11:15Z VIOLATION DNS drift threat github.com: ['TRUTH_DNS_DOWN', 'TRUTH_STUB_DRIFT', 'TRUTH_SYSTEM_DRIFT']
2026-07-03T23:11:15Z VIOLATION DNS drift threat api.github.com: ['TRUTH_DNS_DOWN', 'TRUTH_STUB_DRIFT', 'TRUTH_SYSTEM_DRIFT']
2026-07-03T23:11:18Z VIOLATION DNS drift threat github.com: ['TRUTH_DNS_DOWN', 'TRUTH_STUB_DRIFT', 'TRUTH_SYSTEM_DRIFT']
2026-07-03T23:11:18Z VIOLATION DNS drift threat api.github.com: ['TRUTH_DNS_DOWN']
2026-07-03T23:11:21Z VIOLATION DNS drift threat ssh.github.com: ['TRUTH_DNS_DOWN', 'TRUTH_STUB_DRIFT', 'TRUTH_SYSTEM_DRIFT']
2026-07-03T23:11:23Z VIOLATION DNS drift threat github.com: ['TRUTH_DNS_DOWN', 'TRUTH_STUB_DRIFT', 'TRUTH_SYSTEM_DRIFT']
2026-07-03T23:11:23Z VIOLATION DNS drift threat api.github.com: ['TRUTH_DNS_DOWN', 'TRUTH_STUB_DRIFT', 'TRUTH_SYSTEM_DRIFT']
2026-07-03T23:11:26Z VIOLATION DNS drift threat api.github.com: ['TRUTH_DNS_DOWN', 'TRUTH_STUB_DRIFT', 'TRUTH_SYSTEM_DRIFT']
2026-07-03T23:11:29Z VIOLATION DNS drift threat github.com: ['TRUTH_DNS_DOWN', 'TRUTH_STUB_DRIFT', 'TRUTH_SYSTEM_DRIFT']
2026-07-03T23:11:29Z VIOLATION DNS drift threat ssh.github.com: ['TRUTH_DNS_DOWN', 'TRUTH_STUB_DRIFT', 'TRUTH_SYSTEM_DRIFT']
2026-07-03T23:11:31Z VIOLATION DNS drift threat api.github.com: ['TRUTH_DNS_DOWN', 'TRUTH_STUB_DRIFT', 'TRUTH_SYSTEM_DRIFT']
2026-07-03T23:11:32Z VIOLATION DNS drift threat ssh.github.com: ['TRUTH_DNS_DOWN', 'TRUTH_STUB_DRIFT', 'TRUTH_SYSTEM_DRIFT']
2026-07-03T23:11:36Z VIOLATION DNS drift threat raw.githubusercontent.com: ['TRUTH_DNS_DOWN']
2026-07-03T23:11:39Z VIOLATION DNS drift threat github.com: ['TRUTH_DNS_DOWN', 'TRUTH_STUB_DRIFT', 'TRUTH_SYSTEM_DRIFT']
2026-07-03T23:11:39Z VIOLATION DNS drift threat github.com: ['TRUTH_DNS_DOWN', 'TRUTH_STUB_DRIFT', 'TRUTH_SYSTEM_DRIFT']
2026-07-03T23:11:40Z VIOLATION DNS drift threat github.com: ['TRUTH_DNS_DOWN', 'TRUTH_STUB_DRIFT', 'TRUTH_SYSTEM_DRIFT']
2026-07-03T23:11:41Z VIOLATION DNS drift threat api.github.com: ['TRUTH_DNS_DOWN', 'TRUTH_STUB_DRIFT', 'TRUTH_SYSTEM_DRIFT']
2026-07-03T23:11:42Z VIOLATION DNS drift threat github.com: ['TRUTH_DNS_DOWN', 'TRUTH_STUB_DRIFT', 'TRUTH_SYSTEM_DRIFT']
2026-07-03T23:11:42Z VIOLATION DNS drift threat api.github.com: ['TRUTH_DNS_DOWN', 'TRUTH_STUB_DRIFT', 'TRUTH_SYSTEM_DRIFT']
2026-07-03T23:11:43Z VIOLATION DNS drift threat github.com: ['TRUTH_DNS_DOWN', 'TRUTH_STUB_DRIFT', 'TRUTH_SYSTEM_DRIFT']
2026-07-03T23:11:43Z VIOLATION DNS drift threat github.com: ['TRUTH_DNS_DOWN', 'TRUTH_STUB_DRIFT', 'TRUTH_SYSTEM_DRIFT']
2026-07-03T23:11:44Z VIOLATION DNS drift threat api.github.com: ['TRUTH_DNS_DOWN', 'TRUTH_STUB_DRIFT', 'TRUTH_SYSTEM_DRIFT']
2026-07-03T23:11:44Z VIOLATION DNS drift threat ssh.github.com: ['TRUTH_DNS_DOWN', 'TRUTH_STUB_DRIFT', 'TRUTH_SYSTEM_DRIFT']
2026-07-03T23:11:45Z VIOLATION DNS drift threat ssh.github.com: ['TRUTH_DNS_DOWN', 'TRUTH_STUB_DRIFT', 'TRUTH_SYSTEM_DRIFT']
2026-07-03T23:11:45Z VIOLATION DNS drift threat github.com: ['TRUTH_DNS_DOWN', 'TRUTH_STUB_DRIFT', 'TRUTH_SYSTEM_DRIFT']
2026-07-03T23:11:45Z VIOLATION DNS drift threat ssh.github.com: ['TRUTH_DNS_DOWN', 'TRUTH_STUB_DRIFT', 'TRUTH_SYSTEM_DRIFT']
2026-07-03T23:11:46Z VIOLATION DNS drift threat api.github.com: ['TRUTH_DNS_DOWN', 'TRUTH_STUB_DRIFT', 'TRUTH_SYSTEM_DRIFT']
2026-07-03T23:11:47Z VIOLATION DNS drift threat api.github.com: ['TRUTH_DNS_DOWN', 'TRUTH_STUB_DRIFT', 'TRUTH_SYSTEM_DRIFT']
2026-07-03T23:11:47Z VIOLATION DNS drift threat raw.githubusercontent.com: ['TRUTH_DNS_DOWN']
2026-07-03T23:11:47Z VIOLATION DNS drift threat github.com: ['TRUTH_DNS_DOWN', 'TRUTH_STUB_DRIFT', 'TRUTH_SYSTEM_DRIFT']
2026-07-03T23:11:49Z VIOLATION DNS drift threat ssh.github.com: ['TRUTH_DNS_DOWN', 'TRUTH_STUB_DRIFT', 'TRUTH_SYSTEM_DRIFT']
2026-07-03T23:11:50Z VIOLATION DNS drift threat api.github.com: ['TRUTH_DNS_DOWN', 'TRUTH_STUB_DRIFT', 'TRUTH_SYSTEM_DRIFT']
2026-07-03T23:11:52Z VIOLATION DNS drift threat ssh.github.com: ['TRUTH_DNS_DOWN', 'TRUTH_STUB_DRIFT', 'TRUTH_SYSTEM_DRIFT']
2026-07-03T23:11:53Z VIOLATION DNS drift threat api.github.com: ['TRUTH_DNS_DOWN', 'TRUTH_STUB_DRIFT', 'TRUTH_SYSTEM_DRIFT']
2026-07-03T23:11:57Z VIOLATION DNS drift threat github.com: ['TRUTH_DNS_DOWN', 'TRUTH_STUB_DRIFT', 'TRUTH_SYSTEM_DRIFT']
2026-07-03T23:12:01Z VIOLATION DNS drift threat github.com: ['TRUTH_DNS_DOWN', 'TRUTH_STUB_DRIFT', 'TRUTH_SYSTEM_DRIFT']
2026-07-03T23:12:01Z VIOLATION DNS drift threat api.github.com: ['TRUTH_DNS_DOWN', 'TRUTH_STUB_DRIFT', 'TRUTH_SYSTEM_DRIFT']
2026-07-03T23:12:04Z VIOLATION DNS drift threat ssh.github.com: ['TRUTH_DNS_DOWN', 'TRUTH_STUB_DRIFT', 'TRUTH_SYSTEM_DRIFT']
2026-07-03T23:12:04Z VIOLATION DNS drift threat api.github.com: ['TRUTH_DNS_DOWN', 'TRUTH_STUB_DRIFT', 'TRUTH_SYSTEM_DRIFT']
2026-07-03T23:12:08Z VIOLATION DNS drift threat ssh.github.com: ['TRUTH_DNS_DOWN', 'TRUTH_STUB_DRIFT', 'TRUTH_SYSTEM_DRIFT']
2026-07-03T23:12:09Z VIOLATION DNS drift threat github.com: ['TRUTH_DNS_DOWN', 'TRUTH_STUB_DRIFT', 'TRUTH_SYSTEM_DRIFT']
2026-07-03T23:12:13Z VIOLATION DNS drift threat github.com: ['TRUTH_DNS_DOWN', 'TRUTH_STUB_DRIFT', 'TRUTH_SYSTEM_DRIFT']
2026-07-03T23:12:13Z VIOLATION DNS drift threat api.github.com: ['TRUTH_DNS_DOWN', 'TRUTH_STUB_DRIFT', 'TRUTH_SYSTEM_DRIFT']
2026-07-03T23:12:16Z VIOLATION DNS drift threat api.github.com: ['TRUTH_DNS_DOWN', 'TRUTH_STUB_DRIFT', 'TRUTH_SYSTEM_DRIFT']
2026-07-03T23:12:16Z VIOLATION DNS drift threat ssh.github.com: ['TRUTH_DNS_DOWN', 'TRUTH_STUB_DRIFT', 'TRUTH_SYSTEM_DRIFT']
2026-07-03T23:12:18Z VIOLATION DNS drift threat github.com: ['TRUTH_DNS_DOWN']
2026-07-03T23:12:18Z VIOLATION DNS drift threat ssh.github.com: ['TRUTH_DNS_DOWN', 'TRUTH_STUB_DRIFT', 'TRUTH_SYSTEM_DRIFT']
2026-07-03T23:12:19Z VIOLATION DNS drift threat github.com: ['TRUTH_DNS_DOWN', 'TRUTH_STUB_DRIFT', 'TRUTH_SYSTEM_DRIFT']
2026-07-03T23:12:21Z VIOLATION DNS drift threat api.github.com: ['TRUTH_DNS_DOWN', 'TRUTH_STUB_DRIFT', 'TRUTH_SYSTEM_DRIFT']
2026-07-03T23:12:21Z VIOLATION DNS drift threat api.github.com: ['TRUTH_DNS_DOWN', 'TRUTH_STUB_DRIFT', 'TRUTH_SYSTEM_DRIFT']
2026-07-03T23:12:22Z VIOLATION DNS drift threat ssh.github.com: ['TRUTH_DNS_DOWN', 'TRUTH_STUB_DRIFT', 'TRUTH_SYSTEM_DRIFT']
2026-07-03T23:12:24Z VIOLATION DNS drift threat ssh.github.com: ['TRUTH_DNS_DOWN', 'TRUTH_STUB_DRIFT', 'TRUTH_SYSTEM_DRIFT']
2026-07-03T23:12:25Z VIOLATION DNS drift threat raw.githubusercontent.com: ['TRUTH_DNS_DOWN']
2026-07-03T23:12:25Z VIOLATION DNS drift threat github.com: ['TRUTH_DNS_DOWN']
2026-07-03T23:12:26Z VIOLATION DNS drift threat api.github.com: ['TRUTH_DNS_DOWN', 'TRUTH_STUB_DRIFT', 'TRUTH_SYSTEM_DRIFT']
2026-07-03T23:12:29Z VIOLATION DNS drift threat github.com: ['TRUTH_DNS_DOWN']
2026-07-03T23:12:31Z VIOLATION DNS drift threat ssh.github.com: ['TRUTH_DNS_DOWN']
2026-07-03T23:12:32Z VIOLATION DNS drift threat github.com: ['TRUTH_DNS_DOWN', 'TRUTH_STUB_DRIFT', 'TRUTH_SYSTEM_DRIFT']
2026-07-03T23:12:34Z VIOLATION DNS drift threat github.com: ['TRUTH_DNS_DOWN', 'TRUTH_STUB_DRIFT', 'TRUTH_SYSTEM_DRIFT']
2026-07-03T23:12:35Z VIOLATION DNS drift threat github.com: ['TRUTH_DNS_DOWN', 'TRUTH_STUB_DRIFT', 'TRUTH_SYSTEM_DRIFT']
2026-07-03T23:12:35Z VIOLATION DNS drift threat api.github.com: ['TRUTH_DNS_DOWN', 'TRUTH_STUB_DRIFT', 'TRUTH_SYSTEM_DRIFT']
2026-07-03T23:12:35Z VIOLATION DNS drift threat api.github.com: ['TRUTH_DNS_DOWN', 'TRUTH_STUB_DRIFT', 'TRUTH_SYSTEM_DRIFT']
2026-07-03T23:12:37Z VIOLATION DNS drift threat api.github.com: ['TRUTH_DNS_DOWN']
2026-07-03T23:12:37Z VIOLATION DNS drift threat github.com: ['TRUTH_DNS_DOWN', 'TRUTH_STUB_DRIFT', 'TRUTH_SYSTEM_DRIFT']
2026-07-03T23:12:38Z VIOLATION DNS drift threat api.github.com: ['TRUTH_DNS_DOWN', 'TRUTH_STUB_DRIFT', 'TRUTH_SYSTEM_DRIFT']
2026-07-03T23:12:38Z VIOLATION DNS drift threat ssh.github.com: ['TRUTH_DNS_DOWN', 'TRUTH_STUB_DRIFT', 'TRUTH_SYSTEM_DRIFT']
2026-07-03T23:12:39Z VIOLATION DNS drift threat api.github.com: ['TRUTH_DNS_DOWN', 'TRUTH_STUB_DRIFT', 'TRUTH_SYSTEM_DRIFT']
2026-07-03T23:12:39Z VIOLATION DNS drift threat github.com: ['TRUTH_DNS_DOWN', 'TRUTH_STUB_DRIFT', 'TRUTH_SYSTEM_DRIFT']
2026-07-03T23:12:42Z VIOLATION DNS drift threat ssh.github.com: ['TRUTH_DNS_DOWN', 'TRUTH_STUB_DRIFT', 'TRUTH_SYSTEM_DRIFT']
2026-07-03T23:12:42Z VIOLATION DNS drift threat api.github.com: ['TRUTH_DNS_DOWN', 'TRUTH_STUB_DRIFT', 'TRUTH_SYSTEM_DRIFT']
2026-07-03T23:12:54Z VIOLATION DNS drift threat github.com: ['TRUTH_DNS_DOWN']
2026-07-03T23:12:55Z VIOLATION DNS drift threat github.com: ['TRUTH_DNS_DOWN', 'TRUTH_STUB_DRIFT', 'TRUTH_SYSTEM_DRIFT']
2026-07-03T23:12:57Z VIOLATION DNS drift threat api.github.com: ['TRUTH_DNS_DOWN', 'TRUTH_STUB_DRIFT', 'TRUTH_SYSTEM_DRIFT']
2026-07-03T23:12:58Z VIOLATION DNS drift threat api.github.com: ['TRUTH_DNS_DOWN', 'TRUTH_STUB_DRIFT', 'TRUTH_SYSTEM_DRIFT']
2026-07-03T23:12:59Z VIOLATION DNS drift threat github.com: ['TRUTH_DNS_DOWN']
2026-07-03T23:13:02Z VIOLATION DNS drift threat github.com: ['TRUTH_DNS_DOWN', 'TRUTH_STUB_DRIFT', 'TRUTH_SYSTEM_DRIFT']
2026-07-03T23:13:02Z VIOLATION DNS drift threat ssh.github.com: ['TRUTH_DNS_DOWN', 'TRUTH_STUB_DRIFT', 'TRUTH_SYSTEM_DRIFT']
2026-07-03T23:13:06Z VIOLATION DNS drift threat api.github.com: ['TRUTH_DNS_DOWN', 'TRUTH_STUB_DRIFT', 'TRUTH_SYSTEM_DRIFT']
2026-07-03T23:13:06Z VIOLATION DNS drift threat github.com: ['TRUTH_DNS_DOWN', 'TRUTH_STUB_DRIFT', 'TRUTH_SYSTEM_DRIFT']
2026-07-03T23:13:07Z VIOLATION DNS drift threat github.com: ['TRUTH_DNS_DOWN']
2026-07-03T23:13:07Z VIOLATION DNS drift threat github.com: ['TRUTH_DNS_DOWN', 'TRUTH_STUB_DRIFT', 'TRUTH_SYSTEM_DRIFT']
2026-07-03T23:13:08Z VIOLATION DNS drift threat api.github.com: ['TRUTH_DNS_DOWN', 'TRUTH_STUB_DRIFT', 'TRUTH_SYSTEM_DRIFT']
2026-07-03T23:13:10Z VIOLATION DNS drift threat api.github.com: ['TRUTH_DNS_DOWN', 'TRUTH_STUB_DRIFT', 'TRUTH_SYSTEM_DRIFT']
2026-07-03T23:13:11Z VIOLATION DNS drift threat ssh.github.com: ['TRUTH_DNS_DOWN', 'TRUTH_STUB_DRIFT', 'TRUTH_SYSTEM_DRIFT']
2026-07-03T23:13:11Z VIOLATION DNS drift threat github.com: ['TRUTH_DNS_DOWN', 'TRUTH_STUB_DRIFT', 'TRUTH_SYSTEM_DRIFT']
2026-07-03T23:13:11Z VIOLATION DNS drift threat api.github.com: ['TRUTH_DNS_DOWN']
2026-07-03T23:13:11Z VIOLATION DNS drift threat api.github.com: ['TRUTH_DNS_DOWN', 'TRUTH_STUB_DRIFT', 'TRUTH_SYSTEM_DRIFT']
2026-07-03T23:13:12Z VIOLATION DNS drift threat github.com: ['TRUTH_DNS_DOWN', 'TRUTH_STUB_DRIFT', 'TRUTH_SYSTEM_DRIFT']
2026-07-03T23:13:14Z VIOLATION DNS drift threat ssh.github.com: ['TRUTH_DNS_DOWN', 'TRUTH_STUB_DRIFT', 'TRUTH_SYSTEM_DRIFT']
2026-07-03T23:13:14Z VIOLATION DNS drift threat api.github.com: ['TRUTH_DNS_DOWN', 'TRUTH_STUB_DRIFT', 'TRUTH_SYSTEM_DRIFT']
2026-07-03T23:13:15Z VIOLATION DNS drift threat ssh.github.com: ['TRUTH_DNS_DOWN', 'TRUTH_STUB_DRIFT', 'TRUTH_SYSTEM_DRIFT']
2026-07-03T23:13:16Z VIOLATION DNS drift threat api.github.com: ['TRUTH_DNS_DOWN', 'TRUTH_STUB_DRIFT', 'TRUTH_SYSTEM_DRIFT']
2026-07-03T23:13:18Z VIOLATION DNS drift threat github.com: ['TRUTH_DNS_DOWN', 'TRUTH_STUB_DRIFT', 'TRUTH_SYSTEM_DRIFT']
2026-07-03T23:13:18Z VIOLATION DNS drift threat ssh.github.com: ['TRUTH_DNS_DOWN', 'TRUTH_STUB_DRIFT', 'TRUTH_SYSTEM_DRIFT']
2026-07-03T23:13:23Z VIOLATION DNS drift threat api.github.com: ['TRUTH_DNS_DOWN', 'TRUTH_STUB_DRIFT', 'TRUTH_SYSTEM_DRIFT']
2026-07-03T23:13:24Z VIOLATION DNS drift threat ssh.github.com: ['TRUTH_DNS_DOWN', 'TRUTH_STUB_DRIFT', 'TRUTH_SYSTEM_DRIFT']
2026-07-03T23:13:26Z VIOLATION DNS drift threat raw.githubusercontent.com: ['TRUTH_DNS_DOWN']
2026-07-03T23:13:28Z VIOLATION DNS drift threat github.com: ['TRUTH_DNS_DOWN', 'TRUTH_STUB_DRIFT', 'TRUTH_SYSTEM_DRIFT']
2026-07-03T23:13:30Z VIOLATION DNS drift threat github.com: ['TRUTH_DNS_DOWN', 'TRUTH_STUB_DRIFT', 'TRUTH_SYSTEM_DRIFT']
2026-07-03T23:13:30Z VIOLATION DNS drift threat api.github.com: ['TRUTH_DNS_DOWN', 'TRUTH_STUB_DRIFT', 'TRUTH_SYSTEM_DRIFT']
2026-07-03T23:13:32Z VIOLATION DNS drift threat github.com: ['TRUTH_DNS_DOWN', 'TRUTH_STUB_DRIFT', 'TRUTH_SYSTEM_DRIFT']
2026-07-03T23:13:33Z VIOLATION DNS drift threat api.github.com: ['TRUTH_DNS_DOWN']
2026-07-03T23:13:33Z VIOLATION DNS drift threat github.com: ['TRUTH_DNS_DOWN', 'TRUTH_STUB_DRIFT', 'TRUTH_SYSTEM_DRIFT']
2026-07-03T23:13:34Z VIOLATION DNS drift threat api.github.com: ['TRUTH_DNS_DOWN']
2026-07-03T23:13:34Z VIOLATION DNS drift threat ssh.github.com: ['TRUTH_DNS_DOWN']
2026-07-03T23:13:37Z VIOLATION DNS drift threat api.github.com: ['TRUTH_DNS_DOWN', 'TRUTH_STUB_DRIFT', 'TRUTH_SYSTEM_DRIFT']
2026-07-03T23:13:38Z VIOLATION DNS drift threat ssh.github.com: ['TRUTH_DNS_DOWN', 'TRUTH_STUB_DRIFT', 'TRUTH_SYSTEM_DRIFT']
2026-07-03T23:13:40Z VIOLATION DNS drift threat ssh.github.com: ['TRUTH_DNS_DOWN', 'TRUTH_STUB_DRIFT', 'TRUTH_SYSTEM_DRIFT']
2026-07-03T23:13:43Z VIOLATION DNS drift threat github.com: ['TRUTH_DNS_DOWN', 'TRUTH_STUB_DRIFT', 'TRUTH_SYSTEM_DRIFT']
2026-07-03T23:13:46Z VIOLATION DNS drift threat github.com: ['TRUTH_DNS_DOWN', 'TRUTH_STUB_DRIFT', 'TRUTH_SYSTEM_DRIFT']
2026-07-03T23:13:47Z VIOLATION DNS drift threat api.github.com: ['TRUTH_DNS_DOWN', 'TRUTH_STUB_DRIFT', 'TRUTH_SYSTEM_DRIFT']
2026-07-03T23:13:48Z VIOLATION DNS drift threat github.com: ['TRUTH_DNS_DOWN']
2026-07-03T23:13:50Z VIOLATION DNS drift threat ssh.github.com: ['TRUTH_DNS_DOWN', 'TRUTH_STUB_DRIFT', 'TRUTH_SYSTEM_DRIFT']
2026-07-03T23:13:51Z VIOLATION DNS drift threat api.github.com: ['TRUTH_DNS_DOWN', 'TRUTH_STUB_DRIFT', 'TRUTH_SYSTEM_DRIFT']
2026-07-03T23:13:51Z VIOLATION DNS drift threat github.com: ['TRUTH_DNS_DOWN', 'TRUTH_STUB_DRIFT', 'TRUTH_SYSTEM_DRIFT']
2026-07-03T23:13:51Z VIOLATION DNS drift threat github.com: ['TRUTH_DNS_DOWN', 'TRUTH_STUB_DRIFT', 'TRUTH_SYSTEM_DRIFT']
2026-07-03T23:13:53Z VIOLATION DNS drift threat api.github.com: ['TRUTH_DNS_DOWN', 'TRUTH_STUB_DRIFT', 'TRUTH_SYSTEM_DRIFT']
2026-07-03T23:13:53Z VIOLATION DNS drift threat api.github.com: ['TRUTH_DNS_DOWN', 'TRUTH_STUB_DRIFT', 'TRUTH_SYSTEM_DRIFT']
2026-07-03T23:13:54Z VIOLATION DNS drift threat api.github.com: ['TRUTH_DNS_DOWN']
2026-07-03T23:13:54Z VIOLATION DNS drift threat github.com: ['TRUTH_DNS_DOWN', 'TRUTH_STUB_DRIFT', 'TRUTH_SYSTEM_DRIFT']
2026-07-03T23:13:56Z VIOLATION DNS drift threat github.com: ['TRUTH_DNS_DOWN']
2026-07-03T23:13:56Z VIOLATION DNS drift threat ssh.github.com: ['TRUTH_DNS_DOWN', 'TRUTH_STUB_DRIFT', 'TRUTH_SYSTEM_DRIFT']
2026-07-03T23:13:57Z VIOLATION DNS drift threat ssh.github.com: ['TRUTH_DNS_DOWN', 'TRUTH_STUB_DRIFT', 'TRUTH_SYSTEM_DRIFT']
2026-07-03T23:13:57Z VIOLATION DNS drift threat github.com: ['TRUTH_DNS_DOWN', 'TRUTH_STUB_DRIFT', 'TRUTH_SYSTEM_DRIFT']
2026-07-03T23:13:58Z VIOLATION DNS drift threat api.github.com: ['TRUTH_DNS_DOWN', 'TRUTH_STUB_DRIFT', 'TRUTH_SYSTEM_DRIFT']
2026-07-03T23:13:58Z VIOLATION DNS drift threat ssh.github.com: ['TRUTH_DNS_DOWN', 'TRUTH_STUB_DRIFT', 'TRUTH_SYSTEM_DRIFT']
2026-07-03T23:13:59Z VIOLATION DNS drift threat api.github.com: ['TRUTH_DNS_DOWN', 'TRUTH_STUB_DRIFT', 'TRUTH_SYSTEM_DRIFT']
2026-07-03T23:13:59Z VIOLATION DNS drift threat api.github.com: ['TRUTH_DNS_DOWN', 'TRUTH_STUB_DRIFT', 'TRUTH_SYSTEM_DRIFT']
2026-07-03T23:14:01Z VIOLATION DNS drift threat raw.githubusercontent.com: ['TRUTH_DNS_DOWN']
2026-07-03T23:14:02Z VIOLATION DNS drift threat ssh.github.com: ['TRUTH_DNS_DOWN', 'TRUTH_STUB_DRIFT', 'TRUTH_SYSTEM_DRIFT']
2026-07-03T23:14:02Z VIOLATION DNS drift threat github.com: ['TRUTH_DNS_DOWN', 'TRUTH_STUB_DRIFT', 'TRUTH_SYSTEM_DRIFT']
2026-07-03T23:14:02Z VIOLATION DNS drift threat ssh.github.com: ['TRUTH_DNS_DOWN', 'TRUTH_STUB_DRIFT', 'TRUTH_SYSTEM_DRIFT']
2026-07-03T23:14:08Z VIOLATION DNS drift threat api.github.com: ['TRUTH_DNS_DOWN']
2026-07-03T23:14:18Z VIOLATION DNS drift threat github.com: ['TRUTH_DNS_DOWN', 'TRUTH_STUB_DRIFT', 'TRUTH_SYSTEM_DRIFT']
2026-07-03T23:14:20Z VIOLATION DNS drift threat api.github.com: ['TRUTH_DNS_DOWN', 'TRUTH_STUB_DRIFT', 'TRUTH_SYSTEM_DRIFT']
2026-07-03T23:14:24Z VIOLATION DNS drift threat github.com: ['TRUTH_DNS_DOWN', 'TRUTH_STUB_DRIFT', 'TRUTH_SYSTEM_DRIFT']
2026-07-03T23:14:24Z VIOLATION DNS drift threat github.com: ['TRUTH_DNS_DOWN', 'TRUTH_STUB_DRIFT', 'TRUTH_SYSTEM_DRIFT']
2026-07-03T23:14:25Z VIOLATION DNS drift threat ssh.github.com: ['TRUTH_DNS_DOWN', 'TRUTH_STUB_DRIFT', 'TRUTH_SYSTEM_DRIFT']
2026-07-03T23:14:26Z VIOLATION DNS drift threat api.github.com: ['TRUTH_DNS_DOWN', 'TRUTH_STUB_DRIFT', 'TRUTH_SYSTEM_DRIFT']
2026-07-03T23:14:27Z VIOLATION DNS drift threat api.github.com: ['TRUTH_DNS_DOWN']
2026-07-03T23:14:27Z VIOLATION DNS drift threat github.com: ['TRUTH_DNS_DOWN', 'TRUTH_STUB_DRIFT', 'TRUTH_SYSTEM_DRIFT']
2026-07-03T23:14:28Z VIOLATION DNS drift threat github.com: ['TRUTH_DNS_DOWN', 'TRUTH_STUB_DRIFT', 'TRUTH_SYSTEM_DRIFT']
2026-07-03T23:14:29Z VIOLATION DNS drift threat github.com: ['TRUTH_DNS_DOWN', 'TRUTH_STUB_DRIFT', 'TRUTH_SYSTEM_DRIFT']
2026-07-03T23:14:29Z VIOLATION DNS drift threat github.com: ['TRUTH_DNS_DOWN', 'TRUTH_STUB_DRIFT', 'TRUTH_SYSTEM_DRIFT']
2026-07-03T23:14:29Z VIOLATION DNS drift threat ssh.github.com: ['TRUTH_DNS_DOWN']
2026-07-03T23:14:30Z VIOLATION DNS drift threat api.github.com: ['TRUTH_DNS_DOWN']
2026-07-03T23:14:31Z VIOLATION DNS drift threat ssh.github.com: ['TRUTH_DNS_DOWN', 'TRUTH_STUB_DRIFT', 'TRUTH_SYSTEM_DRIFT']
2026-07-03T23:14:31Z VIOLATION DNS drift threat ssh.github.com: ['TRUTH_DNS_DOWN', 'TRUTH_STUB_DRIFT', 'TRUTH_SYSTEM_DRIFT']
2026-07-03T23:14:31Z VIOLATION DNS drift threat api.github.com: ['TRUTH_DNS_DOWN']
2026-07-03T23:14:32Z VIOLATION DNS drift threat raw.githubusercontent.com: ['TRUTH_DNS_DOWN']
2026-07-03T23:14:32Z VIOLATION DNS drift threat api.github.com: ['TRUTH_DNS_DOWN', 'TRUTH_STUB_DRIFT', 'TRUTH_SYSTEM_DRIFT']
2026-07-03T23:14:32Z VIOLATION DNS drift threat raw.githubusercontent.com: ['TRUTH_DNS_DOWN']
2026-07-03T23:14:33Z VIOLATION DNS drift threat api.github.com: ['TRUTH_DNS_DOWN', 'TRUTH_STUB_DRIFT', 'TRUTH_SYSTEM_DRIFT']
2026-07-03T23:14:35Z VIOLATION DNS drift threat github.com: ['TRUTH_DNS_DOWN', 'TRUTH_STUB_DRIFT', 'TRUTH_SYSTEM_DRIFT']
2026-07-03T23:14:35Z VIOLATION DNS drift threat ssh.github.com: ['TRUTH_DNS_DOWN', 'TRUTH_STUB_DRIFT', 'TRUTH_SYSTEM_DRIFT']
2026-07-03T23:14:35Z VIOLATION DNS drift threat ssh.github.com: ['TRUTH_DNS_DOWN']
2026-07-03T23:14:36Z VIOLATION DNS drift threat github.com: ['TRUTH_DNS_DOWN', 'TRUTH_STUB_DRIFT', 'TRUTH_SYSTEM_DRIFT']
2026-07-03T23:14:36Z VIOLATION DNS drift threat github.com: ['TRUTH_DNS_DOWN', 'TRUTH_STUB_DRIFT', 'TRUTH_SYSTEM_DRIFT']
2026-07-03T23:14:39Z VIOLATION DNS drift threat api.github.com: ['TRUTH_DNS_DOWN', 'TRUTH_STUB_DRIFT', 'TRUTH_SYSTEM_DRIFT']
2026-07-03T23:14:39Z VIOLATION DNS drift threat api.github.com: ['TRUTH_DNS_DOWN', 'TRUTH_STUB_DRIFT', 'TRUTH_SYSTEM_DRIFT']
2026-07-03T23:14:40Z VIOLATION DNS drift threat api.github.com: ['TRUTH_DNS_DOWN', 'TRUTH_STUB_DRIFT', 'TRUTH_SYSTEM_DRIFT']
2026-07-03T23:14:41Z VIOLATION DNS drift threat ssh.github.com: ['TRUTH_DNS_DOWN', 'TRUTH_STUB_DRIFT', 'TRUTH_SYSTEM_DRIFT']
2026-07-03T23:14:46Z VIOLATION DNS drift threat github.com: ['TRUTH_DNS_DOWN', 'TRUTH_STUB_DRIFT', 'TRUTH_SYSTEM_DRIFT']
2026-07-03T23:14:49Z VIOLATION DNS drift threat api.github.com: ['TRUTH_DNS_DOWN', 'TRUTH_STUB_DRIFT', 'TRUTH_SYSTEM_DRIFT']
2026-07-03T23:14:49Z VIOLATION DNS drift threat github.com: ['TRUTH_DNS_DOWN', 'TRUTH_STUB_DRIFT', 'TRUTH_SYSTEM_DRIFT']
2026-07-03T23:14:53Z VIOLATION DNS drift threat api.github.com: ['TRUTH_DNS_DOWN', 'TRUTH_STUB_DRIFT', 'TRUTH_SYSTEM_DRIFT']
2026-07-03T23:14:56Z VIOLATION DNS drift threat ssh.github.com: ['TRUTH_DNS_DOWN', 'TRUTH_STUB_DRIFT', 'TRUTH_SYSTEM_DRIFT']
2026-07-03T23:15:02Z VIOLATION DNS drift threat github.com: ['TRUTH_DNS_DOWN', 'TRUTH_STUB_DRIFT', 'TRUTH_SYSTEM_DRIFT']
2026-07-03T23:15:02Z VIOLATION DNS drift threat github.com: ['TRUTH_DNS_DOWN', 'TRUTH_STUB_DRIFT', 'TRUTH_SYSTEM_DRIFT']
2026-07-03T23:15:03Z VIOLATION DNS drift threat github.com: ['TRUTH_DNS_DOWN', 'TRUTH_STUB_DRIFT', 'TRUTH_SYSTEM_DRIFT']
2026-07-03T23:15:06Z VIOLATION DNS drift threat api.github.com: ['TRUTH_DNS_DOWN']
2026-07-03T23:15:06Z VIOLATION DNS drift threat api.github.com: ['TRUTH_DNS_DOWN']
2026-07-03T23:15:07Z VIOLATION DNS drift threat api.github.com: ['TRUTH_DNS_DOWN', 'TRUTH_STUB_DRIFT', 'TRUTH_SYSTEM_DRIFT']
2026-07-03T23:15:08Z VIOLATION DNS drift threat ssh.github.com: ['TRUTH_DNS_DOWN']
2026-07-03T23:15:08Z VIOLATION DNS drift threat github.com: ['TRUTH_DNS_DOWN', 'TRUTH_STUB_DRIFT', 'TRUTH_SYSTEM_DRIFT']
2026-07-03T23:15:09Z VIOLATION DNS drift threat ssh.github.com: ['TRUTH_DNS_DOWN', 'TRUTH_STUB_DRIFT', 'TRUTH_SYSTEM_DRIFT']
2026-07-03T23:15:09Z VIOLATION DNS drift threat ssh.github.com: ['TRUTH_DNS_DOWN']
2026-07-03T23:15:10Z VIOLATION DNS drift threat github.com: ['TRUTH_DNS_DOWN']
2026-07-03T23:15:12Z VIOLATION DNS drift threat api.github.com: ['TRUTH_DNS_DOWN', 'TRUTH_STUB_DRIFT', 'TRUTH_SYSTEM_DRIFT']
2026-07-03T23:15:14Z VIOLATION DNS drift threat github.com: ['TRUTH_DNS_DOWN', 'TRUTH_STUB_DRIFT', 'TRUTH_SYSTEM_DRIFT']
2026-07-03T23:15:15Z VIOLATION DNS drift threat ssh.github.com: ['TRUTH_DNS_DOWN']
2026-07-03T23:15:15Z VIOLATION DNS drift threat api.github.com: ['TRUTH_DNS_DOWN']
2026-07-03T23:15:16Z VIOLATION DNS drift threat raw.githubusercontent.com: ['TRUTH_DNS_DOWN']
2026-07-03T23:15:16Z VIOLATION DNS drift threat github.com: ['TRUTH_DNS_DOWN', 'TRUTH_STUB_DRIFT', 'TRUTH_SYSTEM_DRIFT']
2026-07-03T23:15:18Z VIOLATION DNS drift threat api.github.com: ['TRUTH_DNS_DOWN', 'TRUTH_STUB_DRIFT', 'TRUTH_SYSTEM_DRIFT']
2026-07-03T23:15:19Z VIOLATION DNS drift threat api.github.com: ['TRUTH_DNS_DOWN', 'TRUTH_STUB_DRIFT', 'TRUTH_SYSTEM_DRIFT']
2026-07-03T23:15:19Z VIOLATION DNS drift threat ssh.github.com: ['TRUTH_DNS_DOWN', 'TRUTH_STUB_DRIFT', 'TRUTH_SYSTEM_DRIFT']
2026-07-03T23:15:21Z VIOLATION DNS drift threat ssh.github.com: ['TRUTH_DNS_DOWN']
2026-07-03T23:15:24Z VIOLATION DNS drift threat github.com: ['TRUTH_DNS_DOWN']
2026-07-03T23:15:26Z VIOLATION DNS drift threat github.com: ['TRUTH_DNS_DOWN']
2026-07-03T23:15:27Z VIOLATION DNS drift threat github.com: ['TRUTH_DNS_DOWN', 'TRUTH_STUB_DRIFT', 'TRUTH_SYSTEM_DRIFT']
2026-07-03T23:15:28Z VIOLATION DNS drift threat api.github.com: ['TRUTH_DNS_DOWN', 'TRUTH_STUB_DRIFT', 'TRUTH_SYSTEM_DRIFT']
2026-07-03T23:15:30Z VIOLATION DNS drift threat api.github.com: ['TRUTH_DNS_DOWN', 'TRUTH_STUB_DRIFT', 'TRUTH_SYSTEM_DRIFT']
2026-07-03T23:15:33Z VIOLATION DNS drift threat api.github.com: ['TRUTH_DNS_DOWN', 'TRUTH_STUB_DRIFT', 'TRUTH_SYSTEM_DRIFT']
2026-07-03T23:15:44Z VIOLATION DNS drift threat github.com: ['TRUTH_DNS_DOWN', 'TRUTH_STUB_DRIFT', 'TRUTH_SYSTEM_DRIFT']
2026-07-03T23:15:44Z VIOLATION DNS drift threat github.com: ['TRUTH_DNS_DOWN', 'TRUTH_STUB_DRIFT', 'TRUTH_SYSTEM_DRIFT']
2026-07-03T23:15:46Z VIOLATION DNS drift threat github.com: ['TRUTH_DNS_DOWN', 'TRUTH_STUB_DRIFT', 'TRUTH_SYSTEM_DRIFT']
2026-07-03T23:15:47Z VIOLATION DNS drift threat api.github.com: ['TRUTH_DNS_DOWN', 'TRUTH_STUB_DRIFT', 'TRUTH_SYSTEM_DRIFT']
2026-07-03T23:15:47Z VIOLATION DNS drift threat github.com: ['TRUTH_DNS_DOWN', 'TRUTH_STUB_DRIFT', 'TRUTH_SYSTEM_DRIFT']
2026-07-03T23:15:48Z VIOLATION DNS drift threat api.github.com: ['TRUTH_DNS_DOWN']
2026-07-03T23:15:49Z VIOLATION DNS drift threat ssh.github.com: ['TRUTH_DNS_DOWN', 'TRUTH_STUB_DRIFT', 'TRUTH_SYSTEM_DRIFT']
2026-07-03T23:15:49Z VIOLATION DNS drift threat github.com: ['TRUTH_DNS_DOWN', 'TRUTH_STUB_DRIFT', 'TRUTH_SYSTEM_DRIFT']
2026-07-03T23:15:50Z VIOLATION DNS drift threat api.github.com: ['TRUTH_DNS_DOWN', 'TRUTH_STUB_DRIFT', 'TRUTH_SYSTEM_DRIFT']
2026-07-03T23:15:50Z VIOLATION DNS drift threat api.github.com: ['TRUTH_DNS_DOWN', 'TRUTH_STUB_DRIFT', 'TRUTH_SYSTEM_DRIFT']
2026-07-03T23:15:51Z VIOLATION DNS drift threat github.com: ['TRUTH_DNS_DOWN', 'TRUTH_STUB_DRIFT', 'TRUTH_SYSTEM_DRIFT']
2026-07-03T23:15:53Z VIOLATION DNS drift threat ssh.github.com: ['TRUTH_DNS_DOWN', 'TRUTH_STUB_DRIFT', 'TRUTH_SYSTEM_DRIFT']
2026-07-03T23:15:53Z VIOLATION DNS drift threat ssh.github.com: ['TRUTH_DNS_DOWN', 'TRUTH_STUB_DRIFT', 'TRUTH_SYSTEM_DRIFT']
2026-07-03T23:15:54Z VIOLATION DNS drift threat github.com: ['TRUTH_DNS_DOWN', 'TRUTH_STUB_DRIFT', 'TRUTH_SYSTEM_DRIFT']
2026-07-03T23:15:56Z VIOLATION DNS drift threat api.github.com: ['TRUTH_DNS_DOWN', 'TRUTH_STUB_DRIFT', 'TRUTH_SYSTEM_DRIFT']
2026-07-03T23:15:56Z VIOLATION DNS drift threat raw.githubusercontent.com: ['TRUTH_DNS_DOWN']
2026-07-03T23:15:56Z VIOLATION DNS drift threat api.github.com: ['TRUTH_DNS_DOWN', 'TRUTH_STUB_DRIFT', 'TRUTH_SYSTEM_DRIFT']
2026-07-03T23:15:56Z VIOLATION DNS drift threat github.com: ['TRUTH_DNS_DOWN', 'TRUTH_STUB_DRIFT', 'TRUTH_SYSTEM_DRIFT']
2026-07-03T23:15:58Z VIOLATION DNS drift threat github.com: ['TRUTH_DNS_DOWN', 'TRUTH_STUB_DRIFT', 'TRUTH_SYSTEM_DRIFT']
2026-07-03T23:15:59Z VIOLATION DNS drift threat ssh.github.com: ['TRUTH_DNS_DOWN', 'TRUTH_STUB_DRIFT', 'TRUTH_SYSTEM_DRIFT']
2026-07-03T23:16:00Z VIOLATION DNS drift threat ssh.github.com: ['TRUTH_DNS_DOWN', 'TRUTH_STUB_DRIFT', 'TRUTH_SYSTEM_DRIFT']
2026-07-03T23:16:01Z VIOLATION DNS drift threat api.github.com: ['TRUTH_DNS_DOWN', 'TRUTH_STUB_DRIFT', 'TRUTH_SYSTEM_DRIFT']
2026-07-03T23:16:01Z VIOLATION DNS drift threat api.github.com: ['TRUTH_DNS_DOWN']
2026-07-03T23:16:03Z VIOLATION DNS drift threat github.com: ['TRUTH_DNS_DOWN', 'TRUTH_STUB_DRIFT', 'TRUTH_SYSTEM_DRIFT']
2026-07-03T23:16:05Z VIOLATION DNS drift threat github.com: ['TRUTH_DNS_DOWN', 'TRUTH_STUB_DRIFT', 'TRUTH_SYSTEM_DRIFT']
2026-07-03T23:16:07Z VIOLATION DNS drift threat api.github.com: ['TRUTH_DNS_DOWN', 'TRUTH_STUB_DRIFT', 'TRUTH_SYSTEM_DRIFT']
2026-07-03T23:16:08Z VIOLATION DNS drift threat api.github.com: ['TRUTH_DNS_DOWN', 'TRUTH_STUB_DRIFT', 'TRUTH_SYSTEM_DRIFT']
2026-07-03T23:16:11Z VIOLATION DNS drift threat ssh.github.com: ['TRUTH_DNS_DOWN', 'TRUTH_STUB_DRIFT', 'TRUTH_SYSTEM_DRIFT']
2026-07-03T23:16:13Z VIOLATION DNS drift threat github.com: ['TRUTH_DNS_DOWN']
2026-07-03T23:16:18Z VIOLATION DNS drift threat api.github.com: ['TRUTH_DNS_DOWN', 'TRUTH_STUB_DRIFT', 'TRUTH_SYSTEM_DRIFT']
2026-07-03T23:16:18Z VIOLATION DNS drift threat github.com: ['TRUTH_DNS_DOWN', 'TRUTH_STUB_DRIFT', 'TRUTH_SYSTEM_DRIFT']
2026-07-03T23:16:23Z VIOLATION DNS drift threat api.github.com: ['TRUTH_DNS_DOWN', 'TRUTH_STUB_DRIFT', 'TRUTH_SYSTEM_DRIFT']
2026-07-03T23:16:24Z VIOLATION DNS drift threat github.com: ['TRUTH_DNS_DOWN']
2026-07-03T23:16:25Z VIOLATION DNS drift threat github.com: ['TRUTH_DNS_DOWN', 'TRUTH_STUB_DRIFT', 'TRUTH_SYSTEM_DRIFT']
2026-07-03T23:16:26Z VIOLATION DNS drift threat ssh.github.com: ['TRUTH_DNS_DOWN', 'TRUTH_STUB_DRIFT', 'TRUTH_SYSTEM_DRIFT']
2026-07-03T23:16:27Z VIOLATION DNS drift threat api.github.com: ['TRUTH_DNS_DOWN', 'TRUTH_STUB_DRIFT', 'TRUTH_SYSTEM_DRIFT']
2026-07-03T23:16:28Z VIOLATION DNS drift threat api.github.com: ['TRUTH_DNS_DOWN']
2026-07-03T23:16:29Z VIOLATION DNS drift threat ssh.github.com: ['TRUTH_DNS_DOWN', 'TRUTH_STUB_DRIFT', 'TRUTH_SYSTEM_DRIFT']
2026-07-03T23:16:31Z VIOLATION DNS drift threat ssh.github.com: ['TRUTH_DNS_DOWN', 'TRUTH_STUB_DRIFT', 'TRUTH_SYSTEM_DRIFT']
2026-07-03T23:16:32Z VIOLATION DNS drift threat github.com: ['TRUTH_DNS_DOWN', 'TRUTH_STUB_DRIFT', 'TRUTH_SYSTEM_DRIFT']
2026-07-03T23:16:32Z VIOLATION DNS drift threat github.com: ['TRUTH_DNS_DOWN', 'TRUTH_STUB_DRIFT', 'TRUTH_SYSTEM_DRIFT']
2026-07-03T23:16:33Z VIOLATION DNS drift threat github.com: ['TRUTH_DNS_DOWN', 'TRUTH_STUB_DRIFT', 'TRUTH_SYSTEM_DRIFT']
2026-07-03T23:16:36Z VIOLATION DNS drift threat api.github.com: ['TRUTH_DNS_DOWN', 'TRUTH_STUB_DRIFT', 'TRUTH_SYSTEM_DRIFT']
2026-07-03T23:16:36Z VIOLATION DNS drift threat github.com: ['TRUTH_DNS_DOWN', 'TRUTH_STUB_DRIFT', 'TRUTH_SYSTEM_DRIFT']
2026-07-03T23:16:37Z VIOLATION DNS drift threat api.github.com: ['TRUTH_DNS_DOWN', 'TRUTH_STUB_DRIFT', 'TRUTH_SYSTEM_DRIFT']
2026-07-03T23:16:37Z VIOLATION DNS drift threat github.com: ['TRUTH_DNS_DOWN']
2026-07-03T23:16:38Z VIOLATION DNS drift threat api.github.com: ['TRUTH_DNS_DOWN', 'TRUTH_STUB_DRIFT', 'TRUTH_SYSTEM_DRIFT']
2026-07-03T23:16:39Z VIOLATION DNS drift threat ssh.github.com: ['TRUTH_DNS_DOWN', 'TRUTH_STUB_DRIFT', 'TRUTH_SYSTEM_DRIFT']
2026-07-03T23:16:39Z VIOLATION DNS drift threat github.com: ['TRUTH_DNS_DOWN', 'TRUTH_STUB_DRIFT', 'TRUTH_SYSTEM_DRIFT']
2026-07-03T23:16:41Z VIOLATION DNS drift threat ssh.github.com: ['TRUTH_DNS_DOWN', 'TRUTH_STUB_DRIFT', 'TRUTH_SYSTEM_DRIFT']
2026-07-03T23:16:41Z VIOLATION DNS drift threat api.github.com: ['TRUTH_DNS_DOWN', 'TRUTH_STUB_DRIFT', 'TRUTH_SYSTEM_DRIFT']
2026-07-03T23:16:41Z VIOLATION DNS drift threat api.github.com: ['TRUTH_DNS_DOWN', 'TRUTH_STUB_DRIFT', 'TRUTH_SYSTEM_DRIFT']
2026-07-03T23:16:42Z VIOLATION DNS drift threat api.github.com: ['TRUTH_DNS_DOWN', 'TRUTH_STUB_DRIFT', 'TRUTH_SYSTEM_DRIFT']
2026-07-03T23:16:43Z VIOLATION DNS drift threat ssh.github.com: ['TRUTH_DNS_DOWN']
2026-07-03T23:16:45Z VIOLATION DNS drift threat ssh.github.com: ['TRUTH_DNS_DOWN', 'TRUTH_STUB_DRIFT', 'TRUTH_SYSTEM_DRIFT']
2026-07-03T23:16:46Z VIOLATION DNS drift threat raw.githubusercontent.com: ['TRUTH_DNS_DOWN']
2026-07-03T23:16:54Z VIOLATION DNS drift threat github.com: ['TRUTH_DNS_DOWN', 'TRUTH_STUB_DRIFT', 'TRUTH_SYSTEM_DRIFT']
2026-07-03T23:16:56Z VIOLATION DNS drift threat api.github.com: ['TRUTH_DNS_DOWN', 'TRUTH_STUB_DRIFT', 'TRUTH_SYSTEM_DRIFT']
2026-07-03T23:16:59Z VIOLATION DNS drift threat ssh.github.com: ['TRUTH_DNS_DOWN']
2026-07-03T23:17:01Z VIOLATION DNS drift threat github.com: ['TRUTH_DNS_DOWN']
2026-07-03T23:17:06Z VIOLATION DNS drift threat api.github.com: ['TRUTH_DNS_DOWN', 'TRUTH_STUB_DRIFT', 'TRUTH_SYSTEM_DRIFT']
2026-07-03T23:17:07Z VIOLATION DNS drift threat github.com: ['TRUTH_DNS_DOWN', 'TRUTH_STUB_DRIFT', 'TRUTH_SYSTEM_DRIFT']
2026-07-03T23:17:09Z VIOLATION DNS drift threat github.com: ['TRUTH_DNS_DOWN', 'TRUTH_STUB_DRIFT', 'TRUTH_SYSTEM_DRIFT']
2026-07-03T23:17:11Z VIOLATION DNS drift threat github.com: ['TRUTH_DNS_DOWN']
2026-07-03T23:17:11Z VIOLATION DNS drift threat api.github.com: ['TRUTH_DNS_DOWN', 'TRUTH_STUB_DRIFT', 'TRUTH_SYSTEM_DRIFT']
2026-07-03T23:17:12Z VIOLATION DNS drift threat api.github.com: ['TRUTH_DNS_DOWN', 'TRUTH_STUB_DRIFT', 'TRUTH_SYSTEM_DRIFT']
2026-07-03T23:17:13Z VIOLATION DNS drift threat github.com: ['TRUTH_DNS_DOWN', 'TRUTH_STUB_DRIFT', 'TRUTH_SYSTEM_DRIFT']
2026-07-03T23:17:13Z VIOLATION DNS drift threat github.com: ['TRUTH_DNS_DOWN', 'TRUTH_STUB_DRIFT', 'TRUTH_SYSTEM_DRIFT']
2026-07-03T23:17:14Z VIOLATION DNS drift threat github.com: ['TRUTH_DNS_DOWN', 'TRUTH_STUB_DRIFT', 'TRUTH_SYSTEM_DRIFT']
2026-07-03T23:17:14Z VIOLATION DNS drift threat api.github.com: ['TRUTH_DNS_DOWN', 'TRUTH_STUB_DRIFT', 'TRUTH_SYSTEM_DRIFT']
2026-07-03T23:17:15Z VIOLATION DNS drift threat ssh.github.com: ['TRUTH_DNS_DOWN', 'TRUTH_STUB_DRIFT', 'TRUTH_SYSTEM_DRIFT']
2026-07-03T23:17:16Z VIOLATION DNS drift threat api.github.com: ['TRUTH_DNS_DOWN', 'TRUTH_STUB_DRIFT', 'TRUTH_SYSTEM_DRIFT']
2026-07-03T23:17:17Z VIOLATION DNS drift threat api.github.com: ['TRUTH_DNS_DOWN', 'TRUTH_STUB_DRIFT', 'TRUTH_SYSTEM_DRIFT']
2026-07-03T23:17:17Z VIOLATION DNS drift threat api.github.com: ['TRUTH_DNS_DOWN', 'TRUTH_STUB_DRIFT', 'TRUTH_SYSTEM_DRIFT']
2026-07-03T23:17:17Z VIOLATION DNS drift threat ssh.github.com: ['TRUTH_DNS_DOWN', 'TRUTH_STUB_DRIFT', 'TRUTH_SYSTEM_DRIFT']
2026-07-03T23:17:18Z VIOLATION DNS drift threat ssh.github.com: ['TRUTH_DNS_DOWN', 'TRUTH_STUB_DRIFT', 'TRUTH_SYSTEM_DRIFT']
2026-07-03T23:17:18Z VIOLATION DNS drift threat github.com: ['TRUTH_DNS_DOWN', 'TRUTH_STUB_DRIFT', 'TRUTH_SYSTEM_DRIFT']
2026-07-03T23:17:20Z VIOLATION DNS drift threat ssh.github.com: ['TRUTH_DNS_DOWN', 'TRUTH_STUB_DRIFT', 'TRUTH_SYSTEM_DRIFT']
2026-07-03T23:17:21Z VIOLATION DNS drift threat github.com: ['TRUTH_DNS_DOWN']
2026-07-03T23:17:22Z VIOLATION DNS drift threat raw.githubusercontent.com: ['TRUTH_DNS_DOWN']
2026-07-03T23:17:24Z VIOLATION DNS drift threat api.github.com: ['TRUTH_DNS_DOWN', 'TRUTH_STUB_DRIFT', 'TRUTH_SYSTEM_DRIFT']
2026-07-03T23:17:25Z VIOLATION DNS drift threat github.com: ['TRUTH_DNS_DOWN', 'TRUTH_STUB_DRIFT', 'TRUTH_SYSTEM_DRIFT']
2026-07-03T23:17:25Z VIOLATION DNS drift threat api.github.com: ['TRUTH_DNS_DOWN', 'TRUTH_STUB_DRIFT', 'TRUTH_SYSTEM_DRIFT']
2026-07-03T23:17:26Z VIOLATION DNS drift threat github.com: ['TRUTH_DNS_DOWN', 'TRUTH_STUB_DRIFT', 'TRUTH_SYSTEM_DRIFT']
2026-07-03T23:17:27Z VIOLATION DNS drift threat api.github.com: ['TRUTH_DNS_DOWN', 'TRUTH_STUB_DRIFT', 'TRUTH_SYSTEM_DRIFT']
2026-07-03T23:17:29Z VIOLATION DNS drift threat api.github.com: ['TRUTH_DNS_DOWN', 'TRUTH_STUB_DRIFT', 'TRUTH_SYSTEM_DRIFT']
2026-07-03T23:17:33Z VIOLATION DNS drift threat ssh.github.com: ['TRUTH_DNS_DOWN', 'TRUTH_STUB_DRIFT', 'TRUTH_SYSTEM_DRIFT']
2026-07-03T23:17:35Z VIOLATION DNS drift threat raw.githubusercontent.com: ['TRUTH_DNS_DOWN']
2026-07-03T23:17:41Z VIOLATION DNS drift threat github.com: ['TRUTH_DNS_DOWN', 'TRUTH_STUB_DRIFT', 'TRUTH_SYSTEM_DRIFT']
2026-07-03T23:17:42Z VIOLATION DNS drift threat github.com: ['TRUTH_DNS_DOWN', 'TRUTH_STUB_DRIFT', 'TRUTH_SYSTEM_DRIFT']
2026-07-03T23:17:44Z VIOLATION DNS drift threat api.github.com: ['TRUTH_DNS_DOWN', 'TRUTH_STUB_DRIFT', 'TRUTH_SYSTEM_DRIFT']
2026-07-03T23:17:45Z VIOLATION DNS drift threat github.com: ['TRUTH_DNS_DOWN', 'TRUTH_STUB_DRIFT', 'TRUTH_SYSTEM_DRIFT']
2026-07-03T23:17:45Z VIOLATION DNS drift threat api.github.com: ['TRUTH_DNS_DOWN', 'TRUTH_STUB_DRIFT', 'TRUTH_SYSTEM_DRIFT']
2026-07-03T23:17:46Z VIOLATION DNS drift threat github.com: ['TRUTH_DNS_DOWN', 'TRUTH_STUB_DRIFT', 'TRUTH_SYSTEM_DRIFT']
2026-07-03T23:17:48Z VIOLATION DNS drift threat ssh.github.com: ['TRUTH_DNS_DOWN', 'TRUTH_STUB_DRIFT', 'TRUTH_SYSTEM_DRIFT']
2026-07-03T23:17:48Z VIOLATION DNS drift threat ssh.github.com: ['TRUTH_DNS_DOWN', 'TRUTH_STUB_DRIFT', 'TRUTH_SYSTEM_DRIFT']
2026-07-03T23:17:48Z VIOLATION DNS drift threat api.github.com: ['TRUTH_DNS_DOWN', 'TRUTH_STUB_DRIFT', 'TRUTH_SYSTEM_DRIFT']
2026-07-03T23:17:51Z VIOLATION DNS drift threat raw.githubusercontent.com: ['TRUTH_DNS_DOWN']
2026-07-03T23:17:51Z VIOLATION DNS drift threat api.github.com: ['TRUTH_DNS_DOWN', 'TRUTH_STUB_DRIFT', 'TRUTH_SYSTEM_DRIFT']
2026-07-03T23:17:51Z VIOLATION DNS drift threat ssh.github.com: ['TRUTH_DNS_DOWN', 'TRUTH_STUB_DRIFT', 'TRUTH_SYSTEM_DRIFT']
2026-07-03T23:17:52Z VIOLATION DNS drift threat github.com: ['TRUTH_DNS_DOWN', 'TRUTH_STUB_DRIFT', 'TRUTH_SYSTEM_DRIFT']
2026-07-03T23:17:54Z VIOLATION DNS drift threat github.com: ['TRUTH_DNS_DOWN']
2026-07-03T23:17:56Z VIOLATION DNS drift threat api.github.com: ['TRUTH_DNS_DOWN', 'TRUTH_STUB_DRIFT', 'TRUTH_SYSTEM_DRIFT']
2026-07-03T23:17:57Z VIOLATION DNS drift threat api.github.com: ['TRUTH_DNS_DOWN', 'TRUTH_STUB_DRIFT', 'TRUTH_SYSTEM_DRIFT']
2026-07-03T23:17:57Z VIOLATION DNS drift threat github.com: ['TRUTH_DNS_DOWN', 'TRUTH_STUB_DRIFT', 'TRUTH_SYSTEM_DRIFT']
2026-07-03T23:17:58Z VIOLATION DNS drift threat ssh.github.com: ['TRUTH_DNS_DOWN', 'TRUTH_STUB_DRIFT', 'TRUTH_SYSTEM_DRIFT']
2026-07-03T23:18:01Z VIOLATION DNS drift threat api.github.com: ['TRUTH_DNS_DOWN', 'TRUTH_STUB_DRIFT', 'TRUTH_SYSTEM_DRIFT']
2026-07-03T23:18:02Z VIOLATION DNS drift threat github.com: ['TRUTH_DNS_DOWN', 'TRUTH_STUB_DRIFT', 'TRUTH_SYSTEM_DRIFT']
2026-07-03T23:18:02Z VIOLATION DNS drift threat ssh.github.com: ['TRUTH_DNS_DOWN', 'TRUTH_STUB_DRIFT', 'TRUTH_SYSTEM_DRIFT']
2026-07-03T23:18:03Z VIOLATION DNS drift threat ssh.github.com: ['TRUTH_DNS_DOWN', 'TRUTH_STUB_DRIFT', 'TRUTH_SYSTEM_DRIFT']
2026-07-03T23:18:04Z VIOLATION DNS drift threat api.github.com: ['TRUTH_DNS_DOWN']
2026-07-03T23:18:05Z VIOLATION DNS drift threat github.com: ['TRUTH_DNS_DOWN', 'TRUTH_STUB_DRIFT', 'TRUTH_SYSTEM_DRIFT']
2026-07-03T23:18:06Z VIOLATION DNS drift threat github.com: ['TRUTH_DNS_DOWN', 'TRUTH_STUB_DRIFT', 'TRUTH_SYSTEM_DRIFT']
2026-07-03T23:18:06Z VIOLATION DNS drift threat ssh.github.com: ['TRUTH_DNS_DOWN', 'TRUTH_STUB_DRIFT', 'TRUTH_SYSTEM_DRIFT']
2026-07-03T23:18:09Z VIOLATION DNS drift threat github.com: ['TRUTH_DNS_DOWN', 'TRUTH_STUB_DRIFT', 'TRUTH_SYSTEM_DRIFT']
2026-07-03T23:18:09Z VIOLATION DNS drift threat api.github.com: ['TRUTH_DNS_DOWN', 'TRUTH_STUB_DRIFT', 'TRUTH_SYSTEM_DRIFT']
2026-07-03T23:18:10Z VIOLATION DNS drift threat api.github.com: ['TRUTH_DNS_DOWN', 'TRUTH_STUB_DRIFT', 'TRUTH_SYSTEM_DRIFT']
2026-07-03T23:18:11Z VIOLATION DNS drift threat ssh.github.com: ['TRUTH_DNS_DOWN', 'TRUTH_STUB_DRIFT', 'TRUTH_SYSTEM_DRIFT']
2026-07-03T23:18:12Z VIOLATION DNS drift threat api.github.com: ['TRUTH_DNS_DOWN', 'TRUTH_STUB_DRIFT', 'TRUTH_SYSTEM_DRIFT']
2026-07-03T23:18:16Z VIOLATION DNS drift threat ssh.github.com: ['TRUTH_DNS_DOWN', 'TRUTH_STUB_DRIFT', 'TRUTH_SYSTEM_DRIFT']
2026-07-03T23:18:24Z VIOLATION DNS drift threat github.com: ['TRUTH_DNS_DOWN']
2026-07-03T23:18:26Z VIOLATION DNS drift threat api.github.com: ['TRUTH_DNS_DOWN', 'TRUTH_STUB_DRIFT', 'TRUTH_SYSTEM_DRIFT']
2026-07-03T23:18:27Z VIOLATION DNS drift threat github.com: ['TRUTH_DNS_DOWN', 'TRUTH_STUB_DRIFT', 'TRUTH_SYSTEM_DRIFT']
2026-07-03T23:18:29Z VIOLATION DNS drift threat github.com: ['TRUTH_DNS_DOWN', 'TRUTH_STUB_DRIFT', 'TRUTH_SYSTEM_DRIFT']
2026-07-03T23:18:29Z VIOLATION DNS drift threat github.com: ['TRUTH_DNS_DOWN', 'TRUTH_STUB_DRIFT', 'TRUTH_SYSTEM_DRIFT']
2026-07-03T23:18:30Z VIOLATION DNS drift threat api.github.com: ['TRUTH_DNS_DOWN']
2026-07-03T23:18:30Z VIOLATION DNS drift threat ssh.github.com: ['TRUTH_DNS_DOWN', 'TRUTH_STUB_DRIFT', 'TRUTH_SYSTEM_DRIFT']
2026-07-03T23:18:34Z VIOLATION DNS drift threat api.github.com: ['TRUTH_DNS_DOWN', 'TRUTH_STUB_DRIFT', 'TRUTH_SYSTEM_DRIFT']
2026-07-03T23:18:35Z VIOLATION DNS drift threat api.github.com: ['TRUTH_DNS_DOWN']
2026-07-03T23:18:36Z VIOLATION DNS drift threat ssh.github.com: ['TRUTH_DNS_DOWN', 'TRUTH_STUB_DRIFT', 'TRUTH_SYSTEM_DRIFT']
2026-07-03T23:18:36Z VIOLATION DNS drift threat github.com: ['TRUTH_DNS_DOWN', 'TRUTH_STUB_DRIFT', 'TRUTH_SYSTEM_DRIFT']
2026-07-03T23:18:37Z VIOLATION DNS drift threat github.com: ['TRUTH_DNS_DOWN', 'TRUTH_STUB_DRIFT', 'TRUTH_SYSTEM_DRIFT']
2026-07-03T23:18:37Z VIOLATION DNS drift threat raw.githubusercontent.com: ['TRUTH_DNS_DOWN']
2026-07-03T23:18:39Z VIOLATION DNS drift threat api.github.com: ['TRUTH_DNS_DOWN', 'TRUTH_STUB_DRIFT', 'TRUTH_SYSTEM_DRIFT']
2026-07-03T23:18:40Z VIOLATION DNS drift threat github.com: ['TRUTH_DNS_DOWN', 'TRUTH_STUB_DRIFT', 'TRUTH_SYSTEM_DRIFT']
2026-07-03T23:18:40Z VIOLATION DNS drift threat api.github.com: ['TRUTH_DNS_DOWN']
2026-07-03T23:18:42Z VIOLATION DNS drift threat ssh.github.com: ['TRUTH_DNS_DOWN', 'TRUTH_STUB_DRIFT', 'TRUTH_SYSTEM_DRIFT']
2026-07-03T23:18:43Z VIOLATION DNS drift threat ssh.github.com: ['TRUTH_DNS_DOWN']
2026-07-03T23:18:44Z VIOLATION DNS drift threat api.github.com: ['TRUTH_DNS_DOWN', 'TRUTH_STUB_DRIFT', 'TRUTH_SYSTEM_DRIFT']
2026-07-03T23:18:44Z VIOLATION DNS drift threat github.com: ['TRUTH_DNS_DOWN', 'TRUTH_STUB_DRIFT', 'TRUTH_SYSTEM_DRIFT']
2026-07-03T23:18:47Z VIOLATION DNS drift threat github.com: ['TRUTH_DNS_DOWN', 'TRUTH_STUB_DRIFT', 'TRUTH_SYSTEM_DRIFT']
2026-07-03T23:18:47Z VIOLATION DNS drift threat ssh.github.com: ['TRUTH_DNS_DOWN', 'TRUTH_STUB_DRIFT', 'TRUTH_SYSTEM_DRIFT']
2026-07-03T23:18:48Z VIOLATION DNS drift threat api.github.com: ['TRUTH_DNS_DOWN', 'TRUTH_STUB_DRIFT', 'TRUTH_SYSTEM_DRIFT']
2026-07-03T23:18:48Z VIOLATION DNS drift threat github.com: ['TRUTH_DNS_DOWN', 'TRUTH_STUB_DRIFT', 'TRUTH_SYSTEM_DRIFT']
2026-07-03T23:18:50Z VIOLATION DNS drift threat github.com: ['TRUTH_DNS_DOWN']
2026-07-03T23:18:51Z VIOLATION DNS drift threat api.github.com: ['TRUTH_DNS_DOWN', 'TRUTH_STUB_DRIFT', 'TRUTH_SYSTEM_DRIFT']
2026-07-03T23:18:52Z VIOLATION DNS drift threat api.github.com: ['TRUTH_DNS_DOWN', 'TRUTH_STUB_DRIFT', 'TRUTH_SYSTEM_DRIFT']
2026-07-03T23:18:52Z VIOLATION DNS drift threat api.github.com: ['TRUTH_DNS_DOWN', 'TRUTH_STUB_DRIFT', 'TRUTH_SYSTEM_DRIFT']
2026-07-03T23:18:55Z VIOLATION DNS drift threat github.com: ['TRUTH_DNS_DOWN', 'TRUTH_STUB_DRIFT', 'TRUTH_SYSTEM_DRIFT']
2026-07-03T23:18:57Z VIOLATION DNS drift threat api.github.com: ['TRUTH_DNS_DOWN', 'TRUTH_STUB_DRIFT', 'TRUTH_SYSTEM_DRIFT']
2026-07-03T23:18:57Z VIOLATION DNS drift threat github.com: ['TRUTH_DNS_DOWN', 'TRUTH_STUB_DRIFT', 'TRUTH_SYSTEM_DRIFT']
2026-07-03T23:19:00Z VIOLATION DNS drift threat ssh.github.com: ['TRUTH_DNS_DOWN', 'TRUTH_STUB_DRIFT', 'TRUTH_SYSTEM_DRIFT']
2026-07-03T23:19:04Z VIOLATION DNS drift threat api.github.com: ['TRUTH_DNS_DOWN', 'TRUTH_STUB_DRIFT', 'TRUTH_SYSTEM_DRIFT']
2026-07-03T23:19:04Z VIOLATION DNS drift threat github.com: ['TRUTH_DNS_DOWN', 'TRUTH_STUB_DRIFT', 'TRUTH_SYSTEM_DRIFT']
2026-07-03T23:19:12Z VIOLATION DNS drift threat github.com: ['TRUTH_DNS_DOWN', 'TRUTH_STUB_DRIFT', 'TRUTH_SYSTEM_DRIFT']
2026-07-03T23:19:14Z VIOLATION DNS drift threat github.com: ['TRUTH_DNS_DOWN', 'TRUTH_STUB_DRIFT', 'TRUTH_SYSTEM_DRIFT']
2026-07-03T23:19:17Z VIOLATION DNS drift threat api.github.com: ['TRUTH_DNS_DOWN', 'TRUTH_STUB_DRIFT', 'TRUTH_SYSTEM_DRIFT']
2026-07-03T23:19:17Z VIOLATION DNS drift threat github.com: ['TRUTH_DNS_DOWN']
2026-07-03T23:19:17Z VIOLATION DNS drift threat github.com: ['TRUTH_DNS_DOWN', 'TRUTH_STUB_DRIFT', 'TRUTH_SYSTEM_DRIFT']
2026-07-03T23:19:18Z VIOLATION DNS drift threat api.github.com: ['TRUTH_DNS_DOWN', 'TRUTH_STUB_DRIFT', 'TRUTH_SYSTEM_DRIFT']
2026-07-03T23:19:20Z VIOLATION DNS drift threat ssh.github.com: ['TRUTH_DNS_DOWN', 'TRUTH_STUB_DRIFT', 'TRUTH_SYSTEM_DRIFT']
2026-07-03T23:19:20Z VIOLATION DNS drift threat api.github.com: ['TRUTH_DNS_DOWN', 'TRUTH_STUB_DRIFT', 'TRUTH_SYSTEM_DRIFT']
2026-07-03T23:19:22Z VIOLATION DNS drift threat api.github.com: ['TRUTH_DNS_DOWN', 'TRUTH_STUB_DRIFT', 'TRUTH_SYSTEM_DRIFT']
2026-07-03T23:19:23Z VIOLATION DNS drift threat ssh.github.com: ['TRUTH_DNS_DOWN', 'TRUTH_STUB_DRIFT', 'TRUTH_SYSTEM_DRIFT']
2026-07-03T23:19:24Z VIOLATION DNS drift threat github.com: ['TRUTH_DNS_DOWN', 'TRUTH_STUB_DRIFT', 'TRUTH_SYSTEM_DRIFT']
2026-07-03T23:19:25Z VIOLATION DNS drift threat github.com: ['TRUTH_DNS_DOWN', 'TRUTH_STUB_DRIFT', 'TRUTH_SYSTEM_DRIFT']
2026-07-03T23:19:27Z VIOLATION DNS drift threat api.github.com: ['TRUTH_DNS_DOWN', 'TRUTH_STUB_DRIFT', 'TRUTH_SYSTEM_DRIFT']
2026-07-03T23:19:27Z VIOLATION DNS drift threat api.github.com: ['TRUTH_DNS_DOWN', 'TRUTH_STUB_DRIFT', 'TRUTH_SYSTEM_DRIFT']
2026-07-03T23:19:30Z VIOLATION DNS drift threat ssh.github.com: ['TRUTH_DNS_DOWN', 'TRUTH_STUB_DRIFT', 'TRUTH_SYSTEM_DRIFT']
2026-07-03T23:19:31Z VIOLATION DNS drift threat ssh.github.com: ['TRUTH_DNS_DOWN', 'TRUTH_STUB_DRIFT', 'TRUTH_SYSTEM_DRIFT']
2026-07-03T23:19:32Z VIOLATION DNS drift threat raw.githubusercontent.com: ['TRUTH_DNS_DOWN']
2026-07-03T23:19:32Z VIOLATION DNS drift threat raw.githubusercontent.com: ['TRUTH_DNS_DOWN']
2026-07-03T23:19:33Z VIOLATION DNS drift threat github.com: ['TRUTH_DNS_DOWN', 'TRUTH_STUB_DRIFT', 'TRUTH_SYSTEM_DRIFT']
2026-07-03T23:19:34Z VIOLATION DNS drift threat github.com: ['TRUTH_DNS_DOWN', 'TRUTH_STUB_DRIFT', 'TRUTH_SYSTEM_DRIFT']
2026-07-03T23:19:36Z VIOLATION DNS drift threat api.github.com: ['TRUTH_DNS_DOWN', 'TRUTH_STUB_DRIFT', 'TRUTH_SYSTEM_DRIFT']
2026-07-03T23:19:37Z VIOLATION DNS drift threat api.github.com: ['TRUTH_DNS_DOWN', 'TRUTH_STUB_DRIFT', 'TRUTH_SYSTEM_DRIFT']
2026-07-03T23:19:39Z VIOLATION DNS drift threat github.com: ['TRUTH_DNS_DOWN', 'TRUTH_STUB_DRIFT', 'TRUTH_SYSTEM_DRIFT']
2026-07-03T23:19:43Z VIOLATION DNS drift threat api.github.com: ['TRUTH_DNS_DOWN']
2026-07-03T23:19:48Z VIOLATION DNS drift threat ssh.github.com: ['TRUTH_DNS_DOWN']
2026-07-03T23:19:48Z VIOLATION DNS drift threat github.com: ['TRUTH_DNS_DOWN', 'TRUTH_STUB_DRIFT', 'TRUTH_SYSTEM_DRIFT']
2026-07-03T23:19:49Z VIOLATION DNS drift threat github.com: ['TRUTH_DNS_DOWN', 'TRUTH_STUB_DRIFT', 'TRUTH_SYSTEM_DRIFT']
2026-07-03T23:19:51Z VIOLATION DNS drift threat github.com: ['TRUTH_DNS_DOWN', 'TRUTH_STUB_DRIFT', 'TRUTH_SYSTEM_DRIFT']
2026-07-03T23:19:51Z VIOLATION DNS drift threat api.github.com: ['TRUTH_DNS_DOWN', 'TRUTH_STUB_DRIFT', 'TRUTH_SYSTEM_DRIFT']
2026-07-03T23:19:52Z VIOLATION DNS drift threat github.com: ['TRUTH_DNS_DOWN']
2026-07-03T23:19:54Z VIOLATION DNS drift threat api.github.com: ['TRUTH_DNS_DOWN', 'TRUTH_STUB_DRIFT', 'TRUTH_SYSTEM_DRIFT']
2026-07-03T23:19:55Z VIOLATION DNS drift threat api.github.com: ['TRUTH_DNS_DOWN', 'TRUTH_STUB_DRIFT', 'TRUTH_SYSTEM_DRIFT']
2026-07-03T23:19:55Z VIOLATION DNS drift threat api.github.com: ['TRUTH_DNS_DOWN', 'TRUTH_STUB_DRIFT', 'TRUTH_SYSTEM_DRIFT']
2026-07-03T23:19:55Z VIOLATION DNS drift threat github.com: ['TRUTH_DNS_DOWN', 'TRUTH_STUB_DRIFT', 'TRUTH_SYSTEM_DRIFT']
2026-07-03T23:19:57Z VIOLATION DNS drift threat ssh.github.com: ['TRUTH_DNS_DOWN']
2026-07-03T23:19:58Z VIOLATION DNS drift threat api.github.com: ['TRUTH_DNS_DOWN', 'TRUTH_STUB_DRIFT', 'TRUTH_SYSTEM_DRIFT']
2026-07-03T23:19:59Z VIOLATION DNS drift threat github.com: ['TRUTH_DNS_DOWN']
2026-07-03T23:20:02Z VIOLATION DNS drift threat api.github.com: ['TRUTH_DNS_DOWN']
2026-07-03T23:20:03Z VIOLATION DNS drift threat github.com: ['TRUTH_DNS_DOWN', 'TRUTH_STUB_DRIFT', 'TRUTH_SYSTEM_DRIFT']
2026-07-03T23:20:04Z VIOLATION DNS drift threat ssh.github.com: ['TRUTH_DNS_DOWN', 'TRUTH_STUB_DRIFT', 'TRUTH_SYSTEM_DRIFT']
2026-07-03T23:20:04Z VIOLATION DNS drift threat github.com: ['TRUTH_DNS_DOWN', 'TRUTH_STUB_DRIFT', 'TRUTH_SYSTEM_DRIFT']
2026-07-03T23:20:05Z VIOLATION DNS drift threat github.com: ['TRUTH_DNS_DOWN', 'TRUTH_STUB_DRIFT', 'TRUTH_SYSTEM_DRIFT']
2026-07-03T23:20:06Z VIOLATION DNS drift threat api.github.com: ['TRUTH_DNS_DOWN', 'TRUTH_STUB_DRIFT', 'TRUTH_SYSTEM_DRIFT']
2026-07-03T23:20:06Z VIOLATION DNS drift threat api.github.com: ['TRUTH_DNS_DOWN']
2026-07-03T23:20:08Z VIOLATION DNS drift threat ssh.github.com: ['TRUTH_DNS_DOWN', 'TRUTH_STUB_DRIFT', 'TRUTH_SYSTEM_DRIFT']
2026-07-03T23:20:09Z VIOLATION DNS drift threat api.github.com: ['TRUTH_DNS_DOWN', 'TRUTH_STUB_DRIFT', 'TRUTH_SYSTEM_DRIFT']
2026-07-03T23:20:09Z VIOLATION DNS drift threat ssh.github.com: ['TRUTH_DNS_DOWN', 'TRUTH_STUB_DRIFT', 'TRUTH_SYSTEM_DRIFT']
2026-07-03T23:20:10Z VIOLATION DNS drift threat github.com: ['TRUTH_DNS_DOWN']
2026-07-03T23:20:14Z VIOLATION DNS drift threat api.github.com: ['TRUTH_DNS_DOWN', 'TRUTH_STUB_DRIFT', 'TRUTH_SYSTEM_DRIFT']
2026-07-03T23:20:15Z VIOLATION DNS drift threat github.com: ['TRUTH_DNS_DOWN', 'TRUTH_STUB_DRIFT', 'TRUTH_SYSTEM_DRIFT']
2026-07-03T23:20:19Z VIOLATION DNS drift threat api.github.com: ['TRUTH_DNS_DOWN']
2026-07-03T23:20:21Z VIOLATION DNS drift threat github.com: ['TRUTH_DNS_DOWN', 'TRUTH_STUB_DRIFT', 'TRUTH_SYSTEM_DRIFT']
2026-07-03T23:20:23Z VIOLATION DNS drift threat ssh.github.com: ['TRUTH_DNS_DOWN', 'TRUTH_STUB_DRIFT', 'TRUTH_SYSTEM_DRIFT']
2026-07-03T23:20:24Z VIOLATION DNS drift threat github.com: ['TRUTH_DNS_DOWN']
2026-07-03T23:20:25Z VIOLATION DNS drift threat api.github.com: ['TRUTH_DNS_DOWN', 'TRUTH_STUB_DRIFT', 'TRUTH_SYSTEM_DRIFT']
2026-07-03T23:20:28Z VIOLATION DNS drift threat api.github.com: ['TRUTH_DNS_DOWN', 'TRUTH_STUB_DRIFT', 'TRUTH_SYSTEM_DRIFT']
2026-07-03T23:20:29Z VIOLATION DNS drift threat ssh.github.com: ['TRUTH_DNS_DOWN', 'TRUTH_STUB_DRIFT', 'TRUTH_SYSTEM_DRIFT']
2026-07-03T23:20:31Z VIOLATION DNS drift threat github.com: ['TRUTH_DNS_DOWN']
2026-07-03T23:20:33Z VIOLATION DNS drift threat github.com: ['TRUTH_DNS_DOWN']
2026-07-03T23:20:33Z VIOLATION DNS drift threat api.github.com: ['TRUTH_DNS_DOWN', 'TRUTH_STUB_DRIFT', 'TRUTH_SYSTEM_DRIFT']
2026-07-03T23:20:35Z VIOLATION DNS drift threat github.com: ['TRUTH_DNS_DOWN', 'TRUTH_STUB_DRIFT', 'TRUTH_SYSTEM_DRIFT']
2026-07-03T23:20:39Z VIOLATION DNS drift threat api.github.com: ['TRUTH_DNS_DOWN', 'TRUTH_STUB_DRIFT', 'TRUTH_SYSTEM_DRIFT']
2026-07-03T23:20:39Z VIOLATION DNS drift threat ssh.github.com: ['TRUTH_DNS_DOWN', 'TRUTH_STUB_DRIFT', 'TRUTH_SYSTEM_DRIFT']
2026-07-03T23:20:41Z VIOLATION DNS drift threat api.github.com: ['TRUTH_DNS_DOWN', 'TRUTH_STUB_DRIFT', 'TRUTH_SYSTEM_DRIFT']
2026-07-03T23:20:41Z VIOLATION DNS drift threat github.com: ['TRUTH_DNS_DOWN']
2026-07-03T23:20:42Z VIOLATION DNS drift threat github.com: ['TRUTH_DNS_DOWN']
2026-07-03T23:20:45Z VIOLATION DNS drift threat api.github.com: ['TRUTH_DNS_DOWN', 'TRUTH_STUB_DRIFT', 'TRUTH_SYSTEM_DRIFT']
2026-07-03T23:20:46Z VIOLATION DNS drift threat api.github.com: ['TRUTH_DNS_DOWN', 'TRUTH_STUB_DRIFT', 'TRUTH_SYSTEM_DRIFT']
2026-07-03T23:20:47Z VIOLATION DNS drift threat github.com: ['TRUTH_DNS_DOWN', 'TRUTH_STUB_DRIFT', 'TRUTH_SYSTEM_DRIFT']
2026-07-03T23:20:50Z VIOLATION DNS drift threat ssh.github.com: ['TRUTH_DNS_DOWN', 'TRUTH_STUB_DRIFT', 'TRUTH_SYSTEM_DRIFT']
2026-07-03T23:20:51Z VIOLATION DNS drift threat github.com: ['TRUTH_DNS_DOWN', 'TRUTH_STUB_DRIFT', 'TRUTH_SYSTEM_DRIFT']
2026-07-03T23:20:54Z VIOLATION DNS drift threat api.github.com: ['TRUTH_DNS_DOWN', 'TRUTH_STUB_DRIFT', 'TRUTH_SYSTEM_DRIFT']
2026-07-03T23:20:55Z VIOLATION DNS drift threat api.github.com: ['TRUTH_DNS_DOWN']
2026-07-03T23:20:59Z VIOLATION DNS drift threat github.com: ['TRUTH_DNS_DOWN']
2026-07-03T23:21:04Z VIOLATION DNS drift threat github.com: ['TRUTH_DNS_DOWN', 'TRUTH_STUB_DRIFT', 'TRUTH_SYSTEM_DRIFT']
2026-07-03T23:21:04Z VIOLATION DNS drift threat api.github.com: ['TRUTH_DNS_DOWN', 'TRUTH_STUB_DRIFT', 'TRUTH_SYSTEM_DRIFT']
2026-07-03T23:21:04Z VIOLATION DNS drift threat github.com: ['TRUTH_DNS_DOWN']
2026-07-03T23:21:06Z VIOLATION DNS drift threat api.github.com: ['TRUTH_DNS_DOWN', 'TRUTH_STUB_DRIFT', 'TRUTH_SYSTEM_DRIFT']
2026-07-03T23:21:08Z VIOLATION DNS drift threat ssh.github.com: ['TRUTH_DNS_DOWN', 'TRUTH_STUB_DRIFT', 'TRUTH_SYSTEM_DRIFT']
2026-07-03T23:21:09Z VIOLATION DNS drift threat api.github.com: ['TRUTH_DNS_DOWN', 'TRUTH_STUB_DRIFT', 'TRUTH_SYSTEM_DRIFT']
2026-07-03T23:21:10Z VIOLATION DNS drift threat ssh.github.com: ['TRUTH_DNS_DOWN']
2026-07-03T23:21:11Z VIOLATION DNS drift threat github.com: ['TRUTH_DNS_DOWN', 'TRUTH_STUB_DRIFT', 'TRUTH_SYSTEM_DRIFT']
2026-07-03T23:21:16Z VIOLATION DNS drift threat api.github.com: ['TRUTH_DNS_DOWN', 'TRUTH_STUB_DRIFT', 'TRUTH_SYSTEM_DRIFT']
2026-07-03T23:21:20Z VIOLATION DNS drift threat github.com: ['TRUTH_DNS_DOWN', 'TRUTH_STUB_DRIFT', 'TRUTH_SYSTEM_DRIFT']
2026-07-03T23:21:20Z VIOLATION DNS drift threat github.com: ['TRUTH_DNS_DOWN']
2026-07-03T23:21:21Z VIOLATION DNS drift threat github.com: ['TRUTH_DNS_DOWN', 'TRUTH_STUB_DRIFT', 'TRUTH_SYSTEM_DRIFT']
2026-07-03T23:21:22Z VIOLATION DNS drift threat github.com: ['TRUTH_DNS_DOWN', 'TRUTH_STUB_DRIFT', 'TRUTH_SYSTEM_DRIFT']
2026-07-03T23:21:22Z VIOLATION DNS drift threat github.com: ['TRUTH_DNS_DOWN']
2026-07-03T23:21:22Z VIOLATION DNS drift threat api.github.com: ['TRUTH_DNS_DOWN', 'TRUTH_STUB_DRIFT', 'TRUTH_SYSTEM_DRIFT']
2026-07-03T23:21:25Z VIOLATION DNS drift threat api.github.com: ['TRUTH_DNS_DOWN', 'TRUTH_STUB_DRIFT', 'TRUTH_SYSTEM_DRIFT']
2026-07-03T23:21:27Z VIOLATION DNS drift threat api.github.com: ['TRUTH_DNS_DOWN', 'TRUTH_STUB_DRIFT', 'TRUTH_SYSTEM_DRIFT']
2026-07-03T23:21:29Z VIOLATION DNS drift threat github.com: ['TRUTH_DNS_DOWN']
2026-07-03T23:21:29Z VIOLATION DNS drift threat ssh.github.com: ['TRUTH_DNS_DOWN', 'TRUTH_STUB_DRIFT', 'TRUTH_SYSTEM_DRIFT']
2026-07-03T23:21:33Z VIOLATION DNS drift threat api.github.com: ['TRUTH_DNS_DOWN', 'TRUTH_STUB_DRIFT', 'TRUTH_SYSTEM_DRIFT']
2026-07-03T23:21:33Z VIOLATION DNS drift threat github.com: ['TRUTH_DNS_DOWN', 'TRUTH_STUB_DRIFT', 'TRUTH_SYSTEM_DRIFT']
2026-07-03T23:21:34Z VIOLATION DNS drift threat github.com: ['TRUTH_DNS_DOWN', 'TRUTH_STUB_DRIFT', 'TRUTH_SYSTEM_DRIFT']
2026-07-03T23:21:36Z VIOLATION DNS drift threat github.com: ['TRUTH_DNS_DOWN', 'TRUTH_STUB_DRIFT', 'TRUTH_SYSTEM_DRIFT']
2026-07-03T23:21:37Z VIOLATION DNS drift threat api.github.com: ['TRUTH_DNS_DOWN']
2026-07-03T23:21:38Z VIOLATION DNS drift threat api.github.com: ['TRUTH_DNS_DOWN', 'TRUTH_STUB_DRIFT', 'TRUTH_SYSTEM_DRIFT']
2026-07-03T23:21:39Z VIOLATION DNS drift threat api.github.com: ['TRUTH_DNS_DOWN', 'TRUTH_STUB_DRIFT', 'TRUTH_SYSTEM_DRIFT']
2026-07-03T23:21:39Z VIOLATION DNS drift threat github.com: ['TRUTH_DNS_DOWN', 'TRUTH_STUB_DRIFT', 'TRUTH_SYSTEM_DRIFT']
2026-07-03T23:21:41Z VIOLATION DNS drift threat github.com: ['TRUTH_DNS_DOWN', 'TRUTH_STUB_DRIFT', 'TRUTH_SYSTEM_DRIFT']
2026-07-03T23:21:41Z VIOLATION DNS drift threat ssh.github.com: ['TRUTH_DNS_DOWN', 'TRUTH_STUB_DRIFT', 'TRUTH_SYSTEM_DRIFT']
2026-07-03T23:21:43Z VIOLATION DNS drift threat api.github.com: ['TRUTH_DNS_DOWN', 'TRUTH_STUB_DRIFT', 'TRUTH_SYSTEM_DRIFT']
2026-07-03T23:21:45Z VIOLATION DNS drift threat ssh.github.com: ['TRUTH_DNS_DOWN', 'TRUTH_STUB_DRIFT', 'TRUTH_SYSTEM_DRIFT']
2026-07-03T23:21:45Z VIOLATION DNS drift threat api.github.com: ['TRUTH_DNS_DOWN', 'TRUTH_STUB_DRIFT', 'TRUTH_SYSTEM_DRIFT']
2026-07-03T23:21:48Z VIOLATION DNS drift threat ssh.github.com: ['TRUTH_DNS_DOWN', 'TRUTH_STUB_DRIFT', 'TRUTH_SYSTEM_DRIFT']
2026-07-03T23:21:51Z VIOLATION DNS drift threat github.com: ['TRUTH_DNS_DOWN', 'TRUTH_STUB_DRIFT', 'TRUTH_SYSTEM_DRIFT']
2026-07-03T23:21:53Z VIOLATION DNS drift threat github.com: ['TRUTH_DNS_DOWN', 'TRUTH_STUB_DRIFT', 'TRUTH_SYSTEM_DRIFT']
2026-07-03T23:21:54Z VIOLATION DNS drift threat api.github.com: ['TRUTH_DNS_DOWN', 'TRUTH_STUB_DRIFT', 'TRUTH_SYSTEM_DRIFT']
2026-07-03T23:21:56Z VIOLATION DNS drift threat api.github.com: ['TRUTH_DNS_DOWN', 'TRUTH_STUB_DRIFT', 'TRUTH_SYSTEM_DRIFT']
2026-07-03T23:21:57Z VIOLATION DNS drift threat github.com: ['TRUTH_DNS_DOWN', 'TRUTH_STUB_DRIFT', 'TRUTH_SYSTEM_DRIFT']
2026-07-03T23:21:57Z VIOLATION DNS drift threat github.com: ['TRUTH_DNS_DOWN', 'TRUTH_STUB_DRIFT', 'TRUTH_SYSTEM_DRIFT']
2026-07-03T23:21:57Z VIOLATION DNS drift threat ssh.github.com: ['TRUTH_DNS_DOWN', 'TRUTH_STUB_DRIFT', 'TRUTH_SYSTEM_DRIFT']
2026-07-03T23:21:59Z VIOLATION DNS drift threat github.com: ['TRUTH_DNS_DOWN']
2026-07-03T23:22:00Z VIOLATION DNS drift threat api.github.com: ['TRUTH_DNS_DOWN', 'TRUTH_STUB_DRIFT', 'TRUTH_SYSTEM_DRIFT']
2026-07-03T23:22:01Z VIOLATION DNS drift threat api.github.com: ['TRUTH_DNS_DOWN', 'TRUTH_STUB_DRIFT', 'TRUTH_SYSTEM_DRIFT']
2026-07-03T23:22:04Z VIOLATION DNS drift threat ssh.github.com: ['TRUTH_DNS_DOWN']
2026-07-03T23:22:05Z VIOLATION DNS drift threat api.github.com: ['TRUTH_DNS_DOWN', 'TRUTH_STUB_DRIFT', 'TRUTH_SYSTEM_DRIFT']
2026-07-03T23:22:09Z VIOLATION DNS drift threat github.com: ['TRUTH_DNS_DOWN', 'TRUTH_STUB_DRIFT', 'TRUTH_SYSTEM_DRIFT']
2026-07-03T23:22:11Z VIOLATION DNS drift threat github.com: ['TRUTH_DNS_DOWN', 'TRUTH_STUB_DRIFT', 'TRUTH_SYSTEM_DRIFT']
2026-07-03T23:22:12Z VIOLATION DNS drift threat api.github.com: ['TRUTH_DNS_DOWN', 'TRUTH_STUB_DRIFT', 'TRUTH_SYSTEM_DRIFT']
2026-07-03T23:22:12Z VIOLATION DNS drift threat github.com: ['TRUTH_DNS_DOWN', 'TRUTH_STUB_DRIFT', 'TRUTH_SYSTEM_DRIFT']
2026-07-03T23:22:13Z VIOLATION DNS drift threat github.com: ['TRUTH_DNS_DOWN', 'TRUTH_STUB_DRIFT', 'TRUTH_SYSTEM_DRIFT']
2026-07-03T23:22:14Z VIOLATION DNS drift threat ssh.github.com: ['TRUTH_DNS_DOWN', 'TRUTH_STUB_DRIFT', 'TRUTH_SYSTEM_DRIFT']
2026-07-03T23:22:16Z VIOLATION DNS drift threat raw.githubusercontent.com: ['TRUTH_DNS_DOWN']
2026-07-03T23:22:18Z VIOLATION DNS drift threat api.github.com: ['TRUTH_DNS_DOWN', 'TRUTH_STUB_DRIFT', 'TRUTH_SYSTEM_DRIFT']
2026-07-03T23:22:18Z VIOLATION DNS drift threat github.com: ['TRUTH_DNS_DOWN']
2026-07-03T23:22:18Z VIOLATION DNS drift threat api.github.com: ['TRUTH_DNS_DOWN']
2026-07-03T23:22:21Z VIOLATION DNS drift threat api.github.com: ['TRUTH_DNS_DOWN', 'TRUTH_STUB_DRIFT', 'TRUTH_SYSTEM_DRIFT']
2026-07-03T23:22:29Z VIOLATION DNS drift threat github.com: ['TRUTH_DNS_DOWN', 'TRUTH_STUB_DRIFT', 'TRUTH_SYSTEM_DRIFT']
2026-07-03T23:22:29Z VIOLATION DNS drift threat github.com: ['TRUTH_DNS_DOWN', 'TRUTH_STUB_DRIFT', 'TRUTH_SYSTEM_DRIFT']
2026-07-03T23:22:31Z VIOLATION DNS drift threat api.github.com: ['TRUTH_DNS_DOWN']
2026-07-03T23:22:31Z VIOLATION DNS drift threat github.com: ['TRUTH_DNS_DOWN', 'TRUTH_STUB_DRIFT', 'TRUTH_SYSTEM_DRIFT']
2026-07-03T23:22:34Z VIOLATION DNS drift threat api.github.com: ['TRUTH_DNS_DOWN', 'TRUTH_STUB_DRIFT', 'TRUTH_SYSTEM_DRIFT']
2026-07-03T23:22:35Z VIOLATION DNS drift threat api.github.com: ['TRUTH_DNS_DOWN', 'TRUTH_STUB_DRIFT', 'TRUTH_SYSTEM_DRIFT']
2026-07-03T23:22:37Z VIOLATION DNS drift threat ssh.github.com: ['TRUTH_DNS_DOWN', 'TRUTH_STUB_DRIFT', 'TRUTH_SYSTEM_DRIFT']
2026-07-03T23:22:38Z VIOLATION DNS drift threat ssh.github.com: ['TRUTH_DNS_DOWN']
2026-07-03T23:22:43Z VIOLATION DNS drift threat github.com: ['TRUTH_DNS_DOWN', 'TRUTH_STUB_DRIFT', 'TRUTH_SYSTEM_DRIFT']
2026-07-03T23:22:48Z VIOLATION DNS drift threat api.github.com: ['TRUTH_DNS_DOWN', 'TRUTH_STUB_DRIFT', 'TRUTH_SYSTEM_DRIFT']
2026-07-03T23:22:48Z VIOLATION DNS drift threat github.com: ['TRUTH_DNS_DOWN', 'TRUTH_STUB_DRIFT', 'TRUTH_SYSTEM_DRIFT']
2026-07-03T23:22:48Z VIOLATION DNS drift threat github.com: ['TRUTH_DNS_DOWN']
2026-07-03T23:22:49Z VIOLATION DNS drift threat github.com: ['TRUTH_DNS_DOWN', 'TRUTH_STUB_DRIFT', 'TRUTH_SYSTEM_DRIFT']
2026-07-03T23:22:49Z VIOLATION DNS drift threat github.com: ['TRUTH_DNS_DOWN']
2026-07-03T23:22:50Z VIOLATION DNS drift threat ssh.github.com: ['TRUTH_DNS_DOWN', 'TRUTH_STUB_DRIFT', 'TRUTH_SYSTEM_DRIFT']
2026-07-03T23:22:51Z VIOLATION DNS drift threat api.github.com: ['TRUTH_DNS_DOWN', 'TRUTH_STUB_DRIFT', 'TRUTH_SYSTEM_DRIFT']
2026-07-03T23:22:52Z VIOLATION DNS drift threat api.github.com: ['TRUTH_DNS_DOWN', 'TRUTH_STUB_DRIFT', 'TRUTH_SYSTEM_DRIFT']
2026-07-03T23:22:53Z VIOLATION DNS drift threat github.com: ['TRUTH_DNS_DOWN', 'TRUTH_STUB_DRIFT', 'TRUTH_SYSTEM_DRIFT']
2026-07-03T23:22:53Z VIOLATION DNS drift threat github.com: ['TRUTH_DNS_DOWN', 'TRUTH_STUB_DRIFT', 'TRUTH_SYSTEM_DRIFT']
2026-07-03T23:22:54Z VIOLATION DNS drift threat api.github.com: ['TRUTH_DNS_DOWN', 'TRUTH_STUB_DRIFT', 'TRUTH_SYSTEM_DRIFT']
2026-07-03T23:22:54Z VIOLATION DNS drift threat github.com: ['TRUTH_DNS_DOWN', 'TRUTH_STUB_DRIFT', 'TRUTH_SYSTEM_DRIFT']
2026-07-03T23:22:55Z VIOLATION DNS drift threat ssh.github.com: ['TRUTH_DNS_DOWN', 'TRUTH_STUB_DRIFT', 'TRUTH_SYSTEM_DRIFT']
2026-07-03T23:22:55Z VIOLATION DNS drift threat api.github.com: ['TRUTH_DNS_DOWN', 'TRUTH_STUB_DRIFT', 'TRUTH_SYSTEM_DRIFT']
2026-07-03T23:22:56Z VIOLATION DNS drift threat api.github.com: ['TRUTH_DNS_DOWN', 'TRUTH_STUB_DRIFT', 'TRUTH_SYSTEM_DRIFT']
2026-07-03T23:22:58Z VIOLATION DNS drift threat ssh.github.com: ['TRUTH_DNS_DOWN', 'TRUTH_STUB_DRIFT', 'TRUTH_SYSTEM_DRIFT']
2026-07-03T23:22:58Z VIOLATION DNS drift threat api.github.com: ['TRUTH_DNS_DOWN']
2026-07-03T23:23:03Z VIOLATION DNS drift threat github.com: ['TRUTH_DNS_DOWN', 'TRUTH_STUB_DRIFT', 'TRUTH_SYSTEM_DRIFT']
2026-07-03T23:23:03Z VIOLATION DNS drift threat github.com: ['TRUTH_DNS_DOWN', 'TRUTH_STUB_DRIFT', 'TRUTH_SYSTEM_DRIFT']
2026-07-03T23:23:07Z VIOLATION DNS drift threat api.github.com: ['TRUTH_DNS_DOWN', 'TRUTH_STUB_DRIFT', 'TRUTH_SYSTEM_DRIFT']
2026-07-03T23:23:08Z VIOLATION DNS drift threat api.github.com: ['TRUTH_DNS_DOWN', 'TRUTH_STUB_DRIFT', 'TRUTH_SYSTEM_DRIFT']
2026-07-03T23:23:09Z VIOLATION DNS drift threat github.com: ['TRUTH_DNS_DOWN', 'TRUTH_STUB_DRIFT', 'TRUTH_SYSTEM_DRIFT']
2026-07-03T23:23:11Z VIOLATION DNS drift threat github.com: ['TRUTH_DNS_DOWN', 'TRUTH_STUB_DRIFT', 'TRUTH_SYSTEM_DRIFT']
2026-07-03T23:23:13Z VIOLATION DNS drift threat ssh.github.com: ['TRUTH_DNS_DOWN', 'TRUTH_STUB_DRIFT', 'TRUTH_SYSTEM_DRIFT']
2026-07-03T23:23:13Z VIOLATION DNS drift threat api.github.com: ['TRUTH_DNS_DOWN', 'TRUTH_STUB_DRIFT', 'TRUTH_SYSTEM_DRIFT']
2026-07-03T23:23:14Z VIOLATION DNS drift threat api.github.com: ['TRUTH_DNS_DOWN']
2026-07-03T23:23:15Z VIOLATION DNS drift threat github.com: ['TRUTH_DNS_DOWN', 'TRUTH_STUB_DRIFT', 'TRUTH_SYSTEM_DRIFT']
2026-07-03T23:23:18Z VIOLATION DNS drift threat ssh.github.com: ['TRUTH_DNS_DOWN', 'TRUTH_STUB_DRIFT', 'TRUTH_SYSTEM_DRIFT']
2026-07-03T23:23:19Z VIOLATION DNS drift threat github.com: ['TRUTH_DNS_DOWN', 'TRUTH_STUB_DRIFT', 'TRUTH_SYSTEM_DRIFT']
2026-07-03T23:23:20Z VIOLATION DNS drift threat api.github.com: ['TRUTH_DNS_DOWN', 'TRUTH_STUB_DRIFT', 'TRUTH_SYSTEM_DRIFT']
2026-07-03T23:23:20Z VIOLATION DNS drift threat api.github.com: ['TRUTH_DNS_DOWN', 'TRUTH_STUB_DRIFT', 'TRUTH_SYSTEM_DRIFT']
2026-07-03T23:23:20Z VIOLATION DNS drift threat github.com: ['TRUTH_DNS_DOWN']
2026-07-03T23:23:21Z VIOLATION DNS drift threat ssh.github.com: ['TRUTH_DNS_DOWN']
2026-07-03T23:23:23Z VIOLATION DNS drift threat ssh.github.com: ['TRUTH_DNS_DOWN', 'TRUTH_STUB_DRIFT', 'TRUTH_SYSTEM_DRIFT']
2026-07-03T23:23:23Z VIOLATION DNS drift threat raw.githubusercontent.com: ['TRUTH_DNS_DOWN']
2026-07-03T23:23:23Z VIOLATION DNS drift threat api.github.com: ['TRUTH_DNS_DOWN', 'TRUTH_STUB_DRIFT', 'TRUTH_SYSTEM_DRIFT']
2026-07-03T23:23:26Z VIOLATION DNS drift threat ssh.github.com: ['TRUTH_DNS_DOWN']
2026-07-03T23:23:37Z VIOLATION DNS drift threat github.com: ['TRUTH_DNS_DOWN', 'TRUTH_STUB_DRIFT', 'TRUTH_SYSTEM_DRIFT']
2026-07-03T23:23:39Z VIOLATION DNS drift threat github.com: ['TRUTH_DNS_DOWN', 'TRUTH_STUB_DRIFT', 'TRUTH_SYSTEM_DRIFT']
2026-07-03T23:23:39Z VIOLATION DNS drift threat github.com: ['TRUTH_DNS_DOWN', 'TRUTH_STUB_DRIFT', 'TRUTH_SYSTEM_DRIFT']
2026-07-03T23:23:40Z VIOLATION DNS drift threat api.github.com: ['TRUTH_DNS_DOWN']
2026-07-03T23:23:44Z VIOLATION DNS drift threat api.github.com: ['TRUTH_DNS_DOWN', 'TRUTH_STUB_DRIFT', 'TRUTH_SYSTEM_DRIFT']
2026-07-03T23:23:44Z VIOLATION DNS drift threat api.github.com: ['TRUTH_DNS_DOWN', 'TRUTH_STUB_DRIFT', 'TRUTH_SYSTEM_DRIFT']
2026-07-03T23:23:44Z VIOLATION DNS drift threat github.com: ['TRUTH_DNS_DOWN', 'TRUTH_STUB_DRIFT', 'TRUTH_SYSTEM_DRIFT']
2026-07-03T23:23:46Z VIOLATION DNS drift threat ssh.github.com: ['TRUTH_DNS_DOWN']
2026-07-03T23:23:48Z VIOLATION DNS drift threat api.github.com: ['TRUTH_DNS_DOWN', 'TRUTH_STUB_DRIFT', 'TRUTH_SYSTEM_DRIFT']
2026-07-03T23:23:49Z VIOLATION DNS drift threat github.com: ['TRUTH_DNS_DOWN', 'TRUTH_STUB_DRIFT', 'TRUTH_SYSTEM_DRIFT']
2026-07-03T23:23:53Z VIOLATION DNS drift threat github.com: ['TRUTH_DNS_DOWN']
2026-07-03T23:23:57Z VIOLATION DNS drift threat github.com: ['TRUTH_DNS_DOWN', 'TRUTH_STUB_DRIFT', 'TRUTH_SYSTEM_DRIFT']
2026-07-03T23:24:00Z VIOLATION DNS drift threat api.github.com: ['TRUTH_DNS_DOWN', 'TRUTH_STUB_DRIFT', 'TRUTH_SYSTEM_DRIFT']
2026-07-03T23:24:00Z VIOLATION DNS drift threat api.github.com: ['TRUTH_DNS_DOWN', 'TRUTH_STUB_DRIFT', 'TRUTH_SYSTEM_DRIFT']
2026-07-03T23:24:02Z VIOLATION DNS drift threat ssh.github.com: ['TRUTH_DNS_DOWN', 'TRUTH_STUB_DRIFT', 'TRUTH_SYSTEM_DRIFT']
2026-07-03T23:24:05Z VIOLATION DNS drift threat github.com: ['TRUTH_DNS_DOWN', 'TRUTH_STUB_DRIFT', 'TRUTH_SYSTEM_DRIFT']
2026-07-03T23:24:06Z VIOLATION DNS drift threat github.com: ['TRUTH_DNS_DOWN', 'TRUTH_STUB_DRIFT', 'TRUTH_SYSTEM_DRIFT']
2026-07-03T23:24:07Z VIOLATION DNS drift threat api.github.com: ['TRUTH_DNS_DOWN', 'TRUTH_STUB_DRIFT', 'TRUTH_SYSTEM_DRIFT']
2026-07-03T23:24:08Z VIOLATION DNS drift threat ssh.github.com: ['TRUTH_DNS_DOWN', 'TRUTH_STUB_DRIFT', 'TRUTH_SYSTEM_DRIFT']
2026-07-03T23:24:10Z VIOLATION DNS drift threat api.github.com: ['TRUTH_DNS_DOWN', 'TRUTH_STUB_DRIFT', 'TRUTH_SYSTEM_DRIFT']
2026-07-03T23:24:11Z VIOLATION DNS drift threat github.com: ['TRUTH_DNS_DOWN', 'TRUTH_STUB_DRIFT', 'TRUTH_SYSTEM_DRIFT']
2026-07-03T23:24:12Z VIOLATION DNS drift threat github.com: ['TRUTH_DNS_DOWN', 'TRUTH_STUB_DRIFT', 'TRUTH_SYSTEM_DRIFT']
2026-07-03T23:24:15Z VIOLATION DNS drift threat github.com: ['TRUTH_DNS_DOWN']
2026-07-03T23:24:17Z VIOLATION DNS drift threat api.github.com: ['TRUTH_DNS_DOWN', 'TRUTH_STUB_DRIFT', 'TRUTH_SYSTEM_DRIFT']
2026-07-03T23:24:17Z VIOLATION DNS drift threat api.github.com: ['TRUTH_DNS_DOWN', 'TRUTH_STUB_DRIFT', 'TRUTH_SYSTEM_DRIFT']
2026-07-03T23:24:19Z VIOLATION DNS drift threat github.com: ['TRUTH_DNS_DOWN', 'TRUTH_STUB_DRIFT', 'TRUTH_SYSTEM_DRIFT']
2026-07-03T23:24:19Z VIOLATION DNS drift threat ssh.github.com: ['TRUTH_DNS_DOWN', 'TRUTH_STUB_DRIFT', 'TRUTH_SYSTEM_DRIFT']
2026-07-03T23:24:20Z VIOLATION DNS drift threat github.com: ['TRUTH_DNS_DOWN', 'TRUTH_STUB_DRIFT', 'TRUTH_SYSTEM_DRIFT']
2026-07-03T23:24:22Z VIOLATION DNS drift threat api.github.com: ['TRUTH_DNS_DOWN', 'TRUTH_STUB_DRIFT', 'TRUTH_SYSTEM_DRIFT']
2026-07-03T23:24:23Z VIOLATION DNS drift threat api.github.com: ['TRUTH_DNS_DOWN', 'TRUTH_STUB_DRIFT', 'TRUTH_SYSTEM_DRIFT']
2026-07-03T23:24:27Z VIOLATION DNS drift threat github.com: ['TRUTH_DNS_DOWN', 'TRUTH_STUB_DRIFT', 'TRUTH_SYSTEM_DRIFT']
2026-07-03T23:24:33Z VIOLATION DNS drift threat api.github.com: ['TRUTH_DNS_DOWN', 'TRUTH_STUB_DRIFT', 'TRUTH_SYSTEM_DRIFT']
2026-07-03T23:24:36Z VIOLATION DNS drift threat github.com: ['TRUTH_DNS_DOWN']
2026-07-03T23:24:37Z VIOLATION DNS drift threat github.com: ['TRUTH_DNS_DOWN', 'TRUTH_STUB_DRIFT', 'TRUTH_SYSTEM_DRIFT']
2026-07-03T23:24:39Z VIOLATION DNS drift threat api.github.com: ['TRUTH_DNS_DOWN', 'TRUTH_STUB_DRIFT', 'TRUTH_SYSTEM_DRIFT']
2026-07-03T23:24:41Z VIOLATION DNS drift threat api.github.com: ['TRUTH_DNS_DOWN']
2026-07-03T23:24:42Z VIOLATION DNS drift threat github.com: ['TRUTH_DNS_DOWN', 'TRUTH_STUB_DRIFT', 'TRUTH_SYSTEM_DRIFT']
2026-07-03T23:24:44Z VIOLATION DNS drift threat api.github.com: ['TRUTH_DNS_DOWN', 'TRUTH_STUB_DRIFT', 'TRUTH_SYSTEM_DRIFT']
2026-07-03T23:24:46Z VIOLATION DNS drift threat github.com: ['TRUTH_DNS_DOWN', 'TRUTH_STUB_DRIFT', 'TRUTH_SYSTEM_DRIFT']
2026-07-03T23:24:47Z VIOLATION DNS drift threat ssh.github.com: ['TRUTH_DNS_DOWN']
2026-07-03T23:24:49Z VIOLATION DNS drift threat api.github.com: ['TRUTH_DNS_DOWN', 'TRUTH_STUB_DRIFT', 'TRUTH_SYSTEM_DRIFT']
2026-07-03T23:24:52Z VIOLATION DNS drift threat ssh.github.com: ['TRUTH_DNS_DOWN']
2026-07-03T23:24:52Z VIOLATION DNS drift threat github.com: ['TRUTH_DNS_DOWN', 'TRUTH_STUB_DRIFT', 'TRUTH_SYSTEM_DRIFT']
2026-07-03T23:24:55Z VIOLATION DNS drift threat github.com: ['TRUTH_DNS_DOWN', 'TRUTH_STUB_DRIFT', 'TRUTH_SYSTEM_DRIFT']
2026-07-03T23:24:55Z VIOLATION DNS drift threat api.github.com: ['TRUTH_DNS_DOWN', 'TRUTH_STUB_DRIFT', 'TRUTH_SYSTEM_DRIFT']
2026-07-03T23:24:58Z VIOLATION DNS drift threat ssh.github.com: ['TRUTH_DNS_DOWN', 'TRUTH_STUB_DRIFT', 'TRUTH_SYSTEM_DRIFT']
2026-07-03T23:24:59Z VIOLATION DNS drift threat api.github.com: ['TRUTH_DNS_DOWN', 'TRUTH_STUB_DRIFT', 'TRUTH_SYSTEM_DRIFT']
2026-07-03T23:25:00Z VIOLATION DNS drift threat github.com: ['TRUTH_DNS_DOWN']
2026-07-03T23:25:02Z VIOLATION DNS drift threat ssh.github.com: ['TRUTH_DNS_DOWN', 'TRUTH_STUB_DRIFT', 'TRUTH_SYSTEM_DRIFT']
2026-07-03T23:25:06Z VIOLATION DNS drift threat api.github.com: ['TRUTH_DNS_DOWN']
2026-07-03T23:25:06Z VIOLATION DNS drift threat github.com: ['TRUTH_DNS_DOWN', 'TRUTH_STUB_DRIFT', 'TRUTH_SYSTEM_DRIFT']
2026-07-03T23:25:06Z VIOLATION DNS drift threat github.com: ['TRUTH_DNS_DOWN', 'TRUTH_STUB_DRIFT', 'TRUTH_SYSTEM_DRIFT']
2026-07-03T23:25:07Z VIOLATION DNS drift threat ssh.github.com: ['TRUTH_DNS_DOWN', 'TRUTH_STUB_DRIFT', 'TRUTH_SYSTEM_DRIFT']
2026-07-03T23:25:09Z VIOLATION DNS drift threat github.com: ['TRUTH_DNS_DOWN']
2026-07-03T23:25:09Z VIOLATION DNS drift threat api.github.com: ['TRUTH_DNS_DOWN', 'TRUTH_STUB_DRIFT', 'TRUTH_SYSTEM_DRIFT']
2026-07-03T23:25:09Z VIOLATION DNS drift threat api.github.com: ['TRUTH_DNS_DOWN', 'TRUTH_STUB_DRIFT', 'TRUTH_SYSTEM_DRIFT']
2026-07-03T23:25:11Z VIOLATION DNS drift threat github.com: ['TRUTH_DNS_DOWN', 'TRUTH_STUB_DRIFT', 'TRUTH_SYSTEM_DRIFT']
2026-07-03T23:25:12Z VIOLATION DNS drift threat github.com: ['TRUTH_DNS_DOWN', 'TRUTH_STUB_DRIFT', 'TRUTH_SYSTEM_DRIFT']
2026-07-03T23:25:13Z VIOLATION DNS drift threat api.github.com: ['TRUTH_DNS_DOWN', 'TRUTH_STUB_DRIFT', 'TRUTH_SYSTEM_DRIFT']
2026-07-03T23:25:14Z VIOLATION DNS drift threat ssh.github.com: ['TRUTH_DNS_DOWN', 'TRUTH_STUB_DRIFT', 'TRUTH_SYSTEM_DRIFT']
2026-07-03T23:25:16Z VIOLATION DNS drift threat api.github.com: ['TRUTH_DNS_DOWN', 'TRUTH_STUB_DRIFT', 'TRUTH_SYSTEM_DRIFT']
2026-07-03T23:25:16Z VIOLATION DNS drift threat api.github.com: ['TRUTH_DNS_DOWN', 'TRUTH_STUB_DRIFT', 'TRUTH_SYSTEM_DRIFT']
2026-07-03T23:25:17Z VIOLATION DNS drift threat github.com: ['TRUTH_DNS_DOWN', 'TRUTH_STUB_DRIFT', 'TRUTH_SYSTEM_DRIFT']
2026-07-03T23:25:18Z VIOLATION DNS drift threat ssh.github.com: ['TRUTH_DNS_DOWN', 'TRUTH_STUB_DRIFT', 'TRUTH_SYSTEM_DRIFT']
2026-07-03T23:25:18Z VIOLATION DNS drift threat ssh.github.com: ['TRUTH_DNS_DOWN', 'TRUTH_STUB_DRIFT', 'TRUTH_SYSTEM_DRIFT']
2026-07-03T23:25:19Z VIOLATION DNS drift threat ssh.github.com: ['TRUTH_DNS_DOWN', 'TRUTH_STUB_DRIFT', 'TRUTH_SYSTEM_DRIFT']
2026-07-03T23:25:19Z VIOLATION DNS drift threat raw.githubusercontent.com: ['TRUTH_DNS_DOWN']
2026-07-03T23:25:19Z VIOLATION DNS drift threat api.github.com: ['TRUTH_DNS_DOWN', 'TRUTH_STUB_DRIFT', 'TRUTH_SYSTEM_DRIFT']
2026-07-03T23:25:20Z VIOLATION DNS drift threat github.com: ['TRUTH_DNS_DOWN']
2026-07-03T23:25:21Z VIOLATION DNS drift threat github.com: ['TRUTH_DNS_DOWN', 'TRUTH_STUB_DRIFT', 'TRUTH_SYSTEM_DRIFT']
2026-07-03T23:25:22Z VIOLATION DNS drift threat ssh.github.com: ['TRUTH_DNS_DOWN', 'TRUTH_STUB_DRIFT', 'TRUTH_SYSTEM_DRIFT']
2026-07-03T23:25:23Z VIOLATION DNS drift threat api.github.com: ['TRUTH_DNS_DOWN', 'TRUTH_STUB_DRIFT', 'TRUTH_SYSTEM_DRIFT']
2026-07-03T23:25:26Z VIOLATION DNS drift threat ssh.github.com: ['TRUTH_DNS_DOWN', 'TRUTH_STUB_DRIFT', 'TRUTH_SYSTEM_DRIFT']
2026-07-03T23:25:26Z VIOLATION DNS drift threat api.github.com: ['TRUTH_DNS_DOWN', 'TRUTH_STUB_DRIFT', 'TRUTH_SYSTEM_DRIFT']
2026-07-03T23:25:30Z VIOLATION DNS drift threat github.com: ['TRUTH_DNS_DOWN']
2026-07-03T23:25:31Z VIOLATION DNS drift threat github.com: ['TRUTH_DNS_DOWN', 'TRUTH_STUB_DRIFT', 'TRUTH_SYSTEM_DRIFT']
2026-07-03T23:25:32Z VIOLATION DNS drift threat github.com: ['TRUTH_DNS_DOWN', 'TRUTH_STUB_DRIFT', 'TRUTH_SYSTEM_DRIFT']
2026-07-03T23:25:34Z VIOLATION DNS drift threat api.github.com: ['TRUTH_DNS_DOWN', 'TRUTH_STUB_DRIFT', 'TRUTH_SYSTEM_DRIFT']
2026-07-03T23:25:34Z VIOLATION DNS drift threat github.com: ['TRUTH_DNS_DOWN', 'TRUTH_STUB_DRIFT', 'TRUTH_SYSTEM_DRIFT']
2026-07-03T23:25:35Z VIOLATION DNS drift threat api.github.com: ['TRUTH_DNS_DOWN', 'TRUTH_STUB_DRIFT', 'TRUTH_SYSTEM_DRIFT']
2026-07-03T23:25:37Z VIOLATION DNS drift threat api.github.com: ['TRUTH_DNS_DOWN', 'TRUTH_STUB_DRIFT', 'TRUTH_SYSTEM_DRIFT']
2026-07-03T23:25:37Z VIOLATION DNS drift threat ssh.github.com: ['TRUTH_DNS_DOWN', 'TRUTH_STUB_DRIFT', 'TRUTH_SYSTEM_DRIFT']
2026-07-03T23:25:38Z VIOLATION DNS drift threat api.github.com: ['TRUTH_DNS_DOWN']
2026-07-03T23:25:41Z VIOLATION DNS drift threat ssh.github.com: ['TRUTH_DNS_DOWN', 'TRUTH_STUB_DRIFT', 'TRUTH_SYSTEM_DRIFT']
2026-07-03T23:25:42Z VIOLATION DNS drift threat github.com: ['TRUTH_DNS_DOWN', 'TRUTH_STUB_DRIFT', 'TRUTH_SYSTEM_DRIFT']
2026-07-03T23:25:45Z VIOLATION DNS drift threat github.com: ['TRUTH_DNS_DOWN', 'TRUTH_STUB_DRIFT', 'TRUTH_SYSTEM_DRIFT']
2026-07-03T23:25:45Z VIOLATION DNS drift threat api.github.com: ['TRUTH_DNS_DOWN']
2026-07-03T23:25:50Z VIOLATION DNS drift threat github.com: ['TRUTH_DNS_DOWN', 'TRUTH_STUB_DRIFT', 'TRUTH_SYSTEM_DRIFT']
2026-07-03T23:25:51Z VIOLATION DNS drift threat api.github.com: ['TRUTH_DNS_DOWN', 'TRUTH_STUB_DRIFT', 'TRUTH_SYSTEM_DRIFT']
2026-07-03T23:25:54Z VIOLATION DNS drift threat ssh.github.com: ['TRUTH_DNS_DOWN', 'TRUTH_STUB_DRIFT', 'TRUTH_SYSTEM_DRIFT']
2026-07-03T23:25:56Z VIOLATION DNS drift threat github.com: ['TRUTH_DNS_DOWN', 'TRUTH_STUB_DRIFT', 'TRUTH_SYSTEM_DRIFT']
2026-07-03T23:25:59Z VIOLATION DNS drift threat api.github.com: ['TRUTH_DNS_DOWN', 'TRUTH_STUB_DRIFT', 'TRUTH_SYSTEM_DRIFT']
2026-07-03T23:26:02Z VIOLATION DNS drift threat github.com: ['TRUTH_DNS_DOWN', 'TRUTH_STUB_DRIFT', 'TRUTH_SYSTEM_DRIFT']
2026-07-03T23:26:06Z VIOLATION DNS drift threat github.com: ['TRUTH_DNS_DOWN', 'TRUTH_STUB_DRIFT', 'TRUTH_SYSTEM_DRIFT']
2026-07-03T23:26:06Z VIOLATION DNS drift threat api.github.com: ['TRUTH_DNS_DOWN', 'TRUTH_STUB_DRIFT', 'TRUTH_SYSTEM_DRIFT']
2026-07-03T23:26:10Z VIOLATION DNS drift threat api.github.com: ['TRUTH_DNS_DOWN', 'TRUTH_STUB_DRIFT', 'TRUTH_SYSTEM_DRIFT']
2026-07-03T23:26:10Z VIOLATION DNS drift threat ssh.github.com: ['TRUTH_DNS_DOWN', 'TRUTH_STUB_DRIFT', 'TRUTH_SYSTEM_DRIFT']
2026-07-03T23:26:12Z VIOLATION DNS drift threat github.com: ['TRUTH_DNS_DOWN', 'TRUTH_STUB_DRIFT', 'TRUTH_SYSTEM_DRIFT']
2026-07-03T23:26:12Z VIOLATION DNS drift threat ssh.github.com: ['TRUTH_DNS_DOWN', 'TRUTH_STUB_DRIFT', 'TRUTH_SYSTEM_DRIFT']
2026-07-03T23:26:16Z VIOLATION DNS drift threat api.github.com: ['TRUTH_DNS_DOWN', 'TRUTH_STUB_DRIFT', 'TRUTH_SYSTEM_DRIFT']
2026-07-03T23:26:16Z VIOLATION DNS drift threat github.com: ['TRUTH_DNS_DOWN', 'TRUTH_STUB_DRIFT', 'TRUTH_SYSTEM_DRIFT']
2026-07-03T23:26:17Z VIOLATION DNS drift threat github.com: ['TRUTH_DNS_DOWN', 'TRUTH_STUB_DRIFT', 'TRUTH_SYSTEM_DRIFT']
2026-07-03T23:26:20Z VIOLATION DNS drift threat api.github.com: ['TRUTH_DNS_DOWN', 'TRUTH_STUB_DRIFT', 'TRUTH_SYSTEM_DRIFT']
2026-07-03T23:26:21Z VIOLATION DNS drift threat api.github.com: ['TRUTH_DNS_DOWN', 'TRUTH_STUB_DRIFT', 'TRUTH_SYSTEM_DRIFT']
2026-07-03T23:26:22Z VIOLATION DNS drift threat github.com: ['TRUTH_DNS_DOWN', 'TRUTH_STUB_DRIFT', 'TRUTH_SYSTEM_DRIFT']
2026-07-03T23:26:22Z VIOLATION DNS drift threat github.com: ['TRUTH_DNS_DOWN']
2026-07-03T23:26:25Z VIOLATION DNS drift threat ssh.github.com: ['TRUTH_DNS_DOWN']
2026-07-03T23:26:26Z VIOLATION DNS drift threat api.github.com: ['TRUTH_DNS_DOWN', 'TRUTH_STUB_DRIFT', 'TRUTH_SYSTEM_DRIFT']
2026-07-03T23:26:26Z VIOLATION DNS drift threat api.github.com: ['TRUTH_DNS_DOWN', 'TRUTH_STUB_DRIFT', 'TRUTH_SYSTEM_DRIFT']
2026-07-03T23:26:28Z VIOLATION DNS drift threat ssh.github.com: ['TRUTH_DNS_DOWN', 'TRUTH_STUB_DRIFT', 'TRUTH_SYSTEM_DRIFT']
2026-07-03T23:26:34Z VIOLATION DNS drift threat github.com: ['TRUTH_DNS_DOWN', 'TRUTH_STUB_DRIFT', 'TRUTH_SYSTEM_DRIFT']
2026-07-03T23:26:35Z VIOLATION DNS drift threat github.com: ['TRUTH_DNS_DOWN', 'TRUTH_STUB_DRIFT', 'TRUTH_SYSTEM_DRIFT']
2026-07-03T23:26:35Z VIOLATION DNS drift threat github.com: ['TRUTH_DNS_DOWN', 'TRUTH_STUB_DRIFT', 'TRUTH_SYSTEM_DRIFT']
2026-07-03T23:26:36Z VIOLATION DNS drift threat github.com: ['TRUTH_DNS_DOWN', 'TRUTH_STUB_DRIFT', 'TRUTH_SYSTEM_DRIFT']
2026-07-03T23:26:37Z VIOLATION DNS drift threat api.github.com: ['TRUTH_DNS_DOWN', 'TRUTH_STUB_DRIFT', 'TRUTH_SYSTEM_DRIFT']
2026-07-03T23:26:39Z VIOLATION DNS drift threat api.github.com: ['TRUTH_DNS_DOWN', 'TRUTH_STUB_DRIFT', 'TRUTH_SYSTEM_DRIFT']
2026-07-03T23:26:39Z VIOLATION DNS drift threat api.github.com: ['TRUTH_DNS_DOWN', 'TRUTH_STUB_DRIFT', 'TRUTH_SYSTEM_DRIFT']
2026-07-03T23:26:40Z VIOLATION DNS drift threat ssh.github.com: ['TRUTH_DNS_DOWN', 'TRUTH_STUB_DRIFT', 'TRUTH_SYSTEM_DRIFT']
2026-07-03T23:26:40Z VIOLATION DNS drift threat api.github.com: ['TRUTH_DNS_DOWN', 'TRUTH_STUB_DRIFT', 'TRUTH_SYSTEM_DRIFT']
2026-07-03T23:26:41Z VIOLATION DNS drift threat ssh.github.com: ['TRUTH_DNS_DOWN', 'TRUTH_STUB_DRIFT', 'TRUTH_SYSTEM_DRIFT']
2026-07-03T23:26:48Z VIOLATION DNS drift threat github.com: ['TRUTH_DNS_DOWN', 'TRUTH_STUB_DRIFT', 'TRUTH_SYSTEM_DRIFT']
2026-07-03T23:26:50Z VIOLATION DNS drift threat github.com: ['TRUTH_DNS_DOWN', 'TRUTH_STUB_DRIFT', 'TRUTH_SYSTEM_DRIFT']
2026-07-03T23:26:50Z VIOLATION DNS drift threat github.com: ['TRUTH_DNS_DOWN', 'TRUTH_STUB_DRIFT', 'TRUTH_SYSTEM_DRIFT']
2026-07-03T23:26:51Z VIOLATION DNS drift threat api.github.com: ['TRUTH_DNS_DOWN', 'TRUTH_STUB_DRIFT', 'TRUTH_SYSTEM_DRIFT']
2026-07-03T23:26:53Z VIOLATION DNS drift threat api.github.com: ['TRUTH_DNS_DOWN', 'TRUTH_STUB_DRIFT', 'TRUTH_SYSTEM_DRIFT']
2026-07-03T23:26:54Z VIOLATION DNS drift threat github.com: ['TRUTH_DNS_DOWN']
2026-07-03T23:26:54Z VIOLATION DNS drift threat ssh.github.com: ['TRUTH_DNS_DOWN', 'TRUTH_STUB_DRIFT', 'TRUTH_SYSTEM_DRIFT']
2026-07-03T23:26:55Z VIOLATION DNS drift threat ssh.github.com: ['TRUTH_DNS_DOWN', 'TRUTH_STUB_DRIFT', 'TRUTH_SYSTEM_DRIFT']
2026-07-03T23:26:55Z VIOLATION DNS drift threat github.com: ['TRUTH_DNS_DOWN', 'TRUTH_STUB_DRIFT', 'TRUTH_SYSTEM_DRIFT']
2026-07-03T23:26:56Z VIOLATION DNS drift threat github.com: ['TRUTH_DNS_DOWN']
2026-07-03T23:26:58Z VIOLATION DNS drift threat api.github.com: ['TRUTH_DNS_DOWN', 'TRUTH_STUB_DRIFT', 'TRUTH_SYSTEM_DRIFT']
2026-07-03T23:26:59Z VIOLATION DNS drift threat api.github.com: ['TRUTH_DNS_DOWN']
2026-07-03T23:27:00Z VIOLATION DNS drift threat api.github.com: ['TRUTH_DNS_DOWN', 'TRUTH_STUB_DRIFT', 'TRUTH_SYSTEM_DRIFT']
2026-07-03T23:27:03Z VIOLATION DNS drift threat ssh.github.com: ['TRUTH_DNS_DOWN', 'TRUTH_STUB_DRIFT', 'TRUTH_SYSTEM_DRIFT']
2026-07-03T23:27:03Z VIOLATION DNS drift threat github.com: ['TRUTH_DNS_DOWN', 'TRUTH_STUB_DRIFT', 'TRUTH_SYSTEM_DRIFT']
2026-07-03T23:27:06Z VIOLATION DNS drift threat api.github.com: ['TRUTH_DNS_DOWN', 'TRUTH_STUB_DRIFT', 'TRUTH_SYSTEM_DRIFT']
2026-07-03T23:27:07Z VIOLATION DNS drift threat github.com: ['TRUTH_DNS_DOWN']
2026-07-03T23:27:08Z VIOLATION DNS drift threat ssh.github.com: ['TRUTH_DNS_DOWN', 'TRUTH_STUB_DRIFT', 'TRUTH_SYSTEM_DRIFT']
2026-07-03T23:27:09Z VIOLATION DNS drift threat api.github.com: ['TRUTH_DNS_DOWN', 'TRUTH_STUB_DRIFT', 'TRUTH_SYSTEM_DRIFT']
2026-07-03T23:27:13Z VIOLATION DNS drift threat ssh.github.com: ['TRUTH_DNS_DOWN', 'TRUTH_STUB_DRIFT', 'TRUTH_SYSTEM_DRIFT']
2026-07-03T23:27:13Z VIOLATION DNS drift threat github.com: ['TRUTH_DNS_DOWN', 'TRUTH_STUB_DRIFT', 'TRUTH_SYSTEM_DRIFT']
2026-07-03T23:27:17Z VIOLATION DNS drift threat api.github.com: ['TRUTH_DNS_DOWN', 'TRUTH_STUB_DRIFT', 'TRUTH_SYSTEM_DRIFT']
2026-07-03T23:27:19Z VIOLATION DNS drift threat github.com: ['TRUTH_DNS_DOWN', 'TRUTH_STUB_DRIFT', 'TRUTH_SYSTEM_DRIFT']
2026-07-03T23:27:20Z VIOLATION DNS drift threat ssh.github.com: ['TRUTH_DNS_DOWN', 'TRUTH_STUB_DRIFT', 'TRUTH_SYSTEM_DRIFT']
2026-07-03T23:27:22Z VIOLATION DNS drift threat api.github.com: ['TRUTH_DNS_DOWN', 'TRUTH_STUB_DRIFT', 'TRUTH_SYSTEM_DRIFT']
2026-07-03T23:27:24Z VIOLATION DNS drift threat github.com: ['TRUTH_DNS_DOWN', 'TRUTH_STUB_DRIFT', 'TRUTH_SYSTEM_DRIFT']
2026-07-03T23:27:26Z VIOLATION DNS drift threat ssh.github.com: ['TRUTH_DNS_DOWN', 'TRUTH_STUB_DRIFT', 'TRUTH_SYSTEM_DRIFT']
2026-07-03T23:27:26Z VIOLATION DNS drift threat api.github.com: ['TRUTH_DNS_DOWN', 'TRUTH_STUB_DRIFT', 'TRUTH_SYSTEM_DRIFT']
2026-07-03T23:27:28Z VIOLATION DNS drift threat github.com: ['TRUTH_DNS_DOWN', 'TRUTH_STUB_DRIFT', 'TRUTH_SYSTEM_DRIFT']
2026-07-03T23:27:29Z VIOLATION DNS drift threat ssh.github.com: ['TRUTH_DNS_DOWN', 'TRUTH_STUB_DRIFT', 'TRUTH_SYSTEM_DRIFT']
2026-07-03T23:27:31Z VIOLATION DNS drift threat api.github.com: ['TRUTH_DNS_DOWN', 'TRUTH_STUB_DRIFT', 'TRUTH_SYSTEM_DRIFT']
2026-07-03T23:27:31Z VIOLATION DNS drift threat github.com: ['TRUTH_DNS_DOWN', 'TRUTH_STUB_DRIFT', 'TRUTH_SYSTEM_DRIFT']
2026-07-03T23:27:32Z VIOLATION DNS drift threat github.com: ['TRUTH_DNS_DOWN', 'TRUTH_STUB_DRIFT', 'TRUTH_SYSTEM_DRIFT']
2026-07-03T23:27:33Z VIOLATION DNS drift threat ssh.github.com: ['TRUTH_DNS_DOWN']
2026-07-03T23:27:35Z VIOLATION DNS drift threat api.github.com: ['TRUTH_DNS_DOWN', 'TRUTH_STUB_DRIFT', 'TRUTH_SYSTEM_DRIFT']
2026-07-03T23:27:36Z VIOLATION DNS drift threat api.github.com: ['TRUTH_DNS_DOWN', 'TRUTH_STUB_DRIFT', 'TRUTH_SYSTEM_DRIFT']
2026-07-03T23:27:36Z VIOLATION DNS drift threat raw.githubusercontent.com: ['TRUTH_DNS_DOWN']
2026-07-03T23:27:37Z VIOLATION DNS drift threat github.com: ['TRUTH_DNS_DOWN', 'TRUTH_STUB_DRIFT', 'TRUTH_SYSTEM_DRIFT']
2026-07-03T23:27:39Z VIOLATION DNS drift threat github.com: ['TRUTH_DNS_DOWN', 'TRUTH_STUB_DRIFT', 'TRUTH_SYSTEM_DRIFT']
2026-07-03T23:27:40Z VIOLATION DNS drift threat api.github.com: ['TRUTH_DNS_DOWN']
2026-07-03T23:27:42Z VIOLATION DNS drift threat api.github.com: ['TRUTH_DNS_DOWN', 'TRUTH_STUB_DRIFT', 'TRUTH_SYSTEM_DRIFT']
2026-07-03T23:27:43Z VIOLATION DNS drift threat ssh.github.com: ['TRUTH_DNS_DOWN', 'TRUTH_STUB_DRIFT', 'TRUTH_SYSTEM_DRIFT']
2026-07-03T23:27:43Z VIOLATION DNS drift threat github.com: ['TRUTH_DNS_DOWN', 'TRUTH_STUB_DRIFT', 'TRUTH_SYSTEM_DRIFT']
2026-07-03T23:27:45Z VIOLATION DNS drift threat raw.githubusercontent.com: ['TRUTH_DNS_DOWN']
2026-07-03T23:27:46Z VIOLATION DNS drift threat api.github.com: ['TRUTH_DNS_DOWN', 'TRUTH_STUB_DRIFT', 'TRUTH_SYSTEM_DRIFT']
2026-07-03T23:27:49Z VIOLATION DNS drift threat github.com: ['TRUTH_DNS_DOWN', 'TRUTH_STUB_DRIFT', 'TRUTH_SYSTEM_DRIFT']
2026-07-03T23:27:49Z VIOLATION DNS drift threat github.com: ['TRUTH_DNS_DOWN', 'TRUTH_STUB_DRIFT', 'TRUTH_SYSTEM_DRIFT']
2026-07-03T23:27:50Z VIOLATION DNS drift threat github.com: ['TRUTH_DNS_DOWN', 'TRUTH_STUB_DRIFT', 'TRUTH_SYSTEM_DRIFT']
2026-07-03T23:27:51Z VIOLATION DNS drift threat github.com: ['TRUTH_DNS_DOWN', 'TRUTH_STUB_DRIFT', 'TRUTH_SYSTEM_DRIFT']
2026-07-03T23:27:52Z VIOLATION DNS drift threat api.github.com: ['TRUTH_DNS_DOWN', 'TRUTH_STUB_DRIFT', 'TRUTH_SYSTEM_DRIFT']
2026-07-03T23:27:53Z VIOLATION DNS drift threat api.github.com: ['TRUTH_DNS_DOWN', 'TRUTH_STUB_DRIFT', 'TRUTH_SYSTEM_DRIFT']
2026-07-03T23:27:53Z VIOLATION DNS drift threat api.github.com: ['TRUTH_DNS_DOWN', 'TRUTH_STUB_DRIFT', 'TRUTH_SYSTEM_DRIFT']
2026-07-03T23:27:55Z VIOLATION DNS drift threat api.github.com: ['TRUTH_DNS_DOWN', 'TRUTH_STUB_DRIFT', 'TRUTH_SYSTEM_DRIFT']
2026-07-03T23:27:56Z VIOLATION DNS drift threat ssh.github.com: ['TRUTH_DNS_DOWN', 'TRUTH_STUB_DRIFT', 'TRUTH_SYSTEM_DRIFT']
2026-07-03T23:27:57Z VIOLATION DNS drift threat ssh.github.com: ['TRUTH_DNS_DOWN', 'TRUTH_STUB_DRIFT', 'TRUTH_SYSTEM_DRIFT']
2026-07-03T23:27:57Z VIOLATION DNS drift threat ssh.github.com: ['TRUTH_DNS_DOWN', 'TRUTH_STUB_DRIFT', 'TRUTH_SYSTEM_DRIFT']
2026-07-03T23:28:03Z VIOLATION DNS drift threat github.com: ['TRUTH_DNS_DOWN', 'TRUTH_STUB_DRIFT', 'TRUTH_SYSTEM_DRIFT']
2026-07-03T23:28:03Z VIOLATION DNS drift threat github.com: ['TRUTH_DNS_DOWN', 'TRUTH_STUB_DRIFT', 'TRUTH_SYSTEM_DRIFT']
2026-07-03T23:28:05Z VIOLATION DNS drift threat api.github.com: ['TRUTH_DNS_DOWN']
2026-07-03T23:28:06Z VIOLATION DNS drift threat api.github.com: ['TRUTH_DNS_DOWN', 'TRUTH_STUB_DRIFT', 'TRUTH_SYSTEM_DRIFT']
2026-07-03T23:28:06Z VIOLATION DNS drift threat github.com: ['TRUTH_DNS_DOWN', 'TRUTH_STUB_DRIFT', 'TRUTH_SYSTEM_DRIFT']
2026-07-03T23:28:10Z VIOLATION DNS drift threat api.github.com: ['TRUTH_DNS_DOWN', 'TRUTH_STUB_DRIFT', 'TRUTH_SYSTEM_DRIFT']
2026-07-03T23:28:11Z VIOLATION DNS drift threat ssh.github.com: ['TRUTH_DNS_DOWN', 'TRUTH_STUB_DRIFT', 'TRUTH_SYSTEM_DRIFT']
2026-07-03T23:28:13Z VIOLATION DNS drift threat github.com: ['TRUTH_DNS_DOWN', 'TRUTH_STUB_DRIFT', 'TRUTH_SYSTEM_DRIFT']
2026-07-03T23:28:13Z VIOLATION DNS drift threat ssh.github.com: ['TRUTH_DNS_DOWN']
2026-07-03T23:28:16Z VIOLATION DNS drift threat github.com: ['TRUTH_DNS_DOWN']
2026-07-03T23:28:17Z VIOLATION DNS drift threat api.github.com: ['TRUTH_DNS_DOWN', 'TRUTH_STUB_DRIFT', 'TRUTH_SYSTEM_DRIFT']
2026-07-03T23:28:20Z VIOLATION DNS drift threat api.github.com: ['TRUTH_DNS_DOWN', 'TRUTH_STUB_DRIFT', 'TRUTH_SYSTEM_DRIFT']
2026-07-03T23:28:22Z VIOLATION DNS drift threat ssh.github.com: ['TRUTH_DNS_DOWN', 'TRUTH_STUB_DRIFT', 'TRUTH_SYSTEM_DRIFT']
2026-07-03T23:28:25Z VIOLATION DNS drift threat github.com: ['TRUTH_DNS_DOWN', 'TRUTH_STUB_DRIFT', 'TRUTH_SYSTEM_DRIFT']
2026-07-03T23:28:25Z VIOLATION DNS drift threat github.com: ['TRUTH_DNS_DOWN', 'TRUTH_STUB_DRIFT', 'TRUTH_SYSTEM_DRIFT']
2026-07-03T23:28:26Z VIOLATION DNS drift threat github.com: ['TRUTH_DNS_DOWN', 'TRUTH_STUB_DRIFT', 'TRUTH_SYSTEM_DRIFT']
2026-07-03T23:28:29Z VIOLATION DNS drift threat api.github.com: ['TRUTH_DNS_DOWN', 'TRUTH_STUB_DRIFT', 'TRUTH_SYSTEM_DRIFT']
2026-07-03T23:28:34Z VIOLATION DNS drift threat github.com: ['TRUTH_DNS_DOWN', 'TRUTH_STUB_DRIFT', 'TRUTH_SYSTEM_DRIFT']
2026-07-03T23:28:39Z VIOLATION DNS drift threat api.github.com: ['TRUTH_DNS_DOWN', 'TRUTH_STUB_DRIFT', 'TRUTH_SYSTEM_DRIFT']
2026-07-03T23:28:44Z VIOLATION DNS drift threat github.com: ['TRUTH_DNS_DOWN']
2026-07-03T23:28:46Z VIOLATION DNS drift threat github.com: ['TRUTH_DNS_DOWN', 'TRUTH_STUB_DRIFT', 'TRUTH_SYSTEM_DRIFT']
2026-07-03T23:28:48Z VIOLATION DNS drift threat api.github.com: ['TRUTH_DNS_DOWN', 'TRUTH_STUB_DRIFT', 'TRUTH_SYSTEM_DRIFT']
2026-07-03T23:28:49Z VIOLATION DNS drift threat github.com: ['TRUTH_DNS_DOWN', 'TRUTH_STUB_DRIFT', 'TRUTH_SYSTEM_DRIFT']
2026-07-03T23:28:49Z VIOLATION DNS drift threat api.github.com: ['TRUTH_DNS_DOWN', 'TRUTH_STUB_DRIFT', 'TRUTH_SYSTEM_DRIFT']
2026-07-03T23:28:52Z VIOLATION DNS drift threat ssh.github.com: ['TRUTH_DNS_DOWN', 'TRUTH_STUB_DRIFT', 'TRUTH_SYSTEM_DRIFT']
2026-07-03T23:28:52Z VIOLATION DNS drift threat github.com: ['TRUTH_DNS_DOWN', 'TRUTH_STUB_DRIFT', 'TRUTH_SYSTEM_DRIFT']
2026-07-03T23:28:52Z VIOLATION DNS drift threat api.github.com: ['TRUTH_DNS_DOWN', 'TRUTH_STUB_DRIFT', 'TRUTH_SYSTEM_DRIFT']
2026-07-03T23:28:54Z VIOLATION DNS drift threat api.github.com: ['TRUTH_DNS_DOWN', 'TRUTH_STUB_DRIFT', 'TRUTH_SYSTEM_DRIFT']
2026-07-03T23:28:58Z VIOLATION DNS drift threat github.com: ['TRUTH_DNS_DOWN', 'TRUTH_STUB_DRIFT', 'TRUTH_SYSTEM_DRIFT']
2026-07-03T23:28:58Z VIOLATION DNS drift threat ssh.github.com: ['TRUTH_DNS_DOWN']
2026-07-03T23:29:00Z VIOLATION DNS drift threat github.com: ['TRUTH_DNS_DOWN', 'TRUTH_STUB_DRIFT', 'TRUTH_SYSTEM_DRIFT']
2026-07-03T23:29:01Z VIOLATION DNS drift threat github.com: ['TRUTH_DNS_DOWN']
2026-07-03T23:29:02Z VIOLATION DNS drift threat api.github.com: ['TRUTH_DNS_DOWN', 'TRUTH_STUB_DRIFT', 'TRUTH_SYSTEM_DRIFT']
2026-07-03T23:29:04Z VIOLATION DNS drift threat ssh.github.com: ['TRUTH_DNS_DOWN', 'TRUTH_STUB_DRIFT', 'TRUTH_SYSTEM_DRIFT']
2026-07-03T23:29:04Z VIOLATION DNS drift threat api.github.com: ['TRUTH_DNS_DOWN', 'TRUTH_STUB_DRIFT', 'TRUTH_SYSTEM_DRIFT']
2026-07-03T23:29:05Z VIOLATION DNS drift threat api.github.com: ['TRUTH_DNS_DOWN', 'TRUTH_STUB_DRIFT', 'TRUTH_SYSTEM_DRIFT']
2026-07-03T23:29:06Z VIOLATION DNS drift threat github.com: ['TRUTH_DNS_DOWN']
2026-07-03T23:29:06Z VIOLATION DNS drift threat ssh.github.com: ['TRUTH_DNS_DOWN', 'TRUTH_STUB_DRIFT', 'TRUTH_SYSTEM_DRIFT']
2026-07-03T23:29:10Z VIOLATION DNS drift threat api.github.com: ['TRUTH_DNS_DOWN', 'TRUTH_STUB_DRIFT', 'TRUTH_SYSTEM_DRIFT']
2026-07-03T23:29:10Z VIOLATION DNS drift threat github.com: ['TRUTH_DNS_DOWN', 'TRUTH_STUB_DRIFT', 'TRUTH_SYSTEM_DRIFT']
2026-07-03T23:29:11Z VIOLATION DNS drift threat ssh.github.com: ['TRUTH_DNS_DOWN', 'TRUTH_STUB_DRIFT', 'TRUTH_SYSTEM_DRIFT']
2026-07-03T23:29:12Z VIOLATION DNS drift threat github.com: ['TRUTH_DNS_DOWN']
2026-07-03T23:29:13Z VIOLATION DNS drift threat api.github.com: ['TRUTH_DNS_DOWN', 'TRUTH_STUB_DRIFT', 'TRUTH_SYSTEM_DRIFT']
2026-07-03T23:29:13Z VIOLATION DNS drift threat github.com: ['TRUTH_DNS_DOWN']
2026-07-03T23:29:15Z VIOLATION DNS drift threat api.github.com: ['TRUTH_DNS_DOWN', 'TRUTH_STUB_DRIFT', 'TRUTH_SYSTEM_DRIFT']
2026-07-03T23:29:16Z VIOLATION DNS drift threat api.github.com: ['TRUTH_DNS_DOWN', 'TRUTH_STUB_DRIFT', 'TRUTH_SYSTEM_DRIFT']
2026-07-03T23:29:17Z VIOLATION DNS drift threat github.com: ['TRUTH_DNS_DOWN', 'TRUTH_STUB_DRIFT', 'TRUTH_SYSTEM_DRIFT']
2026-07-03T23:29:17Z VIOLATION DNS drift threat github.com: ['TRUTH_DNS_DOWN']
2026-07-03T23:29:17Z VIOLATION DNS drift threat ssh.github.com: ['TRUTH_DNS_DOWN', 'TRUTH_STUB_DRIFT', 'TRUTH_SYSTEM_DRIFT']
2026-07-03T23:29:18Z VIOLATION DNS drift threat ssh.github.com: ['TRUTH_DNS_DOWN', 'TRUTH_STUB_DRIFT', 'TRUTH_SYSTEM_DRIFT']
2026-07-03T23:29:18Z VIOLATION DNS drift threat ssh.github.com: ['TRUTH_DNS_DOWN', 'TRUTH_STUB_DRIFT', 'TRUTH_SYSTEM_DRIFT']
2026-07-03T23:29:20Z VIOLATION DNS drift threat api.github.com: ['TRUTH_DNS_DOWN']
2026-07-03T23:29:21Z VIOLATION DNS drift threat api.github.com: ['TRUTH_DNS_DOWN', 'TRUTH_STUB_DRIFT', 'TRUTH_SYSTEM_DRIFT']
2026-07-03T23:29:24Z VIOLATION DNS drift threat ssh.github.com: ['TRUTH_DNS_DOWN']
2026-07-03T23:29:27Z VIOLATION DNS drift threat github.com: ['TRUTH_DNS_DOWN', 'TRUTH_STUB_DRIFT', 'TRUTH_SYSTEM_DRIFT']
2026-07-03T23:29:28Z VIOLATION DNS drift threat api.github.com: ['TRUTH_DNS_DOWN', 'TRUTH_STUB_DRIFT', 'TRUTH_SYSTEM_DRIFT']
2026-07-03T23:29:29Z VIOLATION DNS drift threat github.com: ['TRUTH_DNS_DOWN', 'TRUTH_STUB_DRIFT', 'TRUTH_SYSTEM_DRIFT']
2026-07-03T23:29:29Z VIOLATION DNS drift threat github.com: ['TRUTH_DNS_DOWN', 'TRUTH_STUB_DRIFT', 'TRUTH_SYSTEM_DRIFT']
2026-07-03T23:29:31Z VIOLATION DNS drift threat api.github.com: ['TRUTH_DNS_DOWN', 'TRUTH_STUB_DRIFT', 'TRUTH_SYSTEM_DRIFT']
2026-07-03T23:29:31Z VIOLATION DNS drift threat github.com: ['TRUTH_DNS_DOWN', 'TRUTH_STUB_DRIFT', 'TRUTH_SYSTEM_DRIFT']
2026-07-03T23:29:32Z VIOLATION DNS drift threat github.com: ['TRUTH_DNS_DOWN', 'TRUTH_STUB_DRIFT', 'TRUTH_SYSTEM_DRIFT']
2026-07-03T23:29:32Z VIOLATION DNS drift threat ssh.github.com: ['TRUTH_DNS_DOWN', 'TRUTH_STUB_DRIFT', 'TRUTH_SYSTEM_DRIFT']
2026-07-03T23:29:34Z VIOLATION DNS drift threat api.github.com: ['TRUTH_DNS_DOWN', 'TRUTH_STUB_DRIFT', 'TRUTH_SYSTEM_DRIFT']
2026-07-03T23:29:34Z VIOLATION DNS drift threat ssh.github.com: ['TRUTH_DNS_DOWN', 'TRUTH_STUB_DRIFT', 'TRUTH_SYSTEM_DRIFT']
2026-07-03T23:29:34Z VIOLATION DNS drift threat api.github.com: ['TRUTH_DNS_DOWN', 'TRUTH_STUB_DRIFT', 'TRUTH_SYSTEM_DRIFT']
2026-07-03T23:29:36Z VIOLATION DNS drift threat api.github.com: ['TRUTH_DNS_DOWN', 'TRUTH_STUB_DRIFT', 'TRUTH_SYSTEM_DRIFT']
2026-07-03T23:29:40Z VIOLATION DNS drift threat ssh.github.com: ['TRUTH_DNS_DOWN']
2026-07-03T23:29:41Z VIOLATION DNS drift threat github.com: ['TRUTH_DNS_DOWN', 'TRUTH_STUB_DRIFT', 'TRUTH_SYSTEM_DRIFT']
2026-07-03T23:29:45Z VIOLATION DNS drift threat github.com: ['TRUTH_DNS_DOWN', 'TRUTH_STUB_DRIFT', 'TRUTH_SYSTEM_DRIFT']
2026-07-03T23:29:51Z VIOLATION DNS drift threat github.com: ['TRUTH_DNS_DOWN', 'TRUTH_STUB_DRIFT', 'TRUTH_SYSTEM_DRIFT']
2026-07-03T23:29:51Z VIOLATION DNS drift threat api.github.com: ['TRUTH_DNS_DOWN', 'TRUTH_STUB_DRIFT', 'TRUTH_SYSTEM_DRIFT']
2026-07-03T23:29:52Z VIOLATION DNS drift threat github.com: ['TRUTH_DNS_DOWN', 'TRUTH_STUB_DRIFT', 'TRUTH_SYSTEM_DRIFT']
2026-07-03T23:30:02Z VIOLATION DNS drift threat github.com: ['TRUTH_DNS_DOWN']
2026-07-03T23:30:07Z VIOLATION DNS drift threat api.github.com: ['TRUTH_DNS_DOWN']
2026-07-03T23:30:09Z VIOLATION DNS drift threat github.com: ['TRUTH_DNS_DOWN', 'TRUTH_STUB_DRIFT', 'TRUTH_SYSTEM_DRIFT']
2026-07-03T23:30:09Z VIOLATION DNS drift threat ssh.github.com: ['TRUTH_DNS_DOWN', 'TRUTH_STUB_DRIFT', 'TRUTH_SYSTEM_DRIFT']
2026-07-03T23:30:10Z VIOLATION DNS drift threat github.com: ['TRUTH_DNS_DOWN', 'TRUTH_STUB_DRIFT', 'TRUTH_SYSTEM_DRIFT']
2026-07-03T23:30:11Z VIOLATION DNS drift threat github.com: ['TRUTH_DNS_DOWN', 'TRUTH_STUB_DRIFT', 'TRUTH_SYSTEM_DRIFT']
2026-07-03T23:30:12Z VIOLATION DNS drift threat api.github.com: ['TRUTH_DNS_DOWN', 'TRUTH_STUB_DRIFT', 'TRUTH_SYSTEM_DRIFT']
2026-07-03T23:30:13Z VIOLATION DNS drift threat github.com: ['TRUTH_DNS_DOWN', 'TRUTH_STUB_DRIFT']
2026-07-03T23:30:15Z VIOLATION DNS drift threat api.github.com: ['TRUTH_DNS_DOWN', 'TRUTH_STUB_DRIFT', 'TRUTH_SYSTEM_DRIFT']
2026-07-03T23:30:15Z VIOLATION DNS drift threat ssh.github.com: ['TRUTH_DNS_DOWN', 'TRUTH_STUB_DRIFT', 'TRUTH_SYSTEM_DRIFT']
2026-07-03T23:30:16Z VIOLATION DNS drift threat api.github.com: ['TRUTH_DNS_DOWN', 'TRUTH_STUB_DRIFT', 'TRUTH_SYSTEM_DRIFT']
2026-07-03T23:30:17Z VIOLATION DNS drift threat raw.githubusercontent.com: ['TRUTH_DNS_DOWN']
2026-07-03T23:30:22Z VIOLATION DNS drift threat github.com: ['TRUTH_DNS_DOWN', 'TRUTH_STUB_DRIFT', 'TRUTH_SYSTEM_DRIFT']
2026-07-03T23:30:24Z VIOLATION DNS drift threat github.com: ['TRUTH_DNS_DOWN', 'TRUTH_STUB_DRIFT', 'TRUTH_SYSTEM_DRIFT']
2026-07-03T23:30:25Z VIOLATION DNS drift threat github.com: ['TRUTH_DNS_DOWN', 'TRUTH_STUB_DRIFT', 'TRUTH_SYSTEM_DRIFT']
2026-07-03T23:30:26Z VIOLATION DNS drift threat api.github.com: ['TRUTH_DNS_DOWN', 'TRUTH_STUB_DRIFT', 'TRUTH_SYSTEM_DRIFT']
2026-07-03T23:30:27Z VIOLATION DNS drift threat api.github.com: ['TRUTH_DNS_DOWN', 'TRUTH_STUB_DRIFT', 'TRUTH_SYSTEM_DRIFT']
2026-07-03T23:30:27Z VIOLATION DNS drift threat api.github.com: ['TRUTH_DNS_DOWN', 'TRUTH_STUB_DRIFT', 'TRUTH_SYSTEM_DRIFT']
2026-07-03T23:30:28Z VIOLATION DNS drift threat github.com: ['TRUTH_DNS_DOWN', 'TRUTH_STUB_DRIFT', 'TRUTH_SYSTEM_DRIFT']
2026-07-03T23:30:30Z VIOLATION DNS drift threat ssh.github.com: ['TRUTH_DNS_DOWN', 'TRUTH_STUB_DRIFT', 'TRUTH_SYSTEM_DRIFT']
2026-07-03T23:30:31Z VIOLATION DNS drift threat ssh.github.com: ['TRUTH_DNS_DOWN', 'TRUTH_STUB_DRIFT', 'TRUTH_SYSTEM_DRIFT']
2026-07-03T23:30:31Z VIOLATION DNS drift threat github.com: ['TRUTH_DNS_DOWN', 'TRUTH_STUB_DRIFT', 'TRUTH_SYSTEM_DRIFT']
2026-07-03T23:30:32Z VIOLATION DNS drift threat api.github.com: ['TRUTH_DNS_DOWN', 'TRUTH_STUB_DRIFT', 'TRUTH_SYSTEM_DRIFT']
2026-07-03T23:30:35Z VIOLATION DNS drift threat api.github.com: ['TRUTH_DNS_DOWN']
2026-07-03T23:30:37Z VIOLATION DNS drift threat ssh.github.com: ['TRUTH_DNS_DOWN', 'TRUTH_STUB_DRIFT', 'TRUTH_SYSTEM_DRIFT']
2026-07-03T23:30:39Z VIOLATION DNS drift threat github.com: ['TRUTH_DNS_DOWN']
2026-07-03T23:30:39Z VIOLATION DNS drift threat github.com: ['TRUTH_DNS_DOWN', 'TRUTH_STUB_DRIFT', 'TRUTH_SYSTEM_DRIFT']
2026-07-03T23:30:41Z VIOLATION DNS drift threat github.com: ['TRUTH_DNS_DOWN', 'TRUTH_STUB_DRIFT', 'TRUTH_SYSTEM_DRIFT']
2026-07-03T23:30:42Z VIOLATION DNS drift threat api.github.com: ['TRUTH_DNS_DOWN', 'TRUTH_STUB_DRIFT', 'TRUTH_SYSTEM_DRIFT']
2026-07-03T23:30:42Z VIOLATION DNS drift threat api.github.com: ['TRUTH_DNS_DOWN', 'TRUTH_STUB_DRIFT', 'TRUTH_SYSTEM_DRIFT']
2026-07-03T23:30:43Z VIOLATION DNS drift threat github.com: ['TRUTH_DNS_DOWN', 'TRUTH_STUB_DRIFT', 'TRUTH_SYSTEM_DRIFT']
2026-07-03T23:30:44Z VIOLATION DNS drift threat api.github.com: ['TRUTH_DNS_DOWN', 'TRUTH_STUB_DRIFT', 'TRUTH_SYSTEM_DRIFT']
2026-07-03T23:30:44Z VIOLATION DNS drift threat api.github.com: ['TRUTH_DNS_DOWN']
2026-07-03T23:30:45Z VIOLATION DNS drift threat github.com: ['TRUTH_DNS_DOWN', 'TRUTH_STUB_DRIFT', 'TRUTH_SYSTEM_DRIFT']
2026-07-03T23:30:45Z VIOLATION DNS drift threat ssh.github.com: ['TRUTH_DNS_DOWN', 'TRUTH_STUB_DRIFT', 'TRUTH_SYSTEM_DRIFT']
2026-07-03T23:30:47Z VIOLATION DNS drift threat ssh.github.com: ['TRUTH_DNS_DOWN', 'TRUTH_STUB_DRIFT', 'TRUTH_SYSTEM_DRIFT']
2026-07-03T23:30:47Z VIOLATION DNS drift threat ssh.github.com: ['TRUTH_DNS_DOWN', 'TRUTH_STUB_DRIFT', 'TRUTH_SYSTEM_DRIFT']
2026-07-03T23:30:49Z VIOLATION DNS drift threat api.github.com: ['TRUTH_DNS_DOWN', 'TRUTH_STUB_DRIFT', 'TRUTH_SYSTEM_DRIFT']
2026-07-03T23:30:49Z VIOLATION DNS drift threat raw.githubusercontent.com: ['TRUTH_DNS_DOWN']
2026-07-03T23:30:51Z VIOLATION DNS drift threat raw.githubusercontent.com: ['TRUTH_DNS_DOWN']
2026-07-03T23:30:52Z VIOLATION DNS drift threat ssh.github.com: ['TRUTH_DNS_DOWN', 'TRUTH_STUB_DRIFT', 'TRUTH_SYSTEM_DRIFT']
2026-07-03T23:30:53Z VIOLATION DNS drift threat github.com: ['TRUTH_DNS_DOWN']
2026-07-03T23:30:57Z VIOLATION DNS drift threat github.com: ['TRUTH_DNS_DOWN', 'TRUTH_STUB_DRIFT', 'TRUTH_SYSTEM_DRIFT']
2026-07-03T23:30:58Z VIOLATION DNS drift threat github.com: ['TRUTH_DNS_DOWN', 'TRUTH_STUB_DRIFT', 'TRUTH_SYSTEM_DRIFT']
2026-07-03T23:30:58Z VIOLATION DNS drift threat api.github.com: ['TRUTH_DNS_DOWN', 'TRUTH_STUB_DRIFT', 'TRUTH_SYSTEM_DRIFT']
2026-07-03T23:30:59Z VIOLATION DNS drift threat github.com: ['TRUTH_DNS_DOWN', 'TRUTH_STUB_DRIFT', 'TRUTH_SYSTEM_DRIFT']
2026-07-03T23:31:00Z VIOLATION DNS drift threat api.github.com: ['TRUTH_DNS_DOWN', 'TRUTH_STUB_DRIFT', 'TRUTH_SYSTEM_DRIFT']
2026-07-03T23:31:02Z VIOLATION DNS drift threat api.github.com: ['TRUTH_DNS_DOWN']
2026-07-03T23:31:03Z VIOLATION DNS drift threat api.github.com: ['TRUTH_DNS_DOWN', 'TRUTH_STUB_DRIFT', 'TRUTH_SYSTEM_DRIFT']
2026-07-03T23:31:04Z VIOLATION DNS drift threat ssh.github.com: ['TRUTH_DNS_DOWN']
2026-07-03T23:31:05Z VIOLATION DNS drift threat ssh.github.com: ['TRUTH_DNS_DOWN', 'TRUTH_STUB_DRIFT', 'TRUTH_SYSTEM_DRIFT']
2026-07-03T23:31:08Z VIOLATION DNS drift threat github.com: ['TRUTH_DNS_DOWN', 'TRUTH_STUB_DRIFT', 'TRUTH_SYSTEM_DRIFT']
2026-07-03T23:31:12Z VIOLATION DNS drift threat api.github.com: ['TRUTH_DNS_DOWN', 'TRUTH_STUB_DRIFT', 'TRUTH_SYSTEM_DRIFT']
2026-07-03T23:31:12Z VIOLATION DNS drift threat github.com: ['TRUTH_DNS_DOWN', 'TRUTH_STUB_DRIFT', 'TRUTH_SYSTEM_DRIFT']
2026-07-03T23:31:13Z VIOLATION DNS drift threat github.com: ['TRUTH_DNS_DOWN', 'TRUTH_STUB_DRIFT', 'TRUTH_SYSTEM_DRIFT']
2026-07-03T23:31:16Z VIOLATION DNS drift threat github.com: ['TRUTH_DNS_DOWN']
2026-07-03T23:31:18Z VIOLATION DNS drift threat api.github.com: ['TRUTH_DNS_DOWN', 'TRUTH_STUB_DRIFT', 'TRUTH_SYSTEM_DRIFT']
2026-07-03T23:31:20Z VIOLATION DNS drift threat api.github.com: ['TRUTH_DNS_DOWN']
2026-07-03T23:31:25Z VIOLATION DNS drift threat ssh.github.com: ['TRUTH_DNS_DOWN', 'TRUTH_STUB_DRIFT', 'TRUTH_SYSTEM_DRIFT']
2026-07-03T23:31:26Z VIOLATION DNS drift threat github.com: ['TRUTH_DNS_DOWN', 'TRUTH_STUB_DRIFT', 'TRUTH_SYSTEM_DRIFT']
2026-07-03T23:31:27Z VIOLATION DNS drift threat github.com: ['TRUTH_DNS_DOWN', 'TRUTH_STUB_DRIFT', 'TRUTH_SYSTEM_DRIFT']
2026-07-03T23:31:29Z VIOLATION DNS drift threat github.com: ['TRUTH_DNS_DOWN']
2026-07-03T23:31:30Z VIOLATION DNS drift threat api.github.com: ['TRUTH_DNS_DOWN', 'TRUTH_STUB_DRIFT', 'TRUTH_SYSTEM_DRIFT']
2026-07-03T23:31:30Z VIOLATION DNS drift threat raw.githubusercontent.com: ['TRUTH_DNS_DOWN']
2026-07-03T23:31:35Z VIOLATION DNS drift threat api.github.com: ['TRUTH_DNS_DOWN']
2026-07-03T23:31:39Z VIOLATION DNS drift threat github.com: ['TRUTH_DNS_DOWN', 'TRUTH_STUB_DRIFT', 'TRUTH_SYSTEM_DRIFT']
2026-07-03T23:31:43Z VIOLATION DNS drift threat api.github.com: ['TRUTH_DNS_DOWN']
2026-07-03T23:31:44Z VIOLATION DNS drift threat github.com: ['TRUTH_DNS_DOWN', 'TRUTH_STUB_DRIFT', 'TRUTH_SYSTEM_DRIFT']
2026-07-03T23:31:44Z VIOLATION DNS drift threat github.com: ['TRUTH_DNS_DOWN', 'TRUTH_STUB_DRIFT', 'TRUTH_SYSTEM_DRIFT']
2026-07-03T23:31:50Z VIOLATION DNS drift threat github.com: ['TRUTH_DNS_DOWN', 'TRUTH_STUB_DRIFT', 'TRUTH_SYSTEM_DRIFT']
2026-07-03T23:31:50Z VIOLATION DNS drift threat api.github.com: ['TRUTH_DNS_DOWN', 'TRUTH_STUB_DRIFT', 'TRUTH_SYSTEM_DRIFT']
2026-07-03T23:31:51Z VIOLATION DNS drift threat api.github.com: ['TRUTH_DNS_DOWN', 'TRUTH_STUB_DRIFT', 'TRUTH_SYSTEM_DRIFT']
2026-07-03T23:31:51Z VIOLATION DNS drift threat github.com: ['TRUTH_DNS_DOWN']
2026-07-03T23:31:53Z VIOLATION DNS drift threat github.com: ['TRUTH_DNS_DOWN', 'TRUTH_STUB_DRIFT', 'TRUTH_SYSTEM_DRIFT']
2026-07-03T23:31:53Z VIOLATION DNS drift threat api.github.com: ['TRUTH_DNS_DOWN', 'TRUTH_STUB_DRIFT', 'TRUTH_SYSTEM_DRIFT']
2026-07-03T23:31:57Z VIOLATION DNS drift threat github.com: ['TRUTH_DNS_DOWN', 'TRUTH_STUB_DRIFT', 'TRUTH_SYSTEM_DRIFT']
2026-07-03T23:31:58Z VIOLATION DNS drift threat api.github.com: ['TRUTH_DNS_DOWN', 'TRUTH_STUB_DRIFT', 'TRUTH_SYSTEM_DRIFT']
2026-07-03T23:31:58Z VIOLATION DNS drift threat github.com: ['TRUTH_DNS_DOWN', 'TRUTH_STUB_DRIFT', 'TRUTH_SYSTEM_DRIFT']
2026-07-03T23:31:59Z VIOLATION DNS drift threat ssh.github.com: ['TRUTH_DNS_DOWN', 'TRUTH_STUB_DRIFT', 'TRUTH_SYSTEM_DRIFT']
2026-07-03T23:31:59Z VIOLATION DNS drift threat github.com: ['TRUTH_DNS_DOWN', 'TRUTH_STUB_DRIFT', 'TRUTH_SYSTEM_DRIFT']
2026-07-03T23:32:00Z VIOLATION DNS drift threat github.com: ['TRUTH_DNS_DOWN', 'TRUTH_STUB_DRIFT', 'TRUTH_SYSTEM_DRIFT']
2026-07-03T23:32:01Z VIOLATION DNS drift threat api.github.com: ['TRUTH_DNS_DOWN', 'TRUTH_STUB_DRIFT', 'TRUTH_SYSTEM_DRIFT']
2026-07-03T23:32:01Z VIOLATION DNS drift threat api.github.com: ['TRUTH_DNS_DOWN', 'TRUTH_STUB_DRIFT', 'TRUTH_SYSTEM_DRIFT']
2026-07-03T23:32:02Z VIOLATION DNS drift threat api.github.com: ['TRUTH_DNS_DOWN', 'TRUTH_STUB_DRIFT', 'TRUTH_SYSTEM_DRIFT']
2026-07-03T23:32:03Z VIOLATION DNS drift threat api.github.com: ['TRUTH_DNS_DOWN']
2026-07-03T23:32:03Z VIOLATION DNS drift threat github.com: ['TRUTH_DNS_DOWN']
2026-07-03T23:32:04Z VIOLATION DNS drift threat github.com: ['TRUTH_DNS_DOWN', 'TRUTH_STUB_DRIFT', 'TRUTH_SYSTEM_DRIFT']
2026-07-03T23:32:04Z VIOLATION DNS drift threat ssh.github.com: ['TRUTH_DNS_DOWN', 'TRUTH_STUB_DRIFT', 'TRUTH_SYSTEM_DRIFT']
2026-07-03T23:32:04Z VIOLATION DNS drift threat ssh.github.com: ['TRUTH_DNS_DOWN']
2026-07-03T23:32:06Z VIOLATION DNS drift threat api.github.com: ['TRUTH_DNS_DOWN', 'TRUTH_STUB_DRIFT', 'TRUTH_SYSTEM_DRIFT']
2026-07-03T23:32:07Z VIOLATION DNS drift threat raw.githubusercontent.com: ['TRUTH_DNS_DOWN']
2026-07-03T23:32:08Z VIOLATION DNS drift threat api.github.com: ['TRUTH_DNS_DOWN', 'TRUTH_STUB_DRIFT', 'TRUTH_SYSTEM_DRIFT']
2026-07-03T23:32:09Z VIOLATION DNS drift threat ssh.github.com: ['TRUTH_DNS_DOWN', 'TRUTH_STUB_DRIFT', 'TRUTH_SYSTEM_DRIFT']
2026-07-03T23:32:11Z VIOLATION DNS drift threat ssh.github.com: ['TRUTH_DNS_DOWN']
2026-07-03T23:32:12Z VIOLATION DNS drift threat raw.githubusercontent.com: ['TRUTH_DNS_DOWN']
2026-07-03T23:32:17Z VIOLATION DNS drift threat github.com: ['TRUTH_DNS_DOWN', 'TRUTH_STUB_DRIFT', 'TRUTH_SYSTEM_DRIFT']
2026-07-03T23:32:20Z VIOLATION DNS drift threat github.com: ['TRUTH_DNS_DOWN', 'TRUTH_STUB_DRIFT', 'TRUTH_SYSTEM_DRIFT']
2026-07-03T23:32:20Z VIOLATION DNS drift threat api.github.com: ['TRUTH_DNS_DOWN', 'TRUTH_STUB_DRIFT', 'TRUTH_SYSTEM_DRIFT']
2026-07-03T23:32:21Z VIOLATION DNS drift threat github.com: ['TRUTH_DNS_DOWN']
2026-07-03T23:32:22Z VIOLATION DNS drift threat api.github.com: ['TRUTH_DNS_DOWN', 'TRUTH_STUB_DRIFT', 'TRUTH_SYSTEM_DRIFT']
2026-07-03T23:32:23Z VIOLATION DNS drift threat api.github.com: ['TRUTH_DNS_DOWN']
2026-07-03T23:32:23Z VIOLATION DNS drift threat ssh.github.com: ['TRUTH_DNS_DOWN']
2026-07-03T23:32:26Z VIOLATION DNS drift threat ssh.github.com: ['TRUTH_DNS_DOWN', 'TRUTH_STUB_DRIFT', 'TRUTH_SYSTEM_DRIFT']
2026-07-03T23:32:26Z VIOLATION DNS drift threat ssh.github.com: ['TRUTH_DNS_DOWN']
2026-07-03T23:32:32Z VIOLATION DNS drift threat github.com: ['TRUTH_DNS_DOWN', 'TRUTH_STUB_DRIFT', 'TRUTH_SYSTEM_DRIFT']
2026-07-03T23:32:35Z VIOLATION DNS drift threat github.com: ['TRUTH_DNS_DOWN', 'TRUTH_STUB_DRIFT', 'TRUTH_SYSTEM_DRIFT']
2026-07-03T23:32:36Z VIOLATION DNS drift threat github.com: ['TRUTH_DNS_DOWN', 'TRUTH_STUB_DRIFT', 'TRUTH_SYSTEM_DRIFT']
2026-07-03T23:32:36Z VIOLATION DNS drift threat api.github.com: ['TRUTH_DNS_DOWN']
2026-07-03T23:32:38Z VIOLATION DNS drift threat github.com: ['TRUTH_DNS_DOWN', 'TRUTH_STUB_DRIFT', 'TRUTH_SYSTEM_DRIFT']
2026-07-03T23:32:38Z VIOLATION DNS drift threat github.com: ['TRUTH_DNS_DOWN', 'TRUTH_STUB_DRIFT', 'TRUTH_SYSTEM_DRIFT']
2026-07-03T23:32:38Z VIOLATION DNS drift threat api.github.com: ['TRUTH_DNS_DOWN', 'TRUTH_STUB_DRIFT', 'TRUTH_SYSTEM_DRIFT']
2026-07-03T23:32:39Z VIOLATION DNS drift threat ssh.github.com: ['TRUTH_DNS_DOWN', 'TRUTH_STUB_DRIFT', 'TRUTH_SYSTEM_DRIFT']
2026-07-03T23:32:39Z VIOLATION DNS drift threat api.github.com: ['TRUTH_DNS_DOWN', 'TRUTH_STUB_DRIFT', 'TRUTH_SYSTEM_DRIFT']
2026-07-03T23:32:41Z VIOLATION DNS drift threat api.github.com: ['TRUTH_DNS_DOWN', 'TRUTH_STUB_DRIFT', 'TRUTH_SYSTEM_DRIFT']
2026-07-03T23:32:44Z VIOLATION DNS drift threat ssh.github.com: ['TRUTH_DNS_DOWN', 'TRUTH_STUB_DRIFT', 'TRUTH_SYSTEM_DRIFT']
2026-07-03T23:32:44Z VIOLATION DNS drift threat api.github.com: ['TRUTH_DNS_DOWN', 'TRUTH_STUB_DRIFT', 'TRUTH_SYSTEM_DRIFT']
2026-07-03T23:32:45Z VIOLATION DNS drift threat ssh.github.com: ['TRUTH_DNS_DOWN', 'TRUTH_STUB_DRIFT', 'TRUTH_SYSTEM_DRIFT']
2026-07-03T23:32:48Z VIOLATION DNS drift threat github.com: ['TRUTH_DNS_DOWN', 'TRUTH_STUB_DRIFT', 'TRUTH_SYSTEM_DRIFT']
2026-07-03T23:32:52Z VIOLATION DNS drift threat api.github.com: ['TRUTH_DNS_DOWN']
2026-07-03T23:33:01Z VIOLATION DNS drift threat github.com: ['TRUTH_DNS_DOWN', 'TRUTH_STUB_DRIFT', 'TRUTH_SYSTEM_DRIFT']
2026-07-03T23:33:01Z VIOLATION DNS drift threat github.com: ['TRUTH_DNS_DOWN', 'TRUTH_STUB_DRIFT', 'TRUTH_SYSTEM_DRIFT']
2026-07-03T23:33:05Z VIOLATION DNS drift threat github.com: ['TRUTH_DNS_DOWN', 'TRUTH_STUB_DRIFT', 'TRUTH_SYSTEM_DRIFT']
2026-07-03T23:33:10Z VIOLATION DNS drift threat api.github.com: ['TRUTH_DNS_DOWN']
2026-07-03T23:33:13Z VIOLATION DNS drift threat github.com: ['TRUTH_DNS_DOWN', 'TRUTH_STUB_DRIFT', 'TRUTH_SYSTEM_DRIFT']
2026-07-03T23:33:18Z VIOLATION DNS drift threat api.github.com: ['TRUTH_DNS_DOWN', 'TRUTH_STUB_DRIFT', 'TRUTH_SYSTEM_DRIFT']
2026-07-03T23:33:20Z VIOLATION DNS drift threat github.com: ['TRUTH_DNS_DOWN', 'TRUTH_STUB_DRIFT', 'TRUTH_SYSTEM_DRIFT']
2026-07-03T23:33:22Z VIOLATION DNS drift threat github.com: ['TRUTH_DNS_DOWN']
2026-07-03T23:33:22Z VIOLATION DNS drift threat api.github.com: ['TRUTH_DNS_DOWN']
2026-07-03T23:33:22Z VIOLATION DNS drift threat github.com: ['TRUTH_DNS_DOWN']
2026-07-03T23:33:24Z VIOLATION DNS drift threat api.github.com: ['TRUTH_DNS_DOWN', 'TRUTH_STUB_DRIFT', 'TRUTH_SYSTEM_DRIFT']
2026-07-03T23:33:25Z VIOLATION DNS drift threat api.github.com: ['TRUTH_DNS_DOWN', 'TRUTH_STUB_DRIFT', 'TRUTH_SYSTEM_DRIFT']
2026-07-03T23:33:25Z VIOLATION DNS drift threat ssh.github.com: ['TRUTH_DNS_DOWN', 'TRUTH_STUB_DRIFT', 'TRUTH_SYSTEM_DRIFT']
2026-07-03T23:33:26Z VIOLATION DNS drift threat ssh.github.com: ['TRUTH_DNS_DOWN', 'TRUTH_STUB_DRIFT', 'TRUTH_SYSTEM_DRIFT']
2026-07-03T23:33:27Z VIOLATION DNS drift threat github.com: ['TRUTH_DNS_DOWN', 'TRUTH_STUB_DRIFT', 'TRUTH_SYSTEM_DRIFT']
2026-07-03T23:33:28Z VIOLATION DNS drift threat raw.githubusercontent.com: ['TRUTH_DNS_DOWN']
2026-07-03T23:33:28Z VIOLATION DNS drift threat ssh.github.com: ['TRUTH_DNS_DOWN']
2026-07-03T23:33:29Z VIOLATION DNS drift threat raw.githubusercontent.com: ['TRUTH_DNS_DOWN']
2026-07-03T23:33:30Z VIOLATION DNS drift threat github.com: ['TRUTH_DNS_DOWN', 'TRUTH_STUB_DRIFT', 'TRUTH_SYSTEM_DRIFT']
2026-07-03T23:33:30Z VIOLATION DNS drift threat github.com: ['TRUTH_DNS_DOWN', 'TRUTH_STUB_DRIFT', 'TRUTH_SYSTEM_DRIFT']
2026-07-03T23:33:30Z VIOLATION DNS drift threat github.com: ['TRUTH_DNS_DOWN', 'TRUTH_STUB_DRIFT', 'TRUTH_SYSTEM_DRIFT']
2026-07-03T23:33:31Z VIOLATION DNS drift threat api.github.com: ['TRUTH_DNS_DOWN']
2026-07-03T23:33:31Z VIOLATION DNS drift threat github.com: ['TRUTH_DNS_DOWN', 'TRUTH_STUB_DRIFT', 'TRUTH_SYSTEM_DRIFT']
2026-07-03T23:33:32Z VIOLATION DNS drift threat api.github.com: ['TRUTH_DNS_DOWN', 'TRUTH_STUB_DRIFT', 'TRUTH_SYSTEM_DRIFT']
2026-07-03T23:33:32Z VIOLATION DNS drift threat api.github.com: ['TRUTH_DNS_DOWN', 'TRUTH_STUB_DRIFT', 'TRUTH_SYSTEM_DRIFT']
2026-07-03T23:33:33Z VIOLATION DNS drift threat ssh.github.com: ['TRUTH_DNS_DOWN', 'TRUTH_STUB_DRIFT', 'TRUTH_SYSTEM_DRIFT']
2026-07-03T23:33:34Z VIOLATION DNS drift threat api.github.com: ['TRUTH_DNS_DOWN', 'TRUTH_STUB_DRIFT', 'TRUTH_SYSTEM_DRIFT']
2026-07-03T23:33:34Z VIOLATION DNS drift threat api.github.com: ['TRUTH_DNS_DOWN', 'TRUTH_STUB_DRIFT', 'TRUTH_SYSTEM_DRIFT']
2026-07-03T23:33:34Z VIOLATION DNS drift threat github.com: ['TRUTH_DNS_DOWN', 'TRUTH_STUB_DRIFT', 'TRUTH_SYSTEM_DRIFT']
2026-07-03T23:33:36Z VIOLATION DNS drift threat ssh.github.com: ['TRUTH_DNS_DOWN', 'TRUTH_STUB_DRIFT', 'TRUTH_SYSTEM_DRIFT']
2026-07-03T23:33:37Z VIOLATION DNS drift threat ssh.github.com: ['TRUTH_DNS_DOWN', 'TRUTH_STUB_DRIFT', 'TRUTH_SYSTEM_DRIFT']
2026-07-03T23:33:38Z VIOLATION DNS drift threat api.github.com: ['TRUTH_DNS_DOWN', 'TRUTH_STUB_DRIFT', 'TRUTH_SYSTEM_DRIFT']
2026-07-03T23:33:44Z VIOLATION DNS drift threat github.com: ['TRUTH_DNS_DOWN']
2026-07-03T23:33:48Z VIOLATION DNS drift threat api.github.com: ['TRUTH_DNS_DOWN', 'TRUTH_STUB_DRIFT', 'TRUTH_SYSTEM_DRIFT']
2026-07-03T23:33:49Z VIOLATION DNS drift threat github.com: ['TRUTH_DNS_DOWN']
2026-07-03T23:33:49Z VIOLATION DNS drift threat github.com: ['TRUTH_DNS_DOWN', 'TRUTH_STUB_DRIFT', 'TRUTH_SYSTEM_DRIFT']
2026-07-03T23:33:50Z VIOLATION DNS drift threat github.com: ['TRUTH_DNS_DOWN']
2026-07-03T23:33:50Z VIOLATION DNS drift threat github.com: ['TRUTH_DNS_DOWN', 'TRUTH_STUB_DRIFT', 'TRUTH_SYSTEM_DRIFT']
2026-07-03T23:33:50Z VIOLATION DNS drift threat github.com: ['TRUTH_DNS_DOWN', 'TRUTH_STUB_DRIFT', 'TRUTH_SYSTEM_DRIFT']
2026-07-03T23:33:51Z VIOLATION DNS drift threat ssh.github.com: ['TRUTH_DNS_DOWN', 'TRUTH_STUB_DRIFT', 'TRUTH_SYSTEM_DRIFT']
2026-07-03T23:33:53Z VIOLATION DNS drift threat api.github.com: ['TRUTH_DNS_DOWN', 'TRUTH_STUB_DRIFT', 'TRUTH_SYSTEM_DRIFT']
2026-07-03T23:33:53Z VIOLATION DNS drift threat api.github.com: ['TRUTH_DNS_DOWN', 'TRUTH_STUB_DRIFT', 'TRUTH_SYSTEM_DRIFT']
2026-07-03T23:33:53Z VIOLATION DNS drift threat api.github.com: ['TRUTH_DNS_DOWN', 'TRUTH_STUB_DRIFT', 'TRUTH_SYSTEM_DRIFT']
2026-07-03T23:33:54Z VIOLATION DNS drift threat github.com: ['TRUTH_DNS_DOWN']
2026-07-03T23:33:55Z VIOLATION DNS drift threat api.github.com: ['TRUTH_DNS_DOWN', 'TRUTH_STUB_DRIFT', 'TRUTH_SYSTEM_DRIFT']
2026-07-03T23:33:55Z VIOLATION DNS drift threat api.github.com: ['TRUTH_DNS_DOWN', 'TRUTH_STUB_DRIFT', 'TRUTH_SYSTEM_DRIFT']
2026-07-03T23:33:56Z VIOLATION DNS drift threat ssh.github.com: ['TRUTH_DNS_DOWN', 'TRUTH_STUB_DRIFT', 'TRUTH_SYSTEM_DRIFT']
2026-07-03T23:33:56Z VIOLATION DNS drift threat ssh.github.com: ['TRUTH_DNS_DOWN', 'TRUTH_STUB_DRIFT', 'TRUTH_SYSTEM_DRIFT']
2026-07-03T23:33:56Z VIOLATION DNS drift threat api.github.com: ['TRUTH_DNS_DOWN', 'TRUTH_STUB_DRIFT', 'TRUTH_SYSTEM_DRIFT']
2026-07-03T23:33:57Z VIOLATION DNS drift threat ssh.github.com: ['TRUTH_DNS_DOWN', 'TRUTH_STUB_DRIFT', 'TRUTH_SYSTEM_DRIFT']
2026-07-03T23:33:58Z VIOLATION DNS drift threat raw.githubusercontent.com: ['TRUTH_DNS_DOWN']
2026-07-03T23:34:00Z VIOLATION DNS drift threat ssh.github.com: ['TRUTH_DNS_DOWN', 'TRUTH_STUB_DRIFT', 'TRUTH_SYSTEM_DRIFT']
2026-07-03T23:34:08Z VIOLATION DNS drift threat github.com: ['TRUTH_DNS_DOWN', 'TRUTH_STUB_DRIFT', 'TRUTH_SYSTEM_DRIFT']
2026-07-03T23:34:11Z VIOLATION DNS drift threat github.com: ['TRUTH_DNS_DOWN']
2026-07-03T23:34:12Z VIOLATION DNS drift threat api.github.com: ['TRUTH_DNS_DOWN', 'TRUTH_STUB_DRIFT', 'TRUTH_SYSTEM_DRIFT']
2026-07-03T23:34:14Z VIOLATION DNS drift threat github.com: ['TRUTH_DNS_DOWN', 'TRUTH_STUB_DRIFT', 'TRUTH_SYSTEM_DRIFT']
2026-07-03T23:34:18Z VIOLATION DNS drift threat api.github.com: ['TRUTH_DNS_DOWN', 'TRUTH_STUB_DRIFT', 'TRUTH_SYSTEM_DRIFT']
2026-07-03T23:34:20Z VIOLATION DNS drift threat api.github.com: ['TRUTH_DNS_DOWN', 'TRUTH_STUB_DRIFT', 'TRUTH_SYSTEM_DRIFT']
2026-07-03T23:34:22Z VIOLATION DNS drift threat github.com: ['TRUTH_DNS_DOWN', 'TRUTH_STUB_DRIFT', 'TRUTH_SYSTEM_DRIFT']
2026-07-03T23:34:23Z VIOLATION DNS drift threat api.github.com: ['TRUTH_DNS_DOWN', 'TRUTH_STUB_DRIFT', 'TRUTH_SYSTEM_DRIFT']
2026-07-03T23:34:31Z VIOLATION DNS drift threat github.com: ['TRUTH_DNS_DOWN', 'TRUTH_STUB_DRIFT', 'TRUTH_SYSTEM_DRIFT']
2026-07-03T23:34:32Z VIOLATION DNS drift threat github.com: ['TRUTH_DNS_DOWN', 'TRUTH_STUB_DRIFT', 'TRUTH_SYSTEM_DRIFT']
2026-07-03T23:34:33Z VIOLATION DNS drift threat api.github.com: ['TRUTH_DNS_DOWN', 'TRUTH_STUB_DRIFT', 'TRUTH_SYSTEM_DRIFT']
2026-07-03T23:34:36Z VIOLATION DNS drift threat ssh.github.com: ['TRUTH_DNS_DOWN', 'TRUTH_STUB_DRIFT', 'TRUTH_SYSTEM_DRIFT']
2026-07-03T23:34:43Z VIOLATION DNS drift threat github.com: ['TRUTH_DNS_DOWN', 'TRUTH_STUB_DRIFT', 'TRUTH_SYSTEM_DRIFT']
2026-07-03T23:34:47Z VIOLATION DNS drift threat github.com: ['TRUTH_DNS_DOWN', 'TRUTH_STUB_DRIFT', 'TRUTH_SYSTEM_DRIFT']
2026-07-03T23:34:48Z VIOLATION DNS drift threat api.github.com: ['TRUTH_DNS_DOWN', 'TRUTH_STUB_DRIFT', 'TRUTH_SYSTEM_DRIFT']
2026-07-03T23:34:48Z VIOLATION DNS drift threat github.com: ['TRUTH_DNS_DOWN', 'TRUTH_STUB_DRIFT', 'TRUTH_SYSTEM_DRIFT']
2026-07-03T23:34:49Z VIOLATION DNS drift threat api.github.com: ['TRUTH_DNS_DOWN', 'TRUTH_STUB_DRIFT', 'TRUTH_SYSTEM_DRIFT']
2026-07-03T23:34:50Z VIOLATION DNS drift threat github.com: ['TRUTH_DNS_DOWN']
2026-07-03T23:34:51Z VIOLATION DNS drift threat api.github.com: ['TRUTH_DNS_DOWN', 'TRUTH_STUB_DRIFT', 'TRUTH_SYSTEM_DRIFT']
2026-07-03T23:34:52Z VIOLATION DNS drift threat github.com: ['TRUTH_DNS_DOWN', 'TRUTH_STUB_DRIFT', 'TRUTH_SYSTEM_DRIFT']
2026-07-03T23:34:52Z VIOLATION DNS drift threat ssh.github.com: ['TRUTH_DNS_DOWN', 'TRUTH_STUB_DRIFT', 'TRUTH_SYSTEM_DRIFT']
2026-07-03T23:34:53Z VIOLATION DNS drift threat api.github.com: ['TRUTH_DNS_DOWN', 'TRUTH_STUB_DRIFT', 'TRUTH_SYSTEM_DRIFT']
2026-07-03T23:34:53Z VIOLATION DNS drift threat github.com: ['TRUTH_DNS_DOWN']
2026-07-03T23:34:55Z VIOLATION DNS drift threat ssh.github.com: ['TRUTH_DNS_DOWN']
2026-07-03T23:34:55Z VIOLATION DNS drift threat api.github.com: ['TRUTH_DNS_DOWN', 'TRUTH_STUB_DRIFT', 'TRUTH_SYSTEM_DRIFT']
2026-07-03T23:34:55Z VIOLATION DNS drift threat ssh.github.com: ['TRUTH_DNS_DOWN', 'TRUTH_STUB_DRIFT', 'TRUTH_SYSTEM_DRIFT']
2026-07-03T23:34:56Z VIOLATION DNS drift threat github.com: ['TRUTH_DNS_DOWN', 'TRUTH_STUB_DRIFT', 'TRUTH_SYSTEM_DRIFT']
2026-07-03T23:34:57Z VIOLATION DNS drift threat api.github.com: ['TRUTH_DNS_DOWN', 'TRUTH_STUB_DRIFT', 'TRUTH_SYSTEM_DRIFT']
2026-07-03T23:34:58Z VIOLATION DNS drift threat github.com: ['TRUTH_DNS_DOWN']
2026-07-03T23:34:58Z VIOLATION DNS drift threat ssh.github.com: ['TRUTH_DNS_DOWN', 'TRUTH_STUB_DRIFT', 'TRUTH_SYSTEM_DRIFT']
2026-07-03T23:35:00Z VIOLATION DNS drift threat ssh.github.com: ['TRUTH_DNS_DOWN', 'TRUTH_STUB_DRIFT', 'TRUTH_SYSTEM_DRIFT']
2026-07-03T23:35:01Z VIOLATION DNS drift threat api.github.com: ['TRUTH_DNS_DOWN', 'TRUTH_STUB_DRIFT', 'TRUTH_SYSTEM_DRIFT']
2026-07-03T23:35:03Z VIOLATION DNS drift threat github.com: ['TRUTH_DNS_DOWN', 'TRUTH_STUB_DRIFT', 'TRUTH_SYSTEM_DRIFT']
2026-07-03T23:35:04Z VIOLATION DNS drift threat ssh.github.com: ['TRUTH_DNS_DOWN', 'TRUTH_STUB_DRIFT', 'TRUTH_SYSTEM_DRIFT']
2026-07-03T23:35:07Z VIOLATION DNS drift threat github.com: ['TRUTH_DNS_DOWN', 'TRUTH_STUB_DRIFT', 'TRUTH_SYSTEM_DRIFT']
2026-07-03T23:35:07Z VIOLATION DNS drift threat api.github.com: ['TRUTH_DNS_DOWN']
2026-07-03T23:35:10Z VIOLATION DNS drift threat github.com: ['TRUTH_DNS_DOWN', 'TRUTH_STUB_DRIFT', 'TRUTH_SYSTEM_DRIFT']
2026-07-03T23:35:11Z VIOLATION DNS drift threat github.com: ['TRUTH_DNS_DOWN', 'TRUTH_STUB_DRIFT', 'TRUTH_SYSTEM_DRIFT']
2026-07-03T23:35:11Z VIOLATION DNS drift threat ssh.github.com: ['TRUTH_DNS_DOWN', 'TRUTH_STUB_DRIFT', 'TRUTH_SYSTEM_DRIFT']
2026-07-03T23:35:11Z VIOLATION DNS drift threat github.com: ['TRUTH_DNS_DOWN', 'TRUTH_STUB_DRIFT', 'TRUTH_SYSTEM_DRIFT']
2026-07-03T23:35:12Z VIOLATION DNS drift threat api.github.com: ['TRUTH_DNS_DOWN', 'TRUTH_STUB_DRIFT', 'TRUTH_SYSTEM_DRIFT']
2026-07-03T23:35:12Z VIOLATION DNS drift threat github.com: ['TRUTH_DNS_DOWN', 'TRUTH_STUB_DRIFT', 'TRUTH_SYSTEM_DRIFT']
2026-07-03T23:35:12Z VIOLATION DNS drift threat api.github.com: ['TRUTH_DNS_DOWN', 'TRUTH_STUB_DRIFT', 'TRUTH_SYSTEM_DRIFT']
2026-07-03T23:35:12Z VIOLATION DNS drift threat api.github.com: ['TRUTH_DNS_DOWN', 'TRUTH_STUB_DRIFT', 'TRUTH_SYSTEM_DRIFT']
2026-07-03T23:35:14Z VIOLATION DNS drift threat api.github.com: ['TRUTH_DNS_DOWN', 'TRUTH_STUB_DRIFT', 'TRUTH_SYSTEM_DRIFT']
2026-07-03T23:35:14Z VIOLATION DNS drift threat github.com: ['TRUTH_DNS_DOWN', 'TRUTH_STUB_DRIFT', 'TRUTH_SYSTEM_DRIFT']
2026-07-03T23:35:16Z VIOLATION DNS drift threat ssh.github.com: ['TRUTH_DNS_DOWN', 'TRUTH_STUB_DRIFT', 'TRUTH_SYSTEM_DRIFT']
2026-07-03T23:35:16Z VIOLATION DNS drift threat api.github.com: ['TRUTH_DNS_DOWN', 'TRUTH_STUB_DRIFT', 'TRUTH_SYSTEM_DRIFT']
2026-07-03T23:35:17Z VIOLATION DNS drift threat ssh.github.com: ['TRUTH_DNS_DOWN', 'TRUTH_STUB_DRIFT', 'TRUTH_SYSTEM_DRIFT']
2026-07-03T23:35:18Z VIOLATION DNS drift threat api.github.com: ['TRUTH_DNS_DOWN']
2026-07-03T23:35:19Z VIOLATION DNS drift threat raw.githubusercontent.com: ['TRUTH_DNS_DOWN']
2026-07-03T23:35:19Z VIOLATION DNS drift threat github.com: ['TRUTH_DNS_DOWN', 'TRUTH_STUB_DRIFT', 'TRUTH_SYSTEM_DRIFT']
2026-07-03T23:35:23Z VIOLATION DNS drift threat api.github.com: ['TRUTH_DNS_DOWN', 'TRUTH_STUB_DRIFT', 'TRUTH_SYSTEM_DRIFT']
2026-07-03T23:35:29Z VIOLATION DNS drift threat github.com: ['TRUTH_DNS_DOWN', 'TRUTH_STUB_DRIFT', 'TRUTH_SYSTEM_DRIFT']
2026-07-03T23:35:32Z VIOLATION DNS drift threat github.com: ['TRUTH_DNS_DOWN', 'TRUTH_STUB_DRIFT', 'TRUTH_SYSTEM_DRIFT']
2026-07-03T23:35:32Z VIOLATION DNS drift threat github.com: ['TRUTH_DNS_DOWN', 'TRUTH_STUB_DRIFT', 'TRUTH_SYSTEM_DRIFT']
2026-07-03T23:35:33Z VIOLATION DNS drift threat api.github.com: ['TRUTH_DNS_DOWN', 'TRUTH_STUB_DRIFT', 'TRUTH_SYSTEM_DRIFT']
2026-07-03T23:35:34Z VIOLATION DNS drift threat ssh.github.com: ['TRUTH_DNS_DOWN']
2026-07-03T23:35:35Z VIOLATION DNS drift threat api.github.com: ['TRUTH_DNS_DOWN', 'TRUTH_STUB_DRIFT', 'TRUTH_SYSTEM_DRIFT']
2026-07-03T23:35:36Z VIOLATION DNS drift threat api.github.com: ['TRUTH_DNS_DOWN', 'TRUTH_STUB_DRIFT', 'TRUTH_SYSTEM_DRIFT']
2026-07-03T23:35:36Z VIOLATION DNS drift threat github.com: ['TRUTH_DNS_DOWN', 'TRUTH_STUB_DRIFT', 'TRUTH_SYSTEM_DRIFT']
2026-07-03T23:35:39Z VIOLATION DNS drift threat ssh.github.com: ['TRUTH_DNS_DOWN', 'TRUTH_STUB_DRIFT', 'TRUTH_SYSTEM_DRIFT']
2026-07-03T23:35:39Z VIOLATION DNS drift threat api.github.com: ['TRUTH_DNS_DOWN', 'TRUTH_STUB_DRIFT', 'TRUTH_SYSTEM_DRIFT']
2026-07-03T23:35:49Z VIOLATION DNS drift threat github.com: ['TRUTH_DNS_DOWN', 'TRUTH_STUB_DRIFT', 'TRUTH_SYSTEM_DRIFT']
2026-07-03T23:35:50Z VIOLATION DNS drift threat github.com: ['TRUTH_DNS_DOWN', 'TRUTH_STUB_DRIFT', 'TRUTH_SYSTEM_DRIFT']
2026-07-03T23:36:07Z VIOLATION DNS drift threat github.com: ['TRUTH_DNS_DOWN']
2026-07-03T23:36:08Z VIOLATION DNS drift threat github.com: ['TRUTH_DNS_DOWN', 'TRUTH_STUB_DRIFT', 'TRUTH_SYSTEM_DRIFT']
2026-07-03T23:36:10Z VIOLATION DNS drift threat api.github.com: ['TRUTH_DNS_DOWN', 'TRUTH_STUB_DRIFT', 'TRUTH_SYSTEM_DRIFT']
2026-07-03T23:36:14Z VIOLATION DNS drift threat github.com: ['TRUTH_DNS_DOWN', 'TRUTH_STUB_DRIFT', 'TRUTH_SYSTEM_DRIFT']
2026-07-03T23:36:14Z VIOLATION DNS drift threat ssh.github.com: ['TRUTH_DNS_DOWN', 'TRUTH_STUB_DRIFT', 'TRUTH_SYSTEM_DRIFT']
2026-07-03T23:36:17Z VIOLATION DNS drift threat api.github.com: ['TRUTH_DNS_DOWN', 'TRUTH_STUB_DRIFT', 'TRUTH_SYSTEM_DRIFT']
2026-07-03T23:36:18Z VIOLATION DNS drift threat github.com: ['TRUTH_DNS_DOWN', 'TRUTH_STUB_DRIFT', 'TRUTH_SYSTEM_DRIFT']
2026-07-03T23:36:19Z VIOLATION DNS drift threat github.com: ['TRUTH_DNS_DOWN', 'TRUTH_STUB_DRIFT', 'TRUTH_SYSTEM_DRIFT']
2026-07-03T23:36:20Z VIOLATION DNS drift threat github.com: ['TRUTH_DNS_DOWN']
2026-07-03T23:36:20Z VIOLATION DNS drift threat ssh.github.com: ['TRUTH_DNS_DOWN', 'TRUTH_STUB_DRIFT', 'TRUTH_SYSTEM_DRIFT']
2026-07-03T23:36:20Z VIOLATION DNS drift threat github.com: ['TRUTH_DNS_DOWN']
2026-07-03T23:36:20Z VIOLATION DNS drift threat github.com: ['TRUTH_DNS_DOWN', 'TRUTH_STUB_DRIFT', 'TRUTH_SYSTEM_DRIFT']
2026-07-03T23:36:21Z VIOLATION DNS drift threat api.github.com: ['TRUTH_DNS_DOWN', 'TRUTH_STUB_DRIFT', 'TRUTH_SYSTEM_DRIFT']
2026-07-03T23:36:21Z VIOLATION DNS drift threat raw.githubusercontent.com: ['TRUTH_DNS_DOWN']
2026-07-03T23:36:22Z VIOLATION DNS drift threat api.github.com: ['TRUTH_DNS_DOWN', 'TRUTH_STUB_DRIFT', 'TRUTH_SYSTEM_DRIFT']
2026-07-03T23:36:22Z VIOLATION DNS drift threat api.github.com: ['TRUTH_DNS_DOWN', 'TRUTH_STUB_DRIFT', 'TRUTH_SYSTEM_DRIFT']
2026-07-03T23:36:22Z VIOLATION DNS drift threat ssh.github.com: ['TRUTH_DNS_DOWN', 'TRUTH_STUB_DRIFT', 'TRUTH_SYSTEM_DRIFT']
2026-07-03T23:36:23Z VIOLATION DNS drift threat github.com: ['TRUTH_DNS_DOWN', 'TRUTH_STUB_DRIFT', 'TRUTH_SYSTEM_DRIFT']
2026-07-03T23:36:23Z VIOLATION DNS drift threat api.github.com: ['TRUTH_DNS_DOWN', 'TRUTH_STUB_DRIFT', 'TRUTH_SYSTEM_DRIFT']
2026-07-03T23:36:24Z VIOLATION DNS drift threat raw.githubusercontent.com: ['TRUTH_DNS_DOWN']
2026-07-03T23:36:24Z VIOLATION DNS drift threat api.github.com: ['TRUTH_DNS_DOWN', 'TRUTH_STUB_DRIFT', 'TRUTH_SYSTEM_DRIFT']
2026-07-03T23:36:26Z VIOLATION DNS drift threat ssh.github.com: ['TRUTH_DNS_DOWN', 'TRUTH_STUB_DRIFT', 'TRUTH_SYSTEM_DRIFT']
2026-07-03T23:36:26Z VIOLATION DNS drift threat github.com: ['TRUTH_DNS_DOWN', 'TRUTH_STUB_DRIFT', 'TRUTH_SYSTEM_DRIFT']
2026-07-03T23:36:27Z VIOLATION DNS drift threat api.github.com: ['TRUTH_DNS_DOWN', 'TRUTH_STUB_DRIFT', 'TRUTH_SYSTEM_DRIFT']
2026-07-03T23:36:27Z VIOLATION DNS drift threat github.com: ['TRUTH_DNS_DOWN', 'TRUTH_STUB_DRIFT', 'TRUTH_SYSTEM_DRIFT']
2026-07-03T23:36:27Z VIOLATION DNS drift threat ssh.github.com: ['TRUTH_DNS_DOWN', 'TRUTH_STUB_DRIFT', 'TRUTH_SYSTEM_DRIFT']
2026-07-03T23:36:28Z VIOLATION DNS drift threat raw.githubusercontent.com: ['TRUTH_DNS_DOWN']
2026-07-03T23:36:30Z VIOLATION DNS drift threat api.github.com: ['TRUTH_DNS_DOWN', 'TRUTH_STUB_DRIFT', 'TRUTH_SYSTEM_DRIFT']
2026-07-03T23:36:30Z VIOLATION DNS drift threat api.github.com: ['TRUTH_DNS_DOWN', 'TRUTH_STUB_DRIFT', 'TRUTH_SYSTEM_DRIFT']
2026-07-03T23:36:30Z VIOLATION DNS drift threat ssh.github.com: ['TRUTH_DNS_DOWN']
2026-07-03T23:36:33Z VIOLATION DNS drift threat ssh.github.com: ['TRUTH_DNS_DOWN', 'TRUTH_STUB_DRIFT', 'TRUTH_SYSTEM_DRIFT']
2026-07-03T23:36:39Z VIOLATION DNS drift threat github.com: ['TRUTH_DNS_DOWN']
2026-07-03T23:36:39Z VIOLATION DNS drift threat github.com: ['TRUTH_DNS_DOWN', 'TRUTH_STUB_DRIFT', 'TRUTH_SYSTEM_DRIFT']
2026-07-03T23:36:40Z VIOLATION DNS drift threat github.com: ['TRUTH_DNS_DOWN', 'TRUTH_STUB_DRIFT', 'TRUTH_SYSTEM_DRIFT']
2026-07-03T23:36:41Z VIOLATION DNS drift threat github.com: ['TRUTH_DNS_DOWN', 'TRUTH_STUB_DRIFT', 'TRUTH_SYSTEM_DRIFT']
2026-07-03T23:36:41Z VIOLATION DNS drift threat api.github.com: ['TRUTH_DNS_DOWN', 'TRUTH_STUB_DRIFT', 'TRUTH_SYSTEM_DRIFT']
2026-07-03T23:36:42Z VIOLATION DNS drift threat api.github.com: ['TRUTH_DNS_DOWN', 'TRUTH_STUB_DRIFT', 'TRUTH_SYSTEM_DRIFT']
2026-07-03T23:36:43Z VIOLATION DNS drift threat api.github.com: ['TRUTH_DNS_DOWN', 'TRUTH_STUB_DRIFT', 'TRUTH_SYSTEM_DRIFT']
2026-07-03T23:36:44Z VIOLATION DNS drift threat ssh.github.com: ['TRUTH_DNS_DOWN', 'TRUTH_STUB_DRIFT', 'TRUTH_SYSTEM_DRIFT']
2026-07-03T23:36:45Z VIOLATION DNS drift threat api.github.com: ['TRUTH_DNS_DOWN', 'TRUTH_STUB_DRIFT', 'TRUTH_SYSTEM_DRIFT']
2026-07-03T23:36:46Z VIOLATION DNS drift threat ssh.github.com: ['TRUTH_DNS_DOWN']
2026-07-03T23:36:47Z VIOLATION DNS drift threat ssh.github.com: ['TRUTH_DNS_DOWN', 'TRUTH_STUB_DRIFT', 'TRUTH_SYSTEM_DRIFT']
2026-07-03T23:36:47Z VIOLATION DNS drift threat github.com: ['TRUTH_DNS_DOWN', 'TRUTH_STUB_DRIFT', 'TRUTH_SYSTEM_DRIFT']
2026-07-03T23:36:51Z VIOLATION DNS drift threat github.com: ['TRUTH_DNS_DOWN', 'TRUTH_STUB_DRIFT', 'TRUTH_SYSTEM_DRIFT']
2026-07-03T23:36:51Z VIOLATION DNS drift threat api.github.com: ['TRUTH_DNS_DOWN', 'TRUTH_STUB_DRIFT', 'TRUTH_SYSTEM_DRIFT']
2026-07-03T23:36:54Z VIOLATION DNS drift threat api.github.com: ['TRUTH_DNS_DOWN']
2026-07-03T23:36:54Z VIOLATION DNS drift threat github.com: ['TRUTH_DNS_DOWN']
2026-07-03T23:36:55Z VIOLATION DNS drift threat github.com: ['TRUTH_DNS_DOWN', 'TRUTH_STUB_DRIFT', 'TRUTH_SYSTEM_DRIFT']
2026-07-03T23:36:56Z VIOLATION DNS drift threat github.com: ['TRUTH_DNS_DOWN']
2026-07-03T23:36:57Z VIOLATION DNS drift threat api.github.com: ['TRUTH_DNS_DOWN', 'TRUTH_STUB_DRIFT', 'TRUTH_SYSTEM_DRIFT']
2026-07-03T23:36:59Z VIOLATION DNS drift threat api.github.com: ['TRUTH_DNS_DOWN', 'TRUTH_STUB_DRIFT', 'TRUTH_SYSTEM_DRIFT']
2026-07-03T23:36:59Z VIOLATION DNS drift threat api.github.com: ['TRUTH_DNS_DOWN', 'TRUTH_STUB_DRIFT', 'TRUTH_SYSTEM_DRIFT']
2026-07-03T23:37:01Z VIOLATION DNS drift threat ssh.github.com: ['TRUTH_DNS_DOWN', 'TRUTH_STUB_DRIFT', 'TRUTH_SYSTEM_DRIFT']
2026-07-03T23:37:01Z VIOLATION DNS drift threat ssh.github.com: ['TRUTH_DNS_DOWN', 'TRUTH_STUB_DRIFT', 'TRUTH_SYSTEM_DRIFT']
2026-07-03T23:37:05Z VIOLATION DNS drift threat raw.githubusercontent.com: ['TRUTH_DNS_DOWN']
2026-07-03T23:37:10Z VIOLATION DNS drift threat github.com: ['TRUTH_DNS_DOWN', 'TRUTH_STUB_DRIFT', 'TRUTH_SYSTEM_DRIFT']
2026-07-03T23:37:16Z VIOLATION DNS drift threat api.github.com: ['TRUTH_DNS_DOWN', 'TRUTH_STUB_DRIFT', 'TRUTH_SYSTEM_DRIFT']
2026-07-03T23:37:25Z VIOLATION DNS drift threat github.com: ['TRUTH_DNS_DOWN', 'TRUTH_STUB_DRIFT', 'TRUTH_SYSTEM_DRIFT']
2026-07-03T23:37:38Z VIOLATION DNS drift threat github.com: ['TRUTH_DNS_DOWN', 'TRUTH_STUB_DRIFT', 'TRUTH_SYSTEM_DRIFT']
2026-07-03T23:37:39Z VIOLATION DNS drift threat github.com: ['TRUTH_DNS_DOWN', 'TRUTH_STUB_DRIFT', 'TRUTH_SYSTEM_DRIFT']
2026-07-03T23:37:39Z VIOLATION DNS drift threat github.com: ['TRUTH_DNS_DOWN', 'TRUTH_STUB_DRIFT', 'TRUTH_SYSTEM_DRIFT']
2026-07-03T23:37:41Z VIOLATION DNS drift threat api.github.com: ['TRUTH_DNS_DOWN', 'TRUTH_STUB_DRIFT', 'TRUTH_SYSTEM_DRIFT']
2026-07-03T23:37:41Z VIOLATION DNS drift threat github.com: ['TRUTH_DNS_DOWN', 'TRUTH_STUB_DRIFT', 'TRUTH_SYSTEM_DRIFT']
2026-07-03T23:37:41Z VIOLATION DNS drift threat api.github.com: ['TRUTH_DNS_DOWN', 'TRUTH_STUB_DRIFT', 'TRUTH_SYSTEM_DRIFT']
2026-07-03T23:37:41Z VIOLATION DNS drift threat api.github.com: ['TRUTH_DNS_DOWN']
2026-07-03T23:37:44Z VIOLATION DNS drift threat ssh.github.com: ['TRUTH_DNS_DOWN']
2026-07-03T23:37:45Z VIOLATION DNS drift threat api.github.com: ['TRUTH_DNS_DOWN', 'TRUTH_STUB_DRIFT', 'TRUTH_SYSTEM_DRIFT']
2026-07-03T23:37:45Z VIOLATION DNS drift threat ssh.github.com: ['TRUTH_DNS_DOWN', 'TRUTH_STUB_DRIFT', 'TRUTH_SYSTEM_DRIFT']
2026-07-03T23:37:45Z VIOLATION DNS drift threat github.com: ['TRUTH_DNS_DOWN', 'TRUTH_STUB_DRIFT', 'TRUTH_SYSTEM_DRIFT']
2026-07-03T23:37:46Z VIOLATION DNS drift threat github.com: ['TRUTH_DNS_DOWN', 'TRUTH_STUB_DRIFT', 'TRUTH_SYSTEM_DRIFT']
2026-07-03T23:37:47Z VIOLATION DNS drift threat github.com: ['TRUTH_DNS_DOWN', 'TRUTH_STUB_DRIFT', 'TRUTH_SYSTEM_DRIFT']
2026-07-03T23:37:47Z VIOLATION DNS drift threat raw.githubusercontent.com: ['TRUTH_DNS_DOWN']
2026-07-03T23:37:47Z VIOLATION DNS drift threat raw.githubusercontent.com: ['TRUTH_DNS_DOWN']
2026-07-03T23:37:48Z VIOLATION DNS drift threat api.github.com: ['TRUTH_DNS_DOWN', 'TRUTH_STUB_DRIFT', 'TRUTH_SYSTEM_DRIFT']
2026-07-03T23:37:48Z VIOLATION DNS drift threat github.com: ['TRUTH_DNS_DOWN', 'TRUTH_STUB_DRIFT', 'TRUTH_SYSTEM_DRIFT']
2026-07-03T23:37:49Z VIOLATION DNS drift threat api.github.com: ['TRUTH_DNS_DOWN', 'TRUTH_STUB_DRIFT', 'TRUTH_SYSTEM_DRIFT']
2026-07-03T23:37:49Z VIOLATION DNS drift threat ssh.github.com: ['TRUTH_DNS_DOWN', 'TRUTH_STUB_DRIFT', 'TRUTH_SYSTEM_DRIFT']
2026-07-03T23:37:49Z VIOLATION DNS drift threat api.github.com: ['TRUTH_DNS_DOWN', 'TRUTH_STUB_DRIFT', 'TRUTH_SYSTEM_DRIFT']
2026-07-03T23:37:50Z VIOLATION DNS drift threat github.com: ['TRUTH_DNS_DOWN', 'TRUTH_STUB_DRIFT', 'TRUTH_SYSTEM_DRIFT']
2026-07-03T23:37:51Z VIOLATION DNS drift threat github.com: ['TRUTH_DNS_DOWN', 'TRUTH_STUB_DRIFT', 'TRUTH_SYSTEM_DRIFT']
2026-07-03T23:37:51Z VIOLATION DNS drift threat ssh.github.com: ['TRUTH_DNS_DOWN', 'TRUTH_STUB_DRIFT', 'TRUTH_SYSTEM_DRIFT']
2026-07-03T23:37:52Z VIOLATION DNS drift threat api.github.com: ['TRUTH_DNS_DOWN']
2026-07-03T23:37:52Z VIOLATION DNS drift threat ssh.github.com: ['TRUTH_DNS_DOWN']
2026-07-03T23:37:52Z VIOLATION DNS drift threat github.com: ['TRUTH_DNS_DOWN', 'TRUTH_STUB_DRIFT', 'TRUTH_SYSTEM_DRIFT']
2026-07-03T23:37:54Z VIOLATION DNS drift threat api.github.com: ['TRUTH_DNS_DOWN', 'TRUTH_STUB_DRIFT', 'TRUTH_SYSTEM_DRIFT']
2026-07-03T23:37:54Z VIOLATION DNS drift threat api.github.com: ['TRUTH_DNS_DOWN']
2026-07-03T23:37:55Z VIOLATION DNS drift threat ssh.github.com: ['TRUTH_DNS_DOWN', 'TRUTH_STUB_DRIFT', 'TRUTH_SYSTEM_DRIFT']
2026-07-03T23:37:56Z VIOLATION DNS drift threat ssh.github.com: ['TRUTH_DNS_DOWN', 'TRUTH_STUB_DRIFT', 'TRUTH_SYSTEM_DRIFT']
2026-07-03T23:37:57Z VIOLATION DNS drift threat api.github.com: ['TRUTH_DNS_DOWN', 'TRUTH_STUB_DRIFT', 'TRUTH_SYSTEM_DRIFT']
2026-07-03T23:37:57Z VIOLATION DNS drift threat ssh.github.com: ['TRUTH_DNS_DOWN', 'TRUTH_STUB_DRIFT', 'TRUTH_SYSTEM_DRIFT']
2026-07-03T23:38:05Z VIOLATION DNS drift threat github.com: ['TRUTH_DNS_DOWN', 'TRUTH_STUB_DRIFT', 'TRUTH_SYSTEM_DRIFT']
2026-07-03T23:38:08Z VIOLATION DNS drift threat api.github.com: ['TRUTH_DNS_DOWN', 'TRUTH_STUB_DRIFT', 'TRUTH_SYSTEM_DRIFT']
2026-07-03T23:38:08Z VIOLATION DNS drift threat github.com: ['TRUTH_DNS_DOWN', 'TRUTH_STUB_DRIFT', 'TRUTH_SYSTEM_DRIFT']
2026-07-03T23:38:09Z VIOLATION DNS drift threat github.com: ['TRUTH_DNS_DOWN', 'TRUTH_STUB_DRIFT', 'TRUTH_SYSTEM_DRIFT']
2026-07-03T23:38:10Z VIOLATION DNS drift threat ssh.github.com: ['TRUTH_DNS_DOWN']
2026-07-03T23:38:12Z VIOLATION DNS drift threat api.github.com: ['TRUTH_DNS_DOWN']
2026-07-03T23:38:12Z VIOLATION DNS drift threat raw.githubusercontent.com: ['TRUTH_DNS_DOWN']
2026-07-03T23:38:12Z VIOLATION DNS drift threat api.github.com: ['TRUTH_DNS_DOWN', 'TRUTH_STUB_DRIFT', 'TRUTH_SYSTEM_DRIFT']
2026-07-03T23:38:14Z VIOLATION DNS drift threat ssh.github.com: ['TRUTH_DNS_DOWN', 'TRUTH_STUB_DRIFT', 'TRUTH_SYSTEM_DRIFT']
2026-07-03T23:38:15Z VIOLATION DNS drift threat ssh.github.com: ['TRUTH_DNS_DOWN', 'TRUTH_STUB_DRIFT', 'TRUTH_SYSTEM_DRIFT']
2026-07-03T23:38:17Z VIOLATION DNS drift threat github.com: ['TRUTH_DNS_DOWN', 'TRUTH_STUB_DRIFT', 'TRUTH_SYSTEM_DRIFT']
2026-07-03T23:38:18Z VIOLATION DNS drift threat github.com: ['TRUTH_DNS_DOWN', 'TRUTH_STUB_DRIFT', 'TRUTH_SYSTEM_DRIFT']
2026-07-03T23:38:19Z VIOLATION DNS drift threat github.com: ['TRUTH_DNS_DOWN', 'TRUTH_STUB_DRIFT', 'TRUTH_SYSTEM_DRIFT']
2026-07-03T23:38:20Z VIOLATION DNS drift threat github.com: ['TRUTH_DNS_DOWN', 'TRUTH_STUB_DRIFT', 'TRUTH_SYSTEM_DRIFT']
2026-07-03T23:38:21Z VIOLATION DNS drift threat api.github.com: ['TRUTH_DNS_DOWN']
2026-07-03T23:38:21Z VIOLATION DNS drift threat api.github.com: ['TRUTH_DNS_DOWN', 'TRUTH_STUB_DRIFT', 'TRUTH_SYSTEM_DRIFT']
2026-07-03T23:38:23Z VIOLATION DNS drift threat api.github.com: ['TRUTH_DNS_DOWN', 'TRUTH_STUB_DRIFT', 'TRUTH_SYSTEM_DRIFT']
2026-07-03T23:38:26Z VIOLATION DNS drift threat github.com: ['TRUTH_DNS_DOWN', 'TRUTH_STUB_DRIFT', 'TRUTH_SYSTEM_DRIFT']
2026-07-03T23:38:26Z VIOLATION DNS drift threat ssh.github.com: ['TRUTH_DNS_DOWN']
2026-07-03T23:38:28Z VIOLATION DNS drift threat api.github.com: ['TRUTH_DNS_DOWN', 'TRUTH_STUB_DRIFT', 'TRUTH_SYSTEM_DRIFT']
2026-07-03T23:38:31Z VIOLATION DNS drift threat github.com: ['TRUTH_DNS_DOWN']
2026-07-03T23:38:41Z VIOLATION DNS drift threat github.com: ['TRUTH_DNS_DOWN', 'TRUTH_STUB_DRIFT', 'TRUTH_SYSTEM_DRIFT']
2026-07-03T23:38:43Z VIOLATION DNS drift threat github.com: ['TRUTH_DNS_DOWN']
2026-07-03T23:38:45Z VIOLATION DNS drift threat api.github.com: ['TRUTH_DNS_DOWN']
2026-07-03T23:39:04Z VIOLATION DNS drift threat github.com: ['TRUTH_DNS_DOWN', 'TRUTH_STUB_DRIFT', 'TRUTH_SYSTEM_DRIFT']
2026-07-03T23:39:06Z VIOLATION DNS drift threat github.com: ['TRUTH_DNS_DOWN', 'TRUTH_STUB_DRIFT', 'TRUTH_SYSTEM_DRIFT']
2026-07-03T23:39:08Z VIOLATION DNS drift threat api.github.com: ['TRUTH_DNS_DOWN', 'TRUTH_STUB_DRIFT', 'TRUTH_SYSTEM_DRIFT']
2026-07-03T23:39:09Z VIOLATION DNS drift threat api.github.com: ['TRUTH_DNS_DOWN', 'TRUTH_STUB_DRIFT', 'TRUTH_SYSTEM_DRIFT']
2026-07-03T23:39:13Z VIOLATION DNS drift threat github.com: ['TRUTH_DNS_DOWN', 'TRUTH_STUB_DRIFT', 'TRUTH_SYSTEM_DRIFT']
2026-07-03T23:39:14Z VIOLATION DNS drift threat github.com: ['TRUTH_DNS_DOWN', 'TRUTH_STUB_DRIFT', 'TRUTH_SYSTEM_DRIFT']
2026-07-03T23:39:17Z VIOLATION DNS drift threat github.com: ['TRUTH_DNS_DOWN', 'TRUTH_STUB_DRIFT', 'TRUTH_SYSTEM_DRIFT']
2026-07-03T23:39:18Z VIOLATION DNS drift threat api.github.com: ['TRUTH_DNS_DOWN']
2026-07-03T23:39:18Z VIOLATION DNS drift threat api.github.com: ['TRUTH_DNS_DOWN']
2026-07-03T23:39:18Z VIOLATION DNS drift threat github.com: ['TRUTH_DNS_DOWN']
2026-07-03T23:39:19Z VIOLATION DNS drift threat github.com: ['TRUTH_DNS_DOWN', 'TRUTH_STUB_DRIFT', 'TRUTH_SYSTEM_DRIFT']
2026-07-03T23:39:20Z VIOLATION DNS drift threat github.com: ['TRUTH_DNS_DOWN', 'TRUTH_STUB_DRIFT', 'TRUTH_SYSTEM_DRIFT']
2026-07-03T23:39:20Z VIOLATION DNS drift threat api.github.com: ['TRUTH_DNS_DOWN', 'TRUTH_STUB_DRIFT', 'TRUTH_SYSTEM_DRIFT']
2026-07-03T23:39:20Z VIOLATION DNS drift threat github.com: ['TRUTH_DNS_DOWN', 'TRUTH_STUB_DRIFT', 'TRUTH_SYSTEM_DRIFT']
2026-07-03T23:39:21Z VIOLATION DNS drift threat api.github.com: ['TRUTH_DNS_DOWN', 'TRUTH_STUB_DRIFT', 'TRUTH_SYSTEM_DRIFT']
2026-07-03T23:39:21Z VIOLATION DNS drift threat github.com: ['TRUTH_DNS_DOWN', 'TRUTH_STUB_DRIFT', 'TRUTH_SYSTEM_DRIFT']
2026-07-03T23:39:21Z VIOLATION DNS drift threat github.com: ['TRUTH_DNS_DOWN', 'TRUTH_STUB_DRIFT', 'TRUTH_SYSTEM_DRIFT']
2026-07-03T23:39:22Z VIOLATION DNS drift threat api.github.com: ['TRUTH_DNS_DOWN', 'TRUTH_STUB_DRIFT', 'TRUTH_SYSTEM_DRIFT']
2026-07-03T23:39:23Z VIOLATION DNS drift threat api.github.com: ['TRUTH_DNS_DOWN', 'TRUTH_STUB_DRIFT', 'TRUTH_SYSTEM_DRIFT']
2026-07-03T23:39:23Z VIOLATION DNS drift threat api.github.com: ['TRUTH_DNS_DOWN']
2026-07-03T23:39:24Z VIOLATION DNS drift threat api.github.com: ['TRUTH_DNS_DOWN', 'TRUTH_STUB_DRIFT', 'TRUTH_SYSTEM_DRIFT']
2026-07-03T23:39:24Z VIOLATION DNS drift threat ssh.github.com: ['TRUTH_DNS_DOWN']
2026-07-03T23:39:24Z VIOLATION DNS drift threat api.github.com: ['TRUTH_DNS_DOWN']
2026-07-03T23:39:26Z VIOLATION DNS drift threat ssh.github.com: ['TRUTH_DNS_DOWN', 'TRUTH_STUB_DRIFT', 'TRUTH_SYSTEM_DRIFT']
2026-07-03T23:39:26Z VIOLATION DNS drift threat ssh.github.com: ['TRUTH_DNS_DOWN', 'TRUTH_STUB_DRIFT', 'TRUTH_SYSTEM_DRIFT']
2026-07-03T23:39:26Z VIOLATION DNS drift threat raw.githubusercontent.com: ['TRUTH_DNS_DOWN']
2026-07-03T23:39:27Z VIOLATION DNS drift threat ssh.github.com: ['TRUTH_DNS_DOWN', 'TRUTH_STUB_DRIFT', 'TRUTH_SYSTEM_DRIFT']
2026-07-03T23:39:32Z VIOLATION DNS drift threat github.com: ['TRUTH_DNS_DOWN', 'TRUTH_STUB_DRIFT', 'TRUTH_SYSTEM_DRIFT']
2026-07-03T23:39:35Z VIOLATION DNS drift threat api.github.com: ['TRUTH_DNS_DOWN', 'TRUTH_STUB_DRIFT', 'TRUTH_SYSTEM_DRIFT']
2026-07-03T23:39:37Z VIOLATION DNS drift threat ssh.github.com: ['TRUTH_DNS_DOWN', 'TRUTH_STUB_DRIFT', 'TRUTH_SYSTEM_DRIFT']
2026-07-03T23:39:38Z VIOLATION DNS drift threat github.com: ['TRUTH_DNS_DOWN', 'TRUTH_STUB_DRIFT', 'TRUTH_SYSTEM_DRIFT']
2026-07-03T23:39:38Z VIOLATION DNS drift threat github.com: ['TRUTH_DNS_DOWN', 'TRUTH_STUB_DRIFT', 'TRUTH_SYSTEM_DRIFT']
2026-07-03T23:39:40Z VIOLATION DNS drift threat github.com: ['TRUTH_DNS_DOWN', 'TRUTH_STUB_DRIFT', 'TRUTH_SYSTEM_DRIFT']
2026-07-03T23:39:41Z VIOLATION DNS drift threat github.com: ['TRUTH_DNS_DOWN', 'TRUTH_STUB_DRIFT', 'TRUTH_SYSTEM_DRIFT']
2026-07-03T23:39:41Z VIOLATION DNS drift threat github.com: ['TRUTH_DNS_DOWN', 'TRUTH_STUB_DRIFT', 'TRUTH_SYSTEM_DRIFT']
2026-07-03T23:39:41Z VIOLATION DNS drift threat api.github.com: ['TRUTH_DNS_DOWN', 'TRUTH_STUB_DRIFT', 'TRUTH_SYSTEM_DRIFT']
2026-07-03T23:39:42Z VIOLATION DNS drift threat api.github.com: ['TRUTH_DNS_DOWN', 'TRUTH_STUB_DRIFT', 'TRUTH_SYSTEM_DRIFT']
2026-07-03T23:39:44Z VIOLATION DNS drift threat api.github.com: ['TRUTH_DNS_DOWN', 'TRUTH_STUB_DRIFT', 'TRUTH_SYSTEM_DRIFT']
2026-07-03T23:39:45Z VIOLATION DNS drift threat api.github.com: ['TRUTH_DNS_DOWN', 'TRUTH_STUB_DRIFT', 'TRUTH_SYSTEM_DRIFT']
2026-07-03T23:39:45Z VIOLATION DNS drift threat api.github.com: ['TRUTH_DNS_DOWN', 'TRUTH_STUB_DRIFT', 'TRUTH_SYSTEM_DRIFT']
2026-07-03T23:39:46Z VIOLATION DNS drift threat ssh.github.com: ['TRUTH_DNS_DOWN', 'TRUTH_STUB_DRIFT', 'TRUTH_SYSTEM_DRIFT']
2026-07-03T23:39:47Z VIOLATION DNS drift threat github.com: ['TRUTH_DNS_DOWN', 'TRUTH_STUB_DRIFT', 'TRUTH_SYSTEM_DRIFT']
2026-07-03T23:39:49Z VIOLATION DNS drift threat ssh.github.com: ['TRUTH_DNS_DOWN', 'TRUTH_STUB_DRIFT', 'TRUTH_SYSTEM_DRIFT']
2026-07-03T23:39:51Z VIOLATION DNS drift threat api.github.com: ['TRUTH_DNS_DOWN', 'TRUTH_STUB_DRIFT', 'TRUTH_SYSTEM_DRIFT']
2026-07-03T23:39:52Z VIOLATION DNS drift threat github.com: ['TRUTH_DNS_DOWN', 'TRUTH_STUB_DRIFT', 'TRUTH_SYSTEM_DRIFT']
2026-07-03T23:39:54Z VIOLATION DNS drift threat ssh.github.com: ['TRUTH_DNS_DOWN']
2026-07-03T23:39:56Z VIOLATION DNS drift threat api.github.com: ['TRUTH_DNS_DOWN', 'TRUTH_STUB_DRIFT', 'TRUTH_SYSTEM_DRIFT']
2026-07-03T23:40:03Z VIOLATION DNS drift threat github.com: ['TRUTH_DNS_DOWN', 'TRUTH_STUB_DRIFT', 'TRUTH_SYSTEM_DRIFT']
2026-07-03T23:40:09Z VIOLATION DNS drift threat github.com: ['TRUTH_DNS_DOWN', 'TRUTH_STUB_DRIFT', 'TRUTH_SYSTEM_DRIFT']
2026-07-03T23:40:14Z VIOLATION DNS drift threat api.github.com: ['TRUTH_DNS_DOWN', 'TRUTH_STUB_DRIFT', 'TRUTH_SYSTEM_DRIFT']
2026-07-03T23:40:17Z VIOLATION DNS drift threat github.com: ['TRUTH_DNS_DOWN']
2026-07-03T23:40:22Z VIOLATION DNS drift threat api.github.com: ['TRUTH_DNS_DOWN', 'TRUTH_STUB_DRIFT', 'TRUTH_SYSTEM_DRIFT']
2026-07-03T23:40:29Z VIOLATION DNS drift threat github.com: ['TRUTH_DNS_DOWN', 'TRUTH_STUB_DRIFT', 'TRUTH_SYSTEM_DRIFT']
2026-07-03T23:40:29Z VIOLATION DNS drift threat github.com: ['TRUTH_DNS_DOWN', 'TRUTH_STUB_DRIFT', 'TRUTH_SYSTEM_DRIFT']
2026-07-03T23:40:31Z VIOLATION DNS drift threat api.github.com: ['TRUTH_DNS_DOWN']
2026-07-03T23:40:32Z VIOLATION DNS drift threat api.github.com: ['TRUTH_DNS_DOWN']
2026-07-03T23:40:34Z VIOLATION DNS drift threat github.com: ['TRUTH_DNS_DOWN', 'TRUTH_STUB_DRIFT', 'TRUTH_SYSTEM_DRIFT']
2026-07-03T23:40:34Z VIOLATION DNS drift threat ssh.github.com: ['TRUTH_DNS_DOWN', 'TRUTH_STUB_DRIFT', 'TRUTH_SYSTEM_DRIFT']
2026-07-03T23:40:35Z VIOLATION DNS drift threat github.com: ['TRUTH_DNS_DOWN', 'TRUTH_STUB_DRIFT', 'TRUTH_SYSTEM_DRIFT']
2026-07-03T23:40:35Z VIOLATION DNS drift threat github.com: ['TRUTH_DNS_DOWN', 'TRUTH_STUB_DRIFT', 'TRUTH_SYSTEM_DRIFT']
2026-07-03T23:40:37Z VIOLATION DNS drift threat github.com: ['TRUTH_DNS_DOWN', 'TRUTH_STUB_DRIFT', 'TRUTH_SYSTEM_DRIFT']
2026-07-03T23:40:37Z VIOLATION DNS drift threat github.com: ['TRUTH_DNS_DOWN']
2026-07-03T23:40:37Z VIOLATION DNS drift threat ssh.github.com: ['TRUTH_DNS_DOWN', 'TRUTH_STUB_DRIFT', 'TRUTH_SYSTEM_DRIFT']
2026-07-03T23:40:37Z VIOLATION DNS drift threat raw.githubusercontent.com: ['TRUTH_DNS_DOWN']
2026-07-03T23:40:37Z VIOLATION DNS drift threat github.com: ['TRUTH_DNS_DOWN', 'TRUTH_STUB_DRIFT', 'TRUTH_SYSTEM_DRIFT']
2026-07-03T23:40:38Z VIOLATION DNS drift threat github.com: ['TRUTH_DNS_DOWN', 'TRUTH_STUB_DRIFT', 'TRUTH_SYSTEM_DRIFT']
2026-07-03T23:40:38Z VIOLATION DNS drift threat api.github.com: ['TRUTH_DNS_DOWN', 'TRUTH_STUB_DRIFT', 'TRUTH_SYSTEM_DRIFT']
2026-07-03T23:40:38Z VIOLATION DNS drift threat api.github.com: ['TRUTH_DNS_DOWN', 'TRUTH_STUB_DRIFT', 'TRUTH_SYSTEM_DRIFT']
2026-07-03T23:40:38Z VIOLATION DNS drift threat api.github.com: ['TRUTH_DNS_DOWN', 'TRUTH_STUB_DRIFT', 'TRUTH_SYSTEM_DRIFT']
2026-07-03T23:40:40Z VIOLATION DNS drift threat api.github.com: ['TRUTH_DNS_DOWN', 'TRUTH_STUB_DRIFT', 'TRUTH_SYSTEM_DRIFT']
2026-07-03T23:40:40Z VIOLATION DNS drift threat api.github.com: ['TRUTH_DNS_DOWN', 'TRUTH_STUB_DRIFT', 'TRUTH_SYSTEM_DRIFT']
2026-07-03T23:40:41Z VIOLATION DNS drift threat ssh.github.com: ['TRUTH_DNS_DOWN', 'TRUTH_STUB_DRIFT', 'TRUTH_SYSTEM_DRIFT']
2026-07-03T23:40:41Z VIOLATION DNS drift threat api.github.com: ['TRUTH_DNS_DOWN', 'TRUTH_STUB_DRIFT', 'TRUTH_SYSTEM_DRIFT']
2026-07-03T23:40:42Z VIOLATION DNS drift threat api.github.com: ['TRUTH_DNS_DOWN', 'TRUTH_STUB_DRIFT', 'TRUTH_SYSTEM_DRIFT']
2026-07-03T23:40:42Z VIOLATION DNS drift threat ssh.github.com: ['TRUTH_DNS_DOWN']
2026-07-03T23:40:43Z VIOLATION DNS drift threat github.com: ['TRUTH_DNS_DOWN', 'TRUTH_STUB_DRIFT', 'TRUTH_SYSTEM_DRIFT']
2026-07-03T23:40:44Z VIOLATION DNS drift threat github.com: ['TRUTH_DNS_DOWN', 'TRUTH_STUB_DRIFT', 'TRUTH_SYSTEM_DRIFT']
2026-07-03T23:40:44Z VIOLATION DNS drift threat ssh.github.com: ['TRUTH_DNS_DOWN', 'TRUTH_STUB_DRIFT', 'TRUTH_SYSTEM_DRIFT']
2026-07-03T23:40:44Z VIOLATION DNS drift threat ssh.github.com: ['TRUTH_DNS_DOWN']
2026-07-03T23:40:46Z VIOLATION DNS drift threat raw.githubusercontent.com: ['TRUTH_DNS_DOWN']
2026-07-03T23:40:47Z VIOLATION DNS drift threat api.github.com: ['TRUTH_DNS_DOWN', 'TRUTH_STUB_DRIFT', 'TRUTH_SYSTEM_DRIFT']
2026-07-03T23:40:49Z VIOLATION DNS drift threat api.github.com: ['TRUTH_DNS_DOWN', 'TRUTH_STUB_DRIFT', 'TRUTH_SYSTEM_DRIFT']
2026-07-03T23:40:49Z VIOLATION DNS drift threat github.com: ['TRUTH_DNS_DOWN', 'TRUTH_STUB_DRIFT', 'TRUTH_SYSTEM_DRIFT']
2026-07-03T23:40:50Z VIOLATION DNS drift threat ssh.github.com: ['TRUTH_DNS_DOWN', 'TRUTH_STUB_DRIFT', 'TRUTH_SYSTEM_DRIFT']
2026-07-03T23:40:53Z VIOLATION DNS drift threat api.github.com: ['TRUTH_DNS_DOWN', 'TRUTH_STUB_DRIFT', 'TRUTH_SYSTEM_DRIFT']
2026-07-03T23:40:54Z VIOLATION DNS drift threat github.com: ['TRUTH_DNS_DOWN', 'TRUTH_STUB_DRIFT', 'TRUTH_SYSTEM_DRIFT']
2026-07-03T23:40:58Z VIOLATION DNS drift threat api.github.com: ['TRUTH_DNS_DOWN', 'TRUTH_STUB_DRIFT', 'TRUTH_SYSTEM_DRIFT']
2026-07-03T23:41:02Z VIOLATION DNS drift threat ssh.github.com: ['TRUTH_DNS_DOWN', 'TRUTH_STUB_DRIFT', 'TRUTH_SYSTEM_DRIFT']
2026-07-03T23:41:02Z VIOLATION DNS drift threat github.com: ['TRUTH_DNS_DOWN', 'TRUTH_STUB_DRIFT', 'TRUTH_SYSTEM_DRIFT']
2026-07-03T23:41:03Z VIOLATION DNS drift threat github.com: ['TRUTH_DNS_DOWN', 'TRUTH_STUB_DRIFT', 'TRUTH_SYSTEM_DRIFT']
2026-07-03T23:41:06Z VIOLATION DNS drift threat api.github.com: ['TRUTH_DNS_DOWN', 'TRUTH_STUB_DRIFT', 'TRUTH_SYSTEM_DRIFT']
2026-07-03T23:41:07Z VIOLATION DNS drift threat github.com: ['TRUTH_DNS_DOWN', 'TRUTH_STUB_DRIFT', 'TRUTH_SYSTEM_DRIFT']
2026-07-03T23:41:07Z VIOLATION DNS drift threat api.github.com: ['TRUTH_DNS_DOWN', 'TRUTH_STUB_DRIFT', 'TRUTH_SYSTEM_DRIFT']
2026-07-03T23:41:08Z VIOLATION DNS drift threat ssh.github.com: ['TRUTH_DNS_DOWN', 'TRUTH_STUB_DRIFT', 'TRUTH_SYSTEM_DRIFT']
2026-07-03T23:41:10Z VIOLATION DNS drift threat github.com: ['TRUTH_DNS_DOWN', 'TRUTH_STUB_DRIFT', 'TRUTH_SYSTEM_DRIFT']
2026-07-03T23:41:13Z VIOLATION DNS drift threat api.github.com: ['TRUTH_DNS_DOWN', 'TRUTH_STUB_DRIFT', 'TRUTH_SYSTEM_DRIFT']
2026-07-03T23:41:13Z VIOLATION DNS drift threat github.com: ['TRUTH_DNS_DOWN', 'TRUTH_STUB_DRIFT', 'TRUTH_SYSTEM_DRIFT']
2026-07-03T23:41:13Z VIOLATION DNS drift threat github.com: ['TRUTH_DNS_DOWN', 'TRUTH_STUB_DRIFT', 'TRUTH_SYSTEM_DRIFT']
2026-07-03T23:41:13Z VIOLATION DNS drift threat api.github.com: ['TRUTH_DNS_DOWN', 'TRUTH_STUB_DRIFT', 'TRUTH_SYSTEM_DRIFT']
2026-07-03T23:41:16Z VIOLATION DNS drift threat api.github.com: ['TRUTH_DNS_DOWN', 'TRUTH_STUB_DRIFT', 'TRUTH_SYSTEM_DRIFT']
2026-07-03T23:41:16Z VIOLATION DNS drift threat api.github.com: ['TRUTH_DNS_DOWN', 'TRUTH_STUB_DRIFT', 'TRUTH_SYSTEM_DRIFT']
2026-07-03T23:41:18Z VIOLATION DNS drift threat github.com: ['TRUTH_DNS_DOWN', 'TRUTH_STUB_DRIFT', 'TRUTH_SYSTEM_DRIFT']
2026-07-03T23:41:21Z VIOLATION DNS drift threat api.github.com: ['TRUTH_DNS_DOWN', 'TRUTH_STUB_DRIFT', 'TRUTH_SYSTEM_DRIFT']
2026-07-03T23:41:25Z VIOLATION DNS drift threat github.com: ['TRUTH_DNS_DOWN', 'TRUTH_STUB_DRIFT', 'TRUTH_SYSTEM_DRIFT']
2026-07-03T23:41:28Z VIOLATION DNS drift threat api.github.com: ['TRUTH_DNS_DOWN']
2026-07-03T23:41:30Z VIOLATION DNS drift threat github.com: ['TRUTH_DNS_DOWN', 'TRUTH_STUB_DRIFT', 'TRUTH_SYSTEM_DRIFT']
2026-07-03T23:41:32Z VIOLATION DNS drift threat ssh.github.com: ['TRUTH_DNS_DOWN', 'TRUTH_STUB_DRIFT', 'TRUTH_SYSTEM_DRIFT']
2026-07-03T23:41:40Z VIOLATION DNS drift threat github.com: ['TRUTH_DNS_DOWN', 'TRUTH_STUB_DRIFT', 'TRUTH_SYSTEM_DRIFT']
2026-07-03T23:41:58Z VIOLATION DNS drift threat github.com: ['TRUTH_DNS_DOWN', 'TRUTH_STUB_DRIFT', 'TRUTH_SYSTEM_DRIFT']
2026-07-03T23:41:59Z VIOLATION DNS drift threat api.github.com: ['TRUTH_DNS_DOWN', 'TRUTH_STUB_DRIFT', 'TRUTH_SYSTEM_DRIFT']
2026-07-03T23:42:01Z VIOLATION DNS drift threat github.com: ['TRUTH_DNS_DOWN', 'TRUTH_STUB_DRIFT', 'TRUTH_SYSTEM_DRIFT']
2026-07-03T23:42:03Z VIOLATION DNS drift threat ssh.github.com: ['TRUTH_DNS_DOWN', 'TRUTH_STUB_DRIFT', 'TRUTH_SYSTEM_DRIFT']
2026-07-03T23:42:03Z VIOLATION DNS drift threat github.com: ['TRUTH_DNS_DOWN', 'TRUTH_STUB_DRIFT', 'TRUTH_SYSTEM_DRIFT']
2026-07-03T23:42:03Z VIOLATION DNS drift threat api.github.com: ['TRUTH_DNS_DOWN']
2026-07-03T23:42:05Z VIOLATION DNS drift threat github.com: ['TRUTH_DNS_DOWN']
2026-07-03T23:42:06Z VIOLATION DNS drift threat ssh.github.com: ['TRUTH_DNS_DOWN', 'TRUTH_STUB_DRIFT', 'TRUTH_SYSTEM_DRIFT']
2026-07-03T23:42:07Z VIOLATION DNS drift threat api.github.com: ['TRUTH_DNS_DOWN']
2026-07-03T23:42:08Z VIOLATION DNS drift threat github.com: ['TRUTH_DNS_DOWN']
2026-07-03T23:42:08Z VIOLATION DNS drift threat github.com: ['TRUTH_DNS_DOWN', 'TRUTH_STUB_DRIFT', 'TRUTH_SYSTEM_DRIFT']
2026-07-03T23:42:09Z VIOLATION DNS drift threat api.github.com: ['TRUTH_DNS_DOWN', 'TRUTH_STUB_DRIFT', 'TRUTH_SYSTEM_DRIFT']
2026-07-03T23:42:11Z VIOLATION DNS drift threat api.github.com: ['TRUTH_DNS_DOWN', 'TRUTH_STUB_DRIFT', 'TRUTH_SYSTEM_DRIFT']
2026-07-03T23:42:11Z VIOLATION DNS drift threat github.com: ['TRUTH_DNS_DOWN', 'TRUTH_STUB_DRIFT', 'TRUTH_SYSTEM_DRIFT']
2026-07-03T23:42:12Z VIOLATION DNS drift threat github.com: ['TRUTH_DNS_DOWN']
2026-07-03T23:42:13Z VIOLATION DNS drift threat ssh.github.com: ['TRUTH_DNS_DOWN', 'TRUTH_STUB_DRIFT', 'TRUTH_SYSTEM_DRIFT']
2026-07-03T23:42:13Z VIOLATION DNS drift threat github.com: ['TRUTH_DNS_DOWN']
2026-07-03T23:42:14Z VIOLATION DNS drift threat github.com: ['TRUTH_DNS_DOWN', 'TRUTH_STUB_DRIFT', 'TRUTH_SYSTEM_DRIFT']
2026-07-03T23:42:14Z VIOLATION DNS drift threat api.github.com: ['TRUTH_DNS_DOWN', 'TRUTH_STUB_DRIFT', 'TRUTH_SYSTEM_DRIFT']
2026-07-03T23:42:16Z VIOLATION DNS drift threat api.github.com: ['TRUTH_DNS_DOWN', 'TRUTH_STUB_DRIFT', 'TRUTH_SYSTEM_DRIFT']
2026-07-03T23:42:17Z VIOLATION DNS drift threat github.com: ['TRUTH_DNS_DOWN', 'TRUTH_STUB_DRIFT', 'TRUTH_SYSTEM_DRIFT']
2026-07-03T23:42:18Z VIOLATION DNS drift threat api.github.com: ['TRUTH_DNS_DOWN', 'TRUTH_STUB_DRIFT', 'TRUTH_SYSTEM_DRIFT']
2026-07-03T23:42:18Z VIOLATION DNS drift threat api.github.com: ['TRUTH_DNS_DOWN', 'TRUTH_STUB_DRIFT', 'TRUTH_SYSTEM_DRIFT']
2026-07-03T23:42:18Z VIOLATION DNS drift threat api.github.com: ['TRUTH_DNS_DOWN', 'TRUTH_STUB_DRIFT', 'TRUTH_SYSTEM_DRIFT']
2026-07-03T23:42:29Z VIOLATION DNS drift threat github.com: ['TRUTH_DNS_DOWN', 'TRUTH_STUB_DRIFT', 'TRUTH_SYSTEM_DRIFT']
2026-07-03T23:42:29Z VIOLATION DNS drift threat github.com: ['TRUTH_DNS_DOWN', 'TRUTH_STUB_DRIFT', 'TRUTH_SYSTEM_DRIFT']
2026-07-03T23:42:32Z VIOLATION DNS drift threat github.com: ['TRUTH_DNS_DOWN', 'TRUTH_STUB_DRIFT', 'TRUTH_SYSTEM_DRIFT']
2026-07-03T23:42:33Z VIOLATION DNS drift threat api.github.com: ['TRUTH_DNS_DOWN', 'TRUTH_STUB_DRIFT', 'TRUTH_SYSTEM_DRIFT']
2026-07-03T23:42:33Z VIOLATION DNS drift threat api.github.com: ['TRUTH_DNS_DOWN', 'TRUTH_STUB_DRIFT', 'TRUTH_SYSTEM_DRIFT']
2026-07-03T23:42:36Z VIOLATION DNS drift threat ssh.github.com: ['TRUTH_DNS_DOWN', 'TRUTH_STUB_DRIFT', 'TRUTH_SYSTEM_DRIFT']
2026-07-03T23:42:36Z VIOLATION DNS drift threat api.github.com: ['TRUTH_DNS_DOWN', 'TRUTH_STUB_DRIFT', 'TRUTH_SYSTEM_DRIFT']
2026-07-03T23:42:38Z VIOLATION DNS drift threat github.com: ['TRUTH_DNS_DOWN', 'TRUTH_STUB_DRIFT', 'TRUTH_SYSTEM_DRIFT']
2026-07-03T23:42:41Z VIOLATION DNS drift threat github.com: ['TRUTH_DNS_DOWN', 'TRUTH_STUB_DRIFT', 'TRUTH_SYSTEM_DRIFT']
2026-07-03T23:42:41Z VIOLATION DNS drift threat github.com: ['TRUTH_DNS_DOWN', 'TRUTH_STUB_DRIFT', 'TRUTH_SYSTEM_DRIFT']
2026-07-03T23:42:42Z VIOLATION DNS drift threat ssh.github.com: ['TRUTH_DNS_DOWN', 'TRUTH_STUB_DRIFT', 'TRUTH_SYSTEM_DRIFT']
2026-07-03T23:42:42Z VIOLATION DNS drift threat api.github.com: ['TRUTH_DNS_DOWN', 'TRUTH_STUB_DRIFT', 'TRUTH_SYSTEM_DRIFT']
2026-07-03T23:42:42Z VIOLATION DNS drift threat github.com: ['TRUTH_DNS_DOWN', 'TRUTH_STUB_DRIFT', 'TRUTH_SYSTEM_DRIFT']
2026-07-03T23:42:44Z VIOLATION DNS drift threat api.github.com: ['TRUTH_DNS_DOWN', 'TRUTH_STUB_DRIFT', 'TRUTH_SYSTEM_DRIFT']
2026-07-03T23:42:44Z VIOLATION DNS drift threat api.github.com: ['TRUTH_DNS_DOWN', 'TRUTH_STUB_DRIFT', 'TRUTH_SYSTEM_DRIFT']
2026-07-03T23:42:46Z VIOLATION DNS drift threat api.github.com: ['TRUTH_DNS_DOWN', 'TRUTH_STUB_DRIFT', 'TRUTH_SYSTEM_DRIFT']
2026-07-03T23:42:49Z VIOLATION DNS drift threat github.com: ['TRUTH_DNS_DOWN', 'TRUTH_STUB_DRIFT', 'TRUTH_SYSTEM_DRIFT']
2026-07-03T23:42:50Z VIOLATION DNS drift threat github.com: ['TRUTH_DNS_DOWN', 'TRUTH_STUB_DRIFT', 'TRUTH_SYSTEM_DRIFT']
2026-07-03T23:42:53Z VIOLATION DNS drift threat api.github.com: ['TRUTH_DNS_DOWN', 'TRUTH_STUB_DRIFT', 'TRUTH_SYSTEM_DRIFT']
2026-07-03T23:42:53Z VIOLATION DNS drift threat api.github.com: ['TRUTH_DNS_DOWN', 'TRUTH_STUB_DRIFT', 'TRUTH_SYSTEM_DRIFT']
2026-07-03T23:42:56Z VIOLATION DNS drift threat ssh.github.com: ['TRUTH_DNS_DOWN']
2026-07-03T23:43:05Z VIOLATION DNS drift threat github.com: ['TRUTH_DNS_DOWN', 'TRUTH_STUB_DRIFT', 'TRUTH_SYSTEM_DRIFT']
2026-07-03T23:43:05Z VIOLATION DNS drift threat github.com: ['TRUTH_DNS_DOWN', 'TRUTH_STUB_DRIFT', 'TRUTH_SYSTEM_DRIFT']
2026-07-03T23:43:10Z VIOLATION DNS drift threat api.github.com: ['TRUTH_DNS_DOWN', 'TRUTH_STUB_DRIFT', 'TRUTH_SYSTEM_DRIFT']
2026-07-03T23:43:27Z VIOLATION DNS drift threat github.com: ['TRUTH_DNS_DOWN', 'TRUTH_STUB_DRIFT', 'TRUTH_SYSTEM_DRIFT']
2026-07-03T23:43:29Z VIOLATION DNS drift threat api.github.com: ['TRUTH_DNS_DOWN', 'TRUTH_STUB_DRIFT', 'TRUTH_SYSTEM_DRIFT']
2026-07-03T23:43:30Z VIOLATION DNS drift threat ssh.github.com: ['TRUTH_DNS_DOWN']
2026-07-03T23:43:31Z VIOLATION DNS drift threat github.com: ['TRUTH_DNS_DOWN', 'TRUTH_STUB_DRIFT', 'TRUTH_SYSTEM_DRIFT']
2026-07-03T23:43:31Z VIOLATION DNS drift threat github.com: ['TRUTH_DNS_DOWN', 'TRUTH_STUB_DRIFT', 'TRUTH_SYSTEM_DRIFT']
2026-07-03T23:43:33Z VIOLATION DNS drift threat github.com: ['TRUTH_DNS_DOWN']
2026-07-03T23:43:33Z VIOLATION DNS drift threat api.github.com: ['TRUTH_DNS_DOWN', 'TRUTH_STUB_DRIFT', 'TRUTH_SYSTEM_DRIFT']
2026-07-03T23:43:34Z VIOLATION DNS drift threat raw.githubusercontent.com: ['TRUTH_DNS_DOWN']
2026-07-03T23:43:35Z VIOLATION DNS drift threat ssh.github.com: ['TRUTH_DNS_DOWN', 'TRUTH_STUB_DRIFT', 'TRUTH_SYSTEM_DRIFT']
2026-07-03T23:43:36Z VIOLATION DNS drift threat api.github.com: ['TRUTH_DNS_DOWN', 'TRUTH_STUB_DRIFT', 'TRUTH_SYSTEM_DRIFT']
2026-07-03T23:43:37Z VIOLATION DNS drift threat api.github.com: ['TRUTH_DNS_DOWN', 'TRUTH_STUB_DRIFT', 'TRUTH_SYSTEM_DRIFT']
2026-07-03T23:43:37Z VIOLATION DNS drift threat raw.githubusercontent.com: ['TRUTH_DNS_DOWN']
2026-07-03T23:43:37Z VIOLATION DNS drift threat github.com: ['TRUTH_DNS_DOWN', 'TRUTH_STUB_DRIFT', 'TRUTH_SYSTEM_DRIFT']
2026-07-03T23:43:38Z VIOLATION DNS drift threat github.com: ['TRUTH_DNS_DOWN']
2026-07-03T23:43:39Z VIOLATION DNS drift threat github.com: ['TRUTH_DNS_DOWN', 'TRUTH_STUB_DRIFT', 'TRUTH_SYSTEM_DRIFT']
2026-07-03T23:43:39Z VIOLATION DNS drift threat ssh.github.com: ['TRUTH_DNS_DOWN', 'TRUTH_STUB_DRIFT', 'TRUTH_SYSTEM_DRIFT']
2026-07-03T23:43:41Z VIOLATION DNS drift threat api.github.com: ['TRUTH_DNS_DOWN', 'TRUTH_STUB_DRIFT', 'TRUTH_SYSTEM_DRIFT']
2026-07-03T23:43:41Z VIOLATION DNS drift threat github.com: ['TRUTH_DNS_DOWN', 'TRUTH_STUB_DRIFT', 'TRUTH_SYSTEM_DRIFT']
2026-07-03T23:43:41Z VIOLATION DNS drift threat github.com: ['TRUTH_DNS_DOWN', 'TRUTH_STUB_DRIFT', 'TRUTH_SYSTEM_DRIFT']
2026-07-03T23:43:41Z VIOLATION DNS drift threat api.github.com: ['TRUTH_DNS_DOWN', 'TRUTH_STUB_DRIFT', 'TRUTH_SYSTEM_DRIFT']
2026-07-03T23:43:42Z VIOLATION DNS drift threat api.github.com: ['TRUTH_DNS_DOWN', 'TRUTH_STUB_DRIFT', 'TRUTH_SYSTEM_DRIFT']
2026-07-03T23:43:44Z VIOLATION DNS drift threat api.github.com: ['TRUTH_DNS_DOWN', 'TRUTH_STUB_DRIFT', 'TRUTH_SYSTEM_DRIFT']
2026-07-03T23:43:44Z VIOLATION DNS drift threat api.github.com: ['TRUTH_DNS_DOWN', 'TRUTH_STUB_DRIFT', 'TRUTH_SYSTEM_DRIFT']
2026-07-03T23:43:47Z VIOLATION DNS drift threat ssh.github.com: ['TRUTH_DNS_DOWN', 'TRUTH_STUB_DRIFT', 'TRUTH_SYSTEM_DRIFT']
2026-07-03T23:43:47Z VIOLATION DNS drift threat ssh.github.com: ['TRUTH_DNS_DOWN']
2026-07-03T23:43:47Z VIOLATION DNS drift threat github.com: ['TRUTH_DNS_DOWN', 'TRUTH_STUB_DRIFT', 'TRUTH_SYSTEM_DRIFT']
2026-07-03T23:43:47Z VIOLATION DNS drift threat ssh.github.com: ['TRUTH_DNS_DOWN', 'TRUTH_STUB_DRIFT', 'TRUTH_SYSTEM_DRIFT']
2026-07-03T23:43:49Z VIOLATION DNS drift threat raw.githubusercontent.com: ['TRUTH_DNS_DOWN']
2026-07-03T23:43:49Z VIOLATION DNS drift threat github.com: ['TRUTH_DNS_DOWN']
2026-07-03T23:43:51Z VIOLATION DNS drift threat api.github.com: ['TRUTH_DNS_DOWN', 'TRUTH_STUB_DRIFT', 'TRUTH_SYSTEM_DRIFT']
2026-07-03T23:43:52Z VIOLATION DNS drift threat api.github.com: ['TRUTH_DNS_DOWN']
2026-07-03T23:43:56Z VIOLATION DNS drift threat ssh.github.com: ['TRUTH_DNS_DOWN', 'TRUTH_STUB_DRIFT', 'TRUTH_SYSTEM_DRIFT']
2026-07-03T23:43:58Z VIOLATION DNS drift threat github.com: ['TRUTH_DNS_DOWN', 'TRUTH_STUB_DRIFT', 'TRUTH_SYSTEM_DRIFT']
2026-07-03T23:43:59Z VIOLATION DNS drift threat github.com: ['TRUTH_DNS_DOWN', 'TRUTH_STUB_DRIFT', 'TRUTH_SYSTEM_DRIFT']
2026-07-03T23:44:00Z VIOLATION DNS drift threat github.com: ['TRUTH_DNS_DOWN', 'TRUTH_STUB_DRIFT', 'TRUTH_SYSTEM_DRIFT']
2026-07-03T23:44:02Z VIOLATION DNS drift threat github.com: ['TRUTH_DNS_DOWN', 'TRUTH_STUB_DRIFT', 'TRUTH_SYSTEM_DRIFT']
2026-07-03T23:44:02Z VIOLATION DNS drift threat api.github.com: ['TRUTH_DNS_DOWN', 'TRUTH_STUB_DRIFT', 'TRUTH_SYSTEM_DRIFT']
2026-07-03T23:44:02Z VIOLATION DNS drift threat github.com: ['TRUTH_DNS_DOWN', 'TRUTH_STUB_DRIFT', 'TRUTH_SYSTEM_DRIFT']
2026-07-03T23:44:04Z VIOLATION DNS drift threat api.github.com: ['TRUTH_DNS_DOWN', 'TRUTH_STUB_DRIFT', 'TRUTH_SYSTEM_DRIFT']
2026-07-03T23:44:04Z VIOLATION DNS drift threat api.github.com: ['TRUTH_DNS_DOWN']
2026-07-03T23:44:04Z VIOLATION DNS drift threat ssh.github.com: ['TRUTH_DNS_DOWN', 'TRUTH_STUB_DRIFT', 'TRUTH_SYSTEM_DRIFT']
2026-07-03T23:44:05Z VIOLATION DNS drift threat api.github.com: ['TRUTH_DNS_DOWN', 'TRUTH_STUB_DRIFT', 'TRUTH_SYSTEM_DRIFT']
2026-07-03T23:44:06Z VIOLATION DNS drift threat ssh.github.com: ['TRUTH_DNS_DOWN']
2026-07-03T23:44:06Z VIOLATION DNS drift threat github.com: ['TRUTH_DNS_DOWN', 'TRUTH_STUB_DRIFT', 'TRUTH_SYSTEM_DRIFT']
2026-07-03T23:44:07Z VIOLATION DNS drift threat api.github.com: ['TRUTH_DNS_DOWN', 'TRUTH_STUB_DRIFT', 'TRUTH_SYSTEM_DRIFT']
2026-07-03T23:44:07Z VIOLATION DNS drift threat ssh.github.com: ['TRUTH_DNS_DOWN', 'TRUTH_STUB_DRIFT', 'TRUTH_SYSTEM_DRIFT']
2026-07-03T23:44:07Z VIOLATION DNS drift threat github.com: ['TRUTH_DNS_DOWN', 'TRUTH_STUB_DRIFT', 'TRUTH_SYSTEM_DRIFT']
2026-07-03T23:44:08Z VIOLATION DNS drift threat ssh.github.com: ['TRUTH_DNS_DOWN', 'TRUTH_STUB_DRIFT', 'TRUTH_SYSTEM_DRIFT']
2026-07-03T23:44:09Z VIOLATION DNS drift threat api.github.com: ['TRUTH_DNS_DOWN', 'TRUTH_STUB_DRIFT', 'TRUTH_SYSTEM_DRIFT']
2026-07-03T23:44:10Z VIOLATION DNS drift threat github.com: ['TRUTH_DNS_DOWN', 'TRUTH_STUB_DRIFT', 'TRUTH_SYSTEM_DRIFT']
2026-07-03T23:44:12Z VIOLATION DNS drift threat api.github.com: ['TRUTH_DNS_DOWN', 'TRUTH_STUB_DRIFT', 'TRUTH_SYSTEM_DRIFT']
2026-07-03T23:44:13Z VIOLATION DNS drift threat ssh.github.com: ['TRUTH_DNS_DOWN']
2026-07-03T23:44:14Z VIOLATION DNS drift threat api.github.com: ['TRUTH_DNS_DOWN', 'TRUTH_STUB_DRIFT', 'TRUTH_SYSTEM_DRIFT']
2026-07-03T23:44:39Z VIOLATION DNS drift threat github.com: ['TRUTH_DNS_DOWN', 'TRUTH_STUB_DRIFT', 'TRUTH_SYSTEM_DRIFT']
2026-07-03T23:44:44Z VIOLATION DNS drift threat github.com: ['TRUTH_DNS_DOWN', 'TRUTH_STUB_DRIFT', 'TRUTH_SYSTEM_DRIFT']
2026-07-03T23:44:50Z VIOLATION DNS drift threat github.com: ['TRUTH_DNS_DOWN']
2026-07-03T23:44:54Z VIOLATION DNS drift threat api.github.com: ['TRUTH_DNS_DOWN', 'TRUTH_STUB_DRIFT', 'TRUTH_SYSTEM_DRIFT']
2026-07-03T23:44:57Z VIOLATION DNS drift threat github.com: ['TRUTH_DNS_DOWN', 'TRUTH_STUB_DRIFT', 'TRUTH_SYSTEM_DRIFT']
2026-07-03T23:44:57Z VIOLATION DNS drift threat ssh.github.com: ['TRUTH_DNS_DOWN', 'TRUTH_STUB_DRIFT', 'TRUTH_SYSTEM_DRIFT']
2026-07-03T23:44:59Z VIOLATION DNS drift threat github.com: ['TRUTH_DNS_DOWN', 'TRUTH_STUB_DRIFT', 'TRUTH_SYSTEM_DRIFT']
2026-07-03T23:45:00Z VIOLATION DNS drift threat github.com: ['TRUTH_DNS_DOWN', 'TRUTH_STUB_DRIFT', 'TRUTH_SYSTEM_DRIFT']
2026-07-03T23:45:04Z VIOLATION DNS drift threat api.github.com: ['TRUTH_DNS_DOWN', 'TRUTH_STUB_DRIFT', 'TRUTH_SYSTEM_DRIFT']
2026-07-03T23:45:06Z VIOLATION DNS drift threat github.com: ['TRUTH_DNS_DOWN', 'TRUTH_STUB_DRIFT', 'TRUTH_SYSTEM_DRIFT']
2026-07-03T23:45:07Z VIOLATION DNS drift threat github.com: ['TRUTH_DNS_DOWN', 'TRUTH_STUB_DRIFT', 'TRUTH_SYSTEM_DRIFT']
2026-07-03T23:45:07Z VIOLATION DNS drift threat ssh.github.com: ['TRUTH_DNS_DOWN', 'TRUTH_STUB_DRIFT', 'TRUTH_SYSTEM_DRIFT']
2026-07-03T23:45:09Z VIOLATION DNS drift threat github.com: ['TRUTH_DNS_DOWN', 'TRUTH_STUB_DRIFT', 'TRUTH_SYSTEM_DRIFT']
2026-07-03T23:45:09Z VIOLATION DNS drift threat github.com: ['TRUTH_DNS_DOWN', 'TRUTH_STUB_DRIFT', 'TRUTH_SYSTEM_DRIFT']
2026-07-03T23:45:09Z VIOLATION DNS drift threat api.github.com: ['TRUTH_DNS_DOWN', 'TRUTH_STUB_DRIFT', 'TRUTH_SYSTEM_DRIFT']
2026-07-03T23:45:09Z VIOLATION DNS drift threat api.github.com: ['TRUTH_DNS_DOWN', 'TRUTH_STUB_DRIFT', 'TRUTH_SYSTEM_DRIFT']
2026-07-03T23:45:10Z VIOLATION DNS drift threat github.com: ['TRUTH_DNS_DOWN', 'TRUTH_STUB_DRIFT', 'TRUTH_SYSTEM_DRIFT']
2026-07-03T23:45:11Z VIOLATION DNS drift threat api.github.com: ['TRUTH_DNS_DOWN', 'TRUTH_STUB_DRIFT', 'TRUTH_SYSTEM_DRIFT']
2026-07-03T23:45:11Z VIOLATION DNS drift threat api.github.com: ['TRUTH_DNS_DOWN', 'TRUTH_STUB_DRIFT', 'TRUTH_SYSTEM_DRIFT']
2026-07-03T23:45:12Z VIOLATION DNS drift threat ssh.github.com: ['TRUTH_DNS_DOWN']
2026-07-03T23:45:14Z VIOLATION DNS drift threat raw.githubusercontent.com: ['TRUTH_DNS_DOWN']
2026-07-03T23:45:16Z VIOLATION DNS drift threat github.com: ['TRUTH_DNS_DOWN']
2026-07-03T23:45:17Z VIOLATION DNS drift threat github.com: ['TRUTH_DNS_DOWN', 'TRUTH_STUB_DRIFT', 'TRUTH_SYSTEM_DRIFT']
2026-07-03T23:45:19Z VIOLATION DNS drift threat api.github.com: ['TRUTH_DNS_DOWN', 'TRUTH_STUB_DRIFT', 'TRUTH_SYSTEM_DRIFT']
2026-07-03T23:45:19Z VIOLATION DNS drift threat api.github.com: ['TRUTH_DNS_DOWN', 'TRUTH_STUB_DRIFT', 'TRUTH_SYSTEM_DRIFT']
2026-07-03T23:45:24Z VIOLATION DNS drift threat ssh.github.com: ['TRUTH_DNS_DOWN', 'TRUTH_STUB_DRIFT', 'TRUTH_SYSTEM_DRIFT']
2026-07-03T23:45:25Z VIOLATION DNS drift threat github.com: ['TRUTH_DNS_DOWN', 'TRUTH_STUB_DRIFT', 'TRUTH_SYSTEM_DRIFT']
2026-07-03T23:45:27Z VIOLATION DNS drift threat github.com: ['TRUTH_DNS_DOWN', 'TRUTH_STUB_DRIFT', 'TRUTH_SYSTEM_DRIFT']
2026-07-03T23:45:28Z VIOLATION DNS drift threat github.com: ['TRUTH_DNS_DOWN', 'TRUTH_STUB_DRIFT', 'TRUTH_SYSTEM_DRIFT']
2026-07-03T23:45:30Z VIOLATION DNS drift threat github.com: ['TRUTH_DNS_DOWN', 'TRUTH_STUB_DRIFT', 'TRUTH_SYSTEM_DRIFT']
2026-07-03T23:45:30Z VIOLATION DNS drift threat api.github.com: ['TRUTH_DNS_DOWN', 'TRUTH_STUB_DRIFT', 'TRUTH_SYSTEM_DRIFT']
2026-07-03T23:45:33Z VIOLATION DNS drift threat api.github.com: ['TRUTH_DNS_DOWN', 'TRUTH_STUB_DRIFT', 'TRUTH_SYSTEM_DRIFT']
2026-07-03T23:45:36Z VIOLATION DNS drift threat api.github.com: ['TRUTH_DNS_DOWN']
2026-07-03T23:45:36Z VIOLATION DNS drift threat github.com: ['TRUTH_DNS_DOWN', 'TRUTH_STUB_DRIFT', 'TRUTH_SYSTEM_DRIFT']
2026-07-03T23:45:39Z VIOLATION DNS drift threat github.com: ['TRUTH_DNS_DOWN', 'TRUTH_STUB_DRIFT', 'TRUTH_SYSTEM_DRIFT']
2026-07-03T23:45:43Z VIOLATION DNS drift threat github.com: ['TRUTH_DNS_DOWN', 'TRUTH_STUB_DRIFT', 'TRUTH_SYSTEM_DRIFT']
2026-07-03T23:45:47Z VIOLATION DNS drift threat github.com: ['TRUTH_DNS_DOWN', 'TRUTH_STUB_DRIFT', 'TRUTH_SYSTEM_DRIFT']
2026-07-03T23:45:52Z VIOLATION DNS drift threat api.github.com: ['TRUTH_DNS_DOWN', 'TRUTH_STUB_DRIFT', 'TRUTH_SYSTEM_DRIFT']
2026-07-03T23:46:08Z VIOLATION DNS drift threat github.com: ['TRUTH_DNS_DOWN', 'TRUTH_STUB_DRIFT', 'TRUTH_SYSTEM_DRIFT']
2026-07-03T23:46:12Z VIOLATION DNS drift threat github.com: ['TRUTH_DNS_DOWN']
2026-07-03T23:46:18Z VIOLATION DNS drift threat github.com: ['TRUTH_DNS_DOWN', 'TRUTH_STUB_DRIFT', 'TRUTH_SYSTEM_DRIFT']
2026-07-03T23:46:25Z VIOLATION DNS drift threat github.com: ['TRUTH_DNS_DOWN', 'TRUTH_STUB_DRIFT', 'TRUTH_SYSTEM_DRIFT']
2026-07-03T23:46:27Z VIOLATION DNS drift threat github.com: ['TRUTH_DNS_DOWN', 'TRUTH_STUB_DRIFT', 'TRUTH_SYSTEM_DRIFT']
2026-07-03T23:46:29Z VIOLATION DNS drift threat api.github.com: ['TRUTH_DNS_DOWN']
2026-07-03T23:46:30Z VIOLATION DNS drift threat api.github.com: ['TRUTH_DNS_DOWN']
2026-07-03T23:46:30Z VIOLATION DNS drift threat github.com: ['TRUTH_DNS_DOWN', 'TRUTH_STUB_DRIFT', 'TRUTH_SYSTEM_DRIFT']
2026-07-03T23:46:30Z VIOLATION DNS drift threat ssh.github.com: ['TRUTH_DNS_DOWN', 'TRUTH_STUB_DRIFT', 'TRUTH_SYSTEM_DRIFT']
2026-07-03T23:46:33Z VIOLATION DNS drift threat github.com: ['TRUTH_DNS_DOWN', 'TRUTH_STUB_DRIFT', 'TRUTH_SYSTEM_DRIFT']
2026-07-03T23:46:34Z VIOLATION DNS drift threat api.github.com: ['TRUTH_DNS_DOWN', 'TRUTH_STUB_DRIFT', 'TRUTH_SYSTEM_DRIFT']
2026-07-03T23:46:36Z VIOLATION DNS drift threat github.com: ['TRUTH_DNS_DOWN', 'TRUTH_STUB_DRIFT', 'TRUTH_SYSTEM_DRIFT']
2026-07-03T23:46:36Z VIOLATION DNS drift threat github.com: ['TRUTH_DNS_DOWN', 'TRUTH_STUB_DRIFT', 'TRUTH_SYSTEM_DRIFT']
2026-07-03T23:46:37Z VIOLATION DNS drift threat api.github.com: ['TRUTH_DNS_DOWN', 'TRUTH_STUB_DRIFT', 'TRUTH_SYSTEM_DRIFT']
2026-07-03T23:46:39Z VIOLATION DNS drift threat github.com: ['TRUTH_DNS_DOWN']
2026-07-03T23:46:39Z VIOLATION DNS drift threat github.com: ['TRUTH_DNS_DOWN']
2026-07-03T23:46:40Z VIOLATION DNS drift threat api.github.com: ['TRUTH_DNS_DOWN', 'TRUTH_STUB_DRIFT', 'TRUTH_SYSTEM_DRIFT']
2026-07-03T23:46:40Z VIOLATION DNS drift threat api.github.com: ['TRUTH_DNS_DOWN', 'TRUTH_STUB_DRIFT', 'TRUTH_SYSTEM_DRIFT']
2026-07-03T23:46:43Z VIOLATION DNS drift threat api.github.com: ['TRUTH_DNS_DOWN', 'TRUTH_STUB_DRIFT', 'TRUTH_SYSTEM_DRIFT']
2026-07-03T23:46:43Z VIOLATION DNS drift threat api.github.com: ['TRUTH_DNS_DOWN', 'TRUTH_STUB_DRIFT', 'TRUTH_SYSTEM_DRIFT']
2026-07-03T23:46:43Z VIOLATION DNS drift threat ssh.github.com: ['TRUTH_DNS_DOWN', 'TRUTH_STUB_DRIFT', 'TRUTH_SYSTEM_DRIFT']
2026-07-03T23:46:43Z VIOLATION DNS drift threat ssh.github.com: ['TRUTH_DNS_DOWN']
2026-07-03T23:46:44Z VIOLATION DNS drift threat github.com: ['TRUTH_DNS_DOWN', 'TRUTH_STUB_DRIFT', 'TRUTH_SYSTEM_DRIFT']
2026-07-03T23:46:45Z VIOLATION DNS drift threat ssh.github.com: ['TRUTH_DNS_DOWN', 'TRUTH_STUB_DRIFT', 'TRUTH_SYSTEM_DRIFT']
2026-07-03T23:46:47Z VIOLATION DNS drift threat api.github.com: ['TRUTH_DNS_DOWN', 'TRUTH_STUB_DRIFT', 'TRUTH_SYSTEM_DRIFT']
2026-07-03T23:46:47Z VIOLATION DNS drift threat github.com: ['TRUTH_DNS_DOWN']
2026-07-03T23:46:51Z VIOLATION DNS drift threat ssh.github.com: ['TRUTH_DNS_DOWN', 'TRUTH_STUB_DRIFT', 'TRUTH_SYSTEM_DRIFT']
2026-07-03T23:46:52Z VIOLATION DNS drift threat api.github.com: ['TRUTH_DNS_DOWN', 'TRUTH_STUB_DRIFT', 'TRUTH_SYSTEM_DRIFT']
2026-07-03T23:46:55Z VIOLATION DNS drift threat github.com: ['TRUTH_DNS_DOWN', 'TRUTH_STUB_DRIFT', 'TRUTH_SYSTEM_DRIFT']
2026-07-03T23:46:58Z VIOLATION DNS drift threat github.com: ['TRUTH_DNS_DOWN', 'TRUTH_STUB_DRIFT', 'TRUTH_SYSTEM_DRIFT']
2026-07-03T23:46:59Z VIOLATION DNS drift threat api.github.com: ['TRUTH_DNS_DOWN', 'TRUTH_STUB_DRIFT', 'TRUTH_SYSTEM_DRIFT']
2026-07-03T23:47:00Z VIOLATION DNS drift threat github.com: ['TRUTH_DNS_DOWN', 'TRUTH_STUB_DRIFT', 'TRUTH_SYSTEM_DRIFT']
2026-07-03T23:47:01Z VIOLATION DNS drift threat github.com: ['TRUTH_DNS_DOWN', 'TRUTH_STUB_DRIFT', 'TRUTH_SYSTEM_DRIFT']
2026-07-03T23:47:01Z VIOLATION DNS drift threat api.github.com: ['TRUTH_DNS_DOWN', 'TRUTH_STUB_DRIFT', 'TRUTH_SYSTEM_DRIFT']
2026-07-03T23:47:01Z VIOLATION DNS drift threat github.com: ['TRUTH_DNS_DOWN', 'TRUTH_STUB_DRIFT', 'TRUTH_SYSTEM_DRIFT']
2026-07-03T23:47:03Z VIOLATION DNS drift threat api.github.com: ['TRUTH_DNS_DOWN', 'TRUTH_STUB_DRIFT', 'TRUTH_SYSTEM_DRIFT']
2026-07-03T23:47:03Z VIOLATION DNS drift threat ssh.github.com: ['TRUTH_DNS_DOWN', 'TRUTH_STUB_DRIFT', 'TRUTH_SYSTEM_DRIFT']
2026-07-03T23:47:03Z VIOLATION DNS drift threat github.com: ['TRUTH_DNS_DOWN', 'TRUTH_STUB_DRIFT', 'TRUTH_SYSTEM_DRIFT']
2026-07-03T23:47:05Z VIOLATION DNS drift threat api.github.com: ['TRUTH_DNS_DOWN', 'TRUTH_STUB_DRIFT', 'TRUTH_SYSTEM_DRIFT']
2026-07-03T23:47:05Z VIOLATION DNS drift threat api.github.com: ['TRUTH_DNS_DOWN', 'TRUTH_STUB_DRIFT', 'TRUTH_SYSTEM_DRIFT']
2026-07-03T23:47:05Z VIOLATION DNS drift threat api.github.com: ['TRUTH_DNS_DOWN', 'TRUTH_STUB_DRIFT', 'TRUTH_SYSTEM_DRIFT']
2026-07-03T23:47:07Z VIOLATION DNS drift threat ssh.github.com: ['TRUTH_DNS_DOWN', 'TRUTH_STUB_DRIFT', 'TRUTH_SYSTEM_DRIFT']
2026-07-03T23:47:09Z VIOLATION DNS drift threat ssh.github.com: ['TRUTH_DNS_DOWN', 'TRUTH_STUB_DRIFT', 'TRUTH_SYSTEM_DRIFT']
2026-07-03T23:47:20Z VIOLATION DNS drift threat github.com: ['TRUTH_DNS_DOWN', 'TRUTH_STUB_DRIFT', 'TRUTH_SYSTEM_DRIFT']
2026-07-03T23:47:23Z VIOLATION DNS drift threat api.github.com: ['TRUTH_DNS_DOWN', 'TRUTH_STUB_DRIFT', 'TRUTH_SYSTEM_DRIFT']
2026-07-03T23:47:29Z VIOLATION DNS drift threat github.com: ['TRUTH_DNS_DOWN', 'TRUTH_STUB_DRIFT', 'TRUTH_SYSTEM_DRIFT']
2026-07-03T23:47:59Z VIOLATION DNS drift threat github.com: ['TRUTH_DNS_DOWN']
2026-07-03T23:48:00Z VIOLATION DNS drift threat github.com: ['TRUTH_DNS_DOWN', 'TRUTH_STUB_DRIFT', 'TRUTH_SYSTEM_DRIFT']
2026-07-03T23:48:02Z VIOLATION DNS drift threat github.com: ['TRUTH_DNS_DOWN', 'TRUTH_STUB_DRIFT', 'TRUTH_SYSTEM_DRIFT']
2026-07-03T23:48:02Z VIOLATION DNS drift threat api.github.com: ['TRUTH_DNS_DOWN', 'TRUTH_STUB_DRIFT', 'TRUTH_SYSTEM_DRIFT']
2026-07-03T23:48:05Z VIOLATION DNS drift threat ssh.github.com: ['TRUTH_DNS_DOWN']
2026-07-03T23:48:05Z VIOLATION DNS drift threat github.com: ['TRUTH_DNS_DOWN', 'TRUTH_STUB_DRIFT', 'TRUTH_SYSTEM_DRIFT']
2026-07-03T23:48:07Z VIOLATION DNS drift threat api.github.com: ['TRUTH_DNS_DOWN', 'TRUTH_STUB_DRIFT', 'TRUTH_SYSTEM_DRIFT']
2026-07-03T23:48:07Z VIOLATION DNS drift threat github.com: ['TRUTH_DNS_DOWN', 'TRUTH_STUB_DRIFT', 'TRUTH_SYSTEM_DRIFT']
2026-07-03T23:48:09Z VIOLATION DNS drift threat github.com: ['TRUTH_DNS_DOWN', 'TRUTH_STUB_DRIFT', 'TRUTH_SYSTEM_DRIFT']
2026-07-03T23:48:10Z VIOLATION DNS drift threat github.com: ['TRUTH_DNS_DOWN', 'TRUTH_STUB_DRIFT', 'TRUTH_SYSTEM_DRIFT']
2026-07-03T23:48:10Z VIOLATION DNS drift threat ssh.github.com: ['TRUTH_DNS_DOWN', 'TRUTH_STUB_DRIFT', 'TRUTH_SYSTEM_DRIFT']
2026-07-03T23:48:10Z VIOLATION DNS drift threat api.github.com: ['TRUTH_DNS_DOWN']
2026-07-03T23:48:12Z VIOLATION DNS drift threat raw.githubusercontent.com: ['TRUTH_DNS_DOWN']
2026-07-03T23:48:12Z VIOLATION DNS drift threat api.github.com: ['TRUTH_DNS_DOWN', 'TRUTH_STUB_DRIFT', 'TRUTH_SYSTEM_DRIFT']
2026-07-03T23:48:13Z VIOLATION DNS drift threat github.com: ['TRUTH_DNS_DOWN', 'TRUTH_STUB_DRIFT', 'TRUTH_SYSTEM_DRIFT']
2026-07-03T23:48:13Z VIOLATION DNS drift threat github.com: ['TRUTH_DNS_DOWN', 'TRUTH_STUB_DRIFT', 'TRUTH_SYSTEM_DRIFT']
2026-07-03T23:48:13Z VIOLATION DNS drift threat api.github.com: ['TRUTH_DNS_DOWN']
2026-07-03T23:48:14Z VIOLATION DNS drift threat ssh.github.com: ['TRUTH_DNS_DOWN', 'TRUTH_STUB_DRIFT', 'TRUTH_SYSTEM_DRIFT']
2026-07-03T23:48:16Z VIOLATION DNS drift threat github.com: ['TRUTH_DNS_DOWN', 'TRUTH_STUB_DRIFT', 'TRUTH_SYSTEM_DRIFT']
2026-07-03T23:48:16Z VIOLATION DNS drift threat api.github.com: ['TRUTH_DNS_DOWN', 'TRUTH_STUB_DRIFT', 'TRUTH_SYSTEM_DRIFT']
2026-07-03T23:48:16Z VIOLATION DNS drift threat ssh.github.com: ['TRUTH_DNS_DOWN', 'TRUTH_STUB_DRIFT', 'TRUTH_SYSTEM_DRIFT']
2026-07-03T23:48:17Z VIOLATION DNS drift threat github.com: ['TRUTH_DNS_DOWN', 'TRUTH_STUB_DRIFT', 'TRUTH_SYSTEM_DRIFT']
2026-07-03T23:48:18Z VIOLATION DNS drift threat api.github.com: ['TRUTH_DNS_DOWN', 'TRUTH_STUB_DRIFT', 'TRUTH_SYSTEM_DRIFT']
2026-07-03T23:48:18Z VIOLATION DNS drift threat ssh.github.com: ['TRUTH_DNS_DOWN', 'TRUTH_STUB_DRIFT', 'TRUTH_SYSTEM_DRIFT']
2026-07-03T23:48:18Z VIOLATION DNS drift threat api.github.com: ['TRUTH_DNS_DOWN', 'TRUTH_STUB_DRIFT', 'TRUTH_SYSTEM_DRIFT']
2026-07-03T23:48:22Z VIOLATION DNS drift threat api.github.com: ['TRUTH_DNS_DOWN', 'TRUTH_STUB_DRIFT', 'TRUTH_SYSTEM_DRIFT']
2026-07-03T23:48:22Z VIOLATION DNS drift threat ssh.github.com: ['TRUTH_DNS_DOWN']
2026-07-03T23:48:22Z VIOLATION DNS drift threat github.com: ['TRUTH_DNS_DOWN', 'TRUTH_STUB_DRIFT', 'TRUTH_SYSTEM_DRIFT']
2026-07-03T23:48:25Z VIOLATION DNS drift threat api.github.com: ['TRUTH_DNS_DOWN', 'TRUTH_STUB_DRIFT', 'TRUTH_SYSTEM_DRIFT']
2026-07-03T23:48:25Z VIOLATION DNS drift threat ssh.github.com: ['TRUTH_DNS_DOWN', 'TRUTH_STUB_DRIFT', 'TRUTH_SYSTEM_DRIFT']
2026-07-03T23:48:27Z VIOLATION DNS drift threat ssh.github.com: ['TRUTH_DNS_DOWN']
2026-07-03T23:48:31Z VIOLATION DNS drift threat github.com: ['TRUTH_DNS_DOWN', 'TRUTH_STUB_DRIFT', 'TRUTH_SYSTEM_DRIFT']
2026-07-03T23:48:34Z VIOLATION DNS drift threat api.github.com: ['TRUTH_DNS_DOWN', 'TRUTH_STUB_DRIFT', 'TRUTH_SYSTEM_DRIFT']
2026-07-03T23:48:37Z VIOLATION DNS drift threat github.com: ['TRUTH_DNS_DOWN', 'TRUTH_STUB_DRIFT', 'TRUTH_SYSTEM_DRIFT']
2026-07-03T23:48:38Z VIOLATION DNS drift threat github.com: ['TRUTH_DNS_DOWN', 'TRUTH_STUB_DRIFT', 'TRUTH_SYSTEM_DRIFT']
2026-07-03T23:48:39Z VIOLATION DNS drift threat ssh.github.com: ['TRUTH_DNS_DOWN', 'TRUTH_STUB_DRIFT', 'TRUTH_SYSTEM_DRIFT']
2026-07-03T23:48:41Z VIOLATION DNS drift threat api.github.com: ['TRUTH_DNS_DOWN', 'TRUTH_STUB_DRIFT', 'TRUTH_SYSTEM_DRIFT']
2026-07-03T23:48:41Z VIOLATION DNS drift threat api.github.com: ['TRUTH_DNS_DOWN', 'TRUTH_STUB_DRIFT', 'TRUTH_SYSTEM_DRIFT']
2026-07-03T23:48:42Z VIOLATION DNS drift threat github.com: ['TRUTH_DNS_DOWN', 'TRUTH_STUB_DRIFT', 'TRUTH_SYSTEM_DRIFT']
2026-07-03T23:48:46Z VIOLATION DNS drift threat github.com: ['TRUTH_DNS_DOWN']
2026-07-03T23:48:46Z VIOLATION DNS drift threat github.com: ['TRUTH_DNS_DOWN', 'TRUTH_STUB_DRIFT', 'TRUTH_SYSTEM_DRIFT']
2026-07-03T23:48:46Z VIOLATION DNS drift threat api.github.com: ['TRUTH_DNS_DOWN', 'TRUTH_STUB_DRIFT', 'TRUTH_SYSTEM_DRIFT']
2026-07-03T23:48:50Z VIOLATION DNS drift threat github.com: ['TRUTH_DNS_DOWN', 'TRUTH_STUB_DRIFT', 'TRUTH_SYSTEM_DRIFT']
2026-07-03T23:48:50Z VIOLATION DNS drift threat api.github.com: ['TRUTH_DNS_DOWN', 'TRUTH_STUB_DRIFT', 'TRUTH_SYSTEM_DRIFT']
2026-07-03T23:48:50Z VIOLATION DNS drift threat api.github.com: ['TRUTH_DNS_DOWN', 'TRUTH_STUB_DRIFT', 'TRUTH_SYSTEM_DRIFT']
2026-07-03T23:48:52Z VIOLATION DNS drift threat api.github.com: ['TRUTH_DNS_DOWN', 'TRUTH_STUB_DRIFT', 'TRUTH_SYSTEM_DRIFT']
2026-07-03T23:49:25Z VIOLATION DNS drift threat github.com: ['TRUTH_DNS_DOWN', 'TRUTH_STUB_DRIFT', 'TRUTH_SYSTEM_DRIFT']
2026-07-03T23:49:26Z VIOLATION DNS drift threat github.com: ['TRUTH_DNS_DOWN', 'TRUTH_STUB_DRIFT', 'TRUTH_SYSTEM_DRIFT']
2026-07-03T23:49:29Z VIOLATION DNS drift threat api.github.com: ['TRUTH_DNS_DOWN']
2026-07-03T23:49:32Z VIOLATION DNS drift threat github.com: ['TRUTH_DNS_DOWN']
2026-07-03T23:49:33Z VIOLATION DNS drift threat api.github.com: ['TRUTH_DNS_DOWN', 'TRUTH_STUB_DRIFT', 'TRUTH_SYSTEM_DRIFT']
2026-07-03T23:49:34Z VIOLATION DNS drift threat github.com: ['TRUTH_DNS_DOWN', 'TRUTH_STUB_DRIFT', 'TRUTH_SYSTEM_DRIFT']
2026-07-03T23:49:36Z VIOLATION DNS drift threat api.github.com: ['TRUTH_DNS_DOWN']
2026-07-03T23:49:36Z VIOLATION DNS drift threat api.github.com: ['TRUTH_DNS_DOWN', 'TRUTH_STUB_DRIFT', 'TRUTH_SYSTEM_DRIFT']
2026-07-03T23:49:39Z VIOLATION DNS drift threat github.com: ['TRUTH_DNS_DOWN', 'TRUTH_STUB_DRIFT', 'TRUTH_SYSTEM_DRIFT']
2026-07-03T23:49:40Z VIOLATION DNS drift threat github.com: ['TRUTH_DNS_DOWN', 'TRUTH_STUB_DRIFT', 'TRUTH_SYSTEM_DRIFT']
2026-07-03T23:49:40Z VIOLATION DNS drift threat ssh.github.com: ['TRUTH_DNS_DOWN', 'TRUTH_STUB_DRIFT', 'TRUTH_SYSTEM_DRIFT']
2026-07-03T23:49:40Z VIOLATION DNS drift threat github.com: ['TRUTH_DNS_DOWN', 'TRUTH_STUB_DRIFT', 'TRUTH_SYSTEM_DRIFT']
2026-07-03T23:49:41Z VIOLATION DNS drift threat github.com: ['TRUTH_DNS_DOWN', 'TRUTH_STUB_DRIFT', 'TRUTH_SYSTEM_DRIFT']
2026-07-03T23:49:41Z VIOLATION DNS drift threat github.com: ['TRUTH_DNS_DOWN', 'TRUTH_STUB_DRIFT', 'TRUTH_SYSTEM_DRIFT']
2026-07-03T23:49:42Z VIOLATION DNS drift threat ssh.github.com: ['TRUTH_DNS_DOWN', 'TRUTH_STUB_DRIFT', 'TRUTH_SYSTEM_DRIFT']
2026-07-03T23:49:42Z VIOLATION DNS drift threat api.github.com: ['TRUTH_DNS_DOWN', 'TRUTH_STUB_DRIFT', 'TRUTH_SYSTEM_DRIFT']
2026-07-03T23:49:42Z VIOLATION DNS drift threat api.github.com: ['TRUTH_DNS_DOWN', 'TRUTH_STUB_DRIFT', 'TRUTH_SYSTEM_DRIFT']
2026-07-03T23:49:43Z VIOLATION DNS drift threat github.com: ['TRUTH_DNS_DOWN', 'TRUTH_STUB_DRIFT', 'TRUTH_SYSTEM_DRIFT']
2026-07-03T23:49:44Z VIOLATION DNS drift threat api.github.com: ['TRUTH_DNS_DOWN', 'TRUTH_STUB_DRIFT', 'TRUTH_SYSTEM_DRIFT']
2026-07-03T23:49:44Z VIOLATION DNS drift threat api.github.com: ['TRUTH_DNS_DOWN', 'TRUTH_STUB_DRIFT', 'TRUTH_SYSTEM_DRIFT']
2026-07-03T23:49:45Z VIOLATION DNS drift threat api.github.com: ['TRUTH_DNS_DOWN', 'TRUTH_STUB_DRIFT', 'TRUTH_SYSTEM_DRIFT']
2026-07-03T23:49:45Z VIOLATION DNS drift threat api.github.com: ['TRUTH_DNS_DOWN', 'TRUTH_STUB_DRIFT', 'TRUTH_SYSTEM_DRIFT']
2026-07-03T23:49:46Z VIOLATION DNS drift threat ssh.github.com: ['TRUTH_DNS_DOWN']
2026-07-03T23:49:48Z VIOLATION DNS drift threat github.com: ['TRUTH_DNS_DOWN', 'TRUTH_STUB_DRIFT', 'TRUTH_SYSTEM_DRIFT']
2026-07-03T23:49:48Z VIOLATION DNS drift threat ssh.github.com: ['TRUTH_DNS_DOWN', 'TRUTH_STUB_DRIFT', 'TRUTH_SYSTEM_DRIFT']
2026-07-03T23:49:50Z VIOLATION DNS drift threat api.github.com: ['TRUTH_DNS_DOWN', 'TRUTH_STUB_DRIFT', 'TRUTH_SYSTEM_DRIFT']
2026-07-03T23:49:50Z VIOLATION DNS drift threat ssh.github.com: ['TRUTH_DNS_DOWN', 'TRUTH_STUB_DRIFT', 'TRUTH_SYSTEM_DRIFT']
2026-07-03T23:49:51Z VIOLATION DNS drift threat github.com: ['TRUTH_DNS_DOWN', 'TRUTH_STUB_DRIFT', 'TRUTH_SYSTEM_DRIFT']
2026-07-03T23:49:53Z VIOLATION DNS drift threat ssh.github.com: ['TRUTH_DNS_DOWN', 'TRUTH_STUB_DRIFT', 'TRUTH_SYSTEM_DRIFT']
2026-07-03T23:49:56Z VIOLATION DNS drift threat api.github.com: ['TRUTH_DNS_DOWN', 'TRUTH_STUB_DRIFT', 'TRUTH_SYSTEM_DRIFT']
2026-07-03T23:49:56Z VIOLATION DNS drift threat github.com: ['TRUTH_DNS_DOWN', 'TRUTH_STUB_DRIFT', 'TRUTH_SYSTEM_DRIFT']
2026-07-03T23:49:56Z VIOLATION DNS drift threat raw.githubusercontent.com: ['TRUTH_DNS_DOWN']
2026-07-03T23:49:58Z VIOLATION DNS drift threat ssh.github.com: ['TRUTH_DNS_DOWN', 'TRUTH_STUB_DRIFT', 'TRUTH_SYSTEM_DRIFT']
2026-07-03T23:49:59Z VIOLATION DNS drift threat api.github.com: ['TRUTH_DNS_DOWN', 'TRUTH_STUB_DRIFT', 'TRUTH_SYSTEM_DRIFT']
2026-07-03T23:50:01Z VIOLATION DNS drift threat github.com: ['TRUTH_DNS_DOWN', 'TRUTH_STUB_DRIFT', 'TRUTH_SYSTEM_DRIFT']
2026-07-03T23:50:01Z VIOLATION DNS drift threat github.com: ['TRUTH_DNS_DOWN', 'TRUTH_STUB_DRIFT', 'TRUTH_SYSTEM_DRIFT']
2026-07-03T23:50:02Z VIOLATION DNS drift threat github.com: ['TRUTH_DNS_DOWN', 'TRUTH_STUB_DRIFT', 'TRUTH_SYSTEM_DRIFT']
2026-07-03T23:50:04Z VIOLATION DNS drift threat api.github.com: ['TRUTH_DNS_DOWN', 'TRUTH_STUB_DRIFT', 'TRUTH_SYSTEM_DRIFT']
2026-07-03T23:50:04Z VIOLATION DNS drift threat api.github.com: ['TRUTH_DNS_DOWN']
2026-07-03T23:50:04Z VIOLATION DNS drift threat github.com: ['TRUTH_DNS_DOWN', 'TRUTH_STUB_DRIFT', 'TRUTH_SYSTEM_DRIFT']
2026-07-03T23:50:05Z VIOLATION DNS drift threat api.github.com: ['TRUTH_DNS_DOWN', 'TRUTH_STUB_DRIFT', 'TRUTH_SYSTEM_DRIFT']
2026-07-03T23:50:05Z VIOLATION DNS drift threat github.com: ['TRUTH_DNS_DOWN', 'TRUTH_STUB_DRIFT', 'TRUTH_SYSTEM_DRIFT']
2026-07-03T23:50:06Z VIOLATION DNS drift threat api.github.com: ['TRUTH_DNS_DOWN']
2026-07-03T23:50:09Z VIOLATION DNS drift threat ssh.github.com: ['TRUTH_DNS_DOWN']
2026-07-03T23:50:10Z VIOLATION DNS drift threat github.com: ['TRUTH_DNS_DOWN', 'TRUTH_STUB_DRIFT', 'TRUTH_SYSTEM_DRIFT']
2026-07-03T23:50:10Z VIOLATION DNS drift threat api.github.com: ['TRUTH_DNS_DOWN', 'TRUTH_STUB_DRIFT', 'TRUTH_SYSTEM_DRIFT']
2026-07-03T23:50:15Z VIOLATION DNS drift threat api.github.com: ['TRUTH_DNS_DOWN', 'TRUTH_STUB_DRIFT', 'TRUTH_SYSTEM_DRIFT']
2026-07-03T23:50:25Z VIOLATION DNS drift threat github.com: ['TRUTH_DNS_DOWN', 'TRUTH_STUB_DRIFT', 'TRUTH_SYSTEM_DRIFT']
2026-07-03T23:50:28Z VIOLATION DNS drift threat api.github.com: ['TRUTH_DNS_DOWN', 'TRUTH_STUB_DRIFT', 'TRUTH_SYSTEM_DRIFT']
2026-07-03T23:50:51Z VIOLATION DNS drift threat github.com: ['TRUTH_DNS_DOWN', 'TRUTH_STUB_DRIFT', 'TRUTH_SYSTEM_DRIFT']
2026-07-03T23:50:55Z VIOLATION DNS drift threat api.github.com: ['TRUTH_DNS_DOWN', 'TRUTH_STUB_DRIFT', 'TRUTH_SYSTEM_DRIFT']
2026-07-03T23:50:56Z VIOLATION DNS drift threat github.com: ['TRUTH_DNS_DOWN', 'TRUTH_STUB_DRIFT', 'TRUTH_SYSTEM_DRIFT']
2026-07-03T23:50:58Z VIOLATION DNS drift threat api.github.com: ['TRUTH_DNS_DOWN', 'TRUTH_STUB_DRIFT', 'TRUTH_SYSTEM_DRIFT']
2026-07-03T23:50:59Z VIOLATION DNS drift threat github.com: ['TRUTH_DNS_DOWN', 'TRUTH_STUB_DRIFT', 'TRUTH_SYSTEM_DRIFT']
2026-07-03T23:50:59Z VIOLATION DNS drift threat github.com: ['TRUTH_DNS_DOWN', 'TRUTH_STUB_DRIFT', 'TRUTH_SYSTEM_DRIFT']
2026-07-03T23:51:00Z VIOLATION DNS drift threat api.github.com: ['TRUTH_DNS_DOWN', 'TRUTH_STUB_DRIFT', 'TRUTH_SYSTEM_DRIFT']
2026-07-03T23:51:02Z VIOLATION DNS drift threat github.com: ['TRUTH_DNS_DOWN', 'TRUTH_STUB_DRIFT', 'TRUTH_SYSTEM_DRIFT']
2026-07-03T23:51:02Z VIOLATION DNS drift threat ssh.github.com: ['TRUTH_DNS_DOWN']
2026-07-03T23:51:03Z VIOLATION DNS drift threat api.github.com: ['TRUTH_DNS_DOWN', 'TRUTH_STUB_DRIFT', 'TRUTH_SYSTEM_DRIFT']
2026-07-03T23:51:06Z VIOLATION DNS drift threat ssh.github.com: ['TRUTH_DNS_DOWN', 'TRUTH_STUB_DRIFT', 'TRUTH_SYSTEM_DRIFT']
2026-07-03T23:51:06Z VIOLATION DNS drift threat api.github.com: ['TRUTH_DNS_DOWN', 'TRUTH_STUB_DRIFT', 'TRUTH_SYSTEM_DRIFT']
2026-07-03T23:51:07Z VIOLATION DNS drift threat github.com: ['TRUTH_DNS_DOWN', 'TRUTH_STUB_DRIFT', 'TRUTH_SYSTEM_DRIFT']
2026-07-03T23:51:07Z VIOLATION DNS drift threat github.com: ['TRUTH_DNS_DOWN', 'TRUTH_STUB_DRIFT', 'TRUTH_SYSTEM_DRIFT']
2026-07-03T23:51:09Z VIOLATION DNS drift threat github.com: ['TRUTH_DNS_DOWN', 'TRUTH_STUB_DRIFT', 'TRUTH_SYSTEM_DRIFT']
2026-07-03T23:51:09Z VIOLATION DNS drift threat github.com: ['TRUTH_DNS_DOWN', 'TRUTH_STUB_DRIFT', 'TRUTH_SYSTEM_DRIFT']
2026-07-03T23:51:09Z VIOLATION DNS drift threat ssh.github.com: ['TRUTH_DNS_DOWN', 'TRUTH_STUB_DRIFT', 'TRUTH_SYSTEM_DRIFT']
2026-07-03T23:51:10Z VIOLATION DNS drift threat github.com: ['TRUTH_DNS_DOWN']
2026-07-03T23:51:11Z VIOLATION DNS drift threat api.github.com: ['TRUTH_DNS_DOWN', 'TRUTH_STUB_DRIFT', 'TRUTH_SYSTEM_DRIFT']
2026-07-03T23:51:11Z VIOLATION DNS drift threat github.com: ['TRUTH_DNS_DOWN']
2026-07-03T23:51:12Z VIOLATION DNS drift threat api.github.com: ['TRUTH_DNS_DOWN']
2026-07-03T23:51:12Z VIOLATION DNS drift threat api.github.com: ['TRUTH_DNS_DOWN', 'TRUTH_STUB_DRIFT', 'TRUTH_SYSTEM_DRIFT']
2026-07-03T23:51:13Z VIOLATION DNS drift threat api.github.com: ['TRUTH_DNS_DOWN', 'TRUTH_STUB_DRIFT', 'TRUTH_SYSTEM_DRIFT']
2026-07-03T23:51:13Z VIOLATION DNS drift threat ssh.github.com: ['TRUTH_DNS_DOWN', 'TRUTH_STUB_DRIFT', 'TRUTH_SYSTEM_DRIFT']
2026-07-03T23:51:14Z VIOLATION DNS drift threat api.github.com: ['TRUTH_DNS_DOWN', 'TRUTH_STUB_DRIFT', 'TRUTH_SYSTEM_DRIFT']
2026-07-03T23:51:14Z VIOLATION DNS drift threat ssh.github.com: ['TRUTH_DNS_DOWN', 'TRUTH_STUB_DRIFT', 'TRUTH_SYSTEM_DRIFT']
2026-07-03T23:51:15Z VIOLATION DNS drift threat api.github.com: ['TRUTH_DNS_DOWN']
2026-07-03T23:51:15Z VIOLATION DNS drift threat ssh.github.com: ['TRUTH_DNS_DOWN', 'TRUTH_STUB_DRIFT', 'TRUTH_SYSTEM_DRIFT']
2026-07-03T23:51:17Z VIOLATION DNS drift threat raw.githubusercontent.com: ['TRUTH_DNS_DOWN']
2026-07-03T23:51:18Z VIOLATION DNS drift threat github.com: ['TRUTH_DNS_DOWN', 'TRUTH_STUB_DRIFT', 'TRUTH_SYSTEM_DRIFT']
2026-07-03T23:51:19Z VIOLATION DNS drift threat raw.githubusercontent.com: ['TRUTH_DNS_DOWN']
2026-07-03T23:51:19Z VIOLATION DNS drift threat raw.githubusercontent.com: ['TRUTH_DNS_DOWN']
2026-07-03T23:51:23Z VIOLATION DNS drift threat github.com: ['TRUTH_DNS_DOWN', 'TRUTH_STUB_DRIFT', 'TRUTH_SYSTEM_DRIFT']
2026-07-03T23:51:23Z VIOLATION DNS drift threat github.com: ['TRUTH_DNS_DOWN', 'TRUTH_STUB_DRIFT', 'TRUTH_SYSTEM_DRIFT']
2026-07-03T23:51:24Z VIOLATION DNS drift threat api.github.com: ['TRUTH_DNS_DOWN', 'TRUTH_STUB_DRIFT', 'TRUTH_SYSTEM_DRIFT']
2026-07-03T23:51:26Z VIOLATION DNS drift threat api.github.com: ['TRUTH_DNS_DOWN', 'TRUTH_STUB_DRIFT', 'TRUTH_SYSTEM_DRIFT']
2026-07-03T23:51:26Z VIOLATION DNS drift threat api.github.com: ['TRUTH_DNS_DOWN']
2026-07-03T23:51:27Z VIOLATION DNS drift threat ssh.github.com: ['TRUTH_DNS_DOWN']
2026-07-03T23:51:30Z VIOLATION DNS drift threat ssh.github.com: ['TRUTH_DNS_DOWN', 'TRUTH_STUB_DRIFT', 'TRUTH_SYSTEM_DRIFT']
2026-07-03T23:51:35Z VIOLATION DNS drift threat github.com: ['TRUTH_DNS_DOWN', 'TRUTH_STUB_DRIFT', 'TRUTH_SYSTEM_DRIFT']
2026-07-03T23:51:35Z VIOLATION DNS drift threat github.com: ['TRUTH_DNS_DOWN', 'TRUTH_STUB_DRIFT', 'TRUTH_SYSTEM_DRIFT']
2026-07-03T23:51:35Z VIOLATION DNS drift threat github.com: ['TRUTH_DNS_DOWN']
2026-07-03T23:51:38Z VIOLATION DNS drift threat api.github.com: ['TRUTH_DNS_DOWN']
2026-07-03T23:51:39Z VIOLATION DNS drift threat api.github.com: ['TRUTH_DNS_DOWN', 'TRUTH_STUB_DRIFT', 'TRUTH_SYSTEM_DRIFT']
2026-07-03T23:51:40Z VIOLATION DNS drift threat api.github.com: ['TRUTH_DNS_DOWN', 'TRUTH_STUB_DRIFT', 'TRUTH_SYSTEM_DRIFT']
2026-07-03T23:51:40Z VIOLATION DNS drift threat github.com: ['TRUTH_DNS_DOWN']
2026-07-03T23:51:41Z VIOLATION DNS drift threat ssh.github.com: ['TRUTH_DNS_DOWN', 'TRUTH_STUB_DRIFT', 'TRUTH_SYSTEM_DRIFT']
2026-07-03T23:51:41Z VIOLATION DNS drift threat github.com: ['TRUTH_DNS_DOWN', 'TRUTH_STUB_DRIFT', 'TRUTH_SYSTEM_DRIFT']
2026-07-03T23:51:42Z VIOLATION DNS drift threat api.github.com: ['TRUTH_DNS_DOWN', 'TRUTH_STUB_DRIFT', 'TRUTH_SYSTEM_DRIFT']
2026-07-03T23:51:43Z VIOLATION DNS drift threat raw.githubusercontent.com: ['TRUTH_DNS_DOWN']
2026-07-03T23:51:45Z VIOLATION DNS drift threat api.github.com: ['TRUTH_DNS_DOWN', 'TRUTH_STUB_DRIFT', 'TRUTH_SYSTEM_DRIFT']
2026-07-03T23:51:47Z VIOLATION DNS drift threat github.com: ['TRUTH_DNS_DOWN', 'TRUTH_STUB_DRIFT', 'TRUTH_SYSTEM_DRIFT']
2026-07-03T23:51:47Z VIOLATION DNS drift threat ssh.github.com: ['TRUTH_DNS_DOWN']
2026-07-03T23:51:48Z VIOLATION DNS drift threat ssh.github.com: ['TRUTH_DNS_DOWN', 'TRUTH_STUB_DRIFT', 'TRUTH_SYSTEM_DRIFT']
2026-07-03T23:51:50Z VIOLATION DNS drift threat api.github.com: ['TRUTH_DNS_DOWN', 'TRUTH_STUB_DRIFT', 'TRUTH_SYSTEM_DRIFT']
2026-07-03T23:51:56Z VIOLATION DNS drift threat ssh.github.com: ['TRUTH_DNS_DOWN', 'TRUTH_STUB_DRIFT', 'TRUTH_SYSTEM_DRIFT']
2026-07-03T23:52:20Z VIOLATION DNS drift threat github.com: ['TRUTH_DNS_DOWN', 'TRUTH_STUB_DRIFT', 'TRUTH_SYSTEM_DRIFT']
2026-07-03T23:52:30Z VIOLATION DNS drift threat github.com: ['TRUTH_DNS_DOWN']
2026-07-03T23:52:30Z VIOLATION DNS drift threat github.com: ['TRUTH_DNS_DOWN', 'TRUTH_STUB_DRIFT', 'TRUTH_SYSTEM_DRIFT']
2026-07-03T23:52:30Z VIOLATION DNS drift threat github.com: ['TRUTH_DNS_DOWN', 'TRUTH_STUB_DRIFT', 'TRUTH_SYSTEM_DRIFT']
2026-07-03T23:52:36Z VIOLATION DNS drift threat github.com: ['TRUTH_DNS_DOWN', 'TRUTH_STUB_DRIFT', 'TRUTH_SYSTEM_DRIFT']
2026-07-03T23:52:37Z VIOLATION DNS drift threat api.github.com: ['TRUTH_DNS_DOWN', 'TRUTH_STUB_DRIFT', 'TRUTH_SYSTEM_DRIFT']
2026-07-03T23:52:38Z VIOLATION DNS drift threat github.com: ['TRUTH_DNS_DOWN', 'TRUTH_STUB_DRIFT', 'TRUTH_SYSTEM_DRIFT']
2026-07-03T23:52:40Z VIOLATION DNS drift threat github.com: ['TRUTH_DNS_DOWN']
2026-07-03T23:52:40Z VIOLATION DNS drift threat github.com: ['TRUTH_DNS_DOWN', 'TRUTH_STUB_DRIFT', 'TRUTH_SYSTEM_DRIFT']
2026-07-03T23:52:41Z VIOLATION DNS drift threat api.github.com: ['TRUTH_DNS_DOWN']
2026-07-03T23:52:42Z VIOLATION DNS drift threat api.github.com: ['TRUTH_DNS_DOWN']
2026-07-03T23:52:42Z VIOLATION DNS drift threat api.github.com: ['TRUTH_DNS_DOWN', 'TRUTH_STUB_DRIFT', 'TRUTH_SYSTEM_DRIFT']
2026-07-03T23:52:43Z VIOLATION DNS drift threat github.com: ['TRUTH_DNS_DOWN']
2026-07-03T23:52:43Z VIOLATION DNS drift threat github.com: ['TRUTH_DNS_DOWN', 'TRUTH_STUB_DRIFT', 'TRUTH_SYSTEM_DRIFT']
2026-07-03T23:52:45Z VIOLATION DNS drift threat ssh.github.com: ['TRUTH_DNS_DOWN', 'TRUTH_STUB_DRIFT', 'TRUTH_SYSTEM_DRIFT']
2026-07-03T23:52:46Z VIOLATION DNS drift threat api.github.com: ['TRUTH_DNS_DOWN']
2026-07-03T23:52:46Z VIOLATION DNS drift threat api.github.com: ['TRUTH_DNS_DOWN', 'TRUTH_STUB_DRIFT', 'TRUTH_SYSTEM_DRIFT']
2026-07-03T23:52:48Z VIOLATION DNS drift threat api.github.com: ['TRUTH_DNS_DOWN', 'TRUTH_STUB_DRIFT', 'TRUTH_SYSTEM_DRIFT']
2026-07-03T23:52:48Z VIOLATION DNS drift threat github.com: ['TRUTH_DNS_DOWN']
2026-07-03T23:52:50Z VIOLATION DNS drift threat api.github.com: ['TRUTH_DNS_DOWN']
2026-07-03T23:52:51Z VIOLATION DNS drift threat github.com: ['TRUTH_DNS_DOWN', 'TRUTH_STUB_DRIFT', 'TRUTH_SYSTEM_DRIFT']
2026-07-03T23:52:53Z VIOLATION DNS drift threat api.github.com: ['TRUTH_DNS_DOWN', 'TRUTH_STUB_DRIFT', 'TRUTH_SYSTEM_DRIFT']
2026-07-03T23:52:54Z VIOLATION DNS drift threat ssh.github.com: ['TRUTH_DNS_DOWN', 'TRUTH_STUB_DRIFT', 'TRUTH_SYSTEM_DRIFT']
2026-07-03T23:52:55Z VIOLATION DNS drift threat ssh.github.com: ['TRUTH_DNS_DOWN']
2026-07-03T23:52:57Z VIOLATION DNS drift threat github.com: ['TRUTH_DNS_DOWN', 'TRUTH_STUB_DRIFT', 'TRUTH_SYSTEM_DRIFT']
2026-07-03T23:53:01Z VIOLATION DNS drift threat api.github.com: ['TRUTH_DNS_DOWN', 'TRUTH_STUB_DRIFT', 'TRUTH_SYSTEM_DRIFT']
2026-07-03T23:53:02Z VIOLATION DNS drift threat github.com: ['TRUTH_DNS_DOWN', 'TRUTH_STUB_DRIFT', 'TRUTH_SYSTEM_DRIFT']
2026-07-03T23:53:04Z VIOLATION DNS drift threat api.github.com: ['TRUTH_DNS_DOWN', 'TRUTH_STUB_DRIFT', 'TRUTH_SYSTEM_DRIFT']
2026-07-03T23:53:07Z VIOLATION DNS drift threat github.com: ['TRUTH_DNS_DOWN', 'TRUTH_STUB_DRIFT', 'TRUTH_SYSTEM_DRIFT']
2026-07-03T23:53:09Z VIOLATION DNS drift threat github.com: ['TRUTH_DNS_DOWN', 'TRUTH_SYSTEM_DRIFT']
2026-07-03T23:53:10Z VIOLATION DNS drift threat api.github.com: ['TRUTH_DNS_DOWN']
2026-07-03T23:53:12Z VIOLATION DNS drift threat api.github.com: ['TRUTH_DNS_DOWN', 'TRUTH_STUB_DRIFT', 'TRUTH_SYSTEM_DRIFT']
2026-07-03T23:53:12Z VIOLATION DNS drift threat github.com: ['TRUTH_DNS_DOWN', 'TRUTH_STUB_DRIFT', 'TRUTH_SYSTEM_DRIFT']
2026-07-03T23:53:13Z VIOLATION DNS drift threat ssh.github.com: ['TRUTH_DNS_DOWN', 'TRUTH_STUB_DRIFT', 'TRUTH_SYSTEM_DRIFT']
2026-07-03T23:53:13Z VIOLATION DNS drift threat github.com: ['TRUTH_DNS_DOWN', 'TRUTH_STUB_DRIFT', 'TRUTH_SYSTEM_DRIFT']
2026-07-03T23:53:15Z VIOLATION DNS drift threat github.com: ['TRUTH_DNS_DOWN']
2026-07-03T23:53:15Z VIOLATION DNS drift threat api.github.com: ['TRUTH_DNS_DOWN', 'TRUTH_STUB_DRIFT', 'TRUTH_SYSTEM_DRIFT']
2026-07-03T23:53:16Z VIOLATION DNS drift threat api.github.com: ['TRUTH_DNS_DOWN', 'TRUTH_STUB_DRIFT', 'TRUTH_SYSTEM_DRIFT']
2026-07-03T23:53:16Z VIOLATION DNS drift threat ssh.github.com: ['TRUTH_DNS_DOWN', 'TRUTH_STUB_DRIFT', 'TRUTH_SYSTEM_DRIFT']
2026-07-03T23:53:19Z VIOLATION DNS drift threat ssh.github.com: ['TRUTH_DNS_DOWN', 'TRUTH_STUB_DRIFT', 'TRUTH_SYSTEM_DRIFT']
2026-07-03T23:53:20Z VIOLATION DNS drift threat api.github.com: ['TRUTH_DNS_DOWN', 'TRUTH_STUB_DRIFT', 'TRUTH_SYSTEM_DRIFT']
2026-07-03T23:53:21Z VIOLATION DNS drift threat raw.githubusercontent.com: ['TRUTH_DNS_DOWN']
2026-07-03T23:53:56Z VIOLATION DNS drift threat github.com: ['TRUTH_DNS_DOWN', 'TRUTH_STUB_DRIFT', 'TRUTH_SYSTEM_DRIFT']
2026-07-03T23:53:59Z VIOLATION DNS drift threat github.com: ['TRUTH_DNS_DOWN', 'TRUTH_STUB_DRIFT', 'TRUTH_SYSTEM_DRIFT']
2026-07-03T23:54:00Z VIOLATION DNS drift threat api.github.com: ['TRUTH_DNS_DOWN', 'TRUTH_STUB_DRIFT', 'TRUTH_SYSTEM_DRIFT']
2026-07-03T23:54:01Z VIOLATION DNS drift threat github.com: ['TRUTH_DNS_DOWN']
2026-07-03T23:54:03Z VIOLATION DNS drift threat github.com: ['TRUTH_DNS_DOWN', 'TRUTH_STUB_DRIFT', 'TRUTH_SYSTEM_DRIFT']
2026-07-03T23:54:03Z VIOLATION DNS drift threat api.github.com: ['TRUTH_DNS_DOWN']
2026-07-03T23:54:04Z VIOLATION DNS drift threat github.com: ['TRUTH_DNS_DOWN', 'TRUTH_STUB_DRIFT', 'TRUTH_SYSTEM_DRIFT']
2026-07-03T23:54:05Z VIOLATION DNS drift threat github.com: ['TRUTH_DNS_DOWN', 'TRUTH_STUB_DRIFT', 'TRUTH_SYSTEM_DRIFT']
2026-07-03T23:54:05Z VIOLATION DNS drift threat api.github.com: ['TRUTH_DNS_DOWN', 'TRUTH_STUB_DRIFT', 'TRUTH_SYSTEM_DRIFT']
2026-07-03T23:54:07Z VIOLATION DNS drift threat ssh.github.com: ['TRUTH_DNS_DOWN', 'TRUTH_STUB_DRIFT', 'TRUTH_SYSTEM_DRIFT']
2026-07-03T23:54:07Z VIOLATION DNS drift threat github.com: ['TRUTH_DNS_DOWN', 'TRUTH_STUB_DRIFT', 'TRUTH_SYSTEM_DRIFT']
2026-07-03T23:54:08Z VIOLATION DNS drift threat api.github.com: ['TRUTH_DNS_DOWN', 'TRUTH_STUB_DRIFT', 'TRUTH_SYSTEM_DRIFT']
2026-07-03T23:54:08Z VIOLATION DNS drift threat api.github.com: ['TRUTH_DNS_DOWN', 'TRUTH_STUB_DRIFT', 'TRUTH_SYSTEM_DRIFT']
2026-07-03T23:54:08Z VIOLATION DNS drift threat api.github.com: ['TRUTH_DNS_DOWN']
2026-07-03T23:54:11Z VIOLATION DNS drift threat ssh.github.com: ['TRUTH_DNS_DOWN', 'TRUTH_STUB_DRIFT', 'TRUTH_SYSTEM_DRIFT']
2026-07-03T23:54:11Z VIOLATION DNS drift threat api.github.com: ['TRUTH_DNS_DOWN', 'TRUTH_STUB_DRIFT', 'TRUTH_SYSTEM_DRIFT']
2026-07-03T23:54:14Z VIOLATION DNS drift threat github.com: ['TRUTH_DNS_DOWN', 'TRUTH_STUB_DRIFT', 'TRUTH_SYSTEM_DRIFT']
2026-07-03T23:54:15Z VIOLATION DNS drift threat github.com: ['TRUTH_DNS_DOWN', 'TRUTH_STUB_DRIFT', 'TRUTH_SYSTEM_DRIFT']
2026-07-03T23:54:17Z VIOLATION DNS drift threat github.com: ['TRUTH_DNS_DOWN', 'TRUTH_STUB_DRIFT', 'TRUTH_SYSTEM_DRIFT']
2026-07-03T23:54:17Z VIOLATION DNS drift threat api.github.com: ['TRUTH_DNS_DOWN', 'TRUTH_STUB_DRIFT', 'TRUTH_SYSTEM_DRIFT']
2026-07-03T23:54:19Z VIOLATION DNS drift threat api.github.com: ['TRUTH_DNS_DOWN', 'TRUTH_STUB_DRIFT', 'TRUTH_SYSTEM_DRIFT']
2026-07-03T23:54:20Z VIOLATION DNS drift threat github.com: ['TRUTH_DNS_DOWN', 'TRUTH_STUB_DRIFT', 'TRUTH_SYSTEM_DRIFT']
2026-07-03T23:54:21Z VIOLATION DNS drift threat api.github.com: ['TRUTH_DNS_DOWN', 'TRUTH_STUB_DRIFT', 'TRUTH_SYSTEM_DRIFT']
2026-07-03T23:54:23Z VIOLATION DNS drift threat github.com: ['TRUTH_DNS_DOWN', 'TRUTH_STUB_DRIFT', 'TRUTH_SYSTEM_DRIFT']
2026-07-03T23:54:24Z VIOLATION DNS drift threat api.github.com: ['TRUTH_DNS_DOWN']
2026-07-03T23:54:27Z VIOLATION DNS drift threat api.github.com: ['TRUTH_DNS_DOWN', 'TRUTH_STUB_DRIFT', 'TRUTH_SYSTEM_DRIFT']
2026-07-03T23:54:33Z VIOLATION DNS drift threat github.com: ['TRUTH_DNS_DOWN', 'TRUTH_STUB_DRIFT', 'TRUTH_SYSTEM_DRIFT']
2026-07-03T23:54:37Z VIOLATION DNS drift threat github.com: ['TRUTH_DNS_DOWN', 'TRUTH_STUB_DRIFT', 'TRUTH_SYSTEM_DRIFT']
2026-07-03T23:54:37Z VIOLATION DNS drift threat api.github.com: ['TRUTH_DNS_DOWN', 'TRUTH_STUB_DRIFT', 'TRUTH_SYSTEM_DRIFT']
2026-07-03T23:54:38Z VIOLATION DNS drift threat github.com: ['TRUTH_DNS_DOWN', 'TRUTH_STUB_DRIFT', 'TRUTH_SYSTEM_DRIFT']
2026-07-03T23:54:41Z VIOLATION DNS drift threat api.github.com: ['TRUTH_DNS_DOWN', 'TRUTH_STUB_DRIFT', 'TRUTH_SYSTEM_DRIFT']
2026-07-03T23:54:41Z VIOLATION DNS drift threat github.com: ['TRUTH_DNS_DOWN', 'TRUTH_STUB_DRIFT', 'TRUTH_SYSTEM_DRIFT']
2026-07-03T23:54:42Z VIOLATION DNS drift threat api.github.com: ['TRUTH_DNS_DOWN', 'TRUTH_STUB_DRIFT', 'TRUTH_SYSTEM_DRIFT']
2026-07-03T23:54:44Z VIOLATION DNS drift threat github.com: ['TRUTH_DNS_DOWN', 'TRUTH_STUB_DRIFT', 'TRUTH_SYSTEM_DRIFT']
2026-07-03T23:54:46Z VIOLATION DNS drift threat api.github.com: ['TRUTH_DNS_DOWN', 'TRUTH_STUB_DRIFT', 'TRUTH_SYSTEM_DRIFT']
2026-07-03T23:54:48Z VIOLATION DNS drift threat api.github.com: ['TRUTH_DNS_DOWN', 'TRUTH_STUB_DRIFT', 'TRUTH_SYSTEM_DRIFT']
2026-07-03T23:54:53Z VIOLATION DNS drift threat github.com: ['TRUTH_DNS_DOWN', 'TRUTH_STUB_DRIFT', 'TRUTH_SYSTEM_DRIFT']
2026-07-03T23:55:26Z VIOLATION DNS drift threat github.com: ['TRUTH_DNS_DOWN', 'TRUTH_STUB_DRIFT', 'TRUTH_SYSTEM_DRIFT']
2026-07-03T23:55:29Z VIOLATION DNS drift threat api.github.com: ['TRUTH_DNS_DOWN', 'TRUTH_STUB_DRIFT', 'TRUTH_SYSTEM_DRIFT']
2026-07-03T23:55:30Z VIOLATION DNS drift threat github.com: ['TRUTH_DNS_DOWN', 'TRUTH_STUB_DRIFT', 'TRUTH_SYSTEM_DRIFT']
2026-07-03T23:55:31Z VIOLATION DNS drift threat github.com: ['TRUTH_DNS_DOWN', 'TRUTH_STUB_DRIFT', 'TRUTH_SYSTEM_DRIFT']
2026-07-03T23:55:32Z VIOLATION DNS drift threat github.com: ['TRUTH_DNS_DOWN', 'TRUTH_STUB_DRIFT', 'TRUTH_SYSTEM_DRIFT']
2026-07-03T23:55:32Z VIOLATION DNS drift threat ssh.github.com: ['TRUTH_DNS_DOWN', 'TRUTH_STUB_DRIFT', 'TRUTH_SYSTEM_DRIFT']
2026-07-03T23:55:33Z VIOLATION DNS drift threat github.com: ['TRUTH_DNS_DOWN', 'TRUTH_STUB_DRIFT', 'TRUTH_SYSTEM_DRIFT']
2026-07-03T23:55:33Z VIOLATION DNS drift threat github.com: ['TRUTH_DNS_DOWN', 'TRUTH_STUB_DRIFT', 'TRUTH_SYSTEM_DRIFT']
2026-07-03T23:55:34Z VIOLATION DNS drift threat api.github.com: ['TRUTH_DNS_DOWN', 'TRUTH_STUB_DRIFT', 'TRUTH_SYSTEM_DRIFT']
2026-07-03T23:55:36Z VIOLATION DNS drift threat api.github.com: ['TRUTH_DNS_DOWN', 'TRUTH_STUB_DRIFT', 'TRUTH_SYSTEM_DRIFT']
2026-07-03T23:55:36Z VIOLATION DNS drift threat api.github.com: ['TRUTH_DNS_DOWN']
2026-07-03T23:55:37Z VIOLATION DNS drift threat api.github.com: ['TRUTH_DNS_DOWN', 'TRUTH_STUB_DRIFT', 'TRUTH_SYSTEM_DRIFT']
2026-07-03T23:55:37Z VIOLATION DNS drift threat api.github.com: ['TRUTH_DNS_DOWN']
2026-07-03T23:55:38Z VIOLATION DNS drift threat github.com: ['TRUTH_DNS_DOWN', 'TRUTH_STUB_DRIFT', 'TRUTH_SYSTEM_DRIFT']
2026-07-03T23:55:39Z VIOLATION DNS drift threat ssh.github.com: ['TRUTH_DNS_DOWN', 'TRUTH_STUB_DRIFT', 'TRUTH_SYSTEM_DRIFT']
2026-07-03T23:55:39Z VIOLATION DNS drift threat ssh.github.com: ['TRUTH_DNS_DOWN', 'TRUTH_STUB_DRIFT', 'TRUTH_SYSTEM_DRIFT']
2026-07-03T23:55:39Z VIOLATION DNS drift threat ssh.github.com: ['TRUTH_DNS_DOWN', 'TRUTH_STUB_DRIFT', 'TRUTH_SYSTEM_DRIFT']
2026-07-03T23:55:40Z VIOLATION DNS drift threat github.com: ['TRUTH_DNS_DOWN', 'TRUTH_STUB_DRIFT', 'TRUTH_SYSTEM_DRIFT']
2026-07-03T23:55:41Z VIOLATION DNS drift threat ssh.github.com: ['TRUTH_DNS_DOWN']
2026-07-03T23:55:41Z VIOLATION DNS drift threat github.com: ['TRUTH_DNS_DOWN', 'TRUTH_STUB_DRIFT', 'TRUTH_SYSTEM_DRIFT']
2026-07-03T23:55:41Z VIOLATION DNS drift threat ssh.github.com: ['TRUTH_DNS_DOWN', 'TRUTH_STUB_DRIFT', 'TRUTH_SYSTEM_DRIFT']
2026-07-03T23:55:41Z VIOLATION DNS drift threat github.com: ['TRUTH_DNS_DOWN', 'TRUTH_STUB_DRIFT', 'TRUTH_SYSTEM_DRIFT']
2026-07-03T23:55:43Z VIOLATION DNS drift threat raw.githubusercontent.com: ['TRUTH_DNS_DOWN']
2026-07-03T23:55:43Z VIOLATION DNS drift threat api.github.com: ['TRUTH_DNS_DOWN', 'TRUTH_STUB_DRIFT', 'TRUTH_SYSTEM_DRIFT']
2026-07-03T23:55:44Z VIOLATION DNS drift threat github.com: ['TRUTH_DNS_DOWN', 'TRUTH_STUB_DRIFT', 'TRUTH_SYSTEM_DRIFT']
2026-07-03T23:55:44Z VIOLATION DNS drift threat raw.githubusercontent.com: ['TRUTH_DNS_DOWN']
2026-07-03T23:55:44Z VIOLATION DNS drift threat api.github.com: ['TRUTH_DNS_DOWN', 'TRUTH_STUB_DRIFT', 'TRUTH_SYSTEM_DRIFT']
2026-07-03T23:55:45Z VIOLATION DNS drift threat api.github.com: ['TRUTH_DNS_DOWN']
2026-07-03T23:55:48Z VIOLATION DNS drift threat api.github.com: ['TRUTH_DNS_DOWN']
2026-07-03T23:55:48Z VIOLATION DNS drift threat ssh.github.com: ['TRUTH_DNS_DOWN', 'TRUTH_STUB_DRIFT', 'TRUTH_SYSTEM_DRIFT']
2026-07-03T23:55:48Z VIOLATION DNS drift threat github.com: ['TRUTH_DNS_DOWN', 'TRUTH_STUB_DRIFT', 'TRUTH_SYSTEM_DRIFT']
2026-07-03T23:55:50Z VIOLATION DNS drift threat ssh.github.com: ['TRUTH_DNS_DOWN', 'TRUTH_STUB_DRIFT', 'TRUTH_SYSTEM_DRIFT']
2026-07-03T23:55:51Z VIOLATION DNS drift threat api.github.com: ['TRUTH_DNS_DOWN', 'TRUTH_STUB_DRIFT', 'TRUTH_SYSTEM_DRIFT']
2026-07-03T23:55:54Z VIOLATION DNS drift threat ssh.github.com: ['TRUTH_DNS_DOWN']
2026-07-03T23:55:57Z VIOLATION DNS drift threat github.com: ['TRUTH_DNS_DOWN']
2026-07-03T23:56:00Z VIOLATION DNS drift threat api.github.com: ['TRUTH_DNS_DOWN', 'TRUTH_STUB_DRIFT', 'TRUTH_SYSTEM_DRIFT']
2026-07-03T23:56:00Z VIOLATION DNS drift threat github.com: ['TRUTH_DNS_DOWN']
2026-07-03T23:56:03Z VIOLATION DNS drift threat ssh.github.com: ['TRUTH_DNS_DOWN', 'TRUTH_STUB_DRIFT', 'TRUTH_SYSTEM_DRIFT']
2026-07-03T23:56:06Z VIOLATION DNS drift threat api.github.com: ['TRUTH_DNS_DOWN', 'TRUTH_STUB_DRIFT', 'TRUTH_SYSTEM_DRIFT']
2026-07-03T23:56:06Z VIOLATION DNS drift threat github.com: ['TRUTH_DNS_DOWN', 'TRUTH_STUB_DRIFT', 'TRUTH_SYSTEM_DRIFT']
2026-07-03T23:56:07Z VIOLATION DNS drift threat ssh.github.com: ['TRUTH_DNS_DOWN', 'TRUTH_STUB_DRIFT', 'TRUTH_SYSTEM_DRIFT']
2026-07-03T23:56:08Z VIOLATION DNS drift threat github.com: ['TRUTH_DNS_DOWN', 'TRUTH_STUB_DRIFT', 'TRUTH_SYSTEM_DRIFT']
2026-07-03T23:56:08Z VIOLATION DNS drift threat github.com: ['TRUTH_DNS_DOWN', 'TRUTH_STUB_DRIFT', 'TRUTH_SYSTEM_DRIFT']
2026-07-03T23:56:09Z VIOLATION DNS drift threat api.github.com: ['TRUTH_DNS_DOWN', 'TRUTH_STUB_DRIFT', 'TRUTH_SYSTEM_DRIFT']
2026-07-03T23:56:11Z VIOLATION DNS drift threat ssh.github.com: ['TRUTH_DNS_DOWN', 'TRUTH_STUB_DRIFT', 'TRUTH_SYSTEM_DRIFT']
2026-07-03T23:56:13Z VIOLATION DNS drift threat api.github.com: ['TRUTH_DNS_DOWN', 'TRUTH_STUB_DRIFT']
2026-07-03T23:56:14Z VIOLATION DNS drift threat api.github.com: ['TRUTH_DNS_DOWN']
2026-07-03T23:56:15Z VIOLATION DNS drift threat github.com: ['TRUTH_DNS_DOWN', 'TRUTH_STUB_DRIFT', 'TRUTH_SYSTEM_DRIFT']
2026-07-03T23:56:19Z VIOLATION DNS drift threat api.github.com: ['TRUTH_DNS_DOWN', 'TRUTH_STUB_DRIFT', 'TRUTH_SYSTEM_DRIFT']
2026-07-03T23:56:38Z VIOLATION DNS drift threat github.com: ['TRUTH_DNS_DOWN']
2026-07-03T23:56:44Z VIOLATION DNS drift threat github.com: ['TRUTH_DNS_DOWN', 'TRUTH_STUB_DRIFT', 'TRUTH_SYSTEM_DRIFT']
2026-07-03T23:56:47Z VIOLATION DNS drift threat api.github.com: ['TRUTH_DNS_DOWN', 'TRUTH_STUB_DRIFT', 'TRUTH_SYSTEM_DRIFT']
2026-07-03T23:56:49Z VIOLATION DNS drift threat ssh.github.com: ['TRUTH_DNS_DOWN', 'TRUTH_STUB_DRIFT', 'TRUTH_SYSTEM_DRIFT']
2026-07-03T23:56:54Z VIOLATION DNS drift threat github.com: ['TRUTH_DNS_DOWN', 'TRUTH_STUB_DRIFT', 'TRUTH_SYSTEM_DRIFT']
2026-07-03T23:56:56Z VIOLATION DNS drift threat github.com: ['TRUTH_DNS_DOWN']
2026-07-03T23:56:56Z VIOLATION DNS drift threat github.com: ['TRUTH_DNS_DOWN', 'TRUTH_STUB_DRIFT', 'TRUTH_SYSTEM_DRIFT']
2026-07-03T23:56:58Z VIOLATION DNS drift threat api.github.com: ['TRUTH_DNS_DOWN']
2026-07-03T23:56:59Z VIOLATION DNS drift threat github.com: ['TRUTH_DNS_DOWN', 'TRUTH_STUB_DRIFT', 'TRUTH_SYSTEM_DRIFT']
2026-07-03T23:57:00Z VIOLATION DNS drift threat api.github.com: ['TRUTH_DNS_DOWN', 'TRUTH_STUB_DRIFT', 'TRUTH_SYSTEM_DRIFT']
2026-07-03T23:57:03Z VIOLATION DNS drift threat api.github.com: ['TRUTH_DNS_DOWN', 'TRUTH_STUB_DRIFT', 'TRUTH_SYSTEM_DRIFT']
2026-07-03T23:57:03Z VIOLATION DNS drift threat ssh.github.com: ['TRUTH_DNS_DOWN', 'TRUTH_STUB_DRIFT', 'TRUTH_SYSTEM_DRIFT']
2026-07-03T23:57:05Z VIOLATION DNS drift threat github.com: ['TRUTH_DNS_DOWN', 'TRUTH_STUB_DRIFT', 'TRUTH_SYSTEM_DRIFT']
2026-07-03T23:57:05Z VIOLATION DNS drift threat ssh.github.com: ['TRUTH_DNS_DOWN', 'TRUTH_STUB_DRIFT', 'TRUTH_SYSTEM_DRIFT']
2026-07-03T23:57:06Z VIOLATION DNS drift threat github.com: ['TRUTH_DNS_DOWN', 'TRUTH_STUB_DRIFT', 'TRUTH_SYSTEM_DRIFT']
2026-07-03T23:57:08Z VIOLATION DNS drift threat github.com: ['TRUTH_DNS_DOWN', 'TRUTH_STUB_DRIFT', 'TRUTH_SYSTEM_DRIFT']
2026-07-03T23:57:08Z VIOLATION DNS drift threat api.github.com: ['TRUTH_DNS_DOWN', 'TRUTH_STUB_DRIFT', 'TRUTH_SYSTEM_DRIFT']
2026-07-03T23:57:09Z VIOLATION DNS drift threat api.github.com: ['TRUTH_DNS_DOWN', 'TRUTH_STUB_DRIFT', 'TRUTH_SYSTEM_DRIFT']
2026-07-03T23:57:09Z VIOLATION DNS drift threat github.com: ['TRUTH_DNS_DOWN', 'TRUTH_STUB_DRIFT', 'TRUTH_SYSTEM_DRIFT']
2026-07-03T23:57:10Z VIOLATION DNS drift threat api.github.com: ['TRUTH_DNS_DOWN', 'TRUTH_STUB_DRIFT', 'TRUTH_SYSTEM_DRIFT']
2026-07-03T23:57:11Z VIOLATION DNS drift threat github.com: ['TRUTH_DNS_DOWN', 'TRUTH_STUB_DRIFT', 'TRUTH_SYSTEM_DRIFT']
2026-07-03T23:57:11Z VIOLATION DNS drift threat ssh.github.com: ['TRUTH_DNS_DOWN', 'TRUTH_STUB_DRIFT', 'TRUTH_SYSTEM_DRIFT']
2026-07-03T23:57:12Z VIOLATION DNS drift threat api.github.com: ['TRUTH_DNS_DOWN', 'TRUTH_STUB_DRIFT', 'TRUTH_SYSTEM_DRIFT']
2026-07-03T23:57:16Z VIOLATION DNS drift threat api.github.com: ['TRUTH_DNS_DOWN']
2026-07-03T23:57:16Z VIOLATION DNS drift threat ssh.github.com: ['TRUTH_DNS_DOWN']
2026-07-03T23:57:19Z VIOLATION DNS drift threat ssh.github.com: ['TRUTH_DNS_DOWN', 'TRUTH_STUB_DRIFT', 'TRUTH_SYSTEM_DRIFT']
2026-07-03T23:57:21Z VIOLATION DNS drift threat github.com: ['TRUTH_DNS_DOWN', 'TRUTH_STUB_DRIFT', 'TRUTH_SYSTEM_DRIFT']
2026-07-03T23:57:23Z VIOLATION DNS drift threat github.com: ['TRUTH_DNS_DOWN', 'TRUTH_STUB_DRIFT', 'TRUTH_SYSTEM_DRIFT']
2026-07-03T23:57:24Z VIOLATION DNS drift threat api.github.com: ['TRUTH_DNS_DOWN', 'TRUTH_STUB_DRIFT', 'TRUTH_SYSTEM_DRIFT']
2026-07-03T23:57:26Z VIOLATION DNS drift threat api.github.com: ['TRUTH_DNS_DOWN']
2026-07-03T23:57:27Z VIOLATION DNS drift threat github.com: ['TRUTH_DNS_DOWN', 'TRUTH_STUB_DRIFT', 'TRUTH_SYSTEM_DRIFT']
2026-07-03T23:57:28Z VIOLATION DNS drift threat ssh.github.com: ['TRUTH_DNS_DOWN', 'TRUTH_STUB_DRIFT', 'TRUTH_SYSTEM_DRIFT']
2026-07-03T23:57:31Z VIOLATION DNS drift threat api.github.com: ['TRUTH_DNS_DOWN']
2026-07-03T23:57:32Z VIOLATION DNS drift threat github.com: ['TRUTH_DNS_DOWN', 'TRUTH_STUB_DRIFT', 'TRUTH_SYSTEM_DRIFT']
2026-07-03T23:57:36Z VIOLATION DNS drift threat github.com: ['TRUTH_DNS_DOWN']
2026-07-03T23:57:36Z VIOLATION DNS drift threat api.github.com: ['TRUTH_DNS_DOWN', 'TRUTH_STUB_DRIFT', 'TRUTH_SYSTEM_DRIFT']
2026-07-03T23:57:38Z VIOLATION DNS drift threat github.com: ['TRUTH_DNS_DOWN', 'TRUTH_STUB_DRIFT', 'TRUTH_SYSTEM_DRIFT']
2026-07-03T23:57:39Z VIOLATION DNS drift threat api.github.com: ['TRUTH_DNS_DOWN', 'TRUTH_STUB_DRIFT', 'TRUTH_SYSTEM_DRIFT']
2026-07-03T23:57:42Z VIOLATION DNS drift threat api.github.com: ['TRUTH_DNS_DOWN', 'TRUTH_STUB_DRIFT', 'TRUTH_SYSTEM_DRIFT']
2026-07-03T23:57:46Z VIOLATION DNS drift threat github.com: ['TRUTH_DNS_DOWN', 'TRUTH_STUB_DRIFT', 'TRUTH_SYSTEM_DRIFT']
2026-07-03T23:57:51Z VIOLATION DNS drift threat api.github.com: ['TRUTH_DNS_DOWN', 'TRUTH_STUB_DRIFT', 'TRUTH_SYSTEM_DRIFT']
2026-07-03T23:58:11Z VIOLATION DNS drift threat github.com: ['TRUTH_DNS_DOWN']
2026-07-03T23:58:14Z VIOLATION DNS drift threat github.com: ['TRUTH_DNS_DOWN']
2026-07-03T23:58:15Z VIOLATION DNS drift threat api.github.com: ['TRUTH_DNS_DOWN', 'TRUTH_STUB_DRIFT', 'TRUTH_SYSTEM_DRIFT']
2026-07-03T23:58:31Z VIOLATION DNS drift threat github.com: ['TRUTH_DNS_DOWN', 'TRUTH_STUB_DRIFT', 'TRUTH_SYSTEM_DRIFT']
2026-07-03T23:58:32Z VIOLATION DNS drift threat github.com: ['TRUTH_DNS_DOWN', 'TRUTH_STUB_DRIFT', 'TRUTH_SYSTEM_DRIFT']
2026-07-03T23:58:34Z VIOLATION DNS drift threat github.com: ['TRUTH_DNS_DOWN', 'TRUTH_STUB_DRIFT', 'TRUTH_SYSTEM_DRIFT']
2026-07-03T23:58:34Z VIOLATION DNS drift threat api.github.com: ['TRUTH_DNS_DOWN', 'TRUTH_STUB_DRIFT', 'TRUTH_SYSTEM_DRIFT']
2026-07-03T23:58:35Z VIOLATION DNS drift threat api.github.com: ['TRUTH_DNS_DOWN', 'TRUTH_STUB_DRIFT', 'TRUTH_SYSTEM_DRIFT']
2026-07-03T23:58:36Z VIOLATION DNS drift threat github.com: ['TRUTH_DNS_DOWN', 'TRUTH_STUB_DRIFT', 'TRUTH_SYSTEM_DRIFT']
2026-07-03T23:58:36Z VIOLATION DNS drift threat github.com: ['TRUTH_DNS_DOWN']
2026-07-03T23:58:37Z VIOLATION DNS drift threat github.com: ['TRUTH_DNS_DOWN', 'TRUTH_STUB_DRIFT', 'TRUTH_SYSTEM_DRIFT']
2026-07-03T23:58:37Z VIOLATION DNS drift threat github.com: ['TRUTH_DNS_DOWN', 'TRUTH_STUB_DRIFT', 'TRUTH_SYSTEM_DRIFT']
2026-07-03T23:58:39Z VIOLATION DNS drift threat api.github.com: ['TRUTH_DNS_DOWN', 'TRUTH_STUB_DRIFT', 'TRUTH_SYSTEM_DRIFT']
2026-07-03T23:58:40Z VIOLATION DNS drift threat api.github.com: ['TRUTH_DNS_DOWN', 'TRUTH_STUB_DRIFT', 'TRUTH_SYSTEM_DRIFT']
2026-07-03T23:58:40Z VIOLATION DNS drift threat github.com: ['TRUTH_DNS_DOWN', 'TRUTH_STUB_DRIFT', 'TRUTH_SYSTEM_DRIFT']
2026-07-03T23:58:40Z VIOLATION DNS drift threat api.github.com: ['TRUTH_DNS_DOWN', 'TRUTH_STUB_DRIFT', 'TRUTH_SYSTEM_DRIFT']
2026-07-03T23:58:41Z VIOLATION DNS drift threat api.github.com: ['TRUTH_DNS_DOWN', 'TRUTH_STUB_DRIFT', 'TRUTH_SYSTEM_DRIFT']
2026-07-03T23:58:41Z VIOLATION DNS drift threat api.github.com: ['TRUTH_DNS_DOWN', 'TRUTH_STUB_DRIFT', 'TRUTH_SYSTEM_DRIFT']
2026-07-03T23:58:45Z VIOLATION DNS drift threat ssh.github.com: ['TRUTH_DNS_DOWN', 'TRUTH_STUB_DRIFT', 'TRUTH_SYSTEM_DRIFT']
2026-07-03T23:58:46Z VIOLATION DNS drift threat api.github.com: ['TRUTH_DNS_DOWN', 'TRUTH_STUB_DRIFT', 'TRUTH_SYSTEM_DRIFT']
2026-07-03T23:58:47Z VIOLATION DNS drift threat github.com: ['TRUTH_DNS_DOWN', 'TRUTH_STUB_DRIFT', 'TRUTH_SYSTEM_DRIFT']
2026-07-03T23:58:48Z VIOLATION DNS drift threat ssh.github.com: ['TRUTH_DNS_DOWN', 'TRUTH_STUB_DRIFT', 'TRUTH_SYSTEM_DRIFT']
2026-07-03T23:58:49Z VIOLATION DNS drift threat api.github.com: ['TRUTH_DNS_DOWN']
2026-07-03T23:58:53Z VIOLATION DNS drift threat ssh.github.com: ['TRUTH_DNS_DOWN']
2026-07-03T23:58:56Z VIOLATION DNS drift threat github.com: ['TRUTH_DNS_DOWN', 'TRUTH_STUB_DRIFT', 'TRUTH_SYSTEM_DRIFT']
2026-07-03T23:58:59Z VIOLATION DNS drift threat github.com: ['TRUTH_DNS_DOWN', 'TRUTH_STUB_DRIFT', 'TRUTH_SYSTEM_DRIFT']
2026-07-03T23:59:00Z VIOLATION DNS drift threat api.github.com: ['TRUTH_DNS_DOWN', 'TRUTH_STUB_DRIFT', 'TRUTH_SYSTEM_DRIFT']
2026-07-03T23:59:00Z VIOLATION DNS drift threat github.com: ['TRUTH_DNS_DOWN', 'TRUTH_STUB_DRIFT', 'TRUTH_SYSTEM_DRIFT']
2026-07-03T23:59:02Z VIOLATION DNS drift threat github.com: ['TRUTH_DNS_DOWN', 'TRUTH_STUB_DRIFT', 'TRUTH_SYSTEM_DRIFT']
2026-07-03T23:59:03Z VIOLATION DNS drift threat ssh.github.com: ['TRUTH_DNS_DOWN', 'TRUTH_STUB_DRIFT', 'TRUTH_SYSTEM_DRIFT']
2026-07-03T23:59:06Z VIOLATION DNS drift threat api.github.com: ['TRUTH_DNS_DOWN', 'TRUTH_STUB_DRIFT', 'TRUTH_SYSTEM_DRIFT']
2026-07-03T23:59:06Z VIOLATION DNS drift threat api.github.com: ['TRUTH_DNS_DOWN', 'TRUTH_STUB_DRIFT', 'TRUTH_SYSTEM_DRIFT']
2026-07-03T23:59:07Z VIOLATION DNS drift threat github.com: ['TRUTH_DNS_DOWN']
2026-07-03T23:59:08Z VIOLATION DNS drift threat ssh.github.com: ['TRUTH_DNS_DOWN', 'TRUTH_STUB_DRIFT', 'TRUTH_SYSTEM_DRIFT']
2026-07-03T23:59:08Z VIOLATION DNS drift threat github.com: ['TRUTH_DNS_DOWN', 'TRUTH_STUB_DRIFT', 'TRUTH_SYSTEM_DRIFT']
2026-07-03T23:59:11Z VIOLATION DNS drift threat api.github.com: ['TRUTH_DNS_DOWN', 'TRUTH_STUB_DRIFT', 'TRUTH_SYSTEM_DRIFT']
2026-07-03T23:59:11Z VIOLATION DNS drift threat github.com: ['TRUTH_DNS_DOWN', 'TRUTH_STUB_DRIFT', 'TRUTH_SYSTEM_DRIFT']
2026-07-03T23:59:12Z VIOLATION DNS drift threat api.github.com: ['TRUTH_DNS_DOWN', 'TRUTH_STUB_DRIFT', 'TRUTH_SYSTEM_DRIFT']
2026-07-03T23:59:14Z VIOLATION DNS drift threat api.github.com: ['TRUTH_DNS_DOWN', 'TRUTH_STUB_DRIFT', 'TRUTH_SYSTEM_DRIFT']
2026-07-03T23:59:16Z VIOLATION DNS drift threat ssh.github.com: ['TRUTH_DNS_DOWN', 'TRUTH_STUB_DRIFT', 'TRUTH_SYSTEM_DRIFT']
2026-07-03T23:59:17Z VIOLATION DNS drift threat ssh.github.com: ['TRUTH_DNS_DOWN', 'TRUTH_STUB_DRIFT', 'TRUTH_SYSTEM_DRIFT']
2026-07-03T23:59:21Z VIOLATION DNS drift threat raw.githubusercontent.com: ['TRUTH_DNS_DOWN']
2026-07-03T23:59:26Z VIOLATION DNS drift threat github.com: ['TRUTH_DNS_DOWN', 'TRUTH_STUB_DRIFT', 'TRUTH_SYSTEM_DRIFT']
2026-07-03T23:59:29Z VIOLATION DNS drift threat api.github.com: ['TRUTH_DNS_DOWN', 'TRUTH_STUB_DRIFT', 'TRUTH_SYSTEM_DRIFT']
2026-07-03T23:59:45Z VIOLATION DNS drift threat github.com: ['TRUTH_DNS_DOWN', 'TRUTH_STUB_DRIFT', 'TRUTH_SYSTEM_DRIFT']
2026-07-03T23:59:53Z VIOLATION DNS drift threat github.com: ['TRUTH_DNS_DOWN', 'TRUTH_STUB_DRIFT', 'TRUTH_SYSTEM_DRIFT']
2026-07-03T23:59:55Z VIOLATION DNS drift threat api.github.com: ['TRUTH_DNS_DOWN', 'TRUTH_STUB_DRIFT', 'TRUTH_SYSTEM_DRIFT']
2026-07-03T23:59:55Z VIOLATION DNS drift threat github.com: ['TRUTH_DNS_DOWN', 'TRUTH_STUB_DRIFT', 'TRUTH_SYSTEM_DRIFT']
2026-07-03T23:59:59Z VIOLATION DNS drift threat api.github.com: ['TRUTH_DNS_DOWN', 'TRUTH_STUB_DRIFT', 'TRUTH_SYSTEM_DRIFT']
2026-07-04T00:00:02Z VIOLATION DNS drift threat ssh.github.com: ['TRUTH_DNS_DOWN', 'TRUTH_STUB_DRIFT', 'TRUTH_SYSTEM_DRIFT']
2026-07-04T00:00:05Z VIOLATION DNS drift threat github.com: ['TRUTH_DNS_DOWN', 'TRUTH_STUB_DRIFT', 'TRUTH_SYSTEM_DRIFT']
2026-07-04T00:00:05Z VIOLATION DNS drift threat github.com: ['TRUTH_DNS_DOWN', 'TRUTH_STUB_DRIFT', 'TRUTH_SYSTEM_DRIFT']
2026-07-04T00:00:06Z VIOLATION DNS drift threat github.com: ['TRUTH_DNS_DOWN', 'TRUTH_STUB_DRIFT', 'TRUTH_SYSTEM_DRIFT']
2026-07-04T00:00:07Z VIOLATION DNS drift threat github.com: ['TRUTH_DNS_DOWN', 'TRUTH_STUB_DRIFT', 'TRUTH_SYSTEM_DRIFT']
2026-07-04T00:00:09Z VIOLATION DNS drift threat api.github.com: ['TRUTH_DNS_DOWN']
2026-07-04T00:00:09Z VIOLATION DNS drift threat github.com: ['TRUTH_DNS_DOWN', 'TRUTH_STUB_DRIFT', 'TRUTH_SYSTEM_DRIFT']
2026-07-04T00:00:10Z VIOLATION DNS drift threat api.github.com: ['TRUTH_DNS_DOWN']
2026-07-04T00:00:11Z VIOLATION DNS drift threat api.github.com: ['TRUTH_DNS_DOWN', 'TRUTH_STUB_DRIFT', 'TRUTH_SYSTEM_DRIFT']
2026-07-04T00:00:11Z VIOLATION DNS drift threat github.com: ['TRUTH_DNS_DOWN']
2026-07-04T00:00:11Z VIOLATION DNS drift threat api.github.com: ['TRUTH_DNS_DOWN', 'TRUTH_STUB_DRIFT', 'TRUTH_SYSTEM_DRIFT']
2026-07-04T00:00:11Z VIOLATION DNS drift threat ssh.github.com: ['TRUTH_DNS_DOWN', 'TRUTH_STUB_DRIFT', 'TRUTH_SYSTEM_DRIFT']
2026-07-04T00:00:12Z VIOLATION DNS drift threat github.com: ['TRUTH_DNS_DOWN', 'TRUTH_STUB_DRIFT', 'TRUTH_SYSTEM_DRIFT']
2026-07-04T00:00:13Z VIOLATION DNS drift threat api.github.com: ['TRUTH_DNS_DOWN']
2026-07-04T00:00:14Z VIOLATION DNS drift threat api.github.com: ['TRUTH_DNS_DOWN', 'TRUTH_STUB_DRIFT', 'TRUTH_SYSTEM_DRIFT']
2026-07-04T00:00:15Z VIOLATION DNS drift threat api.github.com: ['TRUTH_DNS_DOWN', 'TRUTH_STUB_DRIFT', 'TRUTH_SYSTEM_DRIFT']
2026-07-04T00:00:17Z VIOLATION DNS drift threat ssh.github.com: ['TRUTH_DNS_DOWN']
2026-07-04T00:00:18Z VIOLATION DNS drift threat raw.githubusercontent.com: ['TRUTH_DNS_DOWN']
2026-07-04T00:00:19Z VIOLATION DNS drift threat ssh.github.com: ['TRUTH_DNS_DOWN', 'TRUTH_STUB_DRIFT', 'TRUTH_SYSTEM_DRIFT']
2026-07-04T00:00:23Z VIOLATION DNS drift threat github.com: ['TRUTH_DNS_DOWN', 'TRUTH_STUB_DRIFT', 'TRUTH_SYSTEM_DRIFT']
2026-07-04T00:00:25Z VIOLATION DNS drift threat github.com: ['TRUTH_DNS_DOWN', 'TRUTH_STUB_DRIFT', 'TRUTH_SYSTEM_DRIFT']
2026-07-04T00:00:27Z VIOLATION DNS drift threat api.github.com: ['TRUTH_DNS_DOWN', 'TRUTH_STUB_DRIFT', 'TRUTH_SYSTEM_DRIFT']
2026-07-04T00:00:30Z VIOLATION DNS drift threat ssh.github.com: ['TRUTH_DNS_DOWN', 'TRUTH_STUB_DRIFT', 'TRUTH_SYSTEM_DRIFT']
2026-07-04T00:00:30Z VIOLATION DNS drift threat github.com: ['TRUTH_DNS_DOWN']
2026-07-04T00:00:31Z VIOLATION DNS drift threat api.github.com: ['TRUTH_DNS_DOWN', 'TRUTH_STUB_DRIFT', 'TRUTH_SYSTEM_DRIFT']
2026-07-04T00:00:35Z VIOLATION DNS drift threat api.github.com: ['TRUTH_DNS_DOWN', 'TRUTH_STUB_DRIFT', 'TRUTH_SYSTEM_DRIFT']
2026-07-04T00:00:41Z VIOLATION DNS drift threat github.com: ['TRUTH_DNS_DOWN']
2026-07-04T00:00:43Z VIOLATION DNS drift threat github.com: ['TRUTH_DNS_DOWN', 'TRUTH_STUB_DRIFT', 'TRUTH_SYSTEM_DRIFT']
2026-07-04T00:00:44Z VIOLATION DNS drift threat github.com: ['TRUTH_DNS_DOWN', 'TRUTH_STUB_DRIFT', 'TRUTH_SYSTEM_DRIFT']
2026-07-04T00:00:45Z VIOLATION DNS drift threat api.github.com: ['TRUTH_DNS_DOWN', 'TRUTH_STUB_DRIFT', 'TRUTH_SYSTEM_DRIFT']
2026-07-04T00:00:47Z VIOLATION DNS drift threat api.github.com: ['TRUTH_DNS_DOWN', 'TRUTH_STUB_DRIFT', 'TRUTH_SYSTEM_DRIFT']
2026-07-04T00:00:49Z VIOLATION DNS drift threat api.github.com: ['TRUTH_DNS_DOWN', 'TRUTH_STUB_DRIFT', 'TRUTH_SYSTEM_DRIFT']
2026-07-04T00:00:49Z VIOLATION DNS drift threat ssh.github.com: ['TRUTH_DNS_DOWN', 'TRUTH_STUB_DRIFT', 'TRUTH_SYSTEM_DRIFT']
2026-07-04T00:00:49Z VIOLATION DNS drift threat github.com: ['TRUTH_DNS_DOWN', 'TRUTH_STUB_DRIFT', 'TRUTH_SYSTEM_DRIFT']
2026-07-04T00:00:53Z VIOLATION DNS drift threat api.github.com: ['TRUTH_DNS_DOWN', 'TRUTH_STUB_DRIFT', 'TRUTH_SYSTEM_DRIFT']
2026-07-04T00:01:04Z VIOLATION DNS drift threat github.com: ['TRUTH_DNS_DOWN', 'TRUTH_STUB_DRIFT', 'TRUTH_SYSTEM_DRIFT']
2026-07-04T00:01:04Z VIOLATION DNS drift threat github.com: ['TRUTH_DNS_DOWN', 'TRUTH_STUB_DRIFT', 'TRUTH_SYSTEM_DRIFT']
2026-07-04T00:01:08Z VIOLATION DNS drift threat api.github.com: ['TRUTH_DNS_DOWN', 'TRUTH_STUB_DRIFT', 'TRUTH_SYSTEM_DRIFT']
2026-07-04T00:01:09Z VIOLATION DNS drift threat api.github.com: ['TRUTH_DNS_DOWN', 'TRUTH_STUB_DRIFT', 'TRUTH_SYSTEM_DRIFT']
2026-07-04T00:01:13Z VIOLATION DNS drift threat ssh.github.com: ['TRUTH_DNS_DOWN', 'TRUTH_STUB_DRIFT', 'TRUTH_SYSTEM_DRIFT']
2026-07-04T00:01:35Z VIOLATION DNS drift threat github.com: ['TRUTH_DNS_DOWN']
2026-07-04T00:01:37Z VIOLATION DNS drift threat github.com: ['TRUTH_DNS_DOWN', 'TRUTH_STUB_DRIFT', 'TRUTH_SYSTEM_DRIFT']
2026-07-04T00:01:39Z VIOLATION DNS drift threat github.com: ['TRUTH_DNS_DOWN', 'TRUTH_STUB_DRIFT', 'TRUTH_SYSTEM_DRIFT']
2026-07-04T00:01:40Z VIOLATION DNS drift threat github.com: ['TRUTH_DNS_DOWN', 'TRUTH_STUB_DRIFT', 'TRUTH_SYSTEM_DRIFT']
2026-07-04T00:01:40Z VIOLATION DNS drift threat api.github.com: ['TRUTH_DNS_DOWN', 'TRUTH_STUB_DRIFT', 'TRUTH_SYSTEM_DRIFT']
2026-07-04T00:01:41Z VIOLATION DNS drift threat api.github.com: ['TRUTH_DNS_DOWN', 'TRUTH_STUB_DRIFT', 'TRUTH_SYSTEM_DRIFT']
2026-07-04T00:01:41Z VIOLATION DNS drift threat github.com: ['TRUTH_DNS_DOWN']
2026-07-04T00:01:42Z VIOLATION DNS drift threat github.com: ['TRUTH_DNS_DOWN', 'TRUTH_STUB_DRIFT', 'TRUTH_SYSTEM_DRIFT']
2026-07-04T00:01:43Z VIOLATION DNS drift threat github.com: ['TRUTH_DNS_DOWN', 'TRUTH_STUB_DRIFT', 'TRUTH_SYSTEM_DRIFT']
2026-07-04T00:01:43Z VIOLATION DNS drift threat api.github.com: ['TRUTH_DNS_DOWN', 'TRUTH_STUB_DRIFT', 'TRUTH_SYSTEM_DRIFT']
2026-07-04T00:01:44Z VIOLATION DNS drift threat ssh.github.com: ['TRUTH_DNS_DOWN', 'TRUTH_STUB_DRIFT', 'TRUTH_SYSTEM_DRIFT']
2026-07-04T00:01:44Z VIOLATION DNS drift threat github.com: ['TRUTH_DNS_DOWN', 'TRUTH_STUB_DRIFT', 'TRUTH_SYSTEM_DRIFT']
2026-07-04T00:01:46Z VIOLATION DNS drift threat api.github.com: ['TRUTH_DNS_DOWN', 'TRUTH_STUB_DRIFT', 'TRUTH_SYSTEM_DRIFT']
2026-07-04T00:01:47Z VIOLATION DNS drift threat api.github.com: ['TRUTH_DNS_DOWN']
2026-07-04T00:01:47Z VIOLATION DNS drift threat raw.githubusercontent.com: ['TRUTH_DNS_DOWN']
2026-07-04T00:01:47Z VIOLATION DNS drift threat api.github.com: ['TRUTH_DNS_DOWN', 'TRUTH_STUB_DRIFT', 'TRUTH_SYSTEM_DRIFT']
2026-07-04T00:01:47Z VIOLATION DNS drift threat ssh.github.com: ['TRUTH_DNS_DOWN', 'TRUTH_STUB_DRIFT', 'TRUTH_SYSTEM_DRIFT']
2026-07-04T00:01:48Z VIOLATION DNS drift threat github.com: ['TRUTH_DNS_DOWN', 'TRUTH_STUB_DRIFT', 'TRUTH_SYSTEM_DRIFT']
2026-07-04T00:01:49Z VIOLATION DNS drift threat api.github.com: ['TRUTH_DNS_DOWN']
2026-07-04T00:01:49Z VIOLATION DNS drift threat ssh.github.com: ['TRUTH_DNS_DOWN', 'TRUTH_STUB_DRIFT', 'TRUTH_SYSTEM_DRIFT']
2026-07-04T00:01:52Z VIOLATION DNS drift threat api.github.com: ['TRUTH_DNS_DOWN', 'TRUTH_STUB_DRIFT', 'TRUTH_SYSTEM_DRIFT']
2026-07-04T00:01:53Z VIOLATION DNS drift threat github.com: ['TRUTH_DNS_DOWN', 'TRUTH_STUB_DRIFT', 'TRUTH_SYSTEM_DRIFT']
2026-07-04T00:01:54Z VIOLATION DNS drift threat github.com: ['TRUTH_DNS_DOWN']
2026-07-04T00:01:57Z VIOLATION DNS drift threat api.github.com: ['TRUTH_DNS_DOWN', 'TRUTH_STUB_DRIFT', 'TRUTH_SYSTEM_DRIFT']
2026-07-04T00:01:58Z VIOLATION DNS drift threat api.github.com: ['TRUTH_DNS_DOWN', 'TRUTH_STUB_DRIFT', 'TRUTH_SYSTEM_DRIFT']
2026-07-04T00:02:08Z VIOLATION DNS drift threat github.com: ['TRUTH_DNS_DOWN', 'TRUTH_STUB_DRIFT', 'TRUTH_SYSTEM_DRIFT']
2026-07-04T00:02:11Z VIOLATION DNS drift threat api.github.com: ['TRUTH_DNS_DOWN', 'TRUTH_STUB_DRIFT', 'TRUTH_SYSTEM_DRIFT']
2026-07-04T00:02:15Z VIOLATION DNS drift threat github.com: ['TRUTH_DNS_DOWN', 'TRUTH_STUB_DRIFT', 'TRUTH_SYSTEM_DRIFT']
2026-07-04T00:02:17Z VIOLATION DNS drift threat github.com: ['TRUTH_DNS_DOWN']
2026-07-04T00:02:19Z VIOLATION DNS drift threat api.github.com: ['TRUTH_DNS_DOWN', 'TRUTH_STUB_DRIFT', 'TRUTH_SYSTEM_DRIFT']
2026-07-04T00:02:22Z VIOLATION DNS drift threat api.github.com: ['TRUTH_DNS_DOWN', 'TRUTH_STUB_DRIFT', 'TRUTH_SYSTEM_DRIFT']
2026-07-04T00:02:23Z VIOLATION DNS drift threat github.com: ['TRUTH_DNS_DOWN', 'TRUTH_STUB_DRIFT', 'TRUTH_SYSTEM_DRIFT']
2026-07-04T00:02:25Z VIOLATION DNS drift threat api.github.com: ['TRUTH_DNS_DOWN', 'TRUTH_STUB_DRIFT', 'TRUTH_SYSTEM_DRIFT']
2026-07-04T00:02:29Z VIOLATION DNS drift threat ssh.github.com: ['TRUTH_DNS_DOWN', 'TRUTH_STUB_DRIFT', 'TRUTH_SYSTEM_DRIFT']
2026-07-04T00:02:33Z VIOLATION DNS drift threat github.com: ['TRUTH_DNS_DOWN', 'TRUTH_STUB_DRIFT', 'TRUTH_SYSTEM_DRIFT']
2026-07-04T00:02:36Z VIOLATION DNS drift threat github.com: ['TRUTH_DNS_DOWN']
2026-07-04T00:02:39Z VIOLATION DNS drift threat github.com: ['TRUTH_DNS_DOWN', 'TRUTH_STUB_DRIFT', 'TRUTH_SYSTEM_DRIFT']
2026-07-04T00:02:41Z VIOLATION DNS drift threat api.github.com: ['TRUTH_DNS_DOWN', 'TRUTH_STUB_DRIFT', 'TRUTH_SYSTEM_DRIFT']
2026-07-04T00:02:59Z VIOLATION DNS drift threat github.com: ['TRUTH_DNS_DOWN', 'TRUTH_STUB_DRIFT', 'TRUTH_SYSTEM_DRIFT']
2026-07-04T00:03:01Z VIOLATION DNS drift threat github.com: ['TRUTH_DNS_DOWN', 'TRUTH_STUB_DRIFT', 'TRUTH_SYSTEM_DRIFT']
2026-07-04T00:03:03Z VIOLATION DNS drift threat api.github.com: ['TRUTH_DNS_DOWN', 'TRUTH_STUB_DRIFT', 'TRUTH_SYSTEM_DRIFT']
2026-07-04T00:03:04Z VIOLATION DNS drift threat api.github.com: ['TRUTH_DNS_DOWN', 'TRUTH_STUB_DRIFT', 'TRUTH_SYSTEM_DRIFT']
2026-07-04T00:03:06Z VIOLATION DNS drift threat ssh.github.com: ['TRUTH_DNS_DOWN', 'TRUTH_STUB_DRIFT', 'TRUTH_SYSTEM_DRIFT']
2026-07-04T00:03:06Z VIOLATION DNS drift threat github.com: ['TRUTH_DNS_DOWN', 'TRUTH_STUB_DRIFT', 'TRUTH_SYSTEM_DRIFT']
2026-07-04T00:03:10Z VIOLATION DNS drift threat api.github.com: ['TRUTH_DNS_DOWN', 'TRUTH_STUB_DRIFT', 'TRUTH_SYSTEM_DRIFT']
2026-07-04T00:03:10Z VIOLATION DNS drift threat github.com: ['TRUTH_DNS_DOWN', 'TRUTH_STUB_DRIFT', 'TRUTH_SYSTEM_DRIFT']
2026-07-04T00:03:10Z VIOLATION DNS drift threat github.com: ['TRUTH_DNS_DOWN', 'TRUTH_STUB_DRIFT', 'TRUTH_SYSTEM_DRIFT']
2026-07-04T00:03:12Z VIOLATION DNS drift threat github.com: ['TRUTH_DNS_DOWN', 'TRUTH_STUB_DRIFT', 'TRUTH_SYSTEM_DRIFT']
2026-07-04T00:03:12Z VIOLATION DNS drift threat github.com: ['TRUTH_DNS_DOWN', 'TRUTH_STUB_DRIFT', 'TRUTH_SYSTEM_DRIFT']
2026-07-04T00:03:13Z VIOLATION DNS drift threat api.github.com: ['TRUTH_DNS_DOWN', 'TRUTH_STUB_DRIFT', 'TRUTH_SYSTEM_DRIFT']
2026-07-04T00:03:15Z VIOLATION DNS drift threat ssh.github.com: ['TRUTH_DNS_DOWN', 'TRUTH_STUB_DRIFT', 'TRUTH_SYSTEM_DRIFT']
2026-07-04T00:03:15Z VIOLATION DNS drift threat api.github.com: ['TRUTH_DNS_DOWN', 'TRUTH_STUB_DRIFT', 'TRUTH_SYSTEM_DRIFT']
2026-07-04T00:03:15Z VIOLATION DNS drift threat api.github.com: ['TRUTH_DNS_DOWN', 'TRUTH_STUB_DRIFT', 'TRUTH_SYSTEM_DRIFT']
2026-07-04T00:03:17Z VIOLATION DNS drift threat api.github.com: ['TRUTH_DNS_DOWN', 'TRUTH_STUB_DRIFT', 'TRUTH_SYSTEM_DRIFT']
2026-07-04T00:03:18Z VIOLATION DNS drift threat github.com: ['TRUTH_DNS_DOWN', 'TRUTH_STUB_DRIFT', 'TRUTH_SYSTEM_DRIFT']
2026-07-04T00:03:22Z VIOLATION DNS drift threat api.github.com: ['TRUTH_DNS_DOWN', 'TRUTH_STUB_DRIFT', 'TRUTH_SYSTEM_DRIFT']
2026-07-04T00:03:22Z VIOLATION DNS drift threat github.com: ['TRUTH_DNS_DOWN', 'TRUTH_STUB_DRIFT', 'TRUTH_SYSTEM_DRIFT']
2026-07-04T00:03:23Z VIOLATION DNS drift threat github.com: ['TRUTH_DNS_DOWN', 'TRUTH_STUB_DRIFT', 'TRUTH_SYSTEM_DRIFT']
2026-07-04T00:03:24Z VIOLATION DNS drift threat github.com: ['TRUTH_DNS_DOWN', 'TRUTH_STUB_DRIFT', 'TRUTH_SYSTEM_DRIFT']
2026-07-04T00:03:24Z VIOLATION DNS drift threat api.github.com: ['TRUTH_DNS_DOWN']
2026-07-04T00:03:25Z VIOLATION DNS drift threat ssh.github.com: ['TRUTH_DNS_DOWN', 'TRUTH_STUB_DRIFT', 'TRUTH_SYSTEM_DRIFT']
2026-07-04T00:03:26Z VIOLATION DNS drift threat api.github.com: ['TRUTH_DNS_DOWN', 'TRUTH_STUB_DRIFT', 'TRUTH_SYSTEM_DRIFT']
2026-07-04T00:03:28Z VIOLATION DNS drift threat ssh.github.com: ['TRUTH_DNS_DOWN', 'TRUTH_STUB_DRIFT', 'TRUTH_SYSTEM_DRIFT']
2026-07-04T00:03:29Z VIOLATION DNS drift threat api.github.com: ['TRUTH_DNS_DOWN', 'TRUTH_STUB_DRIFT', 'TRUTH_SYSTEM_DRIFT']
2026-07-04T00:03:30Z VIOLATION DNS drift threat ssh.github.com: ['TRUTH_DNS_DOWN']
2026-07-04T00:03:34Z VIOLATION DNS drift threat github.com: ['TRUTH_DNS_DOWN', 'TRUTH_STUB_DRIFT', 'TRUTH_SYSTEM_DRIFT']
2026-07-04T00:03:39Z VIOLATION DNS drift threat api.github.com: ['TRUTH_DNS_DOWN', 'TRUTH_STUB_DRIFT', 'TRUTH_SYSTEM_DRIFT']
2026-07-04T00:03:39Z VIOLATION DNS drift threat github.com: ['TRUTH_DNS_DOWN', 'TRUTH_STUB_DRIFT', 'TRUTH_SYSTEM_DRIFT']
2026-07-04T00:03:43Z VIOLATION DNS drift threat api.github.com: ['TRUTH_DNS_DOWN', 'TRUTH_STUB_DRIFT', 'TRUTH_SYSTEM_DRIFT']
2026-07-04T00:03:48Z VIOLATION DNS drift threat github.com: ['TRUTH_DNS_DOWN', 'TRUTH_STUB_DRIFT', 'TRUTH_SYSTEM_DRIFT']
2026-07-04T00:03:51Z VIOLATION DNS drift threat api.github.com: ['TRUTH_DNS_DOWN', 'TRUTH_STUB_DRIFT', 'TRUTH_SYSTEM_DRIFT']
2026-07-04T00:03:53Z VIOLATION DNS drift threat github.com: ['TRUTH_DNS_DOWN', 'TRUTH_STUB_DRIFT', 'TRUTH_SYSTEM_DRIFT']
2026-07-04T00:03:56Z VIOLATION DNS drift threat api.github.com: ['TRUTH_DNS_DOWN', 'TRUTH_STUB_DRIFT', 'TRUTH_SYSTEM_DRIFT']
2026-07-04T00:03:57Z VIOLATION DNS drift threat github.com: ['TRUTH_DNS_DOWN', 'TRUTH_STUB_DRIFT', 'TRUTH_SYSTEM_DRIFT']
2026-07-04T00:04:01Z VIOLATION DNS drift threat github.com: ['TRUTH_DNS_DOWN', 'TRUTH_STUB_DRIFT', 'TRUTH_SYSTEM_DRIFT']
2026-07-04T00:04:02Z VIOLATION DNS drift threat api.github.com: ['TRUTH_DNS_DOWN', 'TRUTH_STUB_DRIFT', 'TRUTH_SYSTEM_DRIFT']
2026-07-04T00:04:07Z VIOLATION DNS drift threat github.com: ['TRUTH_DNS_DOWN', 'TRUTH_STUB_DRIFT', 'TRUTH_SYSTEM_DRIFT']
2026-07-04T00:04:07Z VIOLATION DNS drift threat api.github.com: ['TRUTH_DNS_DOWN', 'TRUTH_STUB_DRIFT', 'TRUTH_SYSTEM_DRIFT']
2026-07-04T00:04:22Z VIOLATION DNS drift threat github.com: ['TRUTH_DNS_DOWN', 'TRUTH_STUB_DRIFT', 'TRUTH_SYSTEM_DRIFT']
2026-07-04T00:04:24Z VIOLATION DNS drift threat github.com: ['TRUTH_DNS_DOWN']
2026-07-04T00:04:27Z VIOLATION DNS drift threat github.com: ['TRUTH_DNS_DOWN', 'TRUTH_STUB_DRIFT', 'TRUTH_SYSTEM_DRIFT']
2026-07-04T00:04:29Z VIOLATION DNS drift threat api.github.com: ['TRUTH_DNS_DOWN', 'TRUTH_STUB_DRIFT', 'TRUTH_SYSTEM_DRIFT']
2026-07-04T00:04:30Z VIOLATION DNS drift threat api.github.com: ['TRUTH_DNS_DOWN', 'TRUTH_STUB_DRIFT', 'TRUTH_SYSTEM_DRIFT']
2026-07-04T00:04:31Z VIOLATION DNS drift threat api.github.com: ['TRUTH_DNS_DOWN']
2026-07-04T00:04:32Z VIOLATION DNS drift threat github.com: ['TRUTH_DNS_DOWN', 'TRUTH_STUB_DRIFT', 'TRUTH_SYSTEM_DRIFT']
2026-07-04T00:04:34Z VIOLATION DNS drift threat ssh.github.com: ['TRUTH_DNS_DOWN', 'TRUTH_STUB_DRIFT', 'TRUTH_SYSTEM_DRIFT']
2026-07-04T00:04:35Z VIOLATION DNS drift threat github.com: ['TRUTH_DNS_DOWN', 'TRUTH_STUB_DRIFT', 'TRUTH_SYSTEM_DRIFT']
2026-07-04T00:04:37Z VIOLATION DNS drift threat api.github.com: ['TRUTH_DNS_DOWN', 'TRUTH_STUB_DRIFT', 'TRUTH_SYSTEM_DRIFT']
2026-07-04T00:04:38Z VIOLATION DNS drift threat api.github.com: ['TRUTH_DNS_DOWN', 'TRUTH_STUB_DRIFT', 'TRUTH_SYSTEM_DRIFT']
2026-07-04T00:04:38Z VIOLATION DNS drift threat github.com: ['TRUTH_DNS_DOWN']
2026-07-04T00:04:40Z VIOLATION DNS drift threat ssh.github.com: ['TRUTH_DNS_DOWN', 'TRUTH_STUB_DRIFT', 'TRUTH_SYSTEM_DRIFT']
2026-07-04T00:04:40Z VIOLATION DNS drift threat ssh.github.com: ['TRUTH_DNS_DOWN', 'TRUTH_STUB_DRIFT', 'TRUTH_SYSTEM_DRIFT']
2026-07-04T00:04:41Z VIOLATION DNS drift threat github.com: ['TRUTH_DNS_DOWN', 'TRUTH_STUB_DRIFT', 'TRUTH_SYSTEM_DRIFT']
2026-07-04T00:04:42Z VIOLATION DNS drift threat github.com: ['TRUTH_DNS_DOWN', 'TRUTH_STUB_DRIFT', 'TRUTH_SYSTEM_DRIFT']
2026-07-04T00:04:44Z VIOLATION DNS drift threat api.github.com: ['TRUTH_DNS_DOWN', 'TRUTH_STUB_DRIFT', 'TRUTH_SYSTEM_DRIFT']
2026-07-04T00:04:45Z VIOLATION DNS drift threat api.github.com: ['TRUTH_DNS_DOWN', 'TRUTH_STUB_DRIFT', 'TRUTH_SYSTEM_DRIFT']
2026-07-04T00:04:45Z VIOLATION DNS drift threat github.com: ['TRUTH_DNS_DOWN', 'TRUTH_STUB_DRIFT', 'TRUTH_SYSTEM_DRIFT']
2026-07-04T00:04:46Z VIOLATION DNS drift threat api.github.com: ['TRUTH_DNS_DOWN']
2026-07-04T00:04:48Z VIOLATION DNS drift threat api.github.com: ['TRUTH_DNS_DOWN', 'TRUTH_STUB_DRIFT', 'TRUTH_SYSTEM_DRIFT']
2026-07-04T00:04:48Z VIOLATION DNS drift threat github.com: ['TRUTH_DNS_DOWN', 'TRUTH_STUB_DRIFT', 'TRUTH_SYSTEM_DRIFT']
2026-07-04T00:04:50Z VIOLATION DNS drift threat ssh.github.com: ['TRUTH_DNS_DOWN', 'TRUTH_STUB_DRIFT', 'TRUTH_SYSTEM_DRIFT']
2026-07-04T00:04:52Z VIOLATION DNS drift threat api.github.com: ['TRUTH_DNS_DOWN']
2026-07-04T00:04:53Z VIOLATION DNS drift threat github.com: ['TRUTH_DNS_DOWN', 'TRUTH_STUB_DRIFT', 'TRUTH_SYSTEM_DRIFT']
2026-07-04T00:04:55Z VIOLATION DNS drift threat api.github.com: ['TRUTH_DNS_DOWN', 'TRUTH_STUB_DRIFT', 'TRUTH_SYSTEM_DRIFT']
2026-07-04T00:04:59Z VIOLATION DNS drift threat ssh.github.com: ['TRUTH_DNS_DOWN', 'TRUTH_STUB_DRIFT', 'TRUTH_SYSTEM_DRIFT']
2026-07-04T00:05:02Z VIOLATION DNS drift threat github.com: ['TRUTH_DNS_DOWN']
2026-07-04T00:05:02Z VIOLATION DNS drift threat github.com: ['TRUTH_DNS_DOWN', 'TRUTH_STUB_DRIFT', 'TRUTH_SYSTEM_DRIFT']
2026-07-04T00:05:07Z VIOLATION DNS drift threat api.github.com: ['TRUTH_DNS_DOWN', 'TRUTH_STUB_DRIFT', 'TRUTH_SYSTEM_DRIFT']
2026-07-04T00:05:07Z VIOLATION DNS drift threat api.github.com: ['TRUTH_DNS_DOWN', 'TRUTH_STUB_DRIFT', 'TRUTH_SYSTEM_DRIFT']
2026-07-04T00:05:08Z VIOLATION DNS drift threat github.com: ['TRUTH_DNS_DOWN', 'TRUTH_STUB_DRIFT', 'TRUTH_SYSTEM_DRIFT']
2026-07-04T00:05:13Z VIOLATION DNS drift threat api.github.com: ['TRUTH_DNS_DOWN', 'TRUTH_STUB_DRIFT', 'TRUTH_SYSTEM_DRIFT']
2026-07-04T00:05:18Z VIOLATION DNS drift threat github.com: ['TRUTH_DNS_DOWN', 'TRUTH_STUB_DRIFT', 'TRUTH_SYSTEM_DRIFT']
2026-07-04T00:05:22Z VIOLATION DNS drift threat api.github.com: ['TRUTH_DNS_DOWN', 'TRUTH_STUB_DRIFT', 'TRUTH_SYSTEM_DRIFT']
2026-07-04T00:05:29Z VIOLATION DNS drift threat github.com: ['TRUTH_DNS_DOWN', 'TRUTH_STUB_DRIFT', 'TRUTH_SYSTEM_DRIFT']
2026-07-04T00:05:34Z VIOLATION DNS drift threat api.github.com: ['TRUTH_DNS_DOWN', 'TRUTH_STUB_DRIFT', 'TRUTH_SYSTEM_DRIFT']
2026-07-04T00:05:34Z VIOLATION DNS drift threat github.com: ['TRUTH_DNS_DOWN', 'TRUTH_STUB_DRIFT', 'TRUTH_SYSTEM_DRIFT']
2026-07-04T00:05:38Z VIOLATION DNS drift threat api.github.com: ['TRUTH_DNS_DOWN', 'TRUTH_STUB_DRIFT', 'TRUTH_SYSTEM_DRIFT']
2026-07-04T00:05:39Z VIOLATION DNS drift threat github.com: ['TRUTH_DNS_DOWN', 'TRUTH_STUB_DRIFT', 'TRUTH_SYSTEM_DRIFT']
2026-07-04T00:05:49Z VIOLATION DNS drift threat github.com: ['TRUTH_DNS_DOWN', 'TRUTH_STUB_DRIFT', 'TRUTH_SYSTEM_DRIFT']
2026-07-04T00:05:52Z VIOLATION DNS drift threat api.github.com: ['TRUTH_DNS_DOWN', 'TRUTH_STUB_DRIFT', 'TRUTH_SYSTEM_DRIFT']
2026-07-04T00:05:55Z VIOLATION DNS drift threat ssh.github.com: ['TRUTH_DNS_DOWN', 'TRUTH_STUB_DRIFT', 'TRUTH_SYSTEM_DRIFT']
2026-07-04T00:06:04Z VIOLATION DNS drift threat github.com: ['TRUTH_DNS_DOWN', 'TRUTH_STUB_DRIFT', 'TRUTH_SYSTEM_DRIFT']
2026-07-04T00:06:04Z VIOLATION DNS drift threat github.com: ['TRUTH_DNS_DOWN', 'TRUTH_STUB_DRIFT', 'TRUTH_SYSTEM_DRIFT']
2026-07-04T00:06:06Z VIOLATION DNS drift threat github.com: ['TRUTH_DNS_DOWN', 'TRUTH_STUB_DRIFT', 'TRUTH_SYSTEM_DRIFT']
2026-07-04T00:06:06Z VIOLATION DNS drift threat api.github.com: ['TRUTH_DNS_DOWN', 'TRUTH_STUB_DRIFT', 'TRUTH_SYSTEM_DRIFT']
2026-07-04T00:06:07Z VIOLATION DNS drift threat api.github.com: ['TRUTH_DNS_DOWN', 'TRUTH_STUB_DRIFT', 'TRUTH_SYSTEM_DRIFT']
2026-07-04T00:06:08Z VIOLATION DNS drift threat github.com: ['TRUTH_DNS_DOWN', 'TRUTH_STUB_DRIFT', 'TRUTH_SYSTEM_DRIFT']
2026-07-04T00:06:09Z VIOLATION DNS drift threat api.github.com: ['TRUTH_DNS_DOWN', 'TRUTH_STUB_DRIFT', 'TRUTH_SYSTEM_DRIFT']
2026-07-04T00:06:09Z VIOLATION DNS drift threat github.com: ['TRUTH_DNS_DOWN', 'TRUTH_STUB_DRIFT', 'TRUTH_SYSTEM_DRIFT']
2026-07-04T00:06:10Z VIOLATION DNS drift threat ssh.github.com: ['TRUTH_DNS_DOWN', 'TRUTH_STUB_DRIFT', 'TRUTH_SYSTEM_DRIFT']
2026-07-04T00:06:12Z VIOLATION DNS drift threat ssh.github.com: ['TRUTH_DNS_DOWN', 'TRUTH_STUB_DRIFT', 'TRUTH_SYSTEM_DRIFT']
2026-07-04T00:06:12Z VIOLATION DNS drift threat github.com: ['TRUTH_DNS_DOWN', 'TRUTH_STUB_DRIFT', 'TRUTH_SYSTEM_DRIFT']
2026-07-04T00:06:12Z VIOLATION DNS drift threat api.github.com: ['TRUTH_DNS_DOWN', 'TRUTH_STUB_DRIFT', 'TRUTH_SYSTEM_DRIFT']
2026-07-04T00:06:14Z VIOLATION DNS drift threat github.com: ['TRUTH_DNS_DOWN', 'TRUTH_STUB_DRIFT', 'TRUTH_SYSTEM_DRIFT']
2026-07-04T00:06:14Z VIOLATION DNS drift threat api.github.com: ['TRUTH_DNS_DOWN', 'TRUTH_STUB_DRIFT', 'TRUTH_SYSTEM_DRIFT']
2026-07-04T00:06:16Z VIOLATION DNS drift threat api.github.com: ['TRUTH_DNS_DOWN', 'TRUTH_STUB_DRIFT', 'TRUTH_SYSTEM_DRIFT']
2026-07-04T00:06:16Z VIOLATION DNS drift threat ssh.github.com: ['TRUTH_DNS_DOWN', 'TRUTH_STUB_DRIFT', 'TRUTH_SYSTEM_DRIFT']
2026-07-04T00:06:16Z VIOLATION DNS drift threat api.github.com: ['TRUTH_DNS_DOWN', 'TRUTH_STUB_DRIFT', 'TRUTH_SYSTEM_DRIFT']
2026-07-04T00:06:20Z VIOLATION DNS drift threat ssh.github.com: ['TRUTH_DNS_DOWN', 'TRUTH_STUB_DRIFT', 'TRUTH_SYSTEM_DRIFT']
2026-07-04T00:06:20Z VIOLATION DNS drift threat github.com: ['TRUTH_DNS_DOWN', 'TRUTH_STUB_DRIFT', 'TRUTH_SYSTEM_DRIFT']
2026-07-04T00:06:24Z VIOLATION DNS drift threat api.github.com: ['TRUTH_DNS_DOWN', 'TRUTH_STUB_DRIFT', 'TRUTH_SYSTEM_DRIFT']
2026-07-04T00:06:24Z VIOLATION DNS drift threat github.com: ['TRUTH_DNS_DOWN']
2026-07-04T00:06:25Z VIOLATION DNS drift threat raw.githubusercontent.com: ['TRUTH_DNS_DOWN']
2026-07-04T00:06:27Z VIOLATION DNS drift threat ssh.github.com: ['TRUTH_DNS_DOWN', 'TRUTH_STUB_DRIFT', 'TRUTH_SYSTEM_DRIFT']
2026-07-04T00:06:28Z VIOLATION DNS drift threat api.github.com: ['TRUTH_DNS_DOWN', 'TRUTH_STUB_DRIFT', 'TRUTH_SYSTEM_DRIFT']
2026-07-04T00:06:30Z VIOLATION DNS drift threat github.com: ['TRUTH_DNS_DOWN', 'TRUTH_STUB_DRIFT', 'TRUTH_SYSTEM_DRIFT']
2026-07-04T00:06:35Z VIOLATION DNS drift threat api.github.com: ['TRUTH_DNS_DOWN', 'TRUTH_STUB_DRIFT', 'TRUTH_SYSTEM_DRIFT']
2026-07-04T00:06:36Z VIOLATION DNS drift threat github.com: ['TRUTH_DNS_DOWN', 'TRUTH_STUB_DRIFT', 'TRUTH_SYSTEM_DRIFT']
2026-07-04T00:06:41Z VIOLATION DNS drift threat api.github.com: ['TRUTH_DNS_DOWN', 'TRUTH_STUB_DRIFT', 'TRUTH_SYSTEM_DRIFT']
2026-07-04T00:06:46Z VIOLATION DNS drift threat github.com: ['TRUTH_DNS_DOWN', 'TRUTH_STUB_DRIFT', 'TRUTH_SYSTEM_DRIFT']
2026-07-04T00:06:46Z VIOLATION DNS drift threat github.com: ['TRUTH_DNS_DOWN', 'TRUTH_STUB_DRIFT', 'TRUTH_SYSTEM_DRIFT']
2026-07-04T00:06:49Z VIOLATION DNS drift threat api.github.com: ['TRUTH_DNS_DOWN', 'TRUTH_STUB_DRIFT', 'TRUTH_SYSTEM_DRIFT']
2026-07-04T00:06:51Z VIOLATION DNS drift threat api.github.com: ['TRUTH_DNS_DOWN', 'TRUTH_STUB_DRIFT', 'TRUTH_SYSTEM_DRIFT']
2026-07-04T00:06:54Z VIOLATION DNS drift threat github.com: ['TRUTH_DNS_DOWN', 'TRUTH_STUB_DRIFT', 'TRUTH_SYSTEM_DRIFT']
2026-07-04T00:06:58Z VIOLATION DNS drift threat api.github.com: ['TRUTH_DNS_DOWN', 'TRUTH_STUB_DRIFT', 'TRUTH_SYSTEM_DRIFT']
2026-07-04T00:07:00Z VIOLATION DNS drift threat github.com: ['TRUTH_DNS_DOWN', 'TRUTH_STUB_DRIFT', 'TRUTH_SYSTEM_DRIFT']
2026-07-04T00:07:00Z VIOLATION DNS drift threat ssh.github.com: ['TRUTH_DNS_DOWN', 'TRUTH_STUB_DRIFT', 'TRUTH_SYSTEM_DRIFT']
2026-07-04T00:07:05Z VIOLATION DNS drift threat api.github.com: ['TRUTH_DNS_DOWN', 'TRUTH_STUB_DRIFT', 'TRUTH_SYSTEM_DRIFT']
2026-07-04T00:07:09Z VIOLATION DNS drift threat github.com: ['TRUTH_DNS_DOWN', 'TRUTH_STUB_DRIFT', 'TRUTH_SYSTEM_DRIFT']
2026-07-04T00:07:12Z VIOLATION DNS drift threat api.github.com: ['TRUTH_DNS_DOWN', 'TRUTH_STUB_DRIFT', 'TRUTH_SYSTEM_DRIFT']
2026-07-04T00:07:13Z VIOLATION DNS drift threat github.com: ['TRUTH_DNS_DOWN', 'TRUTH_STUB_DRIFT', 'TRUTH_SYSTEM_DRIFT']
2026-07-04T00:07:31Z VIOLATION DNS drift threat github.com: ['TRUTH_DNS_DOWN', 'TRUTH_STUB_DRIFT', 'TRUTH_SYSTEM_DRIFT']
2026-07-04T00:07:32Z VIOLATION DNS drift threat github.com: ['TRUTH_DNS_DOWN', 'TRUTH_STUB_DRIFT', 'TRUTH_SYSTEM_DRIFT']
2026-07-04T00:07:34Z VIOLATION DNS drift threat github.com: ['TRUTH_DNS_DOWN', 'TRUTH_STUB_DRIFT', 'TRUTH_SYSTEM_DRIFT']
2026-07-04T00:07:36Z VIOLATION DNS drift threat api.github.com: ['TRUTH_DNS_DOWN', 'TRUTH_STUB_DRIFT', 'TRUTH_SYSTEM_DRIFT']
2026-07-04T00:07:37Z VIOLATION DNS drift threat api.github.com: ['TRUTH_DNS_DOWN', 'TRUTH_STUB_DRIFT', 'TRUTH_SYSTEM_DRIFT']
2026-07-04T00:07:39Z VIOLATION DNS drift threat github.com: ['TRUTH_DNS_DOWN', 'TRUTH_STUB_DRIFT', 'TRUTH_SYSTEM_DRIFT']
2026-07-04T00:07:40Z VIOLATION DNS drift threat api.github.com: ['TRUTH_DNS_DOWN', 'TRUTH_STUB_DRIFT', 'TRUTH_SYSTEM_DRIFT']
2026-07-04T00:07:42Z VIOLATION DNS drift threat github.com: ['TRUTH_DNS_DOWN', 'TRUTH_STUB_DRIFT', 'TRUTH_SYSTEM_DRIFT']
2026-07-04T00:07:42Z VIOLATION DNS drift threat api.github.com: ['TRUTH_DNS_DOWN', 'TRUTH_STUB_DRIFT', 'TRUTH_SYSTEM_DRIFT']
2026-07-04T00:07:43Z VIOLATION DNS drift threat github.com: ['TRUTH_DNS_DOWN', 'TRUTH_STUB_DRIFT', 'TRUTH_SYSTEM_DRIFT']
2026-07-04T00:07:44Z VIOLATION DNS drift threat github.com: ['TRUTH_DNS_DOWN', 'TRUTH_STUB_DRIFT', 'TRUTH_SYSTEM_DRIFT']
2026-07-04T00:07:45Z VIOLATION DNS drift threat api.github.com: ['TRUTH_DNS_DOWN', 'TRUTH_STUB_DRIFT', 'TRUTH_SYSTEM_DRIFT']
2026-07-04T00:07:47Z VIOLATION DNS drift threat api.github.com: ['TRUTH_DNS_DOWN']
2026-07-04T00:07:47Z VIOLATION DNS drift threat api.github.com: ['TRUTH_DNS_DOWN', 'TRUTH_STUB_DRIFT', 'TRUTH_SYSTEM_DRIFT']
2026-07-04T00:07:49Z VIOLATION DNS drift threat github.com: ['TRUTH_DNS_DOWN', 'TRUTH_STUB_DRIFT', 'TRUTH_SYSTEM_DRIFT']
2026-07-04T00:07:52Z VIOLATION DNS drift threat api.github.com: ['TRUTH_DNS_DOWN', 'TRUTH_STUB_DRIFT', 'TRUTH_SYSTEM_DRIFT']
2026-07-04T00:07:54Z VIOLATION DNS drift threat github.com: ['TRUTH_DNS_DOWN', 'TRUTH_STUB_DRIFT', 'TRUTH_SYSTEM_DRIFT']
2026-07-04T00:07:54Z VIOLATION DNS drift threat github.com: ['TRUTH_DNS_DOWN', 'TRUTH_STUB_DRIFT', 'TRUTH_SYSTEM_DRIFT']
2026-07-04T00:07:55Z VIOLATION DNS drift threat ssh.github.com: ['TRUTH_DNS_DOWN', 'TRUTH_STUB_DRIFT', 'TRUTH_SYSTEM_DRIFT']
2026-07-04T00:07:57Z VIOLATION DNS drift threat github.com: ['TRUTH_DNS_DOWN', 'TRUTH_STUB_DRIFT', 'TRUTH_SYSTEM_DRIFT']
2026-07-04T00:07:59Z VIOLATION DNS drift threat api.github.com: ['TRUTH_DNS_DOWN', 'TRUTH_STUB_DRIFT', 'TRUTH_SYSTEM_DRIFT']
2026-07-04T00:08:01Z VIOLATION DNS drift threat api.github.com: ['TRUTH_DNS_DOWN', 'TRUTH_STUB_DRIFT', 'TRUTH_SYSTEM_DRIFT']
2026-07-04T00:08:01Z VIOLATION DNS drift threat api.github.com: ['TRUTH_DNS_DOWN', 'TRUTH_STUB_DRIFT', 'TRUTH_SYSTEM_DRIFT']
2026-07-04T00:08:04Z VIOLATION DNS drift threat github.com: ['TRUTH_DNS_DOWN']
2026-07-04T00:08:09Z VIOLATION DNS drift threat api.github.com: ['TRUTH_DNS_DOWN', 'TRUTH_STUB_DRIFT', 'TRUTH_SYSTEM_DRIFT']
2026-07-04T00:08:09Z VIOLATION DNS drift threat github.com: ['TRUTH_DNS_DOWN', 'TRUTH_STUB_DRIFT', 'TRUTH_SYSTEM_DRIFT']
2026-07-04T00:08:10Z VIOLATION DNS drift threat ssh.github.com: ['TRUTH_DNS_DOWN', 'TRUTH_STUB_DRIFT', 'TRUTH_SYSTEM_DRIFT']
2026-07-04T00:08:11Z VIOLATION DNS drift threat github.com: ['TRUTH_DNS_DOWN', 'TRUTH_STUB_DRIFT', 'TRUTH_SYSTEM_DRIFT']
2026-07-04T00:08:15Z VIOLATION DNS drift threat api.github.com: ['TRUTH_DNS_DOWN']
2026-07-04T00:08:15Z VIOLATION DNS drift threat api.github.com: ['TRUTH_DNS_DOWN']
2026-07-04T00:08:17Z VIOLATION DNS drift threat github.com: ['TRUTH_DNS_DOWN', 'TRUTH_STUB_DRIFT', 'TRUTH_SYSTEM_DRIFT']
2026-07-04T00:08:23Z VIOLATION DNS drift threat api.github.com: ['TRUTH_DNS_DOWN', 'TRUTH_STUB_DRIFT', 'TRUTH_SYSTEM_DRIFT']
2026-07-04T00:08:35Z VIOLATION DNS drift threat github.com: ['TRUTH_DNS_DOWN', 'TRUTH_STUB_DRIFT', 'TRUTH_SYSTEM_DRIFT']
2026-07-04T00:08:35Z VIOLATION DNS drift threat github.com: ['TRUTH_DNS_DOWN']
2026-07-04T00:08:39Z VIOLATION DNS drift threat github.com: ['TRUTH_DNS_DOWN', 'TRUTH_STUB_DRIFT', 'TRUTH_SYSTEM_DRIFT']
2026-07-04T00:08:56Z VIOLATION DNS drift threat github.com: ['TRUTH_DNS_DOWN', 'TRUTH_STUB_DRIFT', 'TRUTH_SYSTEM_DRIFT']
2026-07-04T00:08:58Z VIOLATION DNS drift threat api.github.com: ['TRUTH_DNS_DOWN', 'TRUTH_STUB_DRIFT', 'TRUTH_SYSTEM_DRIFT']
2026-07-04T00:08:59Z VIOLATION DNS drift threat github.com: ['TRUTH_DNS_DOWN', 'TRUTH_STUB_DRIFT', 'TRUTH_SYSTEM_DRIFT']
2026-07-04T00:09:04Z VIOLATION DNS drift threat github.com: ['TRUTH_DNS_DOWN', 'TRUTH_STUB_DRIFT', 'TRUTH_SYSTEM_DRIFT']
2026-07-04T00:09:05Z VIOLATION DNS drift threat api.github.com: ['TRUTH_DNS_DOWN', 'TRUTH_STUB_DRIFT', 'TRUTH_SYSTEM_DRIFT']
2026-07-04T00:09:09Z VIOLATION DNS drift threat github.com: ['TRUTH_DNS_DOWN']
2026-07-04T00:09:09Z VIOLATION DNS drift threat api.github.com: ['TRUTH_DNS_DOWN', 'TRUTH_STUB_DRIFT', 'TRUTH_SYSTEM_DRIFT']
2026-07-04T00:09:09Z VIOLATION DNS drift threat github.com: ['TRUTH_DNS_DOWN']
2026-07-04T00:09:12Z VIOLATION DNS drift threat api.github.com: ['TRUTH_DNS_DOWN', 'TRUTH_STUB_DRIFT', 'TRUTH_SYSTEM_DRIFT']
2026-07-04T00:09:13Z VIOLATION DNS drift threat api.github.com: ['TRUTH_DNS_DOWN']
2026-07-04T00:09:14Z VIOLATION DNS drift threat github.com: ['TRUTH_DNS_DOWN', 'TRUTH_STUB_DRIFT', 'TRUTH_SYSTEM_DRIFT']
2026-07-04T00:09:15Z VIOLATION DNS drift threat ssh.github.com: ['TRUTH_DNS_DOWN', 'TRUTH_STUB_DRIFT', 'TRUTH_SYSTEM_DRIFT']
2026-07-04T00:09:17Z VIOLATION DNS drift threat api.github.com: ['TRUTH_DNS_DOWN']
2026-07-04T00:09:18Z VIOLATION DNS drift threat raw.githubusercontent.com: ['TRUTH_DNS_DOWN']
2026-07-04T00:09:19Z VIOLATION DNS drift threat github.com: ['TRUTH_DNS_DOWN', 'TRUTH_STUB_DRIFT', 'TRUTH_SYSTEM_DRIFT']
2026-07-04T00:09:24Z VIOLATION DNS drift threat api.github.com: ['TRUTH_DNS_DOWN', 'TRUTH_STUB_DRIFT', 'TRUTH_SYSTEM_DRIFT']
2026-07-04T00:09:25Z VIOLATION DNS drift threat github.com: ['TRUTH_DNS_DOWN', 'TRUTH_STUB_DRIFT', 'TRUTH_SYSTEM_DRIFT']
2026-07-04T00:09:26Z VIOLATION DNS drift threat github.com: ['TRUTH_DNS_DOWN']
2026-07-04T00:09:27Z VIOLATION DNS drift threat github.com: ['TRUTH_DNS_DOWN', 'TRUTH_STUB_DRIFT', 'TRUTH_SYSTEM_DRIFT']
2026-07-04T00:09:29Z VIOLATION DNS drift threat github.com: ['TRUTH_DNS_DOWN']
2026-07-04T00:09:31Z VIOLATION DNS drift threat api.github.com: ['TRUTH_DNS_DOWN', 'TRUTH_STUB_DRIFT', 'TRUTH_SYSTEM_DRIFT']
2026-07-04T00:09:31Z VIOLATION DNS drift threat api.github.com: ['TRUTH_DNS_DOWN', 'TRUTH_STUB_DRIFT', 'TRUTH_SYSTEM_DRIFT']
2026-07-04T00:09:32Z VIOLATION DNS drift threat api.github.com: ['TRUTH_DNS_DOWN', 'TRUTH_STUB_DRIFT', 'TRUTH_SYSTEM_DRIFT']
2026-07-04T00:09:36Z VIOLATION DNS drift threat ssh.github.com: ['TRUTH_DNS_DOWN', 'TRUTH_STUB_DRIFT', 'TRUTH_SYSTEM_DRIFT']
2026-07-04T00:09:36Z VIOLATION DNS drift threat github.com: ['TRUTH_DNS_DOWN']
2026-07-04T00:09:39Z VIOLATION DNS drift threat api.github.com: ['TRUTH_DNS_DOWN', 'TRUTH_STUB_DRIFT', 'TRUTH_SYSTEM_DRIFT']
2026-07-04T00:09:41Z VIOLATION DNS drift threat github.com: ['TRUTH_DNS_DOWN']
2026-07-04T00:09:43Z VIOLATION DNS drift threat ssh.github.com: ['TRUTH_DNS_DOWN', 'TRUTH_STUB_DRIFT', 'TRUTH_SYSTEM_DRIFT']
2026-07-04T00:09:45Z VIOLATION DNS drift threat api.github.com: ['TRUTH_DNS_DOWN', 'TRUTH_STUB_DRIFT', 'TRUTH_SYSTEM_DRIFT']
2026-07-04T00:09:46Z VIOLATION DNS drift threat github.com: ['TRUTH_DNS_DOWN', 'TRUTH_STUB_DRIFT', 'TRUTH_SYSTEM_DRIFT']
2026-07-04T00:09:53Z VIOLATION DNS drift threat api.github.com: ['TRUTH_DNS_DOWN', 'TRUTH_STUB_DRIFT', 'TRUTH_SYSTEM_DRIFT']
2026-07-04T00:09:54Z VIOLATION DNS drift threat github.com: ['TRUTH_DNS_DOWN', 'TRUTH_STUB_DRIFT', 'TRUTH_SYSTEM_DRIFT']
2026-07-04T00:09:58Z VIOLATION DNS drift threat api.github.com: ['TRUTH_DNS_DOWN', 'TRUTH_STUB_DRIFT', 'TRUTH_SYSTEM_DRIFT']
2026-07-04T00:10:02Z VIOLATION DNS drift threat ssh.github.com: ['TRUTH_DNS_DOWN']
2026-07-04T00:10:30Z VIOLATION DNS drift threat github.com: ['TRUTH_DNS_DOWN', 'TRUTH_STUB_DRIFT', 'TRUTH_SYSTEM_DRIFT']
2026-07-04T00:10:31Z VIOLATION DNS drift threat github.com: ['TRUTH_DNS_DOWN', 'TRUTH_STUB_DRIFT', 'TRUTH_SYSTEM_DRIFT']
2026-07-04T00:10:32Z VIOLATION DNS drift threat github.com: ['TRUTH_DNS_DOWN', 'TRUTH_STUB_DRIFT', 'TRUTH_SYSTEM_DRIFT']
2026-07-04T00:10:32Z VIOLATION DNS drift threat github.com: ['TRUTH_DNS_DOWN', 'TRUTH_STUB_DRIFT', 'TRUTH_SYSTEM_DRIFT']
2026-07-04T00:10:32Z VIOLATION DNS drift threat api.github.com: ['TRUTH_DNS_DOWN', 'TRUTH_STUB_DRIFT', 'TRUTH_SYSTEM_DRIFT']
2026-07-04T00:10:33Z VIOLATION DNS drift threat github.com: ['TRUTH_DNS_DOWN', 'TRUTH_STUB_DRIFT', 'TRUTH_SYSTEM_DRIFT']
2026-07-04T00:10:35Z VIOLATION DNS drift threat api.github.com: ['TRUTH_DNS_DOWN', 'TRUTH_STUB_DRIFT', 'TRUTH_SYSTEM_DRIFT']
2026-07-04T00:10:35Z VIOLATION DNS drift threat api.github.com: ['TRUTH_DNS_DOWN', 'TRUTH_STUB_DRIFT', 'TRUTH_SYSTEM_DRIFT']
2026-07-04T00:10:36Z VIOLATION DNS drift threat api.github.com: ['TRUTH_DNS_DOWN', 'TRUTH_STUB_DRIFT', 'TRUTH_SYSTEM_DRIFT']
2026-07-04T00:10:36Z VIOLATION DNS drift threat ssh.github.com: ['TRUTH_DNS_DOWN', 'TRUTH_STUB_DRIFT', 'TRUTH_SYSTEM_DRIFT']
2026-07-04T00:10:37Z VIOLATION DNS drift threat ssh.github.com: ['TRUTH_DNS_DOWN', 'TRUTH_STUB_DRIFT', 'TRUTH_SYSTEM_DRIFT']
2026-07-04T00:10:37Z VIOLATION DNS drift threat api.github.com: ['TRUTH_DNS_DOWN', 'TRUTH_STUB_DRIFT', 'TRUTH_SYSTEM_DRIFT']
2026-07-04T00:10:38Z VIOLATION DNS drift threat raw.githubusercontent.com: ['TRUTH_DNS_DOWN']
2026-07-04T00:10:39Z VIOLATION DNS drift threat ssh.github.com: ['TRUTH_DNS_DOWN', 'TRUTH_STUB_DRIFT', 'TRUTH_SYSTEM_DRIFT']
2026-07-04T00:10:41Z VIOLATION DNS drift threat github.com: ['TRUTH_DNS_DOWN', 'TRUTH_STUB_DRIFT', 'TRUTH_SYSTEM_DRIFT']
2026-07-04T00:10:45Z VIOLATION DNS drift threat api.github.com: ['TRUTH_DNS_DOWN', 'TRUTH_STUB_DRIFT', 'TRUTH_SYSTEM_DRIFT']
2026-07-04T00:10:49Z VIOLATION DNS drift threat github.com: ['TRUTH_DNS_DOWN', 'TRUTH_STUB_DRIFT', 'TRUTH_SYSTEM_DRIFT']
2026-07-04T00:10:51Z VIOLATION DNS drift threat api.github.com: ['TRUTH_DNS_DOWN', 'TRUTH_STUB_DRIFT', 'TRUTH_SYSTEM_DRIFT']
2026-07-04T00:10:58Z VIOLATION DNS drift threat ssh.github.com: ['TRUTH_DNS_DOWN', 'TRUTH_STUB_DRIFT', 'TRUTH_SYSTEM_DRIFT']
2026-07-04T00:10:59Z VIOLATION DNS drift threat github.com: ['TRUTH_DNS_DOWN', 'TRUTH_STUB_DRIFT', 'TRUTH_SYSTEM_DRIFT']
2026-07-04T00:11:02Z VIOLATION DNS drift threat github.com: ['TRUTH_DNS_DOWN', 'TRUTH_STUB_DRIFT', 'TRUTH_SYSTEM_DRIFT']
2026-07-04T00:11:02Z VIOLATION DNS drift threat api.github.com: ['TRUTH_DNS_DOWN', 'TRUTH_STUB_DRIFT', 'TRUTH_SYSTEM_DRIFT']
2026-07-04T00:11:03Z VIOLATION DNS drift threat github.com: ['TRUTH_DNS_DOWN', 'TRUTH_STUB_DRIFT', 'TRUTH_SYSTEM_DRIFT']
2026-07-04T00:11:04Z VIOLATION DNS drift threat github.com: ['TRUTH_DNS_DOWN']
2026-07-04T00:11:06Z VIOLATION DNS drift threat api.github.com: ['TRUTH_DNS_DOWN', 'TRUTH_STUB_DRIFT', 'TRUTH_SYSTEM_DRIFT']
2026-07-04T00:11:08Z VIOLATION DNS drift threat github.com: ['TRUTH_DNS_DOWN', 'TRUTH_STUB_DRIFT', 'TRUTH_SYSTEM_DRIFT']
2026-07-04T00:11:09Z VIOLATION DNS drift threat api.github.com: ['TRUTH_DNS_DOWN', 'TRUTH_STUB_DRIFT', 'TRUTH_SYSTEM_DRIFT']
2026-07-04T00:11:11Z VIOLATION DNS drift threat api.github.com: ['TRUTH_DNS_DOWN', 'TRUTH_STUB_DRIFT', 'TRUTH_SYSTEM_DRIFT']
2026-07-04T00:11:15Z VIOLATION DNS drift threat ssh.github.com: ['TRUTH_DNS_DOWN']
2026-07-04T00:11:17Z VIOLATION DNS drift threat github.com: ['TRUTH_DNS_DOWN', 'TRUTH_STUB_DRIFT', 'TRUTH_SYSTEM_DRIFT']
2026-07-04T00:11:20Z VIOLATION DNS drift threat github.com: ['TRUTH_DNS_DOWN', 'TRUTH_STUB_DRIFT', 'TRUTH_SYSTEM_DRIFT']
2026-07-04T00:11:21Z VIOLATION DNS drift threat api.github.com: ['TRUTH_DNS_DOWN', 'TRUTH_STUB_DRIFT', 'TRUTH_SYSTEM_DRIFT']
2026-07-04T00:11:22Z VIOLATION DNS drift threat github.com: ['TRUTH_DNS_DOWN', 'TRUTH_STUB_DRIFT', 'TRUTH_SYSTEM_DRIFT']
2026-07-04T00:11:25Z VIOLATION DNS drift threat api.github.com: ['TRUTH_DNS_DOWN', 'TRUTH_STUB_DRIFT', 'TRUTH_SYSTEM_DRIFT']
2026-07-04T00:11:25Z VIOLATION DNS drift threat api.github.com: ['TRUTH_DNS_DOWN']
2026-07-04T00:11:31Z VIOLATION DNS drift threat github.com: ['TRUTH_DNS_DOWN', 'TRUTH_STUB_DRIFT', 'TRUTH_SYSTEM_DRIFT']
2026-07-04T00:11:35Z VIOLATION DNS drift threat api.github.com: ['TRUTH_DNS_DOWN', 'TRUTH_STUB_DRIFT', 'TRUTH_SYSTEM_DRIFT']
2026-07-04T00:11:38Z VIOLATION DNS drift threat ssh.github.com: ['TRUTH_DNS_DOWN']
2026-07-04T00:11:54Z VIOLATION DNS drift threat github.com: ['TRUTH_DNS_DOWN', 'TRUTH_STUB_DRIFT', 'TRUTH_SYSTEM_DRIFT']
2026-07-04T00:11:55Z VIOLATION DNS drift threat github.com: ['TRUTH_DNS_DOWN', 'TRUTH_STUB_DRIFT', 'TRUTH_SYSTEM_DRIFT']
2026-07-04T00:11:58Z VIOLATION DNS drift threat api.github.com: ['TRUTH_DNS_DOWN', 'TRUTH_STUB_DRIFT', 'TRUTH_SYSTEM_DRIFT']
2026-07-04T00:11:59Z VIOLATION DNS drift threat api.github.com: ['TRUTH_DNS_DOWN']
2026-07-04T00:12:00Z VIOLATION DNS drift threat github.com: ['TRUTH_DNS_DOWN', 'TRUTH_STUB_DRIFT', 'TRUTH_SYSTEM_DRIFT']
2026-07-04T00:12:01Z VIOLATION DNS drift threat github.com: ['TRUTH_DNS_DOWN', 'TRUTH_STUB_DRIFT', 'TRUTH_SYSTEM_DRIFT']
2026-07-04T00:12:02Z VIOLATION DNS drift threat ssh.github.com: ['TRUTH_DNS_DOWN', 'TRUTH_STUB_DRIFT', 'TRUTH_SYSTEM_DRIFT']
2026-07-04T00:12:02Z VIOLATION DNS drift threat ssh.github.com: ['TRUTH_DNS_DOWN', 'TRUTH_STUB_DRIFT', 'TRUTH_SYSTEM_DRIFT']
2026-07-04T00:12:02Z VIOLATION DNS drift threat api.github.com: ['TRUTH_DNS_DOWN', 'TRUTH_STUB_DRIFT', 'TRUTH_SYSTEM_DRIFT']
2026-07-04T00:12:05Z VIOLATION DNS drift threat api.github.com: ['TRUTH_DNS_DOWN', 'TRUTH_STUB_DRIFT', 'TRUTH_SYSTEM_DRIFT']
2026-07-04T00:12:05Z VIOLATION DNS drift threat ssh.github.com: ['TRUTH_DNS_DOWN']
2026-07-04T00:12:06Z VIOLATION DNS drift threat ssh.github.com: ['TRUTH_DNS_DOWN', 'TRUTH_STUB_DRIFT', 'TRUTH_SYSTEM_DRIFT']
2026-07-04T00:12:07Z VIOLATION DNS drift threat github.com: ['TRUTH_DNS_DOWN']
2026-07-04T00:12:08Z VIOLATION DNS drift threat raw.githubusercontent.com: ['TRUTH_DNS_DOWN']
2026-07-04T00:12:09Z VIOLATION DNS drift threat raw.githubusercontent.com: ['TRUTH_DNS_DOWN']
2026-07-04T00:12:11Z VIOLATION DNS drift threat api.github.com: ['TRUTH_DNS_DOWN']
2026-07-04T00:12:14Z VIOLATION DNS drift threat ssh.github.com: ['TRUTH_DNS_DOWN', 'TRUTH_STUB_DRIFT', 'TRUTH_SYSTEM_DRIFT']
2026-07-04T00:12:17Z VIOLATION DNS drift threat github.com: ['TRUTH_DNS_DOWN', 'TRUTH_STUB_DRIFT', 'TRUTH_SYSTEM_DRIFT']
2026-07-04T00:12:17Z VIOLATION DNS drift threat github.com: ['TRUTH_DNS_DOWN', 'TRUTH_STUB_DRIFT', 'TRUTH_SYSTEM_DRIFT']
2026-07-04T00:12:20Z VIOLATION DNS drift threat api.github.com: ['TRUTH_DNS_DOWN', 'TRUTH_STUB_DRIFT', 'TRUTH_SYSTEM_DRIFT']
2026-07-04T00:12:21Z VIOLATION DNS drift threat api.github.com: ['TRUTH_DNS_DOWN', 'TRUTH_STUB_DRIFT', 'TRUTH_SYSTEM_DRIFT']
2026-07-04T00:12:21Z VIOLATION DNS drift threat github.com: ['TRUTH_DNS_DOWN']
2026-07-04T00:12:26Z VIOLATION DNS drift threat api.github.com: ['TRUTH_DNS_DOWN', 'TRUTH_STUB_DRIFT', 'TRUTH_SYSTEM_DRIFT']
2026-07-04T00:12:30Z VIOLATION DNS drift threat github.com: ['TRUTH_DNS_DOWN']
2026-07-04T00:12:33Z VIOLATION DNS drift threat github.com: ['TRUTH_DNS_DOWN']
2026-07-04T00:12:35Z VIOLATION DNS drift threat api.github.com: ['TRUTH_DNS_DOWN']
2026-07-04T00:12:36Z VIOLATION DNS drift threat github.com: ['TRUTH_DNS_DOWN', 'TRUTH_STUB_DRIFT', 'TRUTH_SYSTEM_DRIFT']
2026-07-04T00:12:38Z VIOLATION DNS drift threat github.com: ['TRUTH_DNS_DOWN']
2026-07-04T00:12:38Z VIOLATION DNS drift threat api.github.com: ['TRUTH_DNS_DOWN', 'TRUTH_STUB_DRIFT', 'TRUTH_SYSTEM_DRIFT']
2026-07-04T00:12:39Z VIOLATION DNS drift threat github.com: ['TRUTH_DNS_DOWN', 'TRUTH_STUB_DRIFT', 'TRUTH_SYSTEM_DRIFT']
2026-07-04T00:12:39Z VIOLATION DNS drift threat github.com: ['TRUTH_DNS_DOWN', 'TRUTH_STUB_DRIFT', 'TRUTH_SYSTEM_DRIFT']
2026-07-04T00:12:39Z VIOLATION DNS drift threat api.github.com: ['TRUTH_DNS_DOWN', 'TRUTH_STUB_DRIFT', 'TRUTH_SYSTEM_DRIFT']
2026-07-04T00:12:42Z VIOLATION DNS drift threat api.github.com: ['TRUTH_DNS_DOWN', 'TRUTH_STUB_DRIFT', 'TRUTH_SYSTEM_DRIFT']
2026-07-04T00:12:42Z VIOLATION DNS drift threat api.github.com: ['TRUTH_DNS_DOWN', 'TRUTH_STUB_DRIFT', 'TRUTH_SYSTEM_DRIFT']
2026-07-04T00:12:44Z VIOLATION DNS drift threat ssh.github.com: ['TRUTH_DNS_DOWN', 'TRUTH_STUB_DRIFT', 'TRUTH_SYSTEM_DRIFT']
2026-07-04T00:12:44Z VIOLATION DNS drift threat ssh.github.com: ['TRUTH_DNS_DOWN', 'TRUTH_STUB_DRIFT', 'TRUTH_SYSTEM_DRIFT']
2026-07-04T00:12:45Z VIOLATION DNS drift threat github.com: ['TRUTH_DNS_DOWN', 'TRUTH_STUB_DRIFT', 'TRUTH_SYSTEM_DRIFT']
2026-07-04T00:12:45Z VIOLATION DNS drift threat ssh.github.com: ['TRUTH_DNS_DOWN', 'TRUTH_STUB_DRIFT', 'TRUTH_SYSTEM_DRIFT']
2026-07-04T00:12:48Z VIOLATION DNS drift threat api.github.com: ['TRUTH_DNS_DOWN', 'TRUTH_STUB_DRIFT', 'TRUTH_SYSTEM_DRIFT']
2026-07-04T00:13:03Z VIOLATION DNS drift threat github.com: ['TRUTH_DNS_DOWN', 'TRUTH_STUB_DRIFT', 'TRUTH_SYSTEM_DRIFT']
2026-07-04T00:13:08Z VIOLATION DNS drift threat api.github.com: ['TRUTH_DNS_DOWN', 'TRUTH_STUB_DRIFT', 'TRUTH_SYSTEM_DRIFT']
2026-07-04T00:13:29Z VIOLATION DNS drift threat github.com: ['TRUTH_DNS_DOWN', 'TRUTH_STUB_DRIFT', 'TRUTH_SYSTEM_DRIFT']
2026-07-04T00:13:32Z VIOLATION DNS drift threat github.com: ['TRUTH_DNS_DOWN', 'TRUTH_STUB_DRIFT', 'TRUTH_SYSTEM_DRIFT']
2026-07-04T00:13:33Z VIOLATION DNS drift threat github.com: ['TRUTH_DNS_DOWN', 'TRUTH_STUB_DRIFT', 'TRUTH_SYSTEM_DRIFT']
2026-07-04T00:13:34Z VIOLATION DNS drift threat api.github.com: ['TRUTH_DNS_DOWN', 'TRUTH_STUB_DRIFT', 'TRUTH_SYSTEM_DRIFT']
2026-07-04T00:13:35Z VIOLATION DNS drift threat ssh.github.com: ['TRUTH_DNS_DOWN', 'TRUTH_STUB_DRIFT', 'TRUTH_SYSTEM_DRIFT']
2026-07-04T00:13:37Z VIOLATION DNS drift threat api.github.com: ['TRUTH_DNS_DOWN', 'TRUTH_STUB_DRIFT', 'TRUTH_SYSTEM_DRIFT']
2026-07-04T00:13:38Z VIOLATION DNS drift threat github.com: ['TRUTH_DNS_DOWN', 'TRUTH_STUB_DRIFT', 'TRUTH_SYSTEM_DRIFT']
2026-07-04T00:13:46Z VIOLATION DNS drift threat github.com: ['TRUTH_DNS_DOWN', 'TRUTH_STUB_DRIFT', 'TRUTH_SYSTEM_DRIFT']
2026-07-04T00:13:48Z VIOLATION DNS drift threat github.com: ['TRUTH_DNS_DOWN']
2026-07-04T00:13:50Z VIOLATION DNS drift threat api.github.com: ['TRUTH_DNS_DOWN', 'TRUTH_STUB_DRIFT', 'TRUTH_SYSTEM_DRIFT']
2026-07-04T00:13:53Z VIOLATION DNS drift threat api.github.com: ['TRUTH_DNS_DOWN', 'TRUTH_STUB_DRIFT', 'TRUTH_SYSTEM_DRIFT']
2026-07-04T00:13:55Z VIOLATION DNS drift threat github.com: ['TRUTH_DNS_DOWN', 'TRUTH_STUB_DRIFT', 'TRUTH_SYSTEM_DRIFT']
2026-07-04T00:13:59Z VIOLATION DNS drift threat api.github.com: ['TRUTH_DNS_DOWN', 'TRUTH_STUB_DRIFT', 'TRUTH_SYSTEM_DRIFT']
2026-07-04T00:14:00Z VIOLATION DNS drift threat github.com: ['TRUTH_DNS_DOWN', 'TRUTH_STUB_DRIFT', 'TRUTH_SYSTEM_DRIFT']
2026-07-04T00:14:00Z VIOLATION DNS drift threat github.com: ['TRUTH_DNS_DOWN', 'TRUTH_STUB_DRIFT', 'TRUTH_SYSTEM_DRIFT']
2026-07-04T00:14:01Z VIOLATION DNS drift threat ssh.github.com: ['TRUTH_DNS_DOWN']
2026-07-04T00:14:04Z VIOLATION DNS drift threat api.github.com: ['TRUTH_DNS_DOWN', 'TRUTH_STUB_DRIFT', 'TRUTH_SYSTEM_DRIFT']
2026-07-04T00:14:06Z VIOLATION DNS drift threat api.github.com: ['TRUTH_DNS_DOWN']
2026-07-04T00:14:10Z VIOLATION DNS drift threat github.com: ['TRUTH_DNS_DOWN', 'TRUTH_STUB_DRIFT', 'TRUTH_SYSTEM_DRIFT']
2026-07-04T00:14:11Z VIOLATION DNS drift threat github.com: ['TRUTH_DNS_DOWN', 'TRUTH_STUB_DRIFT', 'TRUTH_SYSTEM_DRIFT']
2026-07-04T00:14:11Z VIOLATION DNS drift threat github.com: ['TRUTH_DNS_DOWN', 'TRUTH_STUB_DRIFT', 'TRUTH_SYSTEM_DRIFT']
2026-07-04T00:14:12Z VIOLATION DNS drift threat github.com: ['TRUTH_DNS_DOWN', 'TRUTH_STUB_DRIFT', 'TRUTH_SYSTEM_DRIFT']
2026-07-04T00:14:14Z VIOLATION DNS drift threat api.github.com: ['TRUTH_DNS_DOWN']
2026-07-04T00:14:14Z VIOLATION DNS drift threat api.github.com: ['TRUTH_DNS_DOWN', 'TRUTH_STUB_DRIFT', 'TRUTH_SYSTEM_DRIFT']
2026-07-04T00:14:16Z VIOLATION DNS drift threat api.github.com: ['TRUTH_DNS_DOWN', 'TRUTH_STUB_DRIFT', 'TRUTH_SYSTEM_DRIFT']
2026-07-04T00:14:17Z VIOLATION DNS drift threat api.github.com: ['TRUTH_DNS_DOWN', 'TRUTH_STUB_DRIFT', 'TRUTH_SYSTEM_DRIFT']
2026-07-04T00:14:27Z VIOLATION DNS drift threat github.com: ['TRUTH_DNS_DOWN', 'TRUTH_STUB_DRIFT', 'TRUTH_SYSTEM_DRIFT']
2026-07-04T00:14:34Z VIOLATION DNS drift threat github.com: ['TRUTH_DNS_DOWN', 'TRUTH_STUB_DRIFT', 'TRUTH_SYSTEM_DRIFT']
2026-07-04T00:14:36Z VIOLATION DNS drift threat github.com: ['TRUTH_DNS_DOWN']
2026-07-04T00:15:02Z VIOLATION DNS drift threat github.com: ['TRUTH_DNS_DOWN', 'TRUTH_STUB_DRIFT', 'TRUTH_SYSTEM_DRIFT']
2026-07-04T00:15:03Z VIOLATION DNS drift threat github.com: ['TRUTH_DNS_DOWN', 'TRUTH_STUB_DRIFT', 'TRUTH_SYSTEM_DRIFT']
2026-07-04T00:15:05Z VIOLATION DNS drift threat github.com: ['TRUTH_DNS_DOWN']
2026-07-04T00:15:18Z VIOLATION DNS drift threat github.com: ['TRUTH_DNS_DOWN', 'TRUTH_STUB_DRIFT', 'TRUTH_SYSTEM_DRIFT']
2026-07-04T00:15:21Z VIOLATION DNS drift threat github.com: ['TRUTH_DNS_DOWN', 'TRUTH_STUB_DRIFT', 'TRUTH_SYSTEM_DRIFT']
2026-07-04T00:15:23Z VIOLATION DNS drift threat github.com: ['TRUTH_DNS_DOWN', 'TRUTH_STUB_DRIFT', 'TRUTH_SYSTEM_DRIFT']
2026-07-04T00:15:25Z VIOLATION DNS drift threat api.github.com: ['TRUTH_DNS_DOWN', 'TRUTH_STUB_DRIFT', 'TRUTH_SYSTEM_DRIFT']
2026-07-04T00:15:26Z VIOLATION DNS drift threat api.github.com: ['TRUTH_DNS_DOWN', 'TRUTH_STUB_DRIFT', 'TRUTH_SYSTEM_DRIFT']
2026-07-04T00:15:28Z VIOLATION DNS drift threat github.com: ['TRUTH_DNS_DOWN', 'TRUTH_STUB_DRIFT', 'TRUTH_SYSTEM_DRIFT']
2026-07-04T00:15:29Z VIOLATION DNS drift threat github.com: ['TRUTH_DNS_DOWN']
2026-07-04T00:15:29Z VIOLATION DNS drift threat ssh.github.com: ['TRUTH_DNS_DOWN', 'TRUTH_STUB_DRIFT', 'TRUTH_SYSTEM_DRIFT']
2026-07-04T00:15:32Z VIOLATION DNS drift threat github.com: ['TRUTH_DNS_DOWN', 'TRUTH_STUB_DRIFT', 'TRUTH_SYSTEM_DRIFT']
2026-07-04T00:15:34Z VIOLATION DNS drift threat api.github.com: ['TRUTH_DNS_DOWN', 'TRUTH_STUB_DRIFT', 'TRUTH_SYSTEM_DRIFT']
2026-07-04T00:15:34Z VIOLATION DNS drift threat api.github.com: ['TRUTH_DNS_DOWN', 'TRUTH_STUB_DRIFT', 'TRUTH_SYSTEM_DRIFT']
2026-07-04T00:15:34Z VIOLATION DNS drift threat api.github.com: ['TRUTH_DNS_DOWN', 'TRUTH_STUB_DRIFT', 'TRUTH_SYSTEM_DRIFT']
2026-07-04T00:15:41Z VIOLATION DNS drift threat github.com: ['TRUTH_DNS_DOWN', 'TRUTH_STUB_DRIFT', 'TRUTH_SYSTEM_DRIFT']
2026-07-04T00:15:42Z VIOLATION DNS drift threat github.com: ['TRUTH_DNS_DOWN', 'TRUTH_STUB_DRIFT', 'TRUTH_SYSTEM_DRIFT']
2026-07-04T00:15:45Z VIOLATION DNS drift threat api.github.com: ['TRUTH_DNS_DOWN', 'TRUTH_STUB_DRIFT', 'TRUTH_SYSTEM_DRIFT']
2026-07-04T00:15:46Z VIOLATION DNS drift threat api.github.com: ['TRUTH_DNS_DOWN', 'TRUTH_STUB_DRIFT', 'TRUTH_SYSTEM_DRIFT']
2026-07-04T00:15:46Z VIOLATION DNS drift threat github.com: ['TRUTH_DNS_DOWN', 'TRUTH_STUB_DRIFT', 'TRUTH_SYSTEM_DRIFT']
2026-07-04T00:15:50Z VIOLATION DNS drift threat api.github.com: ['TRUTH_DNS_DOWN']
2026-07-04T00:15:51Z VIOLATION DNS drift threat github.com: ['TRUTH_DNS_DOWN', 'TRUTH_STUB_DRIFT', 'TRUTH_SYSTEM_DRIFT']
2026-07-04T00:15:55Z VIOLATION DNS drift threat github.com: ['TRUTH_DNS_DOWN', 'TRUTH_STUB_DRIFT', 'TRUTH_SYSTEM_DRIFT']
2026-07-04T00:15:55Z VIOLATION DNS drift threat api.github.com: ['TRUTH_DNS_DOWN', 'TRUTH_STUB_DRIFT', 'TRUTH_SYSTEM_DRIFT']
2026-07-04T00:15:57Z VIOLATION DNS drift threat github.com: ['TRUTH_DNS_DOWN', 'TRUTH_STUB_DRIFT', 'TRUTH_SYSTEM_DRIFT']
2026-07-04T00:16:01Z VIOLATION DNS drift threat api.github.com: ['TRUTH_DNS_DOWN', 'TRUTH_STUB_DRIFT', 'TRUTH_SYSTEM_DRIFT']
2026-07-04T00:16:01Z VIOLATION DNS drift threat api.github.com: ['TRUTH_DNS_DOWN', 'TRUTH_STUB_DRIFT', 'TRUTH_SYSTEM_DRIFT']
2026-07-04T00:16:02Z VIOLATION DNS drift threat github.com: ['TRUTH_DNS_DOWN', 'TRUTH_STUB_DRIFT', 'TRUTH_SYSTEM_DRIFT']
2026-07-04T00:16:02Z VIOLATION DNS drift threat github.com: ['TRUTH_DNS_DOWN', 'TRUTH_STUB_DRIFT', 'TRUTH_SYSTEM_DRIFT']
2026-07-04T00:16:04Z VIOLATION DNS drift threat api.github.com: ['TRUTH_DNS_DOWN']
2026-07-04T00:16:06Z VIOLATION DNS drift threat api.github.com: ['TRUTH_DNS_DOWN', 'TRUTH_STUB_DRIFT', 'TRUTH_SYSTEM_DRIFT']
2026-07-04T00:16:09Z VIOLATION DNS drift threat ssh.github.com: ['TRUTH_DNS_DOWN', 'TRUTH_STUB_DRIFT', 'TRUTH_SYSTEM_DRIFT']
2026-07-04T00:16:11Z VIOLATION DNS drift threat ssh.github.com: ['TRUTH_DNS_DOWN', 'TRUTH_STUB_DRIFT', 'TRUTH_SYSTEM_DRIFT']
2026-07-04T00:16:16Z VIOLATION DNS drift threat raw.githubusercontent.com: ['TRUTH_DNS_DOWN']
2026-07-04T00:16:39Z VIOLATION DNS drift threat github.com: ['TRUTH_DNS_DOWN']
2026-07-04T00:16:42Z VIOLATION DNS drift threat github.com: ['TRUTH_DNS_DOWN', 'TRUTH_STUB_DRIFT', 'TRUTH_SYSTEM_DRIFT']
2026-07-04T00:16:45Z VIOLATION DNS drift threat api.github.com: ['TRUTH_DNS_DOWN', 'TRUTH_STUB_DRIFT', 'TRUTH_SYSTEM_DRIFT']
2026-07-04T00:16:45Z VIOLATION DNS drift threat github.com: ['TRUTH_DNS_DOWN']
2026-07-04T00:16:45Z VIOLATION DNS drift threat api.github.com: ['TRUTH_DNS_DOWN', 'TRUTH_STUB_DRIFT', 'TRUTH_SYSTEM_DRIFT']
2026-07-04T00:16:46Z VIOLATION DNS drift threat github.com: ['TRUTH_DNS_DOWN', 'TRUTH_STUB_DRIFT', 'TRUTH_SYSTEM_DRIFT']
2026-07-04T00:16:49Z VIOLATION DNS drift threat api.github.com: ['TRUTH_DNS_DOWN', 'TRUTH_STUB_DRIFT', 'TRUTH_SYSTEM_DRIFT']
2026-07-04T00:16:49Z VIOLATION DNS drift threat api.github.com: ['TRUTH_DNS_DOWN', 'TRUTH_STUB_DRIFT', 'TRUTH_SYSTEM_DRIFT']
2026-07-04T00:16:59Z VIOLATION DNS drift threat github.com: ['TRUTH_DNS_DOWN', 'TRUTH_STUB_DRIFT', 'TRUTH_SYSTEM_DRIFT']
2026-07-04T00:16:59Z VIOLATION DNS drift threat github.com: ['TRUTH_DNS_DOWN', 'TRUTH_STUB_DRIFT', 'TRUTH_SYSTEM_DRIFT']
2026-07-04T00:17:02Z VIOLATION DNS drift threat github.com: ['TRUTH_DNS_DOWN', 'TRUTH_STUB_DRIFT', 'TRUTH_SYSTEM_DRIFT']
2026-07-04T00:17:03Z VIOLATION DNS drift threat github.com: ['TRUTH_DNS_DOWN', 'TRUTH_STUB_DRIFT', 'TRUTH_SYSTEM_DRIFT']
2026-07-04T00:17:03Z VIOLATION DNS drift threat api.github.com: ['TRUTH_DNS_DOWN', 'TRUTH_STUB_DRIFT', 'TRUTH_SYSTEM_DRIFT']
2026-07-04T00:17:03Z VIOLATION DNS drift threat github.com: ['TRUTH_DNS_DOWN', 'TRUTH_STUB_DRIFT', 'TRUTH_SYSTEM_DRIFT']
2026-07-04T00:17:04Z VIOLATION DNS drift threat api.github.com: ['TRUTH_DNS_DOWN', 'TRUTH_STUB_DRIFT', 'TRUTH_SYSTEM_DRIFT']
2026-07-04T00:17:05Z VIOLATION DNS drift threat ssh.github.com: ['TRUTH_DNS_DOWN']
2026-07-04T00:17:06Z VIOLATION DNS drift threat ssh.github.com: ['TRUTH_DNS_DOWN', 'TRUTH_STUB_DRIFT', 'TRUTH_SYSTEM_DRIFT']
2026-07-04T00:17:06Z VIOLATION DNS drift threat api.github.com: ['TRUTH_DNS_DOWN', 'TRUTH_STUB_DRIFT', 'TRUTH_SYSTEM_DRIFT']
2026-07-04T00:17:07Z VIOLATION DNS drift threat api.github.com: ['TRUTH_DNS_DOWN', 'TRUTH_STUB_DRIFT', 'TRUTH_SYSTEM_DRIFT']
2026-07-04T00:17:07Z VIOLATION DNS drift threat api.github.com: ['TRUTH_DNS_DOWN', 'TRUTH_STUB_DRIFT', 'TRUTH_SYSTEM_DRIFT']
2026-07-04T00:17:07Z VIOLATION DNS drift threat github.com: ['TRUTH_DNS_DOWN', 'TRUTH_STUB_DRIFT', 'TRUTH_SYSTEM_DRIFT']
2026-07-04T00:17:09Z VIOLATION DNS drift threat raw.githubusercontent.com: ['TRUTH_DNS_DOWN']
2026-07-04T00:17:09Z VIOLATION DNS drift threat github.com: ['TRUTH_DNS_DOWN', 'TRUTH_STUB_DRIFT', 'TRUTH_SYSTEM_DRIFT']
2026-07-04T00:17:10Z VIOLATION DNS drift threat api.github.com: ['TRUTH_DNS_DOWN', 'TRUTH_STUB_DRIFT', 'TRUTH_SYSTEM_DRIFT']
2026-07-04T00:17:12Z VIOLATION DNS drift threat github.com: ['TRUTH_DNS_DOWN', 'TRUTH_STUB_DRIFT', 'TRUTH_SYSTEM_DRIFT']
2026-07-04T00:17:13Z VIOLATION DNS drift threat api.github.com: ['TRUTH_DNS_DOWN', 'TRUTH_STUB_DRIFT', 'TRUTH_SYSTEM_DRIFT']
2026-07-04T00:17:15Z VIOLATION DNS drift threat api.github.com: ['TRUTH_DNS_DOWN', 'TRUTH_STUB_DRIFT', 'TRUTH_SYSTEM_DRIFT']
2026-07-04T00:17:19Z VIOLATION DNS drift threat ssh.github.com: ['TRUTH_DNS_DOWN', 'TRUTH_STUB_DRIFT', 'TRUTH_SYSTEM_DRIFT']
2026-07-04T00:17:26Z VIOLATION DNS drift threat github.com: ['TRUTH_DNS_DOWN', 'TRUTH_STUB_DRIFT', 'TRUTH_SYSTEM_DRIFT']
2026-07-04T00:17:30Z VIOLATION DNS drift threat github.com: ['TRUTH_DNS_DOWN', 'TRUTH_STUB_DRIFT', 'TRUTH_SYSTEM_DRIFT']
2026-07-04T00:17:31Z VIOLATION DNS drift threat github.com: ['TRUTH_DNS_DOWN']
2026-07-04T00:17:31Z VIOLATION DNS drift threat api.github.com: ['TRUTH_DNS_DOWN', 'TRUTH_STUB_DRIFT', 'TRUTH_SYSTEM_DRIFT']
2026-07-04T00:17:35Z VIOLATION DNS drift threat api.github.com: ['TRUTH_DNS_DOWN', 'TRUTH_STUB_DRIFT', 'TRUTH_SYSTEM_DRIFT']
2026-07-04T00:17:35Z VIOLATION DNS drift threat api.github.com: ['TRUTH_DNS_DOWN']
2026-07-04T00:17:42Z VIOLATION DNS drift threat github.com: ['TRUTH_DNS_DOWN', 'TRUTH_STUB_DRIFT', 'TRUTH_SYSTEM_DRIFT']
2026-07-04T00:17:45Z VIOLATION DNS drift threat api.github.com: ['TRUTH_DNS_DOWN', 'TRUTH_STUB_DRIFT', 'TRUTH_SYSTEM_DRIFT']
2026-07-04T00:18:04Z VIOLATION DNS drift threat github.com: ['TRUTH_DNS_DOWN', 'TRUTH_STUB_DRIFT', 'TRUTH_SYSTEM_DRIFT']
2026-07-04T00:18:10Z VIOLATION DNS drift threat github.com: ['TRUTH_DNS_DOWN', 'TRUTH_STUB_DRIFT', 'TRUTH_SYSTEM_DRIFT']
2026-07-04T00:18:12Z VIOLATION DNS drift threat github.com: ['TRUTH_DNS_DOWN']
2026-07-04T00:18:13Z VIOLATION DNS drift threat api.github.com: ['TRUTH_DNS_DOWN', 'TRUTH_STUB_DRIFT', 'TRUTH_SYSTEM_DRIFT']
2026-07-04T00:18:17Z VIOLATION DNS drift threat ssh.github.com: ['TRUTH_DNS_DOWN']
2026-07-04T00:18:18Z VIOLATION DNS drift threat api.github.com: ['TRUTH_DNS_DOWN', 'TRUTH_STUB_DRIFT', 'TRUTH_SYSTEM_DRIFT']
2026-07-04T00:18:24Z VIOLATION DNS drift threat github.com: ['TRUTH_DNS_DOWN', 'TRUTH_STUB_DRIFT', 'TRUTH_SYSTEM_DRIFT']
2026-07-04T00:18:28Z VIOLATION DNS drift threat github.com: ['TRUTH_DNS_DOWN', 'TRUTH_STUB_DRIFT', 'TRUTH_SYSTEM_DRIFT']
2026-07-04T00:18:29Z VIOLATION DNS drift threat github.com: ['TRUTH_DNS_DOWN', 'TRUTH_STUB_DRIFT', 'TRUTH_SYSTEM_DRIFT']
2026-07-04T00:18:30Z VIOLATION DNS drift threat api.github.com: ['TRUTH_DNS_DOWN']
2026-07-04T00:18:31Z VIOLATION DNS drift threat github.com: ['TRUTH_DNS_DOWN', 'TRUTH_STUB_DRIFT', 'TRUTH_SYSTEM_DRIFT']
2026-07-04T00:18:31Z VIOLATION DNS drift threat api.github.com: ['TRUTH_DNS_DOWN', 'TRUTH_STUB_DRIFT', 'TRUTH_SYSTEM_DRIFT']
2026-07-04T00:18:32Z VIOLATION DNS drift threat github.com: ['TRUTH_DNS_DOWN', 'TRUTH_STUB_DRIFT', 'TRUTH_SYSTEM_DRIFT']
2026-07-04T00:18:32Z VIOLATION DNS drift threat github.com: ['TRUTH_DNS_DOWN', 'TRUTH_STUB_DRIFT', 'TRUTH_SYSTEM_DRIFT']
2026-07-04T00:18:34Z VIOLATION DNS drift threat api.github.com: ['TRUTH_DNS_DOWN', 'TRUTH_STUB_DRIFT', 'TRUTH_SYSTEM_DRIFT']
2026-07-04T00:18:35Z VIOLATION DNS drift threat api.github.com: ['TRUTH_DNS_DOWN', 'TRUTH_STUB_DRIFT', 'TRUTH_SYSTEM_DRIFT']
2026-07-04T00:18:37Z VIOLATION DNS drift threat ssh.github.com: ['TRUTH_DNS_DOWN', 'TRUTH_STUB_DRIFT', 'TRUTH_SYSTEM_DRIFT']
2026-07-04T00:18:38Z VIOLATION DNS drift threat github.com: ['TRUTH_DNS_DOWN', 'TRUTH_STUB_DRIFT', 'TRUTH_SYSTEM_DRIFT']
2026-07-04T00:18:40Z VIOLATION DNS drift threat api.github.com: ['TRUTH_DNS_DOWN', 'TRUTH_STUB_DRIFT', 'TRUTH_SYSTEM_DRIFT']
2026-07-04T00:18:41Z VIOLATION DNS drift threat github.com: ['TRUTH_DNS_DOWN', 'TRUTH_STUB_DRIFT', 'TRUTH_SYSTEM_DRIFT']
2026-07-04T00:18:42Z VIOLATION DNS drift threat api.github.com: ['TRUTH_DNS_DOWN', 'TRUTH_STUB_DRIFT', 'TRUTH_SYSTEM_DRIFT']
2026-07-04T00:18:46Z VIOLATION DNS drift threat api.github.com: ['TRUTH_DNS_DOWN', 'TRUTH_STUB_DRIFT', 'TRUTH_SYSTEM_DRIFT']
2026-07-04T00:18:47Z VIOLATION DNS drift threat github.com: ['TRUTH_DNS_DOWN', 'TRUTH_STUB_DRIFT', 'TRUTH_SYSTEM_DRIFT']
2026-07-04T00:18:47Z VIOLATION DNS drift threat github.com: ['TRUTH_DNS_DOWN', 'TRUTH_STUB_DRIFT', 'TRUTH_SYSTEM_DRIFT']
2026-07-04T00:18:51Z VIOLATION DNS drift threat api.github.com: ['TRUTH_DNS_DOWN', 'TRUTH_STUB_DRIFT', 'TRUTH_SYSTEM_DRIFT']
2026-07-04T00:18:51Z VIOLATION DNS drift threat api.github.com: ['TRUTH_DNS_DOWN', 'TRUTH_STUB_DRIFT', 'TRUTH_SYSTEM_DRIFT']
2026-07-04T00:18:55Z VIOLATION DNS drift threat github.com: ['TRUTH_DNS_DOWN', 'TRUTH_STUB_DRIFT', 'TRUTH_SYSTEM_DRIFT']
2026-07-04T00:18:56Z VIOLATION DNS drift threat github.com: ['TRUTH_DNS_DOWN']
2026-07-04T00:19:00Z VIOLATION DNS drift threat api.github.com: ['TRUTH_DNS_DOWN', 'TRUTH_STUB_DRIFT', 'TRUTH_SYSTEM_DRIFT']
2026-07-04T00:19:01Z VIOLATION DNS drift threat api.github.com: ['TRUTH_DNS_DOWN', 'TRUTH_STUB_DRIFT', 'TRUTH_SYSTEM_DRIFT']
2026-07-04T00:19:23Z VIOLATION DNS drift threat github.com: ['TRUTH_DNS_DOWN', 'TRUTH_STUB_DRIFT', 'TRUTH_SYSTEM_DRIFT']
2026-07-04T00:19:29Z VIOLATION DNS drift threat github.com: ['TRUTH_DNS_DOWN', 'TRUTH_STUB_DRIFT', 'TRUTH_SYSTEM_DRIFT']
2026-07-04T00:19:31Z VIOLATION DNS drift threat github.com: ['TRUTH_DNS_DOWN']
2026-07-04T00:19:33Z VIOLATION DNS drift threat api.github.com: ['TRUTH_DNS_DOWN', 'TRUTH_STUB_DRIFT', 'TRUTH_SYSTEM_DRIFT']
2026-07-04T00:19:40Z VIOLATION DNS drift threat github.com: ['TRUTH_DNS_DOWN', 'TRUTH_STUB_DRIFT', 'TRUTH_SYSTEM_DRIFT']
2026-07-04T00:19:44Z VIOLATION DNS drift threat api.github.com: ['TRUTH_DNS_DOWN', 'TRUTH_STUB_DRIFT', 'TRUTH_SYSTEM_DRIFT']
2026-07-04T00:19:44Z VIOLATION DNS drift threat github.com: ['TRUTH_DNS_DOWN']
2026-07-04T00:19:49Z VIOLATION DNS drift threat api.github.com: ['TRUTH_DNS_DOWN', 'TRUTH_STUB_DRIFT', 'TRUTH_SYSTEM_DRIFT']
2026-07-04T00:19:50Z VIOLATION DNS drift threat github.com: ['TRUTH_DNS_DOWN']
2026-07-04T00:19:51Z VIOLATION DNS drift threat ssh.github.com: ['TRUTH_DNS_DOWN']
2026-07-04T00:19:55Z VIOLATION DNS drift threat api.github.com: ['TRUTH_DNS_DOWN', 'TRUTH_STUB_DRIFT', 'TRUTH_SYSTEM_DRIFT']
2026-07-04T00:19:57Z VIOLATION DNS drift threat github.com: ['TRUTH_DNS_DOWN', 'TRUTH_STUB_DRIFT', 'TRUTH_SYSTEM_DRIFT']
2026-07-04T00:19:57Z VIOLATION DNS drift threat github.com: ['TRUTH_DNS_DOWN', 'TRUTH_STUB_DRIFT', 'TRUTH_SYSTEM_DRIFT']
2026-07-04T00:19:59Z VIOLATION DNS drift threat github.com: ['TRUTH_DNS_DOWN', 'TRUTH_STUB_DRIFT', 'TRUTH_SYSTEM_DRIFT']
2026-07-04T00:20:01Z VIOLATION DNS drift threat api.github.com: ['TRUTH_DNS_DOWN', 'TRUTH_STUB_DRIFT', 'TRUTH_SYSTEM_DRIFT']
2026-07-04T00:20:01Z VIOLATION DNS drift threat api.github.com: ['TRUTH_DNS_DOWN', 'TRUTH_STUB_DRIFT', 'TRUTH_SYSTEM_DRIFT']
2026-07-04T00:20:03Z VIOLATION DNS drift threat api.github.com: ['TRUTH_DNS_DOWN']
2026-07-04T00:20:05Z VIOLATION DNS drift threat github.com: ['TRUTH_DNS_DOWN']
2026-07-04T00:20:05Z VIOLATION DNS drift threat github.com: ['TRUTH_DNS_DOWN', 'TRUTH_STUB_DRIFT', 'TRUTH_SYSTEM_DRIFT']
2026-07-04T00:20:10Z VIOLATION DNS drift threat api.github.com: ['TRUTH_DNS_DOWN', 'TRUTH_STUB_DRIFT', 'TRUTH_SYSTEM_DRIFT']
2026-07-04T00:20:12Z VIOLATION DNS drift threat api.github.com: ['TRUTH_DNS_DOWN', 'TRUTH_STUB_DRIFT', 'TRUTH_SYSTEM_DRIFT']
2026-07-04T00:20:16Z VIOLATION DNS drift threat github.com: ['TRUTH_DNS_DOWN', 'TRUTH_STUB_DRIFT', 'TRUTH_SYSTEM_DRIFT']
2026-07-04T00:20:16Z VIOLATION DNS drift threat github.com: ['TRUTH_DNS_DOWN', 'TRUTH_STUB_DRIFT', 'TRUTH_SYSTEM_DRIFT']
2026-07-04T00:20:21Z VIOLATION DNS drift threat api.github.com: ['TRUTH_DNS_DOWN', 'TRUTH_STUB_DRIFT', 'TRUTH_SYSTEM_DRIFT']
2026-07-04T00:20:21Z VIOLATION DNS drift threat github.com: ['TRUTH_DNS_DOWN', 'TRUTH_STUB_DRIFT', 'TRUTH_SYSTEM_DRIFT']
2026-07-04T00:20:24Z VIOLATION DNS drift threat api.github.com: ['TRUTH_DNS_DOWN', 'TRUTH_STUB_DRIFT', 'TRUTH_SYSTEM_DRIFT']
2026-07-04T00:20:33Z VIOLATION DNS drift threat github.com: ['TRUTH_DNS_DOWN', 'TRUTH_STUB_DRIFT', 'TRUTH_SYSTEM_DRIFT']
2026-07-04T00:20:34Z VIOLATION DNS drift threat github.com: ['TRUTH_DNS_DOWN', 'TRUTH_STUB_DRIFT', 'TRUTH_SYSTEM_DRIFT']
2026-07-04T00:20:37Z VIOLATION DNS drift threat api.github.com: ['TRUTH_DNS_DOWN', 'TRUTH_STUB_DRIFT', 'TRUTH_SYSTEM_DRIFT']
2026-07-04T00:20:39Z VIOLATION DNS drift threat api.github.com: ['TRUTH_DNS_DOWN']
2026-07-04T00:20:48Z VIOLATION DNS drift threat github.com: ['TRUTH_DNS_DOWN', 'TRUTH_STUB_DRIFT', 'TRUTH_SYSTEM_DRIFT']
2026-07-04T00:20:50Z VIOLATION DNS drift threat github.com: ['TRUTH_DNS_DOWN', 'TRUTH_STUB_DRIFT', 'TRUTH_SYSTEM_DRIFT']
2026-07-04T00:20:52Z VIOLATION DNS drift threat api.github.com: ['TRUTH_DNS_DOWN', 'TRUTH_STUB_DRIFT', 'TRUTH_SYSTEM_DRIFT']
2026-07-04T00:20:55Z VIOLATION DNS drift threat api.github.com: ['TRUTH_DNS_DOWN']
2026-07-04T00:21:07Z VIOLATION DNS drift threat github.com: ['TRUTH_DNS_DOWN', 'TRUTH_STUB_DRIFT', 'TRUTH_SYSTEM_DRIFT']
2026-07-04T00:21:12Z VIOLATION DNS drift threat github.com: ['TRUTH_DNS_DOWN', 'TRUTH_STUB_DRIFT', 'TRUTH_SYSTEM_DRIFT']
2026-07-04T00:21:14Z VIOLATION DNS drift threat github.com: ['TRUTH_DNS_DOWN', 'TRUTH_STUB_DRIFT', 'TRUTH_SYSTEM_DRIFT']
2026-07-04T00:21:15Z VIOLATION DNS drift threat api.github.com: ['TRUTH_DNS_DOWN']
2026-07-04T00:21:17Z VIOLATION DNS drift threat ssh.github.com: ['TRUTH_DNS_DOWN', 'TRUTH_STUB_DRIFT', 'TRUTH_SYSTEM_DRIFT']
2026-07-04T00:21:18Z VIOLATION DNS drift threat api.github.com: ['TRUTH_DNS_DOWN', 'TRUTH_STUB_DRIFT', 'TRUTH_SYSTEM_DRIFT']
2026-07-04T00:21:22Z VIOLATION DNS drift threat github.com: ['TRUTH_DNS_DOWN', 'TRUTH_STUB_DRIFT', 'TRUTH_SYSTEM_DRIFT']
2026-07-04T00:21:26Z VIOLATION DNS drift threat github.com: ['TRUTH_DNS_DOWN']
2026-07-04T00:21:27Z VIOLATION DNS drift threat api.github.com: ['TRUTH_DNS_DOWN', 'TRUTH_STUB_DRIFT', 'TRUTH_SYSTEM_DRIFT']
2026-07-04T00:21:29Z VIOLATION DNS drift threat github.com: ['TRUTH_DNS_DOWN', 'TRUTH_STUB_DRIFT', 'TRUTH_SYSTEM_DRIFT']
2026-07-04T00:21:30Z VIOLATION DNS drift threat github.com: ['TRUTH_DNS_DOWN', 'TRUTH_STUB_DRIFT', 'TRUTH_SYSTEM_DRIFT']
2026-07-04T00:21:31Z VIOLATION DNS drift threat api.github.com: ['TRUTH_DNS_DOWN', 'TRUTH_STUB_DRIFT', 'TRUTH_SYSTEM_DRIFT']
2026-07-04T00:21:35Z VIOLATION DNS drift threat github.com: ['TRUTH_DNS_DOWN', 'TRUTH_STUB_DRIFT', 'TRUTH_SYSTEM_DRIFT']
2026-07-04T00:21:36Z VIOLATION DNS drift threat api.github.com: ['TRUTH_DNS_DOWN', 'TRUTH_STUB_DRIFT', 'TRUTH_SYSTEM_DRIFT']
2026-07-04T00:21:39Z VIOLATION DNS drift threat github.com: ['TRUTH_DNS_DOWN', 'TRUTH_STUB_DRIFT', 'TRUTH_SYSTEM_DRIFT']
2026-07-04T00:21:40Z VIOLATION DNS drift threat api.github.com: ['TRUTH_DNS_DOWN', 'TRUTH_STUB_DRIFT', 'TRUTH_SYSTEM_DRIFT']
2026-07-04T00:21:42Z VIOLATION DNS drift threat github.com: ['TRUTH_DNS_DOWN', 'TRUTH_STUB_DRIFT', 'TRUTH_SYSTEM_DRIFT']
2026-07-04T00:21:44Z VIOLATION DNS drift threat api.github.com: ['TRUTH_DNS_DOWN', 'TRUTH_STUB_DRIFT', 'TRUTH_SYSTEM_DRIFT']
2026-07-04T00:21:45Z VIOLATION DNS drift threat api.github.com: ['TRUTH_DNS_DOWN', 'TRUTH_STUB_DRIFT', 'TRUTH_SYSTEM_DRIFT']
2026-07-04T00:21:46Z VIOLATION DNS drift threat github.com: ['TRUTH_DNS_DOWN']
2026-07-04T00:21:51Z VIOLATION DNS drift threat github.com: ['TRUTH_DNS_DOWN', 'TRUTH_STUB_DRIFT', 'TRUTH_SYSTEM_DRIFT']
2026-07-04T00:21:56Z VIOLATION DNS drift threat api.github.com: ['TRUTH_DNS_DOWN', 'TRUTH_STUB_DRIFT', 'TRUTH_SYSTEM_DRIFT']
2026-07-04T00:22:00Z VIOLATION DNS drift threat github.com: ['TRUTH_DNS_DOWN', 'TRUTH_STUB_DRIFT', 'TRUTH_SYSTEM_DRIFT']
2026-07-04T00:22:04Z VIOLATION DNS drift threat api.github.com: ['TRUTH_DNS_DOWN']
2026-07-04T00:22:04Z VIOLATION DNS drift threat github.com: ['TRUTH_DNS_DOWN', 'TRUTH_STUB_DRIFT', 'TRUTH_SYSTEM_DRIFT']
2026-07-04T00:22:09Z VIOLATION DNS drift threat api.github.com: ['TRUTH_DNS_DOWN', 'TRUTH_STUB_DRIFT', 'TRUTH_SYSTEM_DRIFT']
2026-07-04T00:22:09Z VIOLATION DNS drift threat github.com: ['TRUTH_DNS_DOWN', 'TRUTH_STUB_DRIFT', 'TRUTH_SYSTEM_DRIFT']
2026-07-04T00:22:14Z VIOLATION DNS drift threat api.github.com: ['TRUTH_DNS_DOWN', 'TRUTH_STUB_DRIFT', 'TRUTH_SYSTEM_DRIFT']
2026-07-04T00:22:16Z VIOLATION DNS drift threat github.com: ['TRUTH_DNS_DOWN', 'TRUTH_STUB_DRIFT', 'TRUTH_SYSTEM_DRIFT']
2026-07-04T00:22:21Z VIOLATION DNS drift threat api.github.com: ['TRUTH_DNS_DOWN', 'TRUTH_STUB_DRIFT', 'TRUTH_SYSTEM_DRIFT']
2026-07-04T00:22:26Z VIOLATION DNS drift threat github.com: ['TRUTH_DNS_DOWN', 'TRUTH_STUB_DRIFT', 'TRUTH_SYSTEM_DRIFT']
2026-07-04T00:22:41Z VIOLATION DNS drift threat github.com: ['TRUTH_DNS_DOWN', 'TRUTH_STUB_DRIFT', 'TRUTH_SYSTEM_DRIFT']
2026-07-04T00:22:45Z VIOLATION DNS drift threat github.com: ['TRUTH_DNS_DOWN', 'TRUTH_STUB_DRIFT', 'TRUTH_SYSTEM_DRIFT']
2026-07-04T00:22:47Z VIOLATION DNS drift threat github.com: ['TRUTH_DNS_DOWN', 'TRUTH_STUB_DRIFT', 'TRUTH_SYSTEM_DRIFT']
2026-07-04T00:22:47Z VIOLATION DNS drift threat api.github.com: ['TRUTH_DNS_DOWN', 'TRUTH_STUB_DRIFT', 'TRUTH_SYSTEM_DRIFT']
2026-07-04T00:22:49Z VIOLATION DNS drift threat api.github.com: ['TRUTH_DNS_DOWN', 'TRUTH_STUB_DRIFT', 'TRUTH_SYSTEM_DRIFT']
2026-07-04T00:22:50Z VIOLATION DNS drift threat github.com: ['TRUTH_DNS_DOWN', 'TRUTH_STUB_DRIFT', 'TRUTH_SYSTEM_DRIFT']
2026-07-04T00:22:51Z VIOLATION DNS drift threat api.github.com: ['TRUTH_DNS_DOWN', 'TRUTH_STUB_DRIFT', 'TRUTH_SYSTEM_DRIFT']
2026-07-04T00:22:54Z VIOLATION DNS drift threat api.github.com: ['TRUTH_DNS_DOWN', 'TRUTH_STUB_DRIFT', 'TRUTH_SYSTEM_DRIFT']
2026-07-04T00:22:57Z VIOLATION DNS drift threat ssh.github.com: ['TRUTH_DNS_DOWN', 'TRUTH_STUB_DRIFT', 'TRUTH_SYSTEM_DRIFT']
2026-07-04T00:22:59Z VIOLATION DNS drift threat github.com: ['TRUTH_DNS_DOWN', 'TRUTH_STUB_DRIFT', 'TRUTH_SYSTEM_DRIFT']
2026-07-04T00:23:00Z VIOLATION DNS drift threat github.com: ['TRUTH_DNS_DOWN', 'TRUTH_STUB_DRIFT', 'TRUTH_SYSTEM_DRIFT']
2026-07-04T00:23:05Z VIOLATION DNS drift threat api.github.com: ['TRUTH_DNS_DOWN']
2026-07-04T00:23:05Z VIOLATION DNS drift threat api.github.com: ['TRUTH_DNS_DOWN', 'TRUTH_STUB_DRIFT', 'TRUTH_SYSTEM_DRIFT']
2026-07-04T00:23:06Z VIOLATION DNS drift threat github.com: ['TRUTH_DNS_DOWN', 'TRUTH_STUB_DRIFT', 'TRUTH_SYSTEM_DRIFT']
2026-07-04T00:23:09Z VIOLATION DNS drift threat github.com: ['TRUTH_DNS_DOWN', 'TRUTH_STUB_DRIFT', 'TRUTH_SYSTEM_DRIFT']
2026-07-04T00:23:09Z VIOLATION DNS drift threat api.github.com: ['TRUTH_DNS_DOWN', 'TRUTH_STUB_DRIFT', 'TRUTH_SYSTEM_DRIFT']
2026-07-04T00:23:12Z VIOLATION DNS drift threat github.com: ['TRUTH_DNS_DOWN', 'TRUTH_STUB_DRIFT', 'TRUTH_SYSTEM_DRIFT']
2026-07-04T00:23:12Z VIOLATION DNS drift threat api.github.com: ['TRUTH_DNS_DOWN']
2026-07-04T00:23:17Z VIOLATION DNS drift threat github.com: ['TRUTH_DNS_DOWN', 'TRUTH_STUB_DRIFT', 'TRUTH_SYSTEM_DRIFT']
2026-07-04T00:23:17Z VIOLATION DNS drift threat api.github.com: ['TRUTH_DNS_DOWN']
2026-07-04T00:23:18Z VIOLATION DNS drift threat api.github.com: ['TRUTH_DNS_DOWN']
2026-07-04T00:23:20Z VIOLATION DNS drift threat github.com: ['TRUTH_DNS_DOWN', 'TRUTH_STUB_DRIFT', 'TRUTH_SYSTEM_DRIFT']
2026-07-04T00:23:23Z VIOLATION DNS drift threat ssh.github.com: ['TRUTH_DNS_DOWN', 'TRUTH_STUB_DRIFT', 'TRUTH_SYSTEM_DRIFT']
2026-07-04T00:23:23Z VIOLATION DNS drift threat api.github.com: ['TRUTH_DNS_DOWN', 'TRUTH_STUB_DRIFT', 'TRUTH_SYSTEM_DRIFT']
2026-07-04T00:23:24Z VIOLATION DNS drift threat github.com: ['TRUTH_DNS_DOWN']
2026-07-04T00:23:28Z VIOLATION DNS drift threat api.github.com: ['TRUTH_DNS_DOWN']
2026-07-04T00:23:45Z VIOLATION DNS drift threat github.com: ['TRUTH_DNS_DOWN', 'TRUTH_STUB_DRIFT', 'TRUTH_SYSTEM_DRIFT']
2026-07-04T00:23:46Z VIOLATION DNS drift threat github.com: ['TRUTH_DNS_DOWN', 'TRUTH_STUB_DRIFT', 'TRUTH_SYSTEM_DRIFT']
2026-07-04T00:23:51Z VIOLATION DNS drift threat api.github.com: ['TRUTH_DNS_DOWN', 'TRUTH_STUB_DRIFT', 'TRUTH_SYSTEM_DRIFT']
2026-07-04T00:23:53Z VIOLATION DNS drift threat api.github.com: ['TRUTH_DNS_DOWN']
2026-07-04T00:23:55Z VIOLATION DNS drift threat github.com: ['TRUTH_DNS_DOWN', 'TRUTH_STUB_DRIFT', 'TRUTH_SYSTEM_DRIFT']
2026-07-04T00:24:01Z VIOLATION DNS drift threat api.github.com: ['TRUTH_DNS_DOWN', 'TRUTH_STUB_DRIFT', 'TRUTH_SYSTEM_DRIFT']
2026-07-04T00:24:05Z VIOLATION DNS drift threat github.com: ['TRUTH_DNS_DOWN', 'TRUTH_STUB_DRIFT', 'TRUTH_SYSTEM_DRIFT']
2026-07-04T00:24:09Z VIOLATION DNS drift threat api.github.com: ['TRUTH_DNS_DOWN', 'TRUTH_STUB_DRIFT', 'TRUTH_SYSTEM_DRIFT']
2026-07-04T00:24:22Z VIOLATION DNS drift threat github.com: ['TRUTH_DNS_DOWN', 'TRUTH_STUB_DRIFT', 'TRUTH_SYSTEM_DRIFT']
2026-07-04T00:24:24Z VIOLATION DNS drift threat github.com: ['TRUTH_DNS_DOWN', 'TRUTH_STUB_DRIFT', 'TRUTH_SYSTEM_DRIFT']
2026-07-04T00:24:24Z VIOLATION DNS drift threat github.com: ['TRUTH_DNS_DOWN']
2026-07-04T00:24:25Z VIOLATION DNS drift threat github.com: ['TRUTH_DNS_DOWN', 'TRUTH_STUB_DRIFT', 'TRUTH_SYSTEM_DRIFT']
2026-07-04T00:24:26Z VIOLATION DNS drift threat api.github.com: ['TRUTH_DNS_DOWN', 'TRUTH_STUB_DRIFT', 'TRUTH_SYSTEM_DRIFT']
2026-07-04T00:24:27Z VIOLATION DNS drift threat api.github.com: ['TRUTH_DNS_DOWN', 'TRUTH_STUB_DRIFT', 'TRUTH_SYSTEM_DRIFT']
2026-07-04T00:24:27Z VIOLATION DNS drift threat api.github.com: ['TRUTH_DNS_DOWN', 'TRUTH_STUB_DRIFT', 'TRUTH_SYSTEM_DRIFT']
2026-07-04T00:24:28Z VIOLATION DNS drift threat api.github.com: ['TRUTH_DNS_DOWN', 'TRUTH_STUB_DRIFT', 'TRUTH_SYSTEM_DRIFT']
2026-07-04T00:24:29Z VIOLATION DNS drift threat github.com: ['TRUTH_DNS_DOWN', 'TRUTH_STUB_DRIFT', 'TRUTH_SYSTEM_DRIFT']
2026-07-04T00:24:29Z VIOLATION DNS drift threat ssh.github.com: ['TRUTH_DNS_DOWN', 'TRUTH_STUB_DRIFT', 'TRUTH_SYSTEM_DRIFT']
2026-07-04T00:24:29Z VIOLATION DNS drift threat ssh.github.com: ['TRUTH_DNS_DOWN', 'TRUTH_STUB_DRIFT', 'TRUTH_SYSTEM_DRIFT']
2026-07-04T00:24:34Z VIOLATION DNS drift threat github.com: ['TRUTH_DNS_DOWN', 'TRUTH_STUB_DRIFT', 'TRUTH_SYSTEM_DRIFT']
2026-07-04T00:24:35Z VIOLATION DNS drift threat api.github.com: ['TRUTH_DNS_DOWN', 'TRUTH_STUB_DRIFT', 'TRUTH_SYSTEM_DRIFT']
2026-07-04T00:24:36Z VIOLATION DNS drift threat github.com: ['TRUTH_DNS_DOWN', 'TRUTH_STUB_DRIFT', 'TRUTH_SYSTEM_DRIFT']
2026-07-04T00:24:37Z VIOLATION DNS drift threat github.com: ['TRUTH_DNS_DOWN', 'TRUTH_STUB_DRIFT', 'TRUTH_SYSTEM_DRIFT']
2026-07-04T00:24:37Z VIOLATION DNS drift threat api.github.com: ['TRUTH_DNS_DOWN', 'TRUTH_STUB_DRIFT', 'TRUTH_SYSTEM_DRIFT']
2026-07-04T00:24:45Z VIOLATION DNS drift threat api.github.com: ['TRUTH_DNS_DOWN', 'TRUTH_STUB_DRIFT', 'TRUTH_SYSTEM_DRIFT']
2026-07-04T00:24:49Z VIOLATION DNS drift threat github.com: ['TRUTH_DNS_DOWN', 'TRUTH_STUB_DRIFT', 'TRUTH_SYSTEM_DRIFT']
2026-07-04T00:24:54Z VIOLATION DNS drift threat api.github.com: ['TRUTH_DNS_DOWN']
2026-07-04T00:24:59Z VIOLATION DNS drift threat github.com: ['TRUTH_DNS_DOWN', 'TRUTH_STUB_DRIFT', 'TRUTH_SYSTEM_DRIFT']
2026-07-04T00:25:00Z VIOLATION DNS drift threat github.com: ['TRUTH_DNS_DOWN', 'TRUTH_STUB_DRIFT', 'TRUTH_SYSTEM_DRIFT']
2026-07-04T00:25:00Z VIOLATION DNS drift threat github.com: ['TRUTH_DNS_DOWN', 'TRUTH_STUB_DRIFT', 'TRUTH_SYSTEM_DRIFT']
2026-07-04T00:25:04Z VIOLATION DNS drift threat api.github.com: ['TRUTH_DNS_DOWN', 'TRUTH_STUB_DRIFT', 'TRUTH_SYSTEM_DRIFT']
2026-07-04T00:25:04Z VIOLATION DNS drift threat api.github.com: ['TRUTH_DNS_DOWN', 'TRUTH_STUB_DRIFT', 'TRUTH_SYSTEM_DRIFT']
2026-07-04T00:25:05Z VIOLATION DNS drift threat github.com: ['TRUTH_DNS_DOWN']
2026-07-04T00:25:12Z VIOLATION DNS drift threat github.com: ['TRUTH_DNS_DOWN']
2026-07-04T00:25:24Z VIOLATION DNS drift threat github.com: ['TRUTH_DNS_DOWN', 'TRUTH_STUB_DRIFT', 'TRUTH_SYSTEM_DRIFT']
2026-07-04T00:25:31Z VIOLATION DNS drift threat api.github.com: ['TRUTH_DNS_DOWN', 'TRUTH_STUB_DRIFT', 'TRUTH_SYSTEM_DRIFT']
2026-07-04T00:25:35Z VIOLATION DNS drift threat github.com: ['TRUTH_DNS_DOWN']
2026-07-04T00:25:50Z VIOLATION DNS drift threat github.com: ['TRUTH_DNS_DOWN']
2026-07-04T00:25:55Z VIOLATION DNS drift threat api.github.com: ['TRUTH_DNS_DOWN', 'TRUTH_STUB_DRIFT', 'TRUTH_SYSTEM_DRIFT']
2026-07-04T00:25:56Z VIOLATION DNS drift threat ssh.github.com: ['TRUTH_DNS_DOWN', 'TRUTH_STUB_DRIFT', 'TRUTH_SYSTEM_DRIFT']
2026-07-04T00:26:00Z VIOLATION DNS drift threat github.com: ['TRUTH_DNS_DOWN', 'TRUTH_STUB_DRIFT', 'TRUTH_SYSTEM_DRIFT']
2026-07-04T00:26:00Z VIOLATION DNS drift threat github.com: ['TRUTH_DNS_DOWN', 'TRUTH_STUB_DRIFT', 'TRUTH_SYSTEM_DRIFT']
2026-07-04T00:26:00Z VIOLATION DNS drift threat github.com: ['TRUTH_DNS_DOWN', 'TRUTH_STUB_DRIFT', 'TRUTH_SYSTEM_DRIFT']
2026-07-04T00:26:01Z VIOLATION DNS drift threat github.com: ['TRUTH_DNS_DOWN', 'TRUTH_STUB_DRIFT', 'TRUTH_SYSTEM_DRIFT']
2026-07-04T00:26:01Z VIOLATION DNS drift threat raw.githubusercontent.com: ['TRUTH_DNS_DOWN']
2026-07-04T00:26:02Z VIOLATION DNS drift threat github.com: ['TRUTH_DNS_DOWN', 'TRUTH_STUB_DRIFT', 'TRUTH_SYSTEM_DRIFT']
2026-07-04T00:26:04Z VIOLATION DNS drift threat github.com: ['TRUTH_DNS_DOWN', 'TRUTH_STUB_DRIFT', 'TRUTH_SYSTEM_DRIFT']
2026-07-04T00:26:04Z VIOLATION DNS drift threat api.github.com: ['TRUTH_DNS_DOWN', 'TRUTH_STUB_DRIFT', 'TRUTH_SYSTEM_DRIFT']
2026-07-04T00:26:05Z VIOLATION DNS drift threat api.github.com: ['TRUTH_DNS_DOWN']
2026-07-04T00:26:05Z VIOLATION DNS drift threat api.github.com: ['TRUTH_DNS_DOWN', 'TRUTH_STUB_DRIFT', 'TRUTH_SYSTEM_DRIFT']
2026-07-04T00:26:05Z VIOLATION DNS drift threat api.github.com: ['TRUTH_DNS_DOWN', 'TRUTH_STUB_DRIFT', 'TRUTH_SYSTEM_DRIFT']
2026-07-04T00:26:07Z VIOLATION DNS drift threat ssh.github.com: ['TRUTH_DNS_DOWN', 'TRUTH_STUB_DRIFT', 'TRUTH_SYSTEM_DRIFT']
2026-07-04T00:26:07Z VIOLATION DNS drift threat api.github.com: ['TRUTH_DNS_DOWN', 'TRUTH_STUB_DRIFT', 'TRUTH_SYSTEM_DRIFT']
2026-07-04T00:26:07Z VIOLATION DNS drift threat ssh.github.com: ['TRUTH_DNS_DOWN', 'TRUTH_STUB_DRIFT', 'TRUTH_SYSTEM_DRIFT']
2026-07-04T00:26:09Z VIOLATION DNS drift threat github.com: ['TRUTH_DNS_DOWN', 'TRUTH_STUB_DRIFT', 'TRUTH_SYSTEM_DRIFT']
2026-07-04T00:26:12Z VIOLATION DNS drift threat ssh.github.com: ['TRUTH_DNS_DOWN', 'TRUTH_STUB_DRIFT', 'TRUTH_SYSTEM_DRIFT']
2026-07-04T00:26:13Z VIOLATION DNS drift threat github.com: ['TRUTH_DNS_DOWN', 'TRUTH_STUB_DRIFT', 'TRUTH_SYSTEM_DRIFT']
2026-07-04T00:26:15Z VIOLATION DNS drift threat api.github.com: ['TRUTH_DNS_DOWN']
2026-07-04T00:26:17Z VIOLATION DNS drift threat api.github.com: ['TRUTH_DNS_DOWN', 'TRUTH_STUB_DRIFT', 'TRUTH_SYSTEM_DRIFT']
2026-07-04T00:26:24Z VIOLATION DNS drift threat github.com: ['TRUTH_DNS_DOWN', 'TRUTH_STUB_DRIFT', 'TRUTH_SYSTEM_DRIFT']
2026-07-04T00:26:27Z VIOLATION DNS drift threat api.github.com: ['TRUTH_DNS_DOWN', 'TRUTH_STUB_DRIFT', 'TRUTH_SYSTEM_DRIFT']
2026-07-04T00:26:27Z VIOLATION DNS drift threat github.com: ['TRUTH_DNS_DOWN', 'TRUTH_STUB_DRIFT', 'TRUTH_SYSTEM_DRIFT']
2026-07-04T00:26:30Z VIOLATION DNS drift threat github.com: ['TRUTH_DNS_DOWN']
2026-07-04T00:26:33Z VIOLATION DNS drift threat api.github.com: ['TRUTH_DNS_DOWN', 'TRUTH_STUB_DRIFT', 'TRUTH_SYSTEM_DRIFT']
2026-07-04T00:26:33Z VIOLATION DNS drift threat github.com: ['TRUTH_DNS_DOWN', 'TRUTH_STUB_DRIFT', 'TRUTH_SYSTEM_DRIFT']
2026-07-04T00:26:34Z VIOLATION DNS drift threat github.com: ['TRUTH_DNS_DOWN', 'TRUTH_STUB_DRIFT', 'TRUTH_SYSTEM_DRIFT']
2026-07-04T00:26:34Z VIOLATION DNS drift threat api.github.com: ['TRUTH_DNS_DOWN']
2026-07-04T00:26:37Z VIOLATION DNS drift threat api.github.com: ['TRUTH_DNS_DOWN']
2026-07-04T00:26:39Z VIOLATION DNS drift threat api.github.com: ['TRUTH_DNS_DOWN', 'TRUTH_STUB_DRIFT', 'TRUTH_SYSTEM_DRIFT']
2026-07-04T00:27:06Z VIOLATION DNS drift threat github.com: ['TRUTH_DNS_DOWN', 'TRUTH_STUB_DRIFT', 'TRUTH_SYSTEM_DRIFT']
2026-07-04T00:27:09Z VIOLATION DNS drift threat api.github.com: ['TRUTH_DNS_DOWN', 'TRUTH_STUB_DRIFT', 'TRUTH_SYSTEM_DRIFT']
2026-07-04T00:27:09Z VIOLATION DNS drift threat github.com: ['TRUTH_DNS_DOWN', 'TRUTH_STUB_DRIFT', 'TRUTH_SYSTEM_DRIFT']
2026-07-04T00:27:14Z VIOLATION DNS drift threat api.github.com: ['TRUTH_DNS_DOWN', 'TRUTH_STUB_DRIFT', 'TRUTH_SYSTEM_DRIFT']
2026-07-04T00:27:20Z VIOLATION DNS drift threat github.com: ['TRUTH_DNS_DOWN', 'TRUTH_STUB_DRIFT', 'TRUTH_SYSTEM_DRIFT']
2026-07-04T00:27:23Z VIOLATION DNS drift threat github.com: ['TRUTH_DNS_DOWN', 'TRUTH_STUB_DRIFT', 'TRUTH_SYSTEM_DRIFT']
2026-07-04T00:27:24Z VIOLATION DNS drift threat api.github.com: ['TRUTH_DNS_DOWN', 'TRUTH_STUB_DRIFT', 'TRUTH_SYSTEM_DRIFT']
2026-07-04T00:27:27Z VIOLATION DNS drift threat github.com: ['TRUTH_DNS_DOWN', 'TRUTH_STUB_DRIFT', 'TRUTH_SYSTEM_DRIFT']
2026-07-04T00:27:28Z VIOLATION DNS drift threat github.com: ['TRUTH_DNS_DOWN', 'TRUTH_STUB_DRIFT', 'TRUTH_SYSTEM_DRIFT']
2026-07-04T00:27:30Z VIOLATION DNS drift threat api.github.com: ['TRUTH_DNS_DOWN', 'TRUTH_STUB_DRIFT', 'TRUTH_SYSTEM_DRIFT']
2026-07-04T00:27:30Z VIOLATION DNS drift threat api.github.com: ['TRUTH_DNS_DOWN', 'TRUTH_STUB_DRIFT', 'TRUTH_SYSTEM_DRIFT']
2026-07-04T00:27:34Z VIOLATION DNS drift threat ssh.github.com: ['TRUTH_DNS_DOWN', 'TRUTH_STUB_DRIFT', 'TRUTH_SYSTEM_DRIFT']
2026-07-04T00:27:37Z VIOLATION DNS drift threat github.com: ['TRUTH_DNS_DOWN', 'TRUTH_STUB_DRIFT', 'TRUTH_SYSTEM_DRIFT']
2026-07-04T00:27:37Z VIOLATION DNS drift threat github.com: ['TRUTH_DNS_DOWN', 'TRUTH_STUB_DRIFT', 'TRUTH_SYSTEM_DRIFT']
2026-07-04T00:27:38Z VIOLATION DNS drift threat github.com: ['TRUTH_DNS_DOWN', 'TRUTH_STUB_DRIFT', 'TRUTH_SYSTEM_DRIFT']
2026-07-04T00:27:38Z VIOLATION DNS drift threat github.com: ['TRUTH_DNS_DOWN', 'TRUTH_STUB_DRIFT', 'TRUTH_SYSTEM_DRIFT']
2026-07-04T00:27:40Z VIOLATION DNS drift threat api.github.com: ['TRUTH_DNS_DOWN', 'TRUTH_STUB_DRIFT', 'TRUTH_SYSTEM_DRIFT']
2026-07-04T00:27:41Z VIOLATION DNS drift threat github.com: ['TRUTH_DNS_DOWN', 'TRUTH_STUB_DRIFT', 'TRUTH_SYSTEM_DRIFT']
2026-07-04T00:27:41Z VIOLATION DNS drift threat api.github.com: ['TRUTH_DNS_DOWN', 'TRUTH_STUB_DRIFT', 'TRUTH_SYSTEM_DRIFT']
2026-07-04T00:27:41Z VIOLATION DNS drift threat api.github.com: ['TRUTH_DNS_DOWN']
2026-07-04T00:27:45Z VIOLATION DNS drift threat api.github.com: ['TRUTH_DNS_DOWN']
2026-07-04T00:27:45Z VIOLATION DNS drift threat github.com: ['TRUTH_DNS_DOWN', 'TRUTH_STUB_DRIFT', 'TRUTH_SYSTEM_DRIFT']
2026-07-04T00:27:46Z VIOLATION DNS drift threat ssh.github.com: ['TRUTH_DNS_DOWN', 'TRUTH_STUB_DRIFT', 'TRUTH_SYSTEM_DRIFT']
2026-07-04T00:27:48Z VIOLATION DNS drift threat api.github.com: ['TRUTH_DNS_DOWN', 'TRUTH_STUB_DRIFT', 'TRUTH_SYSTEM_DRIFT']
2026-07-04T00:27:50Z VIOLATION DNS drift threat ssh.github.com: ['TRUTH_DNS_DOWN', 'TRUTH_STUB_DRIFT', 'TRUTH_SYSTEM_DRIFT']
2026-07-04T00:27:53Z VIOLATION DNS drift threat raw.githubusercontent.com: ['TRUTH_DNS_DOWN']
2026-07-04T00:28:00Z VIOLATION DNS drift threat github.com: ['TRUTH_DNS_DOWN', 'TRUTH_STUB_DRIFT', 'TRUTH_SYSTEM_DRIFT']
2026-07-04T00:28:01Z VIOLATION DNS drift threat github.com: ['TRUTH_DNS_DOWN', 'TRUTH_STUB_DRIFT', 'TRUTH_SYSTEM_DRIFT']
2026-07-04T00:28:03Z VIOLATION DNS drift threat github.com: ['TRUTH_DNS_DOWN', 'TRUTH_STUB_DRIFT', 'TRUTH_SYSTEM_DRIFT']
2026-07-04T00:28:03Z VIOLATION DNS drift threat api.github.com: ['TRUTH_DNS_DOWN', 'TRUTH_STUB_DRIFT', 'TRUTH_SYSTEM_DRIFT']
2026-07-04T00:28:05Z VIOLATION DNS drift threat api.github.com: ['TRUTH_DNS_DOWN', 'TRUTH_STUB_DRIFT', 'TRUTH_SYSTEM_DRIFT']
2026-07-04T00:28:07Z VIOLATION DNS drift threat api.github.com: ['TRUTH_DNS_DOWN', 'TRUTH_STUB_DRIFT', 'TRUTH_SYSTEM_DRIFT']
2026-07-04T00:28:08Z VIOLATION DNS drift threat ssh.github.com: ['TRUTH_DNS_DOWN', 'TRUTH_STUB_DRIFT', 'TRUTH_SYSTEM_DRIFT']
2026-07-04T00:28:15Z VIOLATION DNS drift threat github.com: ['TRUTH_DNS_DOWN', 'TRUTH_STUB_DRIFT', 'TRUTH_SYSTEM_DRIFT']
2026-07-04T00:28:17Z VIOLATION DNS drift threat api.github.com: ['TRUTH_DNS_DOWN', 'TRUTH_STUB_DRIFT', 'TRUTH_SYSTEM_DRIFT']
2026-07-04T00:28:37Z VIOLATION DNS drift threat github.com: ['TRUTH_DNS_DOWN', 'TRUTH_STUB_DRIFT', 'TRUTH_SYSTEM_DRIFT']
2026-07-04T00:28:42Z VIOLATION DNS drift threat github.com: ['TRUTH_DNS_DOWN', 'TRUTH_STUB_DRIFT', 'TRUTH_SYSTEM_DRIFT']
2026-07-04T00:28:44Z VIOLATION DNS drift threat github.com: ['TRUTH_DNS_DOWN', 'TRUTH_STUB_DRIFT', 'TRUTH_SYSTEM_DRIFT']
2026-07-04T00:28:46Z VIOLATION DNS drift threat github.com: ['TRUTH_DNS_DOWN', 'TRUTH_STUB_DRIFT', 'TRUTH_SYSTEM_DRIFT']
2026-07-04T00:28:48Z VIOLATION DNS drift threat api.github.com: ['TRUTH_DNS_DOWN', 'TRUTH_STUB_DRIFT', 'TRUTH_SYSTEM_DRIFT']
2026-07-04T00:28:48Z VIOLATION DNS drift threat api.github.com: ['TRUTH_DNS_DOWN', 'TRUTH_STUB_DRIFT', 'TRUTH_SYSTEM_DRIFT']
2026-07-04T00:29:06Z VIOLATION DNS drift threat github.com: ['TRUTH_DNS_DOWN', 'TRUTH_STUB_DRIFT', 'TRUTH_SYSTEM_DRIFT']
2026-07-04T00:29:10Z VIOLATION DNS drift threat github.com: ['TRUTH_DNS_DOWN', 'TRUTH_STUB_DRIFT', 'TRUTH_SYSTEM_DRIFT']
2026-07-04T00:29:12Z VIOLATION DNS drift threat api.github.com: ['TRUTH_DNS_DOWN', 'TRUTH_STUB_DRIFT', 'TRUTH_SYSTEM_DRIFT']
2026-07-04T00:29:12Z VIOLATION DNS drift threat github.com: ['TRUTH_DNS_DOWN']
2026-07-04T00:29:14Z VIOLATION DNS drift threat github.com: ['TRUTH_DNS_DOWN', 'TRUTH_STUB_DRIFT', 'TRUTH_SYSTEM_DRIFT']
2026-07-04T00:29:15Z VIOLATION DNS drift threat github.com: ['TRUTH_DNS_DOWN', 'TRUTH_STUB_DRIFT', 'TRUTH_SYSTEM_DRIFT']
2026-07-04T00:29:18Z VIOLATION DNS drift threat api.github.com: ['TRUTH_DNS_DOWN']
2026-07-04T00:29:18Z VIOLATION DNS drift threat api.github.com: ['TRUTH_DNS_DOWN', 'TRUTH_STUB_DRIFT', 'TRUTH_SYSTEM_DRIFT']
2026-07-04T00:29:19Z VIOLATION DNS drift threat api.github.com: ['TRUTH_DNS_DOWN']
2026-07-04T00:29:19Z VIOLATION DNS drift threat github.com: ['TRUTH_DNS_DOWN', 'TRUTH_STUB_DRIFT', 'TRUTH_SYSTEM_DRIFT']
2026-07-04T00:29:20Z VIOLATION DNS drift threat github.com: ['TRUTH_DNS_DOWN', 'TRUTH_STUB_DRIFT', 'TRUTH_SYSTEM_DRIFT']
2026-07-04T00:29:22Z VIOLATION DNS drift threat github.com: ['TRUTH_DNS_DOWN', 'TRUTH_STUB_DRIFT', 'TRUTH_SYSTEM_DRIFT']
2026-07-04T00:29:23Z VIOLATION DNS drift threat api.github.com: ['TRUTH_DNS_DOWN', 'TRUTH_STUB_DRIFT', 'TRUTH_SYSTEM_DRIFT']
2026-07-04T00:29:23Z VIOLATION DNS drift threat api.github.com: ['TRUTH_DNS_DOWN', 'TRUTH_STUB_DRIFT', 'TRUTH_SYSTEM_DRIFT']
2026-07-04T00:29:26Z VIOLATION DNS drift threat api.github.com: ['TRUTH_DNS_DOWN', 'TRUTH_STUB_DRIFT', 'TRUTH_SYSTEM_DRIFT']
2026-07-04T00:29:39Z VIOLATION DNS drift threat github.com: ['TRUTH_DNS_DOWN', 'TRUTH_STUB_DRIFT', 'TRUTH_SYSTEM_DRIFT']
2026-07-04T00:29:44Z VIOLATION DNS drift threat github.com: ['TRUTH_DNS_DOWN', 'TRUTH_STUB_DRIFT', 'TRUTH_SYSTEM_DRIFT']
2026-07-04T00:29:44Z VIOLATION DNS drift threat github.com: ['TRUTH_DNS_DOWN', 'TRUTH_STUB_DRIFT', 'TRUTH_SYSTEM_DRIFT']
2026-07-04T00:29:47Z VIOLATION DNS drift threat api.github.com: ['TRUTH_DNS_DOWN', 'TRUTH_STUB_DRIFT', 'TRUTH_SYSTEM_DRIFT']
2026-07-04T00:29:48Z VIOLATION DNS drift threat api.github.com: ['TRUTH_DNS_DOWN', 'TRUTH_STUB_DRIFT', 'TRUTH_SYSTEM_DRIFT']
2026-07-04T00:29:52Z VIOLATION DNS drift threat github.com: ['TRUTH_DNS_DOWN']
2026-07-04T00:29:52Z VIOLATION DNS drift threat ssh.github.com: ['TRUTH_DNS_DOWN', 'TRUTH_STUB_DRIFT', 'TRUTH_SYSTEM_DRIFT']
2026-07-04T00:29:56Z VIOLATION DNS drift threat api.github.com: ['TRUTH_DNS_DOWN', 'TRUTH_STUB_DRIFT', 'TRUTH_SYSTEM_DRIFT']
2026-07-04T00:30:03Z VIOLATION DNS drift threat github.com: ['TRUTH_DNS_DOWN', 'TRUTH_STUB_DRIFT', 'TRUTH_SYSTEM_DRIFT']
2026-07-04T00:30:12Z VIOLATION DNS drift threat github.com: ['TRUTH_DNS_DOWN']
2026-07-04T00:30:15Z VIOLATION DNS drift threat github.com: ['TRUTH_DNS_DOWN', 'TRUTH_STUB_DRIFT', 'TRUTH_SYSTEM_DRIFT']
2026-07-04T00:30:16Z VIOLATION DNS drift threat api.github.com: ['TRUTH_DNS_DOWN', 'TRUTH_STUB_DRIFT', 'TRUTH_SYSTEM_DRIFT']
2026-07-04T00:30:16Z VIOLATION DNS drift threat github.com: ['TRUTH_DNS_DOWN', 'TRUTH_STUB_DRIFT', 'TRUTH_SYSTEM_DRIFT']
2026-07-04T00:30:38Z VIOLATION DNS drift threat github.com: ['TRUTH_DNS_DOWN', 'TRUTH_STUB_DRIFT', 'TRUTH_SYSTEM_DRIFT']
2026-07-04T00:30:38Z VIOLATION DNS drift threat github.com: ['TRUTH_DNS_DOWN', 'TRUTH_STUB_DRIFT', 'TRUTH_SYSTEM_DRIFT']
2026-07-04T00:30:40Z VIOLATION DNS drift threat api.github.com: ['TRUTH_DNS_DOWN', 'TRUTH_STUB_DRIFT', 'TRUTH_SYSTEM_DRIFT']
2026-07-04T00:30:40Z VIOLATION DNS drift threat github.com: ['TRUTH_DNS_DOWN']
2026-07-04T00:30:45Z VIOLATION DNS drift threat api.github.com: ['TRUTH_DNS_DOWN', 'TRUTH_STUB_DRIFT', 'TRUTH_SYSTEM_DRIFT']
2026-07-04T00:30:45Z VIOLATION DNS drift threat api.github.com: ['TRUTH_DNS_DOWN', 'TRUTH_STUB_DRIFT', 'TRUTH_SYSTEM_DRIFT']
2026-07-04T00:30:45Z VIOLATION DNS drift threat github.com: ['TRUTH_DNS_DOWN', 'TRUTH_STUB_DRIFT', 'TRUTH_SYSTEM_DRIFT']
2026-07-04T00:30:46Z VIOLATION DNS drift threat ssh.github.com: ['TRUTH_DNS_DOWN', 'TRUTH_STUB_DRIFT', 'TRUTH_SYSTEM_DRIFT']
2026-07-04T00:30:47Z VIOLATION DNS drift threat github.com: ['TRUTH_DNS_DOWN', 'TRUTH_STUB_DRIFT', 'TRUTH_SYSTEM_DRIFT']
2026-07-04T00:30:48Z VIOLATION DNS drift threat api.github.com: ['TRUTH_DNS_DOWN', 'TRUTH_STUB_DRIFT', 'TRUTH_SYSTEM_DRIFT']
2026-07-04T00:30:49Z VIOLATION DNS drift threat github.com: ['TRUTH_DNS_DOWN', 'TRUTH_STUB_DRIFT', 'TRUTH_SYSTEM_DRIFT']
2026-07-04T00:30:53Z VIOLATION DNS drift threat ssh.github.com: ['TRUTH_DNS_DOWN', 'TRUTH_STUB_DRIFT', 'TRUTH_SYSTEM_DRIFT']
2026-07-04T00:30:53Z VIOLATION DNS drift threat github.com: ['TRUTH_DNS_DOWN', 'TRUTH_STUB_DRIFT', 'TRUTH_SYSTEM_DRIFT']
2026-07-04T00:30:54Z VIOLATION DNS drift threat api.github.com: ['TRUTH_DNS_DOWN', 'TRUTH_STUB_DRIFT', 'TRUTH_SYSTEM_DRIFT']
2026-07-04T00:31:01Z VIOLATION DNS drift threat api.github.com: ['TRUTH_DNS_DOWN', 'TRUTH_STUB_DRIFT', 'TRUTH_SYSTEM_DRIFT']
2026-07-04T00:31:13Z VIOLATION DNS drift threat github.com: ['TRUTH_DNS_DOWN', 'TRUTH_STUB_DRIFT', 'TRUTH_SYSTEM_DRIFT']
2026-07-04T00:31:13Z VIOLATION DNS drift threat github.com: ['TRUTH_DNS_DOWN', 'TRUTH_STUB_DRIFT', 'TRUTH_SYSTEM_DRIFT']
2026-07-04T00:31:18Z VIOLATION DNS drift threat api.github.com: ['TRUTH_DNS_DOWN', 'TRUTH_STUB_DRIFT', 'TRUTH_SYSTEM_DRIFT']
2026-07-04T00:31:29Z VIOLATION DNS drift threat github.com: ['TRUTH_DNS_DOWN', 'TRUTH_STUB_DRIFT', 'TRUTH_SYSTEM_DRIFT']
2026-07-04T00:31:29Z VIOLATION DNS drift threat github.com: ['TRUTH_DNS_DOWN', 'TRUTH_STUB_DRIFT', 'TRUTH_SYSTEM_DRIFT']
2026-07-04T00:31:31Z VIOLATION DNS drift threat api.github.com: ['TRUTH_DNS_DOWN', 'TRUTH_STUB_DRIFT', 'TRUTH_SYSTEM_DRIFT']
2026-07-04T00:31:32Z VIOLATION DNS drift threat api.github.com: ['TRUTH_DNS_DOWN', 'TRUTH_STUB_DRIFT', 'TRUTH_SYSTEM_DRIFT']
2026-07-04T00:31:35Z VIOLATION DNS drift threat github.com: ['TRUTH_DNS_DOWN']
2026-07-04T00:31:36Z VIOLATION DNS drift threat api.github.com: ['TRUTH_DNS_DOWN', 'TRUTH_STUB_DRIFT', 'TRUTH_SYSTEM_DRIFT']
2026-07-04T00:31:42Z VIOLATION DNS drift threat github.com: ['TRUTH_DNS_DOWN', 'TRUTH_STUB_DRIFT', 'TRUTH_SYSTEM_DRIFT']
2026-07-04T00:31:45Z VIOLATION DNS drift threat api.github.com: ['TRUTH_DNS_DOWN', 'TRUTH_STUB_DRIFT', 'TRUTH_SYSTEM_DRIFT']
2026-07-04T00:31:54Z VIOLATION DNS drift threat github.com: ['TRUTH_DNS_DOWN', 'TRUTH_STUB_DRIFT', 'TRUTH_SYSTEM_DRIFT']
2026-07-04T00:31:54Z VIOLATION DNS drift threat github.com: ['TRUTH_DNS_DOWN']
2026-07-04T00:31:56Z VIOLATION DNS drift threat api.github.com: ['TRUTH_DNS_DOWN', 'TRUTH_STUB_DRIFT', 'TRUTH_SYSTEM_DRIFT']
2026-07-04T00:31:58Z VIOLATION DNS drift threat api.github.com: ['TRUTH_DNS_DOWN', 'TRUTH_STUB_DRIFT', 'TRUTH_SYSTEM_DRIFT']
2026-07-04T00:32:13Z VIOLATION DNS drift threat github.com: ['TRUTH_DNS_DOWN', 'TRUTH_STUB_DRIFT', 'TRUTH_SYSTEM_DRIFT']
2026-07-04T00:32:17Z VIOLATION DNS drift threat api.github.com: ['TRUTH_DNS_DOWN']
2026-07-04T00:32:19Z VIOLATION DNS drift threat github.com: ['TRUTH_DNS_DOWN']
2026-07-04T00:32:19Z VIOLATION DNS drift threat github.com: ['TRUTH_DNS_DOWN', 'TRUTH_STUB_DRIFT', 'TRUTH_SYSTEM_DRIFT']
2026-07-04T00:32:23Z VIOLATION DNS drift threat github.com: ['TRUTH_DNS_DOWN', 'TRUTH_STUB_DRIFT', 'TRUTH_SYSTEM_DRIFT']
2026-07-04T00:32:24Z VIOLATION DNS drift threat api.github.com: ['TRUTH_DNS_DOWN', 'TRUTH_STUB_DRIFT', 'TRUTH_SYSTEM_DRIFT']
2026-07-04T00:32:27Z VIOLATION DNS drift threat api.github.com: ['TRUTH_DNS_DOWN', 'TRUTH_STUB_DRIFT', 'TRUTH_SYSTEM_DRIFT']
2026-07-04T00:32:28Z VIOLATION DNS drift threat github.com: ['TRUTH_DNS_DOWN', 'TRUTH_STUB_DRIFT', 'TRUTH_SYSTEM_DRIFT']
2026-07-04T00:32:31Z VIOLATION DNS drift threat github.com: ['TRUTH_DNS_DOWN', 'TRUTH_STUB_DRIFT', 'TRUTH_SYSTEM_DRIFT']
2026-07-04T00:32:31Z VIOLATION DNS drift threat api.github.com: ['TRUTH_DNS_DOWN', 'TRUTH_STUB_DRIFT', 'TRUTH_SYSTEM_DRIFT']
2026-07-04T00:32:31Z VIOLATION DNS drift threat github.com: ['TRUTH_DNS_DOWN']
2026-07-04T00:32:32Z VIOLATION DNS drift threat ssh.github.com: ['TRUTH_DNS_DOWN', 'TRUTH_STUB_DRIFT', 'TRUTH_SYSTEM_DRIFT']
2026-07-04T00:32:32Z VIOLATION DNS drift threat api.github.com: ['TRUTH_DNS_DOWN', 'TRUTH_STUB_DRIFT', 'TRUTH_SYSTEM_DRIFT']
2026-07-04T00:32:33Z VIOLATION DNS drift threat github.com: ['TRUTH_DNS_DOWN', 'TRUTH_STUB_DRIFT', 'TRUTH_SYSTEM_DRIFT']
2026-07-04T00:32:36Z VIOLATION DNS drift threat api.github.com: ['TRUTH_DNS_DOWN', 'TRUTH_STUB_DRIFT', 'TRUTH_SYSTEM_DRIFT']
2026-07-04T00:32:38Z VIOLATION DNS drift threat github.com: ['TRUTH_DNS_DOWN', 'TRUTH_STUB_DRIFT', 'TRUTH_SYSTEM_DRIFT']
2026-07-04T00:32:42Z VIOLATION DNS drift threat api.github.com: ['TRUTH_DNS_DOWN', 'TRUTH_STUB_DRIFT', 'TRUTH_SYSTEM_DRIFT']
2026-07-04T00:32:54Z VIOLATION DNS drift threat github.com: ['TRUTH_DNS_DOWN', 'TRUTH_STUB_DRIFT', 'TRUTH_SYSTEM_DRIFT']
2026-07-04T00:32:55Z VIOLATION DNS drift threat api.github.com: ['TRUTH_DNS_DOWN', 'TRUTH_STUB_DRIFT', 'TRUTH_SYSTEM_DRIFT']
2026-07-04T00:32:57Z VIOLATION DNS drift threat github.com: ['TRUTH_DNS_DOWN', 'TRUTH_STUB_DRIFT', 'TRUTH_SYSTEM_DRIFT']
2026-07-04T00:32:59Z VIOLATION DNS drift threat ssh.github.com: ['TRUTH_DNS_DOWN', 'TRUTH_STUB_DRIFT', 'TRUTH_SYSTEM_DRIFT']
2026-07-04T00:33:01Z VIOLATION DNS drift threat api.github.com: ['TRUTH_DNS_DOWN']
2026-07-04T00:33:03Z VIOLATION DNS drift threat ssh.github.com: ['TRUTH_DNS_DOWN', 'TRUTH_STUB_DRIFT', 'TRUTH_SYSTEM_DRIFT']
2026-07-04T00:33:10Z VIOLATION DNS drift threat github.com: ['TRUTH_DNS_DOWN', 'TRUTH_STUB_DRIFT', 'TRUTH_SYSTEM_DRIFT']
2026-07-04T00:33:12Z VIOLATION DNS drift threat github.com: ['TRUTH_DNS_DOWN', 'TRUTH_STUB_DRIFT', 'TRUTH_SYSTEM_DRIFT']
2026-07-04T00:33:17Z VIOLATION DNS drift threat api.github.com: ['TRUTH_DNS_DOWN', 'TRUTH_STUB_DRIFT', 'TRUTH_SYSTEM_DRIFT']
2026-07-04T00:33:24Z VIOLATION DNS drift threat github.com: ['TRUTH_DNS_DOWN', 'TRUTH_STUB_DRIFT', 'TRUTH_SYSTEM_DRIFT']
2026-07-04T00:33:26Z VIOLATION DNS drift threat github.com: ['TRUTH_DNS_DOWN', 'TRUTH_STUB_DRIFT', 'TRUTH_SYSTEM_DRIFT']
2026-07-04T00:33:28Z VIOLATION DNS drift threat api.github.com: ['TRUTH_DNS_DOWN', 'TRUTH_STUB_DRIFT', 'TRUTH_SYSTEM_DRIFT']
2026-07-04T00:33:30Z VIOLATION DNS drift threat github.com: ['TRUTH_DNS_DOWN', 'TRUTH_STUB_DRIFT', 'TRUTH_SYSTEM_DRIFT']
2026-07-04T00:33:32Z VIOLATION DNS drift threat ssh.github.com: ['TRUTH_DNS_DOWN', 'TRUTH_STUB_DRIFT', 'TRUTH_SYSTEM_DRIFT']
2026-07-04T00:33:37Z VIOLATION DNS drift threat raw.githubusercontent.com: ['TRUTH_DNS_DOWN']
2026-07-04T00:33:40Z VIOLATION DNS drift threat github.com: ['TRUTH_DNS_DOWN', 'TRUTH_STUB_DRIFT', 'TRUTH_SYSTEM_DRIFT']
2026-07-04T00:33:41Z VIOLATION DNS drift threat github.com: ['TRUTH_DNS_DOWN', 'TRUTH_STUB_DRIFT', 'TRUTH_SYSTEM_DRIFT']
2026-07-04T00:33:50Z VIOLATION DNS drift threat github.com: ['TRUTH_DNS_DOWN', 'TRUTH_STUB_DRIFT', 'TRUTH_SYSTEM_DRIFT']
2026-07-04T00:33:52Z VIOLATION DNS drift threat github.com: ['TRUTH_DNS_DOWN', 'TRUTH_STUB_DRIFT', 'TRUTH_SYSTEM_DRIFT']
2026-07-04T00:34:07Z VIOLATION DNS drift threat github.com: ['TRUTH_DNS_DOWN', 'TRUTH_STUB_DRIFT', 'TRUTH_SYSTEM_DRIFT']
2026-07-04T00:34:07Z VIOLATION DNS drift threat github.com: ['TRUTH_DNS_DOWN', 'TRUTH_STUB_DRIFT', 'TRUTH_SYSTEM_DRIFT']
2026-07-04T00:34:07Z VIOLATION DNS drift threat github.com: ['TRUTH_DNS_DOWN', 'TRUTH_STUB_DRIFT', 'TRUTH_SYSTEM_DRIFT']
2026-07-04T00:34:08Z VIOLATION DNS drift threat api.github.com: ['TRUTH_DNS_DOWN', 'TRUTH_STUB_DRIFT', 'TRUTH_SYSTEM_DRIFT']
2026-07-04T00:34:12Z VIOLATION DNS drift threat ssh.github.com: ['TRUTH_DNS_DOWN', 'TRUTH_STUB_DRIFT', 'TRUTH_SYSTEM_DRIFT']
2026-07-04T00:34:16Z VIOLATION DNS drift threat github.com: ['TRUTH_DNS_DOWN', 'TRUTH_STUB_DRIFT', 'TRUTH_SYSTEM_DRIFT']
2026-07-04T00:34:17Z VIOLATION DNS drift threat github.com: ['TRUTH_DNS_DOWN', 'TRUTH_STUB_DRIFT', 'TRUTH_SYSTEM_DRIFT']
2026-07-04T00:34:19Z VIOLATION DNS drift threat raw.githubusercontent.com: ['TRUTH_DNS_DOWN']
2026-07-04T00:34:19Z VIOLATION DNS drift threat api.github.com: ['TRUTH_DNS_DOWN', 'TRUTH_STUB_DRIFT', 'TRUTH_SYSTEM_DRIFT']
2026-07-04T00:34:21Z VIOLATION DNS drift threat github.com: ['TRUTH_DNS_DOWN', 'TRUTH_STUB_DRIFT', 'TRUTH_SYSTEM_DRIFT']
2026-07-04T00:34:26Z VIOLATION DNS drift threat api.github.com: ['TRUTH_DNS_DOWN', 'TRUTH_STUB_DRIFT', 'TRUTH_SYSTEM_DRIFT']
2026-07-04T00:34:37Z VIOLATION DNS drift threat github.com: ['TRUTH_DNS_DOWN', 'TRUTH_STUB_DRIFT', 'TRUTH_SYSTEM_DRIFT']
2026-07-04T00:34:47Z VIOLATION DNS drift threat github.com: ['TRUTH_DNS_DOWN', 'TRUTH_STUB_DRIFT', 'TRUTH_SYSTEM_DRIFT']
2026-07-04T00:34:49Z VIOLATION DNS drift threat api.github.com: ['TRUTH_DNS_DOWN', 'TRUTH_STUB_DRIFT', 'TRUTH_SYSTEM_DRIFT']
2026-07-04T00:35:00Z VIOLATION DNS drift threat github.com: ['TRUTH_DNS_DOWN', 'TRUTH_STUB_DRIFT', 'TRUTH_SYSTEM_DRIFT']
2026-07-04T00:35:02Z VIOLATION DNS drift threat github.com: ['TRUTH_DNS_DOWN', 'TRUTH_STUB_DRIFT', 'TRUTH_SYSTEM_DRIFT']
2026-07-04T00:35:07Z VIOLATION DNS drift threat api.github.com: ['TRUTH_DNS_DOWN', 'TRUTH_STUB_DRIFT', 'TRUTH_SYSTEM_DRIFT']
2026-07-04T00:35:09Z VIOLATION DNS drift threat github.com: ['TRUTH_DNS_DOWN', 'TRUTH_STUB_DRIFT', 'TRUTH_SYSTEM_DRIFT']
2026-07-04T00:35:11Z VIOLATION DNS drift threat github.com: ['TRUTH_DNS_DOWN']
2026-07-04T00:35:12Z VIOLATION DNS drift threat github.com: ['TRUTH_DNS_DOWN', 'TRUTH_STUB_DRIFT', 'TRUTH_SYSTEM_DRIFT']
2026-07-04T00:35:18Z VIOLATION DNS drift threat api.github.com: ['TRUTH_DNS_DOWN', 'TRUTH_STUB_DRIFT', 'TRUTH_SYSTEM_DRIFT']
2026-07-04T00:35:24Z VIOLATION DNS drift threat github.com: ['TRUTH_DNS_DOWN']
2026-07-04T00:35:35Z VIOLATION DNS drift threat github.com: ['TRUTH_DNS_DOWN', 'TRUTH_STUB_DRIFT', 'TRUTH_SYSTEM_DRIFT']
2026-07-04T00:35:35Z VIOLATION DNS drift threat github.com: ['TRUTH_DNS_DOWN', 'TRUTH_STUB_DRIFT', 'TRUTH_SYSTEM_DRIFT']
2026-07-04T00:35:37Z VIOLATION DNS drift threat api.github.com: ['TRUTH_DNS_DOWN', 'TRUTH_STUB_DRIFT', 'TRUTH_SYSTEM_DRIFT']
2026-07-04T00:35:41Z VIOLATION DNS drift threat github.com: ['TRUTH_DNS_DOWN', 'TRUTH_STUB_DRIFT', 'TRUTH_SYSTEM_DRIFT']
2026-07-04T00:35:42Z VIOLATION DNS drift threat github.com: ['TRUTH_DNS_DOWN', 'TRUTH_STUB_DRIFT', 'TRUTH_SYSTEM_DRIFT']
2026-07-04T00:35:42Z VIOLATION DNS drift threat ssh.github.com: ['TRUTH_DNS_DOWN', 'TRUTH_STUB_DRIFT', 'TRUTH_SYSTEM_DRIFT']
2026-07-04T00:35:45Z VIOLATION DNS drift threat api.github.com: ['TRUTH_DNS_DOWN', 'TRUTH_STUB_DRIFT', 'TRUTH_SYSTEM_DRIFT']
2026-07-04T00:35:47Z VIOLATION DNS drift threat api.github.com: ['TRUTH_DNS_DOWN', 'TRUTH_STUB_DRIFT', 'TRUTH_SYSTEM_DRIFT']
2026-07-04T00:35:49Z VIOLATION DNS drift threat github.com: ['TRUTH_DNS_DOWN', 'TRUTH_STUB_DRIFT', 'TRUTH_SYSTEM_DRIFT']
2026-07-04T00:35:56Z VIOLATION DNS drift threat github.com: ['TRUTH_DNS_DOWN', 'TRUTH_STUB_DRIFT', 'TRUTH_SYSTEM_DRIFT']
2026-07-04T00:36:11Z VIOLATION DNS drift threat github.com: ['TRUTH_DNS_DOWN', 'TRUTH_STUB_DRIFT', 'TRUTH_SYSTEM_DRIFT']
2026-07-04T00:36:17Z VIOLATION DNS drift threat github.com: ['TRUTH_DNS_DOWN', 'TRUTH_STUB_DRIFT', 'TRUTH_SYSTEM_DRIFT']
2026-07-04T00:36:21Z VIOLATION DNS drift threat github.com: ['TRUTH_DNS_DOWN', 'TRUTH_STUB_DRIFT', 'TRUTH_SYSTEM_DRIFT']
2026-07-04T00:36:23Z VIOLATION DNS drift threat api.github.com: ['TRUTH_DNS_DOWN', 'TRUTH_STUB_DRIFT', 'TRUTH_SYSTEM_DRIFT']
2026-07-04T00:36:24Z VIOLATION DNS drift threat github.com: ['TRUTH_DNS_DOWN', 'TRUTH_STUB_DRIFT', 'TRUTH_SYSTEM_DRIFT']
2026-07-04T00:36:25Z VIOLATION DNS drift threat api.github.com: ['TRUTH_DNS_DOWN', 'TRUTH_STUB_DRIFT', 'TRUTH_SYSTEM_DRIFT']
2026-07-04T00:36:25Z VIOLATION DNS drift threat api.github.com: ['TRUTH_DNS_DOWN', 'TRUTH_STUB_DRIFT', 'TRUTH_SYSTEM_DRIFT']
2026-07-04T00:36:30Z VIOLATION DNS drift threat ssh.github.com: ['TRUTH_DNS_DOWN', 'TRUTH_STUB_DRIFT', 'TRUTH_SYSTEM_DRIFT']
2026-07-04T00:36:32Z VIOLATION DNS drift threat github.com: ['TRUTH_DNS_DOWN', 'TRUTH_STUB_DRIFT', 'TRUTH_SYSTEM_DRIFT']
2026-07-04T00:36:33Z VIOLATION DNS drift threat github.com: ['TRUTH_DNS_DOWN', 'TRUTH_STUB_DRIFT', 'TRUTH_SYSTEM_DRIFT']
2026-07-04T00:36:36Z VIOLATION DNS drift threat github.com: ['TRUTH_DNS_DOWN', 'TRUTH_STUB_DRIFT', 'TRUTH_SYSTEM_DRIFT']
2026-07-04T00:36:37Z VIOLATION DNS drift threat api.github.com: ['TRUTH_DNS_DOWN']
2026-07-04T00:36:37Z VIOLATION DNS drift threat github.com: ['TRUTH_DNS_DOWN', 'TRUTH_STUB_DRIFT', 'TRUTH_SYSTEM_DRIFT']
2026-07-04T00:36:46Z VIOLATION DNS drift threat github.com: ['TRUTH_DNS_DOWN', 'TRUTH_STUB_DRIFT', 'TRUTH_SYSTEM_DRIFT']
2026-07-04T00:37:07Z VIOLATION DNS drift threat github.com: ['TRUTH_DNS_DOWN', 'TRUTH_STUB_DRIFT', 'TRUTH_SYSTEM_DRIFT']
2026-07-04T00:37:09Z VIOLATION DNS drift threat api.github.com: ['TRUTH_DNS_DOWN', 'TRUTH_STUB_DRIFT', 'TRUTH_SYSTEM_DRIFT']
2026-07-04T00:37:15Z VIOLATION DNS drift threat github.com: ['TRUTH_DNS_DOWN', 'TRUTH_STUB_DRIFT', 'TRUTH_SYSTEM_DRIFT']
2026-07-04T00:37:22Z VIOLATION DNS drift threat github.com: ['TRUTH_DNS_DOWN', 'TRUTH_STUB_DRIFT', 'TRUTH_SYSTEM_DRIFT']
2026-07-04T00:37:29Z VIOLATION DNS drift threat github.com: ['TRUTH_DNS_DOWN', 'TRUTH_STUB_DRIFT', 'TRUTH_SYSTEM_DRIFT']
2026-07-04T00:37:29Z VIOLATION DNS drift threat github.com: ['TRUTH_DNS_DOWN']
2026-07-04T00:37:31Z VIOLATION DNS drift threat api.github.com: ['TRUTH_DNS_DOWN']
2026-07-04T00:37:33Z VIOLATION DNS drift threat github.com: ['TRUTH_DNS_DOWN', 'TRUTH_STUB_DRIFT', 'TRUTH_SYSTEM_DRIFT']
2026-07-04T00:37:36Z VIOLATION DNS drift threat github.com: ['TRUTH_DNS_DOWN', 'TRUTH_STUB_DRIFT', 'TRUTH_SYSTEM_DRIFT']
2026-07-04T00:37:38Z VIOLATION DNS drift threat api.github.com: ['TRUTH_DNS_DOWN', 'TRUTH_STUB_DRIFT', 'TRUTH_SYSTEM_DRIFT']
2026-07-04T00:37:40Z VIOLATION DNS drift threat github.com: ['TRUTH_DNS_DOWN', 'TRUTH_STUB_DRIFT', 'TRUTH_SYSTEM_DRIFT']
2026-07-04T00:37:45Z VIOLATION DNS drift threat github.com: ['TRUTH_DNS_DOWN', 'TRUTH_STUB_DRIFT', 'TRUTH_SYSTEM_DRIFT']
2026-07-04T00:37:46Z VIOLATION DNS drift threat api.github.com: ['TRUTH_DNS_DOWN', 'TRUTH_STUB_DRIFT', 'TRUTH_SYSTEM_DRIFT']
2026-07-04T00:37:48Z VIOLATION DNS drift threat ssh.github.com: ['TRUTH_DNS_DOWN']
2026-07-04T00:37:48Z VIOLATION DNS drift threat github.com: ['TRUTH_DNS_DOWN', 'TRUTH_STUB_DRIFT', 'TRUTH_SYSTEM_DRIFT']
2026-07-04T00:37:50Z VIOLATION DNS drift threat github.com: ['TRUTH_DNS_DOWN']
2026-07-04T00:37:52Z VIOLATION DNS drift threat api.github.com: ['TRUTH_DNS_DOWN']
2026-07-04T00:37:53Z VIOLATION DNS drift threat api.github.com: ['TRUTH_DNS_DOWN', 'TRUTH_STUB_DRIFT', 'TRUTH_SYSTEM_DRIFT']
2026-07-04T00:37:54Z VIOLATION DNS drift threat api.github.com: ['TRUTH_DNS_DOWN', 'TRUTH_STUB_DRIFT', 'TRUTH_SYSTEM_DRIFT']
2026-07-04T00:37:57Z VIOLATION DNS drift threat ssh.github.com: ['TRUTH_DNS_DOWN', 'TRUTH_STUB_DRIFT', 'TRUTH_SYSTEM_DRIFT']
2026-07-04T00:38:03Z VIOLATION DNS drift threat github.com: ['TRUTH_DNS_DOWN']
2026-07-04T00:38:07Z VIOLATION DNS drift threat api.github.com: ['TRUTH_DNS_DOWN', 'TRUTH_STUB_DRIFT', 'TRUTH_SYSTEM_DRIFT']
2026-07-04T00:38:13Z VIOLATION DNS drift threat github.com: ['TRUTH_DNS_DOWN', 'TRUTH_STUB_DRIFT', 'TRUTH_SYSTEM_DRIFT']
2026-07-04T00:38:18Z VIOLATION DNS drift threat api.github.com: ['TRUTH_DNS_DOWN', 'TRUTH_STUB_DRIFT', 'TRUTH_SYSTEM_DRIFT']
2026-07-04T00:38:21Z VIOLATION DNS drift threat github.com: ['TRUTH_DNS_DOWN']
2026-07-04T00:38:25Z VIOLATION DNS drift threat api.github.com: ['TRUTH_DNS_DOWN']
2026-07-04T00:38:25Z VIOLATION DNS drift threat github.com: ['TRUTH_DNS_DOWN', 'TRUTH_STUB_DRIFT', 'TRUTH_SYSTEM_DRIFT']
2026-07-04T00:38:27Z VIOLATION DNS drift threat github.com: ['TRUTH_DNS_DOWN', 'TRUTH_STUB_DRIFT', 'TRUTH_SYSTEM_DRIFT']
2026-07-04T00:38:31Z VIOLATION DNS drift threat api.github.com: ['TRUTH_DNS_DOWN', 'TRUTH_STUB_DRIFT', 'TRUTH_SYSTEM_DRIFT']
2026-07-04T00:38:33Z VIOLATION DNS drift threat github.com: ['TRUTH_DNS_DOWN', 'TRUTH_STUB_DRIFT', 'TRUTH_SYSTEM_DRIFT']
2026-07-04T00:38:35Z VIOLATION DNS drift threat ssh.github.com: ['TRUTH_DNS_DOWN', 'TRUTH_STUB_DRIFT', 'TRUTH_SYSTEM_DRIFT']
2026-07-04T00:38:37Z VIOLATION DNS drift threat api.github.com: ['TRUTH_DNS_DOWN', 'TRUTH_STUB_DRIFT', 'TRUTH_SYSTEM_DRIFT']
2026-07-04T00:38:40Z VIOLATION DNS drift threat github.com: ['TRUTH_DNS_DOWN']
2026-07-04T00:38:41Z VIOLATION DNS drift threat api.github.com: ['TRUTH_DNS_DOWN']
2026-07-04T00:38:41Z VIOLATION DNS drift threat raw.githubusercontent.com: ['TRUTH_DNS_DOWN']
2026-07-04T00:38:45Z VIOLATION DNS drift threat ssh.github.com: ['TRUTH_DNS_DOWN', 'TRUTH_STUB_DRIFT', 'TRUTH_SYSTEM_DRIFT']
2026-07-04T00:38:50Z VIOLATION DNS drift threat github.com: ['TRUTH_DNS_DOWN']
2026-07-04T00:38:55Z VIOLATION DNS drift threat api.github.com: ['TRUTH_DNS_DOWN', 'TRUTH_STUB_DRIFT', 'TRUTH_SYSTEM_DRIFT']
2026-07-04T00:38:56Z VIOLATION DNS drift threat github.com: ['TRUTH_DNS_DOWN', 'TRUTH_STUB_DRIFT', 'TRUTH_SYSTEM_DRIFT']
2026-07-04T00:39:02Z VIOLATION DNS drift threat github.com: ['TRUTH_DNS_DOWN', 'TRUTH_STUB_DRIFT', 'TRUTH_SYSTEM_DRIFT']
2026-07-04T00:39:06Z VIOLATION DNS drift threat github.com: ['TRUTH_DNS_DOWN', 'TRUTH_STUB_DRIFT', 'TRUTH_SYSTEM_DRIFT']
2026-07-04T00:39:12Z VIOLATION DNS drift threat github.com: ['TRUTH_DNS_DOWN', 'TRUTH_STUB_DRIFT', 'TRUTH_SYSTEM_DRIFT']
2026-07-04T00:39:19Z VIOLATION DNS drift threat github.com: ['TRUTH_DNS_DOWN', 'TRUTH_STUB_DRIFT', 'TRUTH_SYSTEM_DRIFT']
2026-07-04T00:39:24Z VIOLATION DNS drift threat api.github.com: ['TRUTH_DNS_DOWN', 'TRUTH_STUB_DRIFT', 'TRUTH_SYSTEM_DRIFT']
2026-07-04T00:39:30Z VIOLATION DNS drift threat github.com: ['TRUTH_DNS_DOWN', 'TRUTH_STUB_DRIFT', 'TRUTH_SYSTEM_DRIFT']
2026-07-04T00:39:33Z VIOLATION DNS drift threat api.github.com: ['TRUTH_DNS_DOWN', 'TRUTH_STUB_DRIFT', 'TRUTH_SYSTEM_DRIFT']
2026-07-04T00:39:35Z VIOLATION DNS drift threat github.com: ['TRUTH_DNS_DOWN', 'TRUTH_STUB_DRIFT', 'TRUTH_SYSTEM_DRIFT']
2026-07-04T00:39:36Z VIOLATION DNS drift threat api.github.com: ['TRUTH_DNS_DOWN', 'TRUTH_STUB_DRIFT', 'TRUTH_SYSTEM_DRIFT']
2026-07-04T00:39:42Z VIOLATION DNS drift threat github.com: ['TRUTH_DNS_DOWN', 'TRUTH_STUB_DRIFT', 'TRUTH_SYSTEM_DRIFT']
2026-07-04T00:39:47Z VIOLATION DNS drift threat github.com: ['TRUTH_DNS_DOWN']
2026-07-04T00:39:50Z VIOLATION DNS drift threat github.com: ['TRUTH_DNS_DOWN', 'TRUTH_STUB_DRIFT', 'TRUTH_SYSTEM_DRIFT']
2026-07-04T00:39:51Z VIOLATION DNS drift threat github.com: ['TRUTH_DNS_DOWN', 'TRUTH_STUB_DRIFT', 'TRUTH_SYSTEM_DRIFT']
2026-07-04T00:39:53Z VIOLATION DNS drift threat api.github.com: ['TRUTH_DNS_DOWN', 'TRUTH_STUB_DRIFT', 'TRUTH_SYSTEM_DRIFT']
2026-07-04T00:39:54Z VIOLATION DNS drift threat api.github.com: ['TRUTH_DNS_DOWN', 'TRUTH_STUB_DRIFT', 'TRUTH_SYSTEM_DRIFT']
2026-07-04T00:39:56Z VIOLATION DNS drift threat api.github.com: ['TRUTH_DNS_DOWN', 'TRUTH_STUB_DRIFT', 'TRUTH_SYSTEM_DRIFT']
2026-07-04T00:39:59Z VIOLATION DNS drift threat ssh.github.com: ['TRUTH_DNS_DOWN']
2026-07-04T00:40:00Z VIOLATION DNS drift threat github.com: ['TRUTH_DNS_DOWN', 'TRUTH_STUB_DRIFT', 'TRUTH_SYSTEM_DRIFT']
2026-07-04T00:40:02Z VIOLATION DNS drift threat api.github.com: ['TRUTH_DNS_DOWN', 'TRUTH_STUB_DRIFT', 'TRUTH_SYSTEM_DRIFT']
2026-07-04T00:40:05Z VIOLATION DNS drift threat github.com: ['TRUTH_DNS_DOWN', 'TRUTH_STUB_DRIFT', 'TRUTH_SYSTEM_DRIFT']
2026-07-04T00:40:10Z VIOLATION DNS drift threat api.github.com: ['TRUTH_DNS_DOWN', 'TRUTH_STUB_DRIFT', 'TRUTH_SYSTEM_DRIFT']
2026-07-04T00:40:11Z VIOLATION DNS drift threat github.com: ['TRUTH_DNS_DOWN', 'TRUTH_STUB_DRIFT', 'TRUTH_SYSTEM_DRIFT']
2026-07-04T00:40:13Z VIOLATION DNS drift threat api.github.com: ['TRUTH_DNS_DOWN', 'TRUTH_STUB_DRIFT', 'TRUTH_SYSTEM_DRIFT']
2026-07-04T00:40:15Z VIOLATION DNS drift threat github.com: ['TRUTH_DNS_DOWN', 'TRUTH_STUB_DRIFT', 'TRUTH_SYSTEM_DRIFT']
2026-07-04T00:40:17Z VIOLATION DNS drift threat ssh.github.com: ['TRUTH_DNS_DOWN', 'TRUTH_STUB_DRIFT', 'TRUTH_SYSTEM_DRIFT']
2026-07-04T00:40:19Z VIOLATION DNS drift threat api.github.com: ['TRUTH_DNS_DOWN', 'TRUTH_STUB_DRIFT', 'TRUTH_SYSTEM_DRIFT']
2026-07-04T00:40:20Z VIOLATION DNS drift threat github.com: ['TRUTH_DNS_DOWN', 'TRUTH_STUB_DRIFT', 'TRUTH_SYSTEM_DRIFT']
2026-07-04T00:40:23Z VIOLATION DNS drift threat github.com: ['TRUTH_DNS_DOWN', 'TRUTH_STUB_DRIFT', 'TRUTH_SYSTEM_DRIFT']
2026-07-04T00:40:24Z VIOLATION DNS drift threat github.com: ['TRUTH_DNS_DOWN', 'TRUTH_STUB_DRIFT', 'TRUTH_SYSTEM_DRIFT']
2026-07-04T00:40:24Z VIOLATION DNS drift threat api.github.com: ['TRUTH_DNS_DOWN', 'TRUTH_STUB_DRIFT', 'TRUTH_SYSTEM_DRIFT']
2026-07-04T00:40:41Z VIOLATION DNS drift threat github.com: ['TRUTH_DNS_DOWN', 'TRUTH_STUB_DRIFT', 'TRUTH_SYSTEM_DRIFT']
2026-07-04T00:40:45Z VIOLATION DNS drift threat github.com: ['TRUTH_DNS_DOWN', 'TRUTH_STUB_DRIFT', 'TRUTH_SYSTEM_DRIFT']
2026-07-04T00:40:50Z VIOLATION DNS drift threat api.github.com: ['TRUTH_DNS_DOWN', 'TRUTH_STUB_DRIFT', 'TRUTH_SYSTEM_DRIFT']
2026-07-04T00:40:54Z VIOLATION DNS drift threat github.com: ['TRUTH_DNS_DOWN', 'TRUTH_STUB_DRIFT', 'TRUTH_SYSTEM_DRIFT']
2026-07-04T00:40:56Z VIOLATION DNS drift threat api.github.com: ['TRUTH_DNS_DOWN', 'TRUTH_STUB_DRIFT', 'TRUTH_SYSTEM_DRIFT']
2026-07-04T00:41:05Z VIOLATION DNS drift threat github.com: ['TRUTH_DNS_DOWN', 'TRUTH_STUB_DRIFT', 'TRUTH_SYSTEM_DRIFT']
2026-07-04T00:41:10Z VIOLATION DNS drift threat github.com: ['TRUTH_DNS_DOWN', 'TRUTH_STUB_DRIFT', 'TRUTH_SYSTEM_DRIFT']
2026-07-04T00:41:11Z VIOLATION DNS drift threat github.com: ['TRUTH_DNS_DOWN', 'TRUTH_STUB_DRIFT', 'TRUTH_SYSTEM_DRIFT']
2026-07-04T00:41:15Z VIOLATION DNS drift threat api.github.com: ['TRUTH_DNS_DOWN', 'TRUTH_STUB_DRIFT', 'TRUTH_SYSTEM_DRIFT']
2026-07-04T00:41:15Z VIOLATION DNS drift threat api.github.com: ['TRUTH_DNS_DOWN', 'TRUTH_STUB_DRIFT', 'TRUTH_SYSTEM_DRIFT']
2026-07-04T00:41:19Z VIOLATION DNS drift threat github.com: ['TRUTH_DNS_DOWN', 'TRUTH_STUB_DRIFT', 'TRUTH_SYSTEM_DRIFT']
2026-07-04T00:41:22Z VIOLATION DNS drift threat api.github.com: ['TRUTH_DNS_DOWN', 'TRUTH_STUB_DRIFT', 'TRUTH_SYSTEM_DRIFT']
2026-07-04T00:41:23Z VIOLATION DNS drift threat github.com: ['TRUTH_DNS_DOWN', 'TRUTH_STUB_DRIFT', 'TRUTH_SYSTEM_DRIFT']
2026-07-04T00:41:24Z VIOLATION DNS drift threat github.com: ['TRUTH_DNS_DOWN', 'TRUTH_STUB_DRIFT', 'TRUTH_SYSTEM_DRIFT']
2026-07-04T00:41:26Z VIOLATION DNS drift threat api.github.com: ['TRUTH_DNS_DOWN', 'TRUTH_STUB_DRIFT', 'TRUTH_SYSTEM_DRIFT']
2026-07-04T00:41:47Z VIOLATION DNS drift threat github.com: ['TRUTH_DNS_DOWN', 'TRUTH_STUB_DRIFT', 'TRUTH_SYSTEM_DRIFT']
2026-07-04T00:41:47Z VIOLATION DNS drift threat github.com: ['TRUTH_DNS_DOWN']
2026-07-04T00:41:48Z VIOLATION DNS drift threat github.com: ['TRUTH_DNS_DOWN', 'TRUTH_STUB_DRIFT', 'TRUTH_SYSTEM_DRIFT']
2026-07-04T00:41:50Z VIOLATION DNS drift threat api.github.com: ['TRUTH_DNS_DOWN', 'TRUTH_STUB_DRIFT', 'TRUTH_SYSTEM_DRIFT']
2026-07-04T00:41:50Z VIOLATION DNS drift threat api.github.com: ['TRUTH_DNS_DOWN', 'TRUTH_STUB_DRIFT', 'TRUTH_SYSTEM_DRIFT']
2026-07-04T00:41:54Z VIOLATION DNS drift threat github.com: ['TRUTH_DNS_DOWN', 'TRUTH_STUB_DRIFT', 'TRUTH_SYSTEM_DRIFT']
2026-07-04T00:41:54Z VIOLATION DNS drift threat github.com: ['TRUTH_DNS_DOWN', 'TRUTH_STUB_DRIFT', 'TRUTH_SYSTEM_DRIFT']
2026-07-04T00:41:57Z VIOLATION DNS drift threat github.com: ['TRUTH_DNS_DOWN', 'TRUTH_STUB_DRIFT', 'TRUTH_SYSTEM_DRIFT']
2026-07-04T00:41:57Z VIOLATION DNS drift threat api.github.com: ['TRUTH_DNS_DOWN', 'TRUTH_STUB_DRIFT', 'TRUTH_SYSTEM_DRIFT']
2026-07-04T00:42:01Z VIOLATION DNS drift threat api.github.com: ['TRUTH_DNS_DOWN', 'TRUTH_STUB_DRIFT', 'TRUTH_SYSTEM_DRIFT']
2026-07-04T00:42:02Z VIOLATION DNS drift threat api.github.com: ['TRUTH_DNS_DOWN', 'TRUTH_STUB_DRIFT', 'TRUTH_SYSTEM_DRIFT']
2026-07-04T00:42:03Z VIOLATION DNS drift threat github.com: ['TRUTH_DNS_DOWN', 'TRUTH_STUB_DRIFT', 'TRUTH_SYSTEM_DRIFT']
2026-07-04T00:42:04Z VIOLATION DNS drift threat api.github.com: ['TRUTH_DNS_DOWN', 'TRUTH_STUB_DRIFT', 'TRUTH_SYSTEM_DRIFT']
2026-07-04T00:42:06Z VIOLATION DNS drift threat ssh.github.com: ['TRUTH_DNS_DOWN', 'TRUTH_STUB_DRIFT', 'TRUTH_SYSTEM_DRIFT']
2026-07-04T00:42:10Z VIOLATION DNS drift threat github.com: ['TRUTH_DNS_DOWN', 'TRUTH_STUB_DRIFT', 'TRUTH_SYSTEM_DRIFT']
2026-07-04T00:42:11Z VIOLATION DNS drift threat raw.githubusercontent.com: ['TRUTH_DNS_DOWN']
2026-07-04T00:42:19Z VIOLATION DNS drift threat github.com: ['TRUTH_DNS_DOWN', 'TRUTH_STUB_DRIFT', 'TRUTH_SYSTEM_DRIFT']
2026-07-04T00:42:21Z VIOLATION DNS drift threat api.github.com: ['TRUTH_DNS_DOWN', 'TRUTH_STUB_DRIFT', 'TRUTH_SYSTEM_DRIFT']
2026-07-04T00:42:38Z VIOLATION DNS drift threat github.com: ['TRUTH_DNS_DOWN', 'TRUTH_STUB_DRIFT', 'TRUTH_SYSTEM_DRIFT']
2026-07-04T00:42:41Z VIOLATION DNS drift threat github.com: ['TRUTH_DNS_DOWN', 'TRUTH_STUB_DRIFT', 'TRUTH_SYSTEM_DRIFT']
2026-07-04T00:42:43Z VIOLATION DNS drift threat github.com: ['TRUTH_DNS_DOWN', 'TRUTH_STUB_DRIFT', 'TRUTH_SYSTEM_DRIFT']
2026-07-04T00:42:50Z VIOLATION DNS drift threat github.com: ['TRUTH_DNS_DOWN', 'TRUTH_STUB_DRIFT', 'TRUTH_SYSTEM_DRIFT']
2026-07-04T00:42:52Z VIOLATION DNS drift threat github.com: ['TRUTH_DNS_DOWN', 'TRUTH_STUB_DRIFT', 'TRUTH_SYSTEM_DRIFT']
2026-07-04T00:42:59Z VIOLATION DNS drift threat github.com: ['TRUTH_DNS_DOWN', 'TRUTH_STUB_DRIFT', 'TRUTH_SYSTEM_DRIFT']
2026-07-04T00:43:00Z VIOLATION DNS drift threat github.com: ['TRUTH_DNS_DOWN', 'TRUTH_STUB_DRIFT', 'TRUTH_SYSTEM_DRIFT']
2026-07-04T00:43:03Z VIOLATION DNS drift threat api.github.com: ['TRUTH_DNS_DOWN', 'TRUTH_STUB_DRIFT', 'TRUTH_SYSTEM_DRIFT']
2026-07-04T00:43:03Z VIOLATION DNS drift threat api.github.com: ['TRUTH_DNS_DOWN', 'TRUTH_STUB_DRIFT', 'TRUTH_SYSTEM_DRIFT']
2026-07-04T00:43:06Z VIOLATION DNS drift threat ssh.github.com: ['TRUTH_DNS_DOWN', 'TRUTH_STUB_DRIFT', 'TRUTH_SYSTEM_DRIFT']
2026-07-04T00:43:06Z VIOLATION DNS drift threat github.com: ['TRUTH_DNS_DOWN', 'TRUTH_STUB_DRIFT', 'TRUTH_SYSTEM_DRIFT']
2026-07-04T00:43:10Z VIOLATION DNS drift threat github.com: ['TRUTH_DNS_DOWN', 'TRUTH_STUB_DRIFT', 'TRUTH_SYSTEM_DRIFT']
2026-07-04T00:43:11Z VIOLATION DNS drift threat api.github.com: ['TRUTH_DNS_DOWN', 'TRUTH_STUB_DRIFT', 'TRUTH_SYSTEM_DRIFT']
2026-07-04T00:43:18Z VIOLATION DNS drift threat api.github.com: ['TRUTH_DNS_DOWN', 'TRUTH_STUB_DRIFT', 'TRUTH_SYSTEM_DRIFT']
2026-07-04T00:43:22Z VIOLATION DNS drift threat github.com: ['TRUTH_DNS_DOWN']
2026-07-04T00:43:26Z VIOLATION DNS drift threat api.github.com: ['TRUTH_DNS_DOWN', 'TRUTH_STUB_DRIFT', 'TRUTH_SYSTEM_DRIFT']
2026-07-04T00:43:31Z VIOLATION DNS drift threat github.com: ['TRUTH_DNS_DOWN', 'TRUTH_STUB_DRIFT', 'TRUTH_SYSTEM_DRIFT']
2026-07-04T00:43:32Z VIOLATION DNS drift threat github.com: ['TRUTH_DNS_DOWN', 'TRUTH_STUB_DRIFT', 'TRUTH_SYSTEM_DRIFT']
2026-07-04T00:43:36Z VIOLATION DNS drift threat api.github.com: ['TRUTH_DNS_DOWN', 'TRUTH_STUB_DRIFT', 'TRUTH_SYSTEM_DRIFT']
2026-07-04T00:43:37Z VIOLATION DNS drift threat api.github.com: ['TRUTH_DNS_DOWN', 'TRUTH_STUB_DRIFT', 'TRUTH_SYSTEM_DRIFT']
2026-07-04T00:43:39Z VIOLATION DNS drift threat github.com: ['TRUTH_DNS_DOWN']
2026-07-04T00:43:41Z VIOLATION DNS drift threat api.github.com: ['TRUTH_DNS_DOWN', 'TRUTH_STUB_DRIFT', 'TRUTH_SYSTEM_DRIFT']
2026-07-04T00:43:50Z VIOLATION DNS drift threat github.com: ['TRUTH_DNS_DOWN', 'TRUTH_STUB_DRIFT', 'TRUTH_SYSTEM_DRIFT']
2026-07-04T00:43:56Z VIOLATION DNS drift threat api.github.com: ['TRUTH_DNS_DOWN', 'TRUTH_STUB_DRIFT', 'TRUTH_SYSTEM_DRIFT']
2026-07-04T00:44:13Z VIOLATION DNS drift threat github.com: ['TRUTH_DNS_DOWN', 'TRUTH_STUB_DRIFT', 'TRUTH_SYSTEM_DRIFT']
2026-07-04T00:44:19Z VIOLATION DNS drift threat github.com: ['TRUTH_DNS_DOWN', 'TRUTH_STUB_DRIFT', 'TRUTH_SYSTEM_DRIFT']
2026-07-04T00:44:21Z VIOLATION DNS drift threat api.github.com: ['TRUTH_DNS_DOWN', 'TRUTH_STUB_DRIFT', 'TRUTH_SYSTEM_DRIFT']
2026-07-04T00:44:21Z VIOLATION DNS drift threat github.com: ['TRUTH_DNS_DOWN', 'TRUTH_STUB_DRIFT', 'TRUTH_SYSTEM_DRIFT']
2026-07-04T00:44:22Z VIOLATION DNS drift threat api.github.com: ['TRUTH_DNS_DOWN', 'TRUTH_STUB_DRIFT', 'TRUTH_SYSTEM_DRIFT']
2026-07-04T00:44:25Z VIOLATION DNS drift threat ssh.github.com: ['TRUTH_DNS_DOWN', 'TRUTH_STUB_DRIFT', 'TRUTH_SYSTEM_DRIFT']
2026-07-04T00:44:32Z VIOLATION DNS drift threat github.com: ['TRUTH_DNS_DOWN', 'TRUTH_STUB_DRIFT', 'TRUTH_SYSTEM_DRIFT']
2026-07-04T00:44:33Z VIOLATION DNS drift threat github.com: ['TRUTH_DNS_DOWN', 'TRUTH_STUB_DRIFT', 'TRUTH_SYSTEM_DRIFT']
2026-07-04T00:44:35Z VIOLATION DNS drift threat github.com: ['TRUTH_DNS_DOWN', 'TRUTH_STUB_DRIFT', 'TRUTH_SYSTEM_DRIFT']
2026-07-04T00:44:35Z VIOLATION DNS drift threat github.com: ['TRUTH_DNS_DOWN', 'TRUTH_STUB_DRIFT', 'TRUTH_SYSTEM_DRIFT']
2026-07-04T00:44:36Z VIOLATION DNS drift threat github.com: ['TRUTH_DNS_DOWN', 'TRUTH_STUB_DRIFT', 'TRUTH_SYSTEM_DRIFT']
2026-07-04T00:44:38Z VIOLATION DNS drift threat github.com: ['TRUTH_DNS_DOWN', 'TRUTH_STUB_DRIFT', 'TRUTH_SYSTEM_DRIFT']
2026-07-04T00:44:38Z VIOLATION DNS drift threat api.github.com: ['TRUTH_DNS_DOWN', 'TRUTH_STUB_DRIFT', 'TRUTH_SYSTEM_DRIFT']
2026-07-04T00:44:39Z VIOLATION DNS drift threat api.github.com: ['TRUTH_DNS_DOWN', 'TRUTH_STUB_DRIFT', 'TRUTH_SYSTEM_DRIFT']
2026-07-04T00:44:40Z VIOLATION DNS drift threat api.github.com: ['TRUTH_DNS_DOWN']
2026-07-04T00:44:44Z VIOLATION DNS drift threat api.github.com: ['TRUTH_DNS_DOWN', 'TRUTH_STUB_DRIFT', 'TRUTH_SYSTEM_DRIFT']
2026-07-04T00:44:47Z VIOLATION DNS drift threat ssh.github.com: ['TRUTH_DNS_DOWN', 'TRUTH_STUB_DRIFT', 'TRUTH_SYSTEM_DRIFT']
2026-07-04T00:44:51Z VIOLATION DNS drift threat github.com: ['TRUTH_DNS_DOWN', 'TRUTH_STUB_DRIFT', 'TRUTH_SYSTEM_DRIFT']
2026-07-04T00:44:52Z VIOLATION DNS drift threat raw.githubusercontent.com: ['TRUTH_DNS_DOWN']
2026-07-04T00:44:53Z VIOLATION DNS drift threat github.com: ['TRUTH_DNS_DOWN', 'TRUTH_STUB_DRIFT', 'TRUTH_SYSTEM_DRIFT']
2026-07-04T00:44:55Z VIOLATION DNS drift threat api.github.com: ['TRUTH_DNS_DOWN', 'TRUTH_STUB_DRIFT', 'TRUTH_SYSTEM_DRIFT']
2026-07-04T00:44:59Z VIOLATION DNS drift threat api.github.com: ['TRUTH_DNS_DOWN']
2026-07-04T00:45:13Z VIOLATION DNS drift threat github.com: ['TRUTH_DNS_DOWN', 'TRUTH_STUB_DRIFT', 'TRUTH_SYSTEM_DRIFT']
2026-07-04T00:45:16Z VIOLATION DNS drift threat github.com: ['TRUTH_DNS_DOWN']
2026-07-04T00:45:18Z VIOLATION DNS drift threat api.github.com: ['TRUTH_DNS_DOWN', 'TRUTH_STUB_DRIFT', 'TRUTH_SYSTEM_DRIFT']
2026-07-04T00:45:27Z VIOLATION DNS drift threat github.com: ['TRUTH_DNS_DOWN', 'TRUTH_STUB_DRIFT', 'TRUTH_SYSTEM_DRIFT']
2026-07-04T00:45:29Z VIOLATION DNS drift threat github.com: ['TRUTH_DNS_DOWN', 'TRUTH_STUB_DRIFT', 'TRUTH_SYSTEM_DRIFT']
2026-07-04T00:45:42Z VIOLATION DNS drift threat github.com: ['TRUTH_DNS_DOWN', 'TRUTH_STUB_DRIFT', 'TRUTH_SYSTEM_DRIFT']
2026-07-04T00:45:42Z VIOLATION DNS drift threat github.com: ['TRUTH_DNS_DOWN']
2026-07-04T00:45:45Z VIOLATION DNS drift threat api.github.com: ['TRUTH_DNS_DOWN', 'TRUTH_STUB_DRIFT', 'TRUTH_SYSTEM_DRIFT']
2026-07-04T00:45:47Z VIOLATION DNS drift threat github.com: ['TRUTH_DNS_DOWN', 'TRUTH_STUB_DRIFT', 'TRUTH_SYSTEM_DRIFT']
2026-07-04T00:45:53Z VIOLATION DNS drift threat github.com: ['TRUTH_DNS_DOWN', 'TRUTH_STUB_DRIFT', 'TRUTH_SYSTEM_DRIFT']
2026-07-04T00:45:55Z VIOLATION DNS drift threat api.github.com: ['TRUTH_DNS_DOWN']
2026-07-04T00:46:01Z VIOLATION DNS drift threat github.com: ['TRUTH_DNS_DOWN', 'TRUTH_STUB_DRIFT', 'TRUTH_SYSTEM_DRIFT']
2026-07-04T00:46:20Z VIOLATION DNS drift threat github.com: ['TRUTH_DNS_DOWN', 'TRUTH_STUB_DRIFT', 'TRUTH_SYSTEM_DRIFT']
2026-07-04T00:46:23Z VIOLATION DNS drift threat github.com: ['TRUTH_DNS_DOWN']
2026-07-04T00:46:30Z VIOLATION DNS drift threat github.com: ['TRUTH_DNS_DOWN', 'TRUTH_STUB_DRIFT', 'TRUTH_SYSTEM_DRIFT']
2026-07-04T00:46:34Z VIOLATION DNS drift threat github.com: ['TRUTH_DNS_DOWN', 'TRUTH_STUB_DRIFT', 'TRUTH_SYSTEM_DRIFT']
2026-07-04T00:46:34Z VIOLATION DNS drift threat github.com: ['TRUTH_DNS_DOWN']
2026-07-04T00:46:35Z VIOLATION DNS drift threat api.github.com: ['TRUTH_DNS_DOWN', 'TRUTH_STUB_DRIFT', 'TRUTH_SYSTEM_DRIFT']
2026-07-04T00:46:37Z VIOLATION DNS drift threat api.github.com: ['TRUTH_DNS_DOWN', 'TRUTH_STUB_DRIFT', 'TRUTH_SYSTEM_DRIFT']
2026-07-04T00:46:37Z VIOLATION DNS drift threat github.com: ['TRUTH_DNS_DOWN', 'TRUTH_STUB_DRIFT', 'TRUTH_SYSTEM_DRIFT']
2026-07-04T00:46:40Z VIOLATION DNS drift threat github.com: ['TRUTH_DNS_DOWN', 'TRUTH_STUB_DRIFT', 'TRUTH_SYSTEM_DRIFT']
2026-07-04T00:46:40Z VIOLATION DNS drift threat api.github.com: ['TRUTH_DNS_DOWN']
2026-07-04T00:46:42Z VIOLATION DNS drift threat api.github.com: ['TRUTH_DNS_DOWN', 'TRUTH_STUB_DRIFT', 'TRUTH_SYSTEM_DRIFT']
2026-07-04T00:46:44Z VIOLATION DNS drift threat api.github.com: ['TRUTH_DNS_DOWN', 'TRUTH_STUB_DRIFT', 'TRUTH_SYSTEM_DRIFT']
2026-07-04T00:46:51Z VIOLATION DNS drift threat github.com: ['TRUTH_DNS_DOWN']
2026-07-04T00:47:00Z VIOLATION DNS drift threat github.com: ['TRUTH_DNS_DOWN', 'TRUTH_STUB_DRIFT', 'TRUTH_SYSTEM_DRIFT']
2026-07-04T00:47:03Z VIOLATION DNS drift threat github.com: ['TRUTH_DNS_DOWN', 'TRUTH_STUB_DRIFT', 'TRUTH_SYSTEM_DRIFT']
2026-07-04T00:47:03Z VIOLATION DNS drift threat github.com: ['TRUTH_DNS_DOWN', 'TRUTH_STUB_DRIFT', 'TRUTH_SYSTEM_DRIFT']
2026-07-04T00:47:07Z VIOLATION DNS drift threat github.com: ['TRUTH_DNS_DOWN', 'TRUTH_STUB_DRIFT', 'TRUTH_SYSTEM_DRIFT']
2026-07-04T00:47:11Z VIOLATION DNS drift threat api.github.com: ['TRUTH_DNS_DOWN', 'TRUTH_STUB_DRIFT', 'TRUTH_SYSTEM_DRIFT']
2026-07-04T00:47:18Z VIOLATION DNS drift threat github.com: ['TRUTH_DNS_DOWN', 'TRUTH_STUB_DRIFT', 'TRUTH_SYSTEM_DRIFT']
2026-07-04T00:47:28Z VIOLATION DNS drift threat github.com: ['TRUTH_DNS_DOWN', 'TRUTH_STUB_DRIFT', 'TRUTH_SYSTEM_DRIFT']
2026-07-04T00:47:34Z VIOLATION DNS drift threat github.com: ['TRUTH_DNS_DOWN', 'TRUTH_STUB_DRIFT', 'TRUTH_SYSTEM_DRIFT']
2026-07-04T00:47:40Z VIOLATION DNS drift threat github.com: ['TRUTH_DNS_DOWN', 'TRUTH_STUB_DRIFT', 'TRUTH_SYSTEM_DRIFT']
2026-07-04T00:47:40Z VIOLATION DNS drift threat api.github.com: ['TRUTH_DNS_DOWN', 'TRUTH_STUB_DRIFT', 'TRUTH_SYSTEM_DRIFT']
2026-07-04T00:47:44Z VIOLATION DNS drift threat ssh.github.com: ['TRUTH_DNS_DOWN']
2026-07-04T00:47:45Z VIOLATION DNS drift threat api.github.com: ['TRUTH_DNS_DOWN', 'TRUTH_STUB_DRIFT', 'TRUTH_SYSTEM_DRIFT']
2026-07-04T00:47:52Z VIOLATION DNS drift threat raw.githubusercontent.com: ['TRUTH_DNS_DOWN']
2026-07-04T00:47:52Z VIOLATION DNS drift threat github.com: ['TRUTH_DNS_DOWN', 'TRUTH_STUB_DRIFT', 'TRUTH_SYSTEM_DRIFT']
2026-07-04T00:47:55Z VIOLATION DNS drift threat api.github.com: ['TRUTH_DNS_DOWN', 'TRUTH_STUB_DRIFT', 'TRUTH_SYSTEM_DRIFT']
2026-07-04T00:48:04Z VIOLATION DNS drift threat github.com: ['TRUTH_DNS_DOWN', 'TRUTH_STUB_DRIFT', 'TRUTH_SYSTEM_DRIFT']
2026-07-04T00:48:04Z VIOLATION DNS drift threat github.com: ['TRUTH_DNS_DOWN', 'TRUTH_STUB_DRIFT', 'TRUTH_SYSTEM_DRIFT']
2026-07-04T00:48:07Z VIOLATION DNS drift threat github.com: ['TRUTH_DNS_DOWN', 'TRUTH_STUB_DRIFT', 'TRUTH_SYSTEM_DRIFT']
2026-07-04T00:48:08Z VIOLATION DNS drift threat api.github.com: ['TRUTH_DNS_DOWN', 'TRUTH_STUB_DRIFT', 'TRUTH_SYSTEM_DRIFT']
2026-07-04T00:48:08Z VIOLATION DNS drift threat api.github.com: ['TRUTH_DNS_DOWN', 'TRUTH_STUB_DRIFT', 'TRUTH_SYSTEM_DRIFT']
2026-07-04T00:48:09Z VIOLATION DNS drift threat api.github.com: ['TRUTH_DNS_DOWN', 'TRUTH_STUB_DRIFT', 'TRUTH_SYSTEM_DRIFT']
2026-07-04T00:48:12Z VIOLATION DNS drift threat ssh.github.com: ['TRUTH_DNS_DOWN']
2026-07-04T00:48:13Z VIOLATION DNS drift threat ssh.github.com: ['TRUTH_DNS_DOWN', 'TRUTH_STUB_DRIFT', 'TRUTH_SYSTEM_DRIFT']
2026-07-04T00:48:23Z VIOLATION DNS drift threat github.com: ['TRUTH_DNS_DOWN']
2026-07-04T00:48:23Z VIOLATION DNS drift threat github.com: ['TRUTH_DNS_DOWN', 'TRUTH_STUB_DRIFT', 'TRUTH_SYSTEM_DRIFT']
2026-07-04T00:48:25Z VIOLATION DNS drift threat api.github.com: ['TRUTH_DNS_DOWN']
2026-07-04T00:48:26Z VIOLATION DNS drift threat github.com: ['TRUTH_DNS_DOWN']
2026-07-04T00:48:26Z VIOLATION DNS drift threat api.github.com: ['TRUTH_DNS_DOWN', 'TRUTH_STUB_DRIFT', 'TRUTH_SYSTEM_DRIFT']
2026-07-04T00:48:28Z VIOLATION DNS drift threat api.github.com: ['TRUTH_DNS_DOWN', 'TRUTH_STUB_DRIFT', 'TRUTH_SYSTEM_DRIFT']
2026-07-04T00:48:28Z VIOLATION DNS drift threat ssh.github.com: ['TRUTH_DNS_DOWN', 'TRUTH_STUB_DRIFT', 'TRUTH_SYSTEM_DRIFT']
2026-07-04T00:48:29Z VIOLATION DNS drift threat github.com: ['TRUTH_DNS_DOWN', 'TRUTH_STUB_DRIFT', 'TRUTH_SYSTEM_DRIFT']
2026-07-04T00:48:29Z VIOLATION DNS drift threat github.com: ['TRUTH_DNS_DOWN']
2026-07-04T00:48:30Z VIOLATION DNS drift threat ssh.github.com: ['TRUTH_DNS_DOWN', 'TRUTH_STUB_DRIFT', 'TRUTH_SYSTEM_DRIFT']
2026-07-04T00:48:34Z VIOLATION DNS drift threat api.github.com: ['TRUTH_DNS_DOWN', 'TRUTH_STUB_DRIFT', 'TRUTH_SYSTEM_DRIFT']
2026-07-04T00:48:34Z VIOLATION DNS drift threat api.github.com: ['TRUTH_DNS_DOWN', 'TRUTH_STUB_DRIFT', 'TRUTH_SYSTEM_DRIFT']
2026-07-04T00:48:37Z VIOLATION DNS drift threat ssh.github.com: ['TRUTH_DNS_DOWN', 'TRUTH_STUB_DRIFT', 'TRUTH_SYSTEM_DRIFT']
2026-07-04T00:48:39Z VIOLATION DNS drift threat github.com: ['TRUTH_DNS_DOWN', 'TRUTH_STUB_DRIFT', 'TRUTH_SYSTEM_DRIFT']
2026-07-04T00:48:44Z VIOLATION DNS drift threat github.com: ['TRUTH_DNS_DOWN', 'TRUTH_STUB_DRIFT', 'TRUTH_SYSTEM_DRIFT']
2026-07-04T00:48:46Z VIOLATION DNS drift threat github.com: ['TRUTH_DNS_DOWN', 'TRUTH_STUB_DRIFT', 'TRUTH_SYSTEM_DRIFT']
2026-07-04T00:48:48Z VIOLATION DNS drift threat api.github.com: ['TRUTH_DNS_DOWN', 'TRUTH_STUB_DRIFT', 'TRUTH_SYSTEM_DRIFT']
2026-07-04T00:48:48Z VIOLATION DNS drift threat api.github.com: ['TRUTH_DNS_DOWN', 'TRUTH_STUB_DRIFT', 'TRUTH_SYSTEM_DRIFT']
2026-07-04T00:49:01Z VIOLATION DNS drift threat github.com: ['TRUTH_DNS_DOWN', 'TRUTH_STUB_DRIFT', 'TRUTH_SYSTEM_DRIFT']
2026-07-04T00:49:06Z VIOLATION DNS drift threat api.github.com: ['TRUTH_DNS_DOWN', 'TRUTH_STUB_DRIFT', 'TRUTH_SYSTEM_DRIFT']
2026-07-04T00:49:28Z VIOLATION DNS drift threat github.com: ['TRUTH_DNS_DOWN', 'TRUTH_STUB_DRIFT', 'TRUTH_SYSTEM_DRIFT']
2026-07-04T00:49:30Z VIOLATION DNS drift threat github.com: ['TRUTH_DNS_DOWN', 'TRUTH_STUB_DRIFT', 'TRUTH_SYSTEM_DRIFT']
2026-07-04T00:49:30Z VIOLATION DNS drift threat github.com: ['TRUTH_DNS_DOWN', 'TRUTH_STUB_DRIFT', 'TRUTH_SYSTEM_DRIFT']
2026-07-04T00:49:35Z VIOLATION DNS drift threat api.github.com: ['TRUTH_DNS_DOWN', 'TRUTH_STUB_DRIFT', 'TRUTH_SYSTEM_DRIFT']
2026-07-04T00:49:35Z VIOLATION DNS drift threat api.github.com: ['TRUTH_DNS_DOWN']
2026-07-04T00:49:35Z VIOLATION DNS drift threat github.com: ['TRUTH_DNS_DOWN', 'TRUTH_STUB_DRIFT', 'TRUTH_SYSTEM_DRIFT']
2026-07-04T00:49:39Z VIOLATION DNS drift threat api.github.com: ['TRUTH_DNS_DOWN', 'TRUTH_STUB_DRIFT', 'TRUTH_SYSTEM_DRIFT']
2026-07-04T00:49:41Z VIOLATION DNS drift threat github.com: ['TRUTH_DNS_DOWN']
2026-07-04T00:49:43Z VIOLATION DNS drift threat api.github.com: ['TRUTH_DNS_DOWN', 'TRUTH_STUB_DRIFT', 'TRUTH_SYSTEM_DRIFT']
2026-07-04T00:49:46Z VIOLATION DNS drift threat github.com: ['TRUTH_DNS_DOWN', 'TRUTH_STUB_DRIFT', 'TRUTH_SYSTEM_DRIFT']
2026-07-04T00:49:47Z VIOLATION DNS drift threat ssh.github.com: ['TRUTH_DNS_DOWN', 'TRUTH_STUB_DRIFT', 'TRUTH_SYSTEM_DRIFT']
2026-07-04T00:49:49Z VIOLATION DNS drift threat github.com: ['TRUTH_DNS_DOWN']
2026-07-04T00:49:54Z VIOLATION DNS drift threat github.com: ['TRUTH_DNS_DOWN', 'TRUTH_STUB_DRIFT', 'TRUTH_SYSTEM_DRIFT']
2026-07-04T00:49:54Z VIOLATION DNS drift threat api.github.com: ['TRUTH_DNS_DOWN', 'TRUTH_STUB_DRIFT', 'TRUTH_SYSTEM_DRIFT']
2026-07-04T00:49:59Z VIOLATION DNS drift threat api.github.com: ['TRUTH_DNS_DOWN', 'TRUTH_STUB_DRIFT', 'TRUTH_SYSTEM_DRIFT']
2026-07-04T00:49:59Z VIOLATION DNS drift threat github.com: ['TRUTH_DNS_DOWN']
2026-07-04T00:50:01Z VIOLATION DNS drift threat api.github.com: ['TRUTH_DNS_DOWN', 'TRUTH_STUB_DRIFT', 'TRUTH_SYSTEM_DRIFT']
2026-07-04T00:50:04Z VIOLATION DNS drift threat ssh.github.com: ['TRUTH_DNS_DOWN']
2026-07-04T00:50:18Z VIOLATION DNS drift threat github.com: ['TRUTH_DNS_DOWN', 'TRUTH_STUB_DRIFT', 'TRUTH_SYSTEM_DRIFT']
2026-07-04T00:50:21Z VIOLATION DNS drift threat api.github.com: ['TRUTH_DNS_DOWN', 'TRUTH_STUB_DRIFT', 'TRUTH_SYSTEM_DRIFT']
2026-07-04T00:50:22Z VIOLATION DNS drift threat github.com: ['TRUTH_DNS_DOWN', 'TRUTH_STUB_DRIFT', 'TRUTH_SYSTEM_DRIFT']
2026-07-04T00:50:24Z VIOLATION DNS drift threat ssh.github.com: ['TRUTH_DNS_DOWN', 'TRUTH_STUB_DRIFT', 'TRUTH_SYSTEM_DRIFT']
2026-07-04T00:50:24Z VIOLATION DNS drift threat github.com: ['TRUTH_DNS_DOWN', 'TRUTH_STUB_DRIFT', 'TRUTH_SYSTEM_DRIFT']
2026-07-04T00:50:25Z VIOLATION DNS drift threat github.com: ['TRUTH_DNS_DOWN']
2026-07-04T00:50:26Z VIOLATION DNS drift threat api.github.com: ['TRUTH_DNS_DOWN']
2026-07-04T00:50:30Z VIOLATION DNS drift threat github.com: ['TRUTH_DNS_DOWN', 'TRUTH_STUB_DRIFT', 'TRUTH_SYSTEM_DRIFT']
2026-07-04T00:50:31Z VIOLATION DNS drift threat github.com: ['TRUTH_DNS_DOWN']
2026-07-04T00:50:33Z VIOLATION DNS drift threat api.github.com: ['TRUTH_DNS_DOWN', 'TRUTH_STUB_DRIFT', 'TRUTH_SYSTEM_DRIFT']
2026-07-04T00:50:35Z VIOLATION DNS drift threat github.com: ['TRUTH_DNS_DOWN', 'TRUTH_STUB_DRIFT', 'TRUTH_SYSTEM_DRIFT']
2026-07-04T00:50:36Z VIOLATION DNS drift threat api.github.com: ['TRUTH_DNS_DOWN']
2026-07-04T00:50:38Z VIOLATION DNS drift threat api.github.com: ['TRUTH_DNS_DOWN', 'TRUTH_STUB_DRIFT', 'TRUTH_SYSTEM_DRIFT']
2026-07-04T00:50:59Z VIOLATION DNS drift threat github.com: ['TRUTH_DNS_DOWN', 'TRUTH_STUB_DRIFT', 'TRUTH_SYSTEM_DRIFT']
2026-07-04T00:51:27Z VIOLATION DNS drift threat github.com: ['TRUTH_DNS_DOWN', 'TRUTH_STUB_DRIFT', 'TRUTH_SYSTEM_DRIFT']
2026-07-04T00:51:30Z VIOLATION DNS drift threat api.github.com: ['TRUTH_DNS_DOWN', 'TRUTH_STUB_DRIFT', 'TRUTH_SYSTEM_DRIFT']
2026-07-04T00:51:30Z VIOLATION DNS drift threat github.com: ['TRUTH_DNS_DOWN', 'TRUTH_STUB_DRIFT', 'TRUTH_SYSTEM_DRIFT']
2026-07-04T00:51:32Z VIOLATION DNS drift threat github.com: ['TRUTH_DNS_DOWN', 'TRUTH_STUB_DRIFT', 'TRUTH_SYSTEM_DRIFT']
2026-07-04T00:51:35Z VIOLATION DNS drift threat api.github.com: ['TRUTH_DNS_DOWN', 'TRUTH_STUB_DRIFT', 'TRUTH_SYSTEM_DRIFT']
2026-07-04T00:51:36Z VIOLATION DNS drift threat github.com: ['TRUTH_DNS_DOWN', 'TRUTH_STUB_DRIFT', 'TRUTH_SYSTEM_DRIFT']
2026-07-04T00:51:37Z VIOLATION DNS drift threat github.com: ['TRUTH_DNS_DOWN', 'TRUTH_STUB_DRIFT', 'TRUTH_SYSTEM_DRIFT']
2026-07-04T00:51:39Z VIOLATION DNS drift threat api.github.com: ['TRUTH_DNS_DOWN', 'TRUTH_STUB_DRIFT', 'TRUTH_SYSTEM_DRIFT']
2026-07-04T00:51:39Z VIOLATION DNS drift threat api.github.com: ['TRUTH_DNS_DOWN']
2026-07-04T00:51:40Z VIOLATION DNS drift threat github.com: ['TRUTH_DNS_DOWN', 'TRUTH_STUB_DRIFT', 'TRUTH_SYSTEM_DRIFT']
2026-07-04T00:51:41Z VIOLATION DNS drift threat github.com: ['TRUTH_DNS_DOWN', 'TRUTH_STUB_DRIFT', 'TRUTH_SYSTEM_DRIFT']
2026-07-04T00:51:44Z VIOLATION DNS drift threat api.github.com: ['TRUTH_DNS_DOWN', 'TRUTH_STUB_DRIFT', 'TRUTH_SYSTEM_DRIFT']
2026-07-04T00:51:45Z VIOLATION DNS drift threat api.github.com: ['TRUTH_DNS_DOWN', 'TRUTH_STUB_DRIFT', 'TRUTH_SYSTEM_DRIFT']
2026-07-04T00:51:56Z VIOLATION DNS drift threat github.com: ['TRUTH_DNS_DOWN']
2026-07-04T00:52:00Z VIOLATION DNS drift threat api.github.com: ['TRUTH_DNS_DOWN', 'TRUTH_STUB_DRIFT', 'TRUTH_SYSTEM_DRIFT']
2026-07-04T00:52:03Z VIOLATION DNS drift threat ssh.github.com: ['TRUTH_DNS_DOWN', 'TRUTH_STUB_DRIFT', 'TRUTH_SYSTEM_DRIFT']
2026-07-04T00:52:06Z VIOLATION DNS drift threat github.com: ['TRUTH_DNS_DOWN', 'TRUTH_STUB_DRIFT', 'TRUTH_SYSTEM_DRIFT']
2026-07-04T00:52:07Z VIOLATION DNS drift threat github.com: ['TRUTH_DNS_DOWN', 'TRUTH_STUB_DRIFT', 'TRUTH_SYSTEM_DRIFT']
2026-07-04T00:52:08Z VIOLATION DNS drift threat github.com: ['TRUTH_DNS_DOWN']
2026-07-04T00:52:10Z VIOLATION DNS drift threat api.github.com: ['TRUTH_DNS_DOWN', 'TRUTH_STUB_DRIFT', 'TRUTH_SYSTEM_DRIFT']
2026-07-04T00:52:11Z VIOLATION DNS drift threat api.github.com: ['TRUTH_DNS_DOWN', 'TRUTH_STUB_DRIFT', 'TRUTH_SYSTEM_DRIFT']
2026-07-04T00:52:12Z VIOLATION DNS drift threat api.github.com: ['TRUTH_DNS_DOWN', 'TRUTH_STUB_DRIFT', 'TRUTH_SYSTEM_DRIFT']
2026-07-04T00:52:13Z VIOLATION DNS drift threat github.com: ['TRUTH_DNS_DOWN', 'TRUTH_STUB_DRIFT', 'TRUTH_SYSTEM_DRIFT']
2026-07-04T00:52:15Z VIOLATION DNS drift threat ssh.github.com: ['TRUTH_DNS_DOWN', 'TRUTH_STUB_DRIFT', 'TRUTH_SYSTEM_DRIFT']
2026-07-04T00:52:15Z VIOLATION DNS drift threat github.com: ['TRUTH_DNS_DOWN', 'TRUTH_STUB_DRIFT', 'TRUTH_SYSTEM_DRIFT']
2026-07-04T00:52:20Z VIOLATION DNS drift threat api.github.com: ['TRUTH_DNS_DOWN', 'TRUTH_STUB_DRIFT', 'TRUTH_SYSTEM_DRIFT']
2026-07-04T00:52:49Z VIOLATION DNS drift threat github.com: ['TRUTH_DNS_DOWN', 'TRUTH_STUB_DRIFT', 'TRUTH_SYSTEM_DRIFT']
2026-07-04T00:52:51Z VIOLATION DNS drift threat api.github.com: ['TRUTH_DNS_DOWN', 'TRUTH_STUB_DRIFT', 'TRUTH_SYSTEM_DRIFT']
2026-07-04T00:52:57Z VIOLATION DNS drift threat github.com: ['TRUTH_DNS_DOWN', 'TRUTH_STUB_DRIFT', 'TRUTH_SYSTEM_DRIFT']
2026-07-04T00:53:03Z VIOLATION DNS drift threat api.github.com: ['TRUTH_DNS_DOWN']
2026-07-04T00:53:08Z VIOLATION DNS drift threat github.com: ['TRUTH_DNS_DOWN', 'TRUTH_STUB_DRIFT', 'TRUTH_SYSTEM_DRIFT']
2026-07-04T00:53:10Z VIOLATION DNS drift threat api.github.com: ['TRUTH_DNS_DOWN', 'TRUTH_STUB_DRIFT', 'TRUTH_SYSTEM_DRIFT']
2026-07-04T00:53:11Z VIOLATION DNS drift threat github.com: ['TRUTH_DNS_DOWN', 'TRUTH_STUB_DRIFT', 'TRUTH_SYSTEM_DRIFT']
2026-07-04T00:53:11Z VIOLATION DNS drift threat github.com: ['TRUTH_DNS_DOWN', 'TRUTH_STUB_DRIFT', 'TRUTH_SYSTEM_DRIFT']
2026-07-04T00:53:13Z VIOLATION DNS drift threat ssh.github.com: ['TRUTH_DNS_DOWN', 'TRUTH_STUB_DRIFT', 'TRUTH_SYSTEM_DRIFT']
2026-07-04T00:53:13Z VIOLATION DNS drift threat api.github.com: ['TRUTH_DNS_DOWN', 'TRUTH_STUB_DRIFT', 'TRUTH_SYSTEM_DRIFT']
2026-07-04T00:53:15Z VIOLATION DNS drift threat github.com: ['TRUTH_DNS_DOWN', 'TRUTH_STUB_DRIFT', 'TRUTH_SYSTEM_DRIFT']
2026-07-04T00:53:19Z VIOLATION DNS drift threat github.com: ['TRUTH_DNS_DOWN', 'TRUTH_STUB_DRIFT', 'TRUTH_SYSTEM_DRIFT']
2026-07-04T00:53:21Z VIOLATION DNS drift threat github.com: ['TRUTH_DNS_DOWN']
2026-07-04T00:53:23Z VIOLATION DNS drift threat api.github.com: ['TRUTH_DNS_DOWN', 'TRUTH_STUB_DRIFT', 'TRUTH_SYSTEM_DRIFT']
2026-07-04T00:53:23Z VIOLATION DNS drift threat api.github.com: ['TRUTH_DNS_DOWN', 'TRUTH_STUB_DRIFT', 'TRUTH_SYSTEM_DRIFT']
2026-07-04T00:53:28Z VIOLATION DNS drift threat ssh.github.com: ['TRUTH_DNS_DOWN', 'TRUTH_STUB_DRIFT', 'TRUTH_SYSTEM_DRIFT']
2026-07-04T00:53:46Z VIOLATION DNS drift threat github.com: ['TRUTH_DNS_DOWN']
2026-07-04T00:53:46Z VIOLATION DNS drift threat github.com: ['TRUTH_DNS_DOWN']
2026-07-04T00:53:50Z VIOLATION DNS drift threat api.github.com: ['TRUTH_DNS_DOWN', 'TRUTH_STUB_DRIFT', 'TRUTH_SYSTEM_DRIFT']
2026-07-04T00:53:51Z VIOLATION DNS drift threat api.github.com: ['TRUTH_DNS_DOWN', 'TRUTH_STUB_DRIFT', 'TRUTH_SYSTEM_DRIFT']
2026-07-04T00:53:56Z VIOLATION DNS drift threat github.com: ['TRUTH_DNS_DOWN', 'TRUTH_STUB_DRIFT', 'TRUTH_SYSTEM_DRIFT']
2026-07-04T00:53:57Z VIOLATION DNS drift threat github.com: ['TRUTH_DNS_DOWN', 'TRUTH_STUB_DRIFT', 'TRUTH_SYSTEM_DRIFT']
2026-07-04T00:54:01Z VIOLATION DNS drift threat api.github.com: ['TRUTH_DNS_DOWN', 'TRUTH_STUB_DRIFT', 'TRUTH_SYSTEM_DRIFT']
2026-07-04T00:54:02Z VIOLATION DNS drift threat github.com: ['TRUTH_DNS_DOWN']
2026-07-04T00:54:03Z VIOLATION DNS drift threat api.github.com: ['TRUTH_DNS_DOWN', 'TRUTH_STUB_DRIFT', 'TRUTH_SYSTEM_DRIFT']
2026-07-04T00:54:06Z VIOLATION DNS drift threat github.com: ['TRUTH_DNS_DOWN', 'TRUTH_STUB_DRIFT', 'TRUTH_SYSTEM_DRIFT']
2026-07-04T00:54:07Z VIOLATION DNS drift threat github.com: ['TRUTH_DNS_DOWN', 'TRUTH_STUB_DRIFT', 'TRUTH_SYSTEM_DRIFT']
2026-07-04T00:54:13Z VIOLATION DNS drift threat api.github.com: ['TRUTH_DNS_DOWN', 'TRUTH_STUB_DRIFT', 'TRUTH_SYSTEM_DRIFT']
2026-07-04T00:54:44Z VIOLATION DNS drift threat github.com: ['TRUTH_DNS_DOWN', 'TRUTH_STUB_DRIFT', 'TRUTH_SYSTEM_DRIFT']
2026-07-04T00:54:50Z VIOLATION DNS drift threat github.com: ['TRUTH_DNS_DOWN', 'TRUTH_STUB_DRIFT', 'TRUTH_SYSTEM_DRIFT']
2026-07-04T00:54:51Z VIOLATION DNS drift threat github.com: ['TRUTH_DNS_DOWN', 'TRUTH_STUB_DRIFT', 'TRUTH_SYSTEM_DRIFT']
2026-07-04T00:54:55Z VIOLATION DNS drift threat github.com: ['TRUTH_DNS_DOWN', 'TRUTH_STUB_DRIFT', 'TRUTH_SYSTEM_DRIFT']
2026-07-04T00:54:59Z VIOLATION DNS drift threat github.com: ['TRUTH_DNS_DOWN', 'TRUTH_STUB_DRIFT', 'TRUTH_SYSTEM_DRIFT']
2026-07-04T00:55:00Z VIOLATION DNS drift threat github.com: ['TRUTH_DNS_DOWN']
2026-07-04T00:55:00Z VIOLATION DNS drift threat api.github.com: ['TRUTH_DNS_DOWN', 'TRUTH_STUB_DRIFT', 'TRUTH_SYSTEM_DRIFT']
2026-07-04T00:55:04Z VIOLATION DNS drift threat api.github.com: ['TRUTH_DNS_DOWN', 'TRUTH_STUB_DRIFT', 'TRUTH_SYSTEM_DRIFT']
2026-07-04T00:55:05Z VIOLATION DNS drift threat github.com: ['TRUTH_DNS_DOWN', 'TRUTH_STUB_DRIFT', 'TRUTH_SYSTEM_DRIFT']
2026-07-04T00:55:06Z VIOLATION DNS drift threat api.github.com: ['TRUTH_DNS_DOWN']
2026-07-04T00:55:09Z VIOLATION DNS drift threat api.github.com: ['TRUTH_DNS_DOWN']
2026-07-04T00:55:21Z VIOLATION DNS drift threat github.com: ['TRUTH_DNS_DOWN', 'TRUTH_STUB_DRIFT', 'TRUTH_SYSTEM_DRIFT']
2026-07-04T00:55:26Z VIOLATION DNS drift threat api.github.com: ['TRUTH_DNS_DOWN', 'TRUTH_STUB_DRIFT', 'TRUTH_SYSTEM_DRIFT']
2026-07-04T00:55:29Z VIOLATION DNS drift threat ssh.github.com: ['TRUTH_DNS_DOWN', 'TRUTH_STUB_DRIFT', 'TRUTH_SYSTEM_DRIFT']
2026-07-04T00:55:33Z VIOLATION DNS drift threat github.com: ['TRUTH_DNS_DOWN', 'TRUTH_STUB_DRIFT', 'TRUTH_SYSTEM_DRIFT']
2026-07-04T00:55:37Z VIOLATION DNS drift threat api.github.com: ['TRUTH_DNS_DOWN', 'TRUTH_STUB_DRIFT', 'TRUTH_SYSTEM_DRIFT']
2026-07-04T00:55:37Z VIOLATION DNS drift threat github.com: ['TRUTH_DNS_DOWN', 'TRUTH_STUB_DRIFT', 'TRUTH_SYSTEM_DRIFT']
2026-07-04T00:55:38Z VIOLATION DNS drift threat github.com: ['TRUTH_DNS_DOWN', 'TRUTH_STUB_DRIFT', 'TRUTH_SYSTEM_DRIFT']
2026-07-04T00:55:41Z VIOLATION DNS drift threat api.github.com: ['TRUTH_DNS_DOWN', 'TRUTH_STUB_DRIFT', 'TRUTH_SYSTEM_DRIFT']
2026-07-04T00:55:43Z VIOLATION DNS drift threat github.com: ['TRUTH_DNS_DOWN', 'TRUTH_STUB_DRIFT', 'TRUTH_SYSTEM_DRIFT']
2026-07-04T00:55:45Z VIOLATION DNS drift threat api.github.com: ['TRUTH_DNS_DOWN', 'TRUTH_STUB_DRIFT', 'TRUTH_SYSTEM_DRIFT']
2026-07-04T00:55:46Z VIOLATION DNS drift threat github.com: ['TRUTH_DNS_DOWN', 'TRUTH_STUB_DRIFT', 'TRUTH_SYSTEM_DRIFT']
2026-07-04T00:55:48Z VIOLATION DNS drift threat ssh.github.com: ['TRUTH_DNS_DOWN', 'TRUTH_STUB_DRIFT', 'TRUTH_SYSTEM_DRIFT']
2026-07-04T00:55:50Z VIOLATION DNS drift threat github.com: ['TRUTH_DNS_DOWN', 'TRUTH_STUB_DRIFT', 'TRUTH_SYSTEM_DRIFT']
2026-07-04T00:55:52Z VIOLATION DNS drift threat api.github.com: ['TRUTH_DNS_DOWN', 'TRUTH_STUB_DRIFT', 'TRUTH_SYSTEM_DRIFT']
2026-07-04T00:55:56Z VIOLATION DNS drift threat api.github.com: ['TRUTH_DNS_DOWN', 'TRUTH_STUB_DRIFT', 'TRUTH_SYSTEM_DRIFT']
2026-07-04T00:56:09Z VIOLATION DNS drift threat github.com: ['TRUTH_DNS_DOWN', 'TRUTH_STUB_DRIFT', 'TRUTH_SYSTEM_DRIFT']
2026-07-04T00:56:13Z VIOLATION DNS drift threat api.github.com: ['TRUTH_DNS_DOWN', 'TRUTH_STUB_DRIFT', 'TRUTH_SYSTEM_DRIFT']
2026-07-04T00:56:35Z VIOLATION DNS drift threat github.com: ['TRUTH_DNS_DOWN', 'TRUTH_STUB_DRIFT', 'TRUTH_SYSTEM_DRIFT']
2026-07-04T00:56:35Z VIOLATION DNS drift threat github.com: ['TRUTH_DNS_DOWN', 'TRUTH_STUB_DRIFT', 'TRUTH_SYSTEM_DRIFT']
2026-07-04T00:56:39Z VIOLATION DNS drift threat api.github.com: ['TRUTH_DNS_DOWN']
2026-07-04T00:56:40Z VIOLATION DNS drift threat github.com: ['TRUTH_DNS_DOWN', 'TRUTH_STUB_DRIFT', 'TRUTH_SYSTEM_DRIFT']
2026-07-04T00:56:41Z VIOLATION DNS drift threat github.com: ['TRUTH_DNS_DOWN', 'TRUTH_STUB_DRIFT', 'TRUTH_SYSTEM_DRIFT']
2026-07-04T00:56:44Z VIOLATION DNS drift threat api.github.com: ['TRUTH_DNS_DOWN', 'TRUTH_STUB_DRIFT', 'TRUTH_SYSTEM_DRIFT']
2026-07-04T00:56:44Z VIOLATION DNS drift threat api.github.com: ['TRUTH_DNS_DOWN', 'TRUTH_STUB_DRIFT', 'TRUTH_SYSTEM_DRIFT']
2026-07-04T00:56:45Z VIOLATION DNS drift threat github.com: ['TRUTH_DNS_DOWN', 'TRUTH_STUB_DRIFT', 'TRUTH_SYSTEM_DRIFT']
2026-07-04T00:56:48Z VIOLATION DNS drift threat github.com: ['TRUTH_DNS_DOWN', 'TRUTH_STUB_DRIFT', 'TRUTH_SYSTEM_DRIFT']
2026-07-04T00:56:49Z VIOLATION DNS drift threat api.github.com: ['TRUTH_DNS_DOWN', 'TRUTH_STUB_DRIFT', 'TRUTH_SYSTEM_DRIFT']
2026-07-04T00:57:04Z VIOLATION DNS drift threat github.com: ['TRUTH_DNS_DOWN', 'TRUTH_STUB_DRIFT', 'TRUTH_SYSTEM_DRIFT']
2026-07-04T00:57:06Z VIOLATION DNS drift threat api.github.com: ['TRUTH_DNS_DOWN', 'TRUTH_STUB_DRIFT', 'TRUTH_SYSTEM_DRIFT']
2026-07-04T00:57:07Z VIOLATION DNS drift threat github.com: ['TRUTH_DNS_DOWN', 'TRUTH_STUB_DRIFT', 'TRUTH_SYSTEM_DRIFT']
2026-07-04T00:57:09Z VIOLATION DNS drift threat ssh.github.com: ['TRUTH_DNS_DOWN', 'TRUTH_STUB_DRIFT', 'TRUTH_SYSTEM_DRIFT']
2026-07-04T00:57:12Z VIOLATION DNS drift threat github.com: ['TRUTH_DNS_DOWN', 'TRUTH_STUB_DRIFT', 'TRUTH_SYSTEM_DRIFT']
2026-07-04T00:57:17Z VIOLATION DNS drift threat api.github.com: ['TRUTH_DNS_DOWN', 'TRUTH_STUB_DRIFT', 'TRUTH_SYSTEM_DRIFT']
2026-07-04T00:57:21Z VIOLATION DNS drift threat github.com: ['TRUTH_DNS_DOWN', 'TRUTH_STUB_DRIFT', 'TRUTH_SYSTEM_DRIFT']
2026-07-04T00:57:22Z VIOLATION DNS drift threat github.com: ['TRUTH_DNS_DOWN', 'TRUTH_STUB_DRIFT', 'TRUTH_SYSTEM_DRIFT']
2026-07-04T00:57:23Z VIOLATION DNS drift threat api.github.com: ['TRUTH_DNS_DOWN', 'TRUTH_STUB_DRIFT', 'TRUTH_SYSTEM_DRIFT']
2026-07-04T00:57:26Z VIOLATION DNS drift threat github.com: ['TRUTH_DNS_DOWN', 'TRUTH_STUB_DRIFT', 'TRUTH_SYSTEM_DRIFT']
2026-07-04T00:57:32Z VIOLATION DNS drift threat github.com: ['TRUTH_DNS_DOWN', 'TRUTH_STUB_DRIFT', 'TRUTH_SYSTEM_DRIFT']
2026-07-04T00:57:37Z VIOLATION DNS drift threat api.github.com: ['TRUTH_DNS_DOWN', 'TRUTH_STUB_DRIFT', 'TRUTH_SYSTEM_DRIFT']
2026-07-04T00:57:45Z VIOLATION DNS drift threat github.com: ['TRUTH_DNS_DOWN', 'TRUTH_STUB_DRIFT', 'TRUTH_SYSTEM_DRIFT']
2026-07-04T00:57:56Z VIOLATION DNS drift threat github.com: ['TRUTH_DNS_DOWN', 'TRUTH_STUB_DRIFT', 'TRUTH_SYSTEM_DRIFT']
2026-07-04T00:57:59Z VIOLATION DNS drift threat api.github.com: ['TRUTH_DNS_DOWN']
2026-07-04T00:58:03Z VIOLATION DNS drift threat ssh.github.com: ['TRUTH_DNS_DOWN', 'TRUTH_STUB_DRIFT', 'TRUTH_SYSTEM_DRIFT']
2026-07-04T00:58:18Z VIOLATION DNS drift threat github.com: ['TRUTH_DNS_DOWN', 'TRUTH_STUB_DRIFT', 'TRUTH_SYSTEM_DRIFT']
2026-07-04T00:58:19Z VIOLATION DNS drift threat github.com: ['TRUTH_DNS_DOWN', 'TRUTH_STUB_DRIFT', 'TRUTH_SYSTEM_DRIFT']
2026-07-04T00:58:20Z VIOLATION DNS drift threat github.com: ['TRUTH_DNS_DOWN', 'TRUTH_STUB_DRIFT', 'TRUTH_SYSTEM_DRIFT']
2026-07-04T00:58:21Z VIOLATION DNS drift threat api.github.com: ['TRUTH_DNS_DOWN']
2026-07-04T00:58:23Z VIOLATION DNS drift threat github.com: ['TRUTH_DNS_DOWN', 'TRUTH_STUB_DRIFT', 'TRUTH_SYSTEM_DRIFT']
2026-07-04T00:58:24Z VIOLATION DNS drift threat api.github.com: ['TRUTH_DNS_DOWN', 'TRUTH_STUB_DRIFT', 'TRUTH_SYSTEM_DRIFT']
2026-07-04T00:58:25Z VIOLATION DNS drift threat api.github.com: ['TRUTH_DNS_DOWN', 'TRUTH_STUB_DRIFT', 'TRUTH_SYSTEM_DRIFT']
2026-07-04T00:58:30Z VIOLATION DNS drift threat github.com: ['TRUTH_DNS_DOWN', 'TRUTH_STUB_DRIFT', 'TRUTH_SYSTEM_DRIFT']
2026-07-04T00:58:34Z VIOLATION DNS drift threat github.com: ['TRUTH_DNS_DOWN', 'TRUTH_STUB_DRIFT', 'TRUTH_SYSTEM_DRIFT']
2026-07-04T00:58:35Z VIOLATION DNS drift threat api.github.com: ['TRUTH_DNS_DOWN', 'TRUTH_STUB_DRIFT', 'TRUTH_SYSTEM_DRIFT']
2026-07-04T00:58:37Z VIOLATION DNS drift threat api.github.com: ['TRUTH_DNS_DOWN', 'TRUTH_STUB_DRIFT', 'TRUTH_SYSTEM_DRIFT']
2026-07-04T00:58:40Z VIOLATION DNS drift threat github.com: ['TRUTH_DNS_DOWN', 'TRUTH_STUB_DRIFT', 'TRUTH_SYSTEM_DRIFT']
2026-07-04T00:58:48Z VIOLATION DNS drift threat github.com: ['TRUTH_DNS_DOWN', 'TRUTH_STUB_DRIFT', 'TRUTH_SYSTEM_DRIFT']
2026-07-04T00:58:52Z VIOLATION DNS drift threat api.github.com: ['TRUTH_DNS_DOWN', 'TRUTH_STUB_DRIFT', 'TRUTH_SYSTEM_DRIFT']
2026-07-04T00:58:55Z VIOLATION DNS drift threat github.com: ['TRUTH_DNS_DOWN', 'TRUTH_STUB_DRIFT', 'TRUTH_SYSTEM_DRIFT']
2026-07-04T00:58:56Z VIOLATION DNS drift threat ssh.github.com: ['TRUTH_DNS_DOWN', 'TRUTH_STUB_DRIFT', 'TRUTH_SYSTEM_DRIFT']
2026-07-04T00:59:01Z VIOLATION DNS drift threat github.com: ['TRUTH_DNS_DOWN', 'TRUTH_STUB_DRIFT', 'TRUTH_SYSTEM_DRIFT']
2026-07-04T00:59:01Z VIOLATION DNS drift threat api.github.com: ['TRUTH_DNS_DOWN', 'TRUTH_STUB_DRIFT', 'TRUTH_SYSTEM_DRIFT']
2026-07-04T00:59:05Z VIOLATION DNS drift threat api.github.com: ['TRUTH_DNS_DOWN', 'TRUTH_STUB_DRIFT', 'TRUTH_SYSTEM_DRIFT']
2026-07-04T00:59:07Z VIOLATION DNS drift threat github.com: ['TRUTH_DNS_DOWN', 'TRUTH_STUB_DRIFT', 'TRUTH_SYSTEM_DRIFT']
2026-07-04T00:59:10Z VIOLATION DNS drift threat api.github.com: ['TRUTH_DNS_DOWN', 'TRUTH_STUB_DRIFT', 'TRUTH_SYSTEM_DRIFT']
2026-07-04T00:59:11Z VIOLATION DNS drift threat github.com: ['TRUTH_DNS_DOWN', 'TRUTH_STUB_DRIFT', 'TRUTH_SYSTEM_DRIFT']
2026-07-04T00:59:14Z VIOLATION DNS drift threat api.github.com: ['TRUTH_DNS_DOWN', 'TRUTH_STUB_DRIFT', 'TRUTH_SYSTEM_DRIFT']
2026-07-04T00:59:24Z VIOLATION DNS drift threat github.com: ['TRUTH_DNS_DOWN', 'TRUTH_STUB_DRIFT', 'TRUTH_SYSTEM_DRIFT']
2026-07-04T00:59:37Z VIOLATION DNS drift threat github.com: ['TRUTH_DNS_DOWN', 'TRUTH_STUB_DRIFT', 'TRUTH_SYSTEM_DRIFT']
2026-07-04T00:59:42Z VIOLATION DNS drift threat api.github.com: ['TRUTH_DNS_DOWN', 'TRUTH_STUB_DRIFT', 'TRUTH_SYSTEM_DRIFT']
2026-07-04T00:59:56Z VIOLATION DNS drift threat github.com: ['TRUTH_DNS_DOWN', 'TRUTH_STUB_DRIFT', 'TRUTH_SYSTEM_DRIFT']
2026-07-04T00:59:59Z VIOLATION DNS drift threat github.com: ['TRUTH_DNS_DOWN', 'TRUTH_STUB_DRIFT', 'TRUTH_SYSTEM_DRIFT']
2026-07-04T00:59:59Z VIOLATION DNS drift threat api.github.com: ['TRUTH_DNS_DOWN']
2026-07-04T01:00:01Z VIOLATION DNS drift threat github.com: ['TRUTH_DNS_DOWN', 'TRUTH_STUB_DRIFT', 'TRUTH_SYSTEM_DRIFT']
2026-07-04T01:00:04Z VIOLATION DNS drift threat github.com: ['TRUTH_DNS_DOWN', 'TRUTH_STUB_DRIFT', 'TRUTH_SYSTEM_DRIFT']
2026-07-04T01:00:05Z VIOLATION DNS drift threat api.github.com: ['TRUTH_DNS_DOWN', 'TRUTH_STUB_DRIFT', 'TRUTH_SYSTEM_DRIFT']
2026-07-04T01:00:05Z VIOLATION DNS drift threat api.github.com: ['TRUTH_DNS_DOWN', 'TRUTH_STUB_DRIFT', 'TRUTH_SYSTEM_DRIFT']
2026-07-04T01:00:08Z VIOLATION DNS drift threat github.com: ['TRUTH_DNS_DOWN', 'TRUTH_STUB_DRIFT', 'TRUTH_SYSTEM_DRIFT']
2026-07-04T01:00:10Z VIOLATION DNS drift threat api.github.com: ['TRUTH_DNS_DOWN', 'TRUTH_STUB_DRIFT', 'TRUTH_SYSTEM_DRIFT']
2026-07-04T01:00:12Z VIOLATION DNS drift threat github.com: ['TRUTH_DNS_DOWN', 'TRUTH_STUB_DRIFT', 'TRUTH_SYSTEM_DRIFT']
2026-07-04T01:00:19Z VIOLATION DNS drift threat api.github.com: ['TRUTH_DNS_DOWN', 'TRUTH_STUB_DRIFT', 'TRUTH_SYSTEM_DRIFT']
2026-07-04T01:00:21Z VIOLATION DNS drift threat github.com: ['TRUTH_DNS_DOWN', 'TRUTH_STUB_DRIFT', 'TRUTH_SYSTEM_DRIFT']
2026-07-04T01:00:25Z VIOLATION DNS drift threat api.github.com: ['TRUTH_DNS_DOWN', 'TRUTH_STUB_DRIFT', 'TRUTH_SYSTEM_DRIFT']
2026-07-04T01:00:36Z VIOLATION DNS drift threat github.com: ['TRUTH_DNS_DOWN', 'TRUTH_STUB_DRIFT', 'TRUTH_SYSTEM_DRIFT']
2026-07-04T01:00:40Z VIOLATION DNS drift threat github.com: ['TRUTH_DNS_DOWN', 'TRUTH_STUB_DRIFT', 'TRUTH_SYSTEM_DRIFT']
2026-07-04T01:00:46Z VIOLATION DNS drift threat github.com: ['TRUTH_DNS_DOWN', 'TRUTH_STUB_DRIFT', 'TRUTH_SYSTEM_DRIFT']
2026-07-04T01:00:49Z VIOLATION DNS drift threat github.com: ['TRUTH_DNS_DOWN', 'TRUTH_STUB_DRIFT', 'TRUTH_SYSTEM_DRIFT']
2026-07-04T01:00:52Z VIOLATION DNS drift threat github.com: ['TRUTH_DNS_DOWN', 'TRUTH_STUB_DRIFT', 'TRUTH_SYSTEM_DRIFT']
2026-07-04T01:01:29Z VIOLATION DNS drift threat github.com: ['TRUTH_DNS_DOWN', 'TRUTH_STUB_DRIFT', 'TRUTH_SYSTEM_DRIFT']
2026-07-04T01:01:35Z VIOLATION DNS drift threat github.com: ['TRUTH_DNS_DOWN', 'TRUTH_STUB_DRIFT', 'TRUTH_SYSTEM_DRIFT']
2026-07-04T01:01:38Z VIOLATION DNS drift threat github.com: ['TRUTH_DNS_DOWN', 'TRUTH_STUB_DRIFT', 'TRUTH_SYSTEM_DRIFT']
2026-07-04T01:01:38Z VIOLATION DNS drift threat github.com: ['TRUTH_DNS_DOWN', 'TRUTH_STUB_DRIFT', 'TRUTH_SYSTEM_DRIFT']
2026-07-04T01:01:40Z VIOLATION DNS drift threat api.github.com: ['TRUTH_DNS_DOWN', 'TRUTH_STUB_DRIFT', 'TRUTH_SYSTEM_DRIFT']
2026-07-04T01:01:40Z VIOLATION DNS drift threat api.github.com: ['TRUTH_DNS_DOWN']
2026-07-04T01:01:44Z VIOLATION DNS drift threat github.com: ['TRUTH_DNS_DOWN', 'TRUTH_STUB_DRIFT', 'TRUTH_SYSTEM_DRIFT']
2026-07-04T01:01:46Z VIOLATION DNS drift threat github.com: ['TRUTH_DNS_DOWN', 'TRUTH_STUB_DRIFT', 'TRUTH_SYSTEM_DRIFT']
2026-07-04T01:01:47Z VIOLATION DNS drift threat github.com: ['TRUTH_DNS_DOWN', 'TRUTH_STUB_DRIFT', 'TRUTH_SYSTEM_DRIFT']
2026-07-04T01:01:51Z VIOLATION DNS drift threat api.github.com: ['TRUTH_DNS_DOWN', 'TRUTH_STUB_DRIFT', 'TRUTH_SYSTEM_DRIFT']
2026-07-04T01:01:56Z VIOLATION DNS drift threat github.com: ['TRUTH_DNS_DOWN']
2026-07-04T01:02:01Z VIOLATION DNS drift threat api.github.com: ['TRUTH_DNS_DOWN', 'TRUTH_STUB_DRIFT', 'TRUTH_SYSTEM_DRIFT']
2026-07-04T01:02:06Z VIOLATION DNS drift threat github.com: ['TRUTH_DNS_DOWN', 'TRUTH_STUB_DRIFT', 'TRUTH_SYSTEM_DRIFT']
2026-07-04T01:02:11Z VIOLATION DNS drift threat api.github.com: ['TRUTH_DNS_DOWN', 'TRUTH_STUB_DRIFT', 'TRUTH_SYSTEM_DRIFT']
2026-07-04T01:02:15Z VIOLATION DNS drift threat github.com: ['TRUTH_DNS_DOWN', 'TRUTH_STUB_DRIFT', 'TRUTH_SYSTEM_DRIFT']
2026-07-04T01:02:18Z VIOLATION DNS drift threat github.com: ['TRUTH_DNS_DOWN', 'TRUTH_STUB_DRIFT', 'TRUTH_SYSTEM_DRIFT']
2026-07-04T01:02:18Z VIOLATION DNS drift threat github.com: ['TRUTH_DNS_DOWN', 'TRUTH_STUB_DRIFT', 'TRUTH_SYSTEM_DRIFT']
2026-07-04T01:02:24Z VIOLATION DNS drift threat github.com: ['TRUTH_DNS_DOWN', 'TRUTH_STUB_DRIFT', 'TRUTH_SYSTEM_DRIFT']
2026-07-04T01:02:26Z VIOLATION DNS drift threat api.github.com: ['TRUTH_DNS_DOWN', 'TRUTH_STUB_DRIFT', 'TRUTH_SYSTEM_DRIFT']
2026-07-04T01:02:28Z VIOLATION DNS drift threat api.github.com: ['TRUTH_DNS_DOWN', 'TRUTH_STUB_DRIFT', 'TRUTH_SYSTEM_DRIFT']
2026-07-04T01:02:39Z VIOLATION DNS drift threat github.com: ['TRUTH_DNS_DOWN', 'TRUTH_STUB_DRIFT', 'TRUTH_SYSTEM_DRIFT']
2026-07-04T01:02:45Z VIOLATION DNS drift threat api.github.com: ['TRUTH_DNS_DOWN']
2026-07-04T01:03:04Z VIOLATION DNS drift threat github.com: ['TRUTH_DNS_DOWN', 'TRUTH_STUB_DRIFT', 'TRUTH_SYSTEM_DRIFT']
2026-07-04T01:03:11Z VIOLATION DNS drift threat github.com: ['TRUTH_DNS_DOWN', 'TRUTH_STUB_DRIFT', 'TRUTH_SYSTEM_DRIFT']
2026-07-04T01:03:18Z VIOLATION DNS drift threat github.com: ['TRUTH_DNS_DOWN', 'TRUTH_STUB_DRIFT', 'TRUTH_SYSTEM_DRIFT']
2026-07-04T01:03:21Z VIOLATION DNS drift threat github.com: ['TRUTH_DNS_DOWN', 'TRUTH_STUB_DRIFT', 'TRUTH_SYSTEM_DRIFT']
2026-07-04T01:03:24Z VIOLATION DNS drift threat github.com: ['TRUTH_DNS_DOWN', 'TRUTH_STUB_DRIFT', 'TRUTH_SYSTEM_DRIFT']
2026-07-04T01:03:27Z VIOLATION DNS drift threat github.com: ['TRUTH_DNS_DOWN', 'TRUTH_STUB_DRIFT', 'TRUTH_SYSTEM_DRIFT']
2026-07-04T01:03:41Z VIOLATION DNS drift threat github.com: ['TRUTH_DNS_DOWN']
2026-07-04T01:03:51Z VIOLATION DNS drift threat github.com: ['TRUTH_DNS_DOWN', 'TRUTH_STUB_DRIFT', 'TRUTH_SYSTEM_DRIFT']
2026-07-04T01:03:51Z VIOLATION DNS drift threat github.com: ['TRUTH_DNS_DOWN', 'TRUTH_STUB_DRIFT', 'TRUTH_SYSTEM_DRIFT']
2026-07-04T01:03:55Z VIOLATION DNS drift threat api.github.com: ['TRUTH_DNS_DOWN', 'TRUTH_STUB_DRIFT', 'TRUTH_SYSTEM_DRIFT']
2026-07-04T01:03:55Z VIOLATION DNS drift threat api.github.com: ['TRUTH_DNS_DOWN', 'TRUTH_STUB_DRIFT', 'TRUTH_SYSTEM_DRIFT']
2026-07-04T01:03:57Z VIOLATION DNS drift threat github.com: ['TRUTH_DNS_DOWN', 'TRUTH_STUB_DRIFT', 'TRUTH_SYSTEM_DRIFT']
2026-07-04T01:04:02Z VIOLATION DNS drift threat api.github.com: ['TRUTH_DNS_DOWN', 'TRUTH_STUB_DRIFT', 'TRUTH_SYSTEM_DRIFT']
2026-07-04T01:04:03Z VIOLATION DNS drift threat github.com: ['TRUTH_DNS_DOWN', 'TRUTH_STUB_DRIFT', 'TRUTH_SYSTEM_DRIFT']
2026-07-04T01:04:04Z VIOLATION DNS drift threat github.com: ['TRUTH_DNS_DOWN']
2026-07-04T01:04:07Z VIOLATION DNS drift threat github.com: ['TRUTH_DNS_DOWN', 'TRUTH_STUB_DRIFT', 'TRUTH_SYSTEM_DRIFT']
2026-07-04T01:04:09Z VIOLATION DNS drift threat api.github.com: ['TRUTH_DNS_DOWN', 'TRUTH_STUB_DRIFT', 'TRUTH_SYSTEM_DRIFT']
2026-07-04T01:04:10Z VIOLATION DNS drift threat api.github.com: ['TRUTH_DNS_DOWN', 'TRUTH_STUB_DRIFT', 'TRUTH_SYSTEM_DRIFT']
2026-07-04T01:04:31Z VIOLATION DNS drift threat github.com: ['TRUTH_DNS_DOWN', 'TRUTH_STUB_DRIFT', 'TRUTH_SYSTEM_DRIFT']
2026-07-04T01:04:46Z VIOLATION DNS drift threat github.com: ['TRUTH_DNS_DOWN', 'TRUTH_STUB_DRIFT', 'TRUTH_SYSTEM_DRIFT']
2026-07-04T01:04:47Z VIOLATION DNS drift threat github.com: ['TRUTH_DNS_DOWN', 'TRUTH_STUB_DRIFT', 'TRUTH_SYSTEM_DRIFT']
2026-07-04T01:04:53Z VIOLATION DNS drift threat api.github.com: ['TRUTH_DNS_DOWN', 'TRUTH_STUB_DRIFT', 'TRUTH_SYSTEM_DRIFT']
2026-07-04T01:04:54Z VIOLATION DNS drift threat github.com: ['TRUTH_DNS_DOWN', 'TRUTH_STUB_DRIFT', 'TRUTH_SYSTEM_DRIFT']
2026-07-04T01:04:54Z VIOLATION DNS drift threat github.com: ['TRUTH_DNS_DOWN', 'TRUTH_STUB_DRIFT', 'TRUTH_SYSTEM_DRIFT']
2026-07-04T01:04:58Z VIOLATION DNS drift threat api.github.com: ['TRUTH_DNS_DOWN', 'TRUTH_STUB_DRIFT', 'TRUTH_SYSTEM_DRIFT']
2026-07-04T01:05:00Z VIOLATION DNS drift threat github.com: ['TRUTH_DNS_DOWN', 'TRUTH_STUB_DRIFT', 'TRUTH_SYSTEM_DRIFT']
2026-07-04T01:05:01Z VIOLATION DNS drift threat ssh.github.com: ['TRUTH_DNS_DOWN', 'TRUTH_STUB_DRIFT', 'TRUTH_SYSTEM_DRIFT']
2026-07-04T01:05:03Z VIOLATION DNS drift threat api.github.com: ['TRUTH_DNS_DOWN', 'TRUTH_STUB_DRIFT', 'TRUTH_SYSTEM_DRIFT']
2026-07-04T01:05:03Z VIOLATION DNS drift threat raw.githubusercontent.com: ['TRUTH_DNS_DOWN']
2026-07-04T01:05:06Z VIOLATION DNS drift threat ssh.github.com: ['TRUTH_DNS_DOWN', 'TRUTH_STUB_DRIFT', 'TRUTH_SYSTEM_DRIFT']
2026-07-04T01:05:09Z VIOLATION DNS drift threat raw.githubusercontent.com: ['TRUTH_DNS_DOWN']
2026-07-04T01:05:14Z VIOLATION DNS drift threat github.com: ['TRUTH_DNS_DOWN', 'TRUTH_STUB_DRIFT', 'TRUTH_SYSTEM_DRIFT']
2026-07-04T01:05:19Z VIOLATION DNS drift threat api.github.com: ['TRUTH_DNS_DOWN']
2026-07-04T01:05:21Z VIOLATION DNS drift threat github.com: ['TRUTH_DNS_DOWN', 'TRUTH_STUB_DRIFT', 'TRUTH_SYSTEM_DRIFT']
2026-07-04T01:05:30Z VIOLATION DNS drift threat github.com: ['TRUTH_DNS_DOWN', 'TRUTH_STUB_DRIFT', 'TRUTH_SYSTEM_DRIFT']
2026-07-04T01:05:35Z VIOLATION DNS drift threat github.com: ['TRUTH_DNS_DOWN', 'TRUTH_STUB_DRIFT', 'TRUTH_SYSTEM_DRIFT']
2026-07-04T01:05:35Z VIOLATION DNS drift threat api.github.com: ['TRUTH_DNS_DOWN', 'TRUTH_STUB_DRIFT', 'TRUTH_SYSTEM_DRIFT']
2026-07-04T01:05:39Z VIOLATION DNS drift threat api.github.com: ['TRUTH_DNS_DOWN', 'TRUTH_STUB_DRIFT', 'TRUTH_SYSTEM_DRIFT']
2026-07-04T01:05:41Z VIOLATION DNS drift threat github.com: ['TRUTH_DNS_DOWN', 'TRUTH_STUB_DRIFT', 'TRUTH_SYSTEM_DRIFT']
2026-07-04T01:05:45Z VIOLATION DNS drift threat api.github.com: ['TRUTH_DNS_DOWN']
2026-07-04T01:05:45Z VIOLATION DNS drift threat github.com: ['TRUTH_DNS_DOWN', 'TRUTH_STUB_DRIFT', 'TRUTH_SYSTEM_DRIFT']
2026-07-04T01:05:45Z VIOLATION DNS drift threat github.com: ['TRUTH_DNS_DOWN', 'TRUTH_STUB_DRIFT', 'TRUTH_SYSTEM_DRIFT']
2026-07-04T01:05:48Z VIOLATION DNS drift threat api.github.com: ['TRUTH_DNS_DOWN', 'TRUTH_STUB_DRIFT', 'TRUTH_SYSTEM_DRIFT']
2026-07-04T01:05:48Z VIOLATION DNS drift threat api.github.com: ['TRUTH_DNS_DOWN', 'TRUTH_STUB_DRIFT', 'TRUTH_SYSTEM_DRIFT']
2026-07-04T01:05:53Z VIOLATION DNS drift threat github.com: ['TRUTH_DNS_DOWN', 'TRUTH_STUB_DRIFT', 'TRUTH_SYSTEM_DRIFT']
2026-07-04T01:06:14Z VIOLATION DNS drift threat github.com: ['TRUTH_DNS_DOWN', 'TRUTH_STUB_DRIFT', 'TRUTH_SYSTEM_DRIFT']
2026-07-04T01:06:18Z VIOLATION DNS drift threat api.github.com: ['TRUTH_DNS_DOWN', 'TRUTH_STUB_DRIFT', 'TRUTH_SYSTEM_DRIFT']
2026-07-04T01:06:38Z VIOLATION DNS drift threat github.com: ['TRUTH_DNS_DOWN', 'TRUTH_STUB_DRIFT', 'TRUTH_SYSTEM_DRIFT']
2026-07-04T01:06:39Z VIOLATION DNS drift threat github.com: ['TRUTH_DNS_DOWN']
2026-07-04T01:06:40Z VIOLATION DNS drift threat github.com: ['TRUTH_DNS_DOWN', 'TRUTH_STUB_DRIFT', 'TRUTH_SYSTEM_DRIFT']
2026-07-04T01:06:42Z VIOLATION DNS drift threat api.github.com: ['TRUTH_DNS_DOWN', 'TRUTH_STUB_DRIFT', 'TRUTH_SYSTEM_DRIFT']
2026-07-04T01:06:42Z VIOLATION DNS drift threat github.com: ['TRUTH_DNS_DOWN']
2026-07-04T01:06:46Z VIOLATION DNS drift threat api.github.com: ['TRUTH_DNS_DOWN', 'TRUTH_STUB_DRIFT', 'TRUTH_SYSTEM_DRIFT']
2026-07-04T01:06:51Z VIOLATION DNS drift threat github.com: ['TRUTH_DNS_DOWN']
2026-07-04T01:06:54Z VIOLATION DNS drift threat github.com: ['TRUTH_DNS_DOWN', 'TRUTH_STUB_DRIFT', 'TRUTH_SYSTEM_DRIFT']
2026-07-04T01:06:56Z VIOLATION DNS drift threat api.github.com: ['TRUTH_DNS_DOWN', 'TRUTH_STUB_DRIFT', 'TRUTH_SYSTEM_DRIFT']
2026-07-04T01:06:59Z VIOLATION DNS drift threat api.github.com: ['TRUTH_DNS_DOWN', 'TRUTH_STUB_DRIFT', 'TRUTH_SYSTEM_DRIFT']
2026-07-04T01:07:01Z VIOLATION DNS drift threat github.com: ['TRUTH_DNS_DOWN']
2026-07-04T01:07:05Z VIOLATION DNS drift threat api.github.com: ['TRUTH_DNS_DOWN']
2026-07-04T01:07:10Z VIOLATION DNS drift threat github.com: ['TRUTH_DNS_DOWN', 'TRUTH_STUB_DRIFT', 'TRUTH_SYSTEM_DRIFT']
2026-07-04T01:07:23Z VIOLATION DNS drift threat github.com: ['TRUTH_DNS_DOWN', 'TRUTH_STUB_DRIFT', 'TRUTH_SYSTEM_DRIFT']
2026-07-04T01:07:28Z VIOLATION DNS drift threat api.github.com: ['TRUTH_DNS_DOWN']
2026-07-04T01:07:37Z VIOLATION DNS drift threat github.com: ['TRUTH_DNS_DOWN', 'TRUTH_STUB_DRIFT', 'TRUTH_SYSTEM_DRIFT']
2026-07-04T01:07:50Z VIOLATION DNS drift threat github.com: ['TRUTH_DNS_DOWN', 'TRUTH_STUB_DRIFT', 'TRUTH_SYSTEM_DRIFT']
2026-07-04T01:07:51Z VIOLATION DNS drift threat github.com: ['TRUTH_DNS_DOWN', 'TRUTH_STUB_DRIFT', 'TRUTH_SYSTEM_DRIFT']
2026-07-04T01:07:52Z VIOLATION DNS drift threat github.com: ['TRUTH_DNS_DOWN']
2026-07-04T01:07:55Z VIOLATION DNS drift threat api.github.com: ['TRUTH_DNS_DOWN', 'TRUTH_STUB_DRIFT', 'TRUTH_SYSTEM_DRIFT']
2026-07-04T01:07:56Z VIOLATION DNS drift threat api.github.com: ['TRUTH_DNS_DOWN', 'TRUTH_STUB_DRIFT', 'TRUTH_SYSTEM_DRIFT']
2026-07-04T01:07:56Z VIOLATION DNS drift threat api.github.com: ['TRUTH_DNS_DOWN', 'TRUTH_STUB_DRIFT', 'TRUTH_SYSTEM_DRIFT']
2026-07-04T01:08:01Z VIOLATION DNS drift threat ssh.github.com: ['TRUTH_DNS_DOWN', 'TRUTH_STUB_DRIFT', 'TRUTH_SYSTEM_DRIFT']
2026-07-04T01:08:02Z VIOLATION DNS drift threat ssh.github.com: ['TRUTH_DNS_DOWN', 'TRUTH_STUB_DRIFT', 'TRUTH_SYSTEM_DRIFT']
2026-07-04T01:08:08Z VIOLATION DNS drift threat raw.githubusercontent.com: ['TRUTH_DNS_DOWN']
2026-07-04T01:08:09Z VIOLATION DNS drift threat raw.githubusercontent.com: ['TRUTH_DNS_DOWN']
2026-07-04T01:08:12Z VIOLATION DNS drift threat github.com: ['TRUTH_DNS_DOWN', 'TRUTH_STUB_DRIFT', 'TRUTH_SYSTEM_DRIFT']
2026-07-04T01:08:12Z VIOLATION DNS drift threat github.com: ['TRUTH_DNS_DOWN']
2026-07-04T01:08:12Z VIOLATION DNS drift threat github.com: ['TRUTH_DNS_DOWN', 'TRUTH_STUB_DRIFT', 'TRUTH_SYSTEM_DRIFT']
2026-07-04T01:08:14Z VIOLATION DNS drift threat api.github.com: ['TRUTH_DNS_DOWN', 'TRUTH_STUB_DRIFT', 'TRUTH_SYSTEM_DRIFT']
2026-07-04T01:08:16Z VIOLATION DNS drift threat api.github.com: ['TRUTH_DNS_DOWN', 'TRUTH_STUB_DRIFT', 'TRUTH_SYSTEM_DRIFT']
2026-07-04T01:08:17Z VIOLATION DNS drift threat api.github.com: ['TRUTH_DNS_DOWN', 'TRUTH_STUB_DRIFT', 'TRUTH_SYSTEM_DRIFT']
2026-07-04T01:08:20Z VIOLATION DNS drift threat ssh.github.com: ['TRUTH_DNS_DOWN', 'TRUTH_STUB_DRIFT', 'TRUTH_SYSTEM_DRIFT']
2026-07-04T01:08:20Z VIOLATION DNS drift threat github.com: ['TRUTH_DNS_DOWN', 'TRUTH_STUB_DRIFT', 'TRUTH_SYSTEM_DRIFT']
2026-07-04T01:08:22Z VIOLATION DNS drift threat github.com: ['TRUTH_DNS_DOWN', 'TRUTH_STUB_DRIFT', 'TRUTH_SYSTEM_DRIFT']
2026-07-04T01:08:26Z VIOLATION DNS drift threat api.github.com: ['TRUTH_DNS_DOWN', 'TRUTH_STUB_DRIFT', 'TRUTH_SYSTEM_DRIFT']
2026-07-04T01:08:27Z VIOLATION DNS drift threat api.github.com: ['TRUTH_DNS_DOWN', 'TRUTH_STUB_DRIFT', 'TRUTH_SYSTEM_DRIFT']
2026-07-04T01:08:29Z VIOLATION DNS drift threat ssh.github.com: ['TRUTH_DNS_DOWN', 'TRUTH_STUB_DRIFT', 'TRUTH_SYSTEM_DRIFT']
2026-07-04T01:08:30Z VIOLATION DNS drift threat github.com: ['TRUTH_DNS_DOWN']
2026-07-04T01:08:33Z VIOLATION DNS drift threat api.github.com: ['TRUTH_DNS_DOWN', 'TRUTH_STUB_DRIFT', 'TRUTH_SYSTEM_DRIFT']
2026-07-04T01:08:40Z VIOLATION DNS drift threat github.com: ['TRUTH_DNS_DOWN', 'TRUTH_STUB_DRIFT', 'TRUTH_SYSTEM_DRIFT']
2026-07-04T01:08:45Z VIOLATION DNS drift threat api.github.com: ['TRUTH_DNS_DOWN']
2026-07-04T01:08:47Z VIOLATION DNS drift threat github.com: ['TRUTH_DNS_DOWN', 'TRUTH_STUB_DRIFT', 'TRUTH_SYSTEM_DRIFT']
2026-07-04T01:08:54Z VIOLATION DNS drift threat api.github.com: ['TRUTH_DNS_DOWN', 'TRUTH_STUB_DRIFT', 'TRUTH_SYSTEM_DRIFT']
2026-07-04T01:09:00Z VIOLATION DNS drift threat github.com: ['TRUTH_DNS_DOWN', 'TRUTH_STUB_DRIFT', 'TRUTH_SYSTEM_DRIFT']
2026-07-04T01:09:02Z VIOLATION DNS drift threat github.com: ['TRUTH_DNS_DOWN', 'TRUTH_STUB_DRIFT', 'TRUTH_SYSTEM_DRIFT']
2026-07-04T01:09:05Z VIOLATION DNS drift threat github.com: ['TRUTH_DNS_DOWN', 'TRUTH_STUB_DRIFT', 'TRUTH_SYSTEM_DRIFT']
2026-07-04T01:09:08Z VIOLATION DNS drift threat api.github.com: ['TRUTH_DNS_DOWN', 'TRUTH_STUB_DRIFT', 'TRUTH_SYSTEM_DRIFT']
2026-07-04T01:09:11Z VIOLATION DNS drift threat github.com: ['TRUTH_DNS_DOWN']
2026-07-04T01:09:22Z VIOLATION DNS drift threat github.com: ['TRUTH_DNS_DOWN', 'TRUTH_STUB_DRIFT', 'TRUTH_SYSTEM_DRIFT']
2026-07-04T01:09:26Z VIOLATION DNS drift threat api.github.com: ['TRUTH_DNS_DOWN', 'TRUTH_STUB_DRIFT', 'TRUTH_SYSTEM_DRIFT']
2026-07-04T01:09:45Z VIOLATION DNS drift threat github.com: ['TRUTH_DNS_DOWN', 'TRUTH_STUB_DRIFT', 'TRUTH_SYSTEM_DRIFT']
2026-07-04T01:09:51Z VIOLATION DNS drift threat github.com: ['TRUTH_DNS_DOWN', 'TRUTH_STUB_DRIFT', 'TRUTH_SYSTEM_DRIFT']
2026-07-04T01:09:54Z VIOLATION DNS drift threat api.github.com: ['TRUTH_DNS_DOWN', 'TRUTH_STUB_DRIFT', 'TRUTH_SYSTEM_DRIFT']
2026-07-04T01:09:57Z VIOLATION DNS drift threat ssh.github.com: ['TRUTH_DNS_DOWN', 'TRUTH_STUB_DRIFT', 'TRUTH_SYSTEM_DRIFT']
2026-07-04T01:09:58Z VIOLATION DNS drift threat github.com: ['TRUTH_DNS_DOWN', 'TRUTH_STUB_DRIFT', 'TRUTH_SYSTEM_DRIFT']
2026-07-04T01:10:01Z VIOLATION DNS drift threat api.github.com: ['TRUTH_DNS_DOWN', 'TRUTH_STUB_DRIFT', 'TRUTH_SYSTEM_DRIFT']
2026-07-04T01:10:02Z VIOLATION DNS drift threat github.com: ['TRUTH_DNS_DOWN']
2026-07-04T01:10:04Z VIOLATION DNS drift threat github.com: ['TRUTH_DNS_DOWN']
2026-07-04T01:10:07Z VIOLATION DNS drift threat api.github.com: ['TRUTH_DNS_DOWN', 'TRUTH_STUB_DRIFT', 'TRUTH_SYSTEM_DRIFT']
2026-07-04T01:10:08Z VIOLATION DNS drift threat api.github.com: ['TRUTH_DNS_DOWN', 'TRUTH_STUB_DRIFT', 'TRUTH_SYSTEM_DRIFT']
2026-07-04T01:10:16Z VIOLATION DNS drift threat github.com: ['TRUTH_DNS_DOWN']
2026-07-04T01:10:17Z VIOLATION DNS drift threat github.com: ['TRUTH_DNS_DOWN', 'TRUTH_STUB_DRIFT', 'TRUTH_SYSTEM_DRIFT']
2026-07-04T01:10:20Z VIOLATION DNS drift threat api.github.com: ['TRUTH_DNS_DOWN', 'TRUTH_STUB_DRIFT', 'TRUTH_SYSTEM_DRIFT']
2026-07-04T01:10:21Z VIOLATION DNS drift threat api.github.com: ['TRUTH_DNS_DOWN', 'TRUTH_STUB_DRIFT', 'TRUTH_SYSTEM_DRIFT']
2026-07-04T01:10:25Z VIOLATION DNS drift threat github.com: ['TRUTH_DNS_DOWN', 'TRUTH_STUB_DRIFT', 'TRUTH_SYSTEM_DRIFT']
2026-07-04T01:10:25Z VIOLATION DNS drift threat github.com: ['TRUTH_DNS_DOWN', 'TRUTH_STUB_DRIFT', 'TRUTH_SYSTEM_DRIFT']
2026-07-04T01:10:27Z VIOLATION DNS drift threat api.github.com: ['TRUTH_DNS_DOWN', 'TRUTH_STUB_DRIFT', 'TRUTH_SYSTEM_DRIFT']
2026-07-04T01:10:31Z VIOLATION DNS drift threat github.com: ['TRUTH_DNS_DOWN', 'TRUTH_STUB_DRIFT', 'TRUTH_SYSTEM_DRIFT']
2026-07-04T01:10:31Z VIOLATION DNS drift threat ssh.github.com: ['TRUTH_DNS_DOWN', 'TRUTH_STUB_DRIFT', 'TRUTH_SYSTEM_DRIFT']
2026-07-04T01:10:42Z VIOLATION DNS drift threat github.com: ['TRUTH_DNS_DOWN', 'TRUTH_STUB_DRIFT', 'TRUTH_SYSTEM_DRIFT']
2026-07-04T01:10:45Z VIOLATION DNS drift threat github.com: ['TRUTH_DNS_DOWN', 'TRUTH_STUB_DRIFT', 'TRUTH_SYSTEM_DRIFT']
2026-07-04T01:10:45Z VIOLATION DNS drift threat github.com: ['TRUTH_DNS_DOWN', 'TRUTH_STUB_DRIFT', 'TRUTH_SYSTEM_DRIFT']
2026-07-04T01:10:47Z VIOLATION DNS drift threat api.github.com: ['TRUTH_DNS_DOWN', 'TRUTH_STUB_DRIFT', 'TRUTH_SYSTEM_DRIFT']
2026-07-04T01:10:48Z VIOLATION DNS drift threat github.com: ['TRUTH_DNS_DOWN', 'TRUTH_STUB_DRIFT', 'TRUTH_SYSTEM_DRIFT']
2026-07-04T01:10:48Z VIOLATION DNS drift threat api.github.com: ['TRUTH_DNS_DOWN', 'TRUTH_STUB_DRIFT', 'TRUTH_SYSTEM_DRIFT']
2026-07-04T01:10:49Z VIOLATION DNS drift threat ssh.github.com: ['TRUTH_DNS_DOWN', 'TRUTH_STUB_DRIFT', 'TRUTH_SYSTEM_DRIFT']
2026-07-04T01:10:51Z VIOLATION DNS drift threat api.github.com: ['TRUTH_DNS_DOWN', 'TRUTH_STUB_DRIFT', 'TRUTH_SYSTEM_DRIFT']
2026-07-04T01:11:28Z VIOLATION DNS drift threat github.com: ['TRUTH_DNS_DOWN']
2026-07-04T01:11:32Z VIOLATION DNS drift threat github.com: ['TRUTH_DNS_DOWN', 'TRUTH_STUB_DRIFT', 'TRUTH_SYSTEM_DRIFT']
2026-07-04T01:11:32Z VIOLATION DNS drift threat api.github.com: ['TRUTH_DNS_DOWN', 'TRUTH_STUB_DRIFT', 'TRUTH_SYSTEM_DRIFT']
2026-07-04T01:11:32Z VIOLATION DNS drift threat github.com: ['TRUTH_DNS_DOWN']
2026-07-04T01:11:34Z VIOLATION DNS drift threat api.github.com: ['TRUTH_DNS_DOWN', 'TRUTH_STUB_DRIFT', 'TRUTH_SYSTEM_DRIFT']
2026-07-04T01:11:35Z VIOLATION DNS drift threat api.github.com: ['TRUTH_DNS_DOWN', 'TRUTH_STUB_DRIFT', 'TRUTH_SYSTEM_DRIFT']
2026-07-04T01:11:36Z VIOLATION DNS drift threat ssh.github.com: ['TRUTH_DNS_DOWN', 'TRUTH_STUB_DRIFT', 'TRUTH_SYSTEM_DRIFT']
2026-07-04T01:11:37Z VIOLATION DNS drift threat ssh.github.com: ['TRUTH_DNS_DOWN', 'TRUTH_STUB_DRIFT', 'TRUTH_SYSTEM_DRIFT']
2026-07-04T01:11:38Z VIOLATION DNS drift threat github.com: ['TRUTH_DNS_DOWN', 'TRUTH_STUB_DRIFT', 'TRUTH_SYSTEM_DRIFT']
2026-07-04T01:11:41Z VIOLATION DNS drift threat api.github.com: ['TRUTH_DNS_DOWN', 'TRUTH_STUB_DRIFT', 'TRUTH_SYSTEM_DRIFT']
2026-07-04T01:11:50Z VIOLATION DNS drift threat github.com: ['TRUTH_DNS_DOWN', 'TRUTH_STUB_DRIFT', 'TRUTH_SYSTEM_DRIFT']
2026-07-04T01:11:52Z VIOLATION DNS drift threat github.com: ['TRUTH_DNS_DOWN']
2026-07-04T01:11:54Z VIOLATION DNS drift threat api.github.com: ['TRUTH_DNS_DOWN', 'TRUTH_STUB_DRIFT', 'TRUTH_SYSTEM_DRIFT']
2026-07-04T01:11:56Z VIOLATION DNS drift threat github.com: ['TRUTH_DNS_DOWN', 'TRUTH_STUB_DRIFT', 'TRUTH_SYSTEM_DRIFT']
2026-07-04T01:11:57Z VIOLATION DNS drift threat github.com: ['TRUTH_DNS_DOWN', 'TRUTH_STUB_DRIFT', 'TRUTH_SYSTEM_DRIFT']
2026-07-04T01:11:58Z VIOLATION DNS drift threat github.com: ['TRUTH_DNS_DOWN', 'TRUTH_STUB_DRIFT', 'TRUTH_SYSTEM_DRIFT']
2026-07-04T01:12:00Z VIOLATION DNS drift threat github.com: ['TRUTH_DNS_DOWN', 'TRUTH_STUB_DRIFT', 'TRUTH_SYSTEM_DRIFT']
2026-07-04T01:12:02Z VIOLATION DNS drift threat github.com: ['TRUTH_DNS_DOWN', 'TRUTH_STUB_DRIFT', 'TRUTH_SYSTEM_DRIFT']
2026-07-04T01:12:04Z VIOLATION DNS drift threat api.github.com: ['TRUTH_DNS_DOWN', 'TRUTH_STUB_DRIFT', 'TRUTH_SYSTEM_DRIFT']
2026-07-04T01:12:06Z VIOLATION DNS drift threat github.com: ['TRUTH_DNS_DOWN', 'TRUTH_STUB_DRIFT', 'TRUTH_SYSTEM_DRIFT']
2026-07-04T01:12:07Z VIOLATION DNS drift threat api.github.com: ['TRUTH_DNS_DOWN', 'TRUTH_STUB_DRIFT', 'TRUTH_SYSTEM_DRIFT']
2026-07-04T01:12:07Z VIOLATION DNS drift threat api.github.com: ['TRUTH_DNS_DOWN', 'TRUTH_STUB_DRIFT', 'TRUTH_SYSTEM_DRIFT']
2026-07-04T01:12:08Z VIOLATION DNS drift threat github.com: ['TRUTH_DNS_DOWN', 'TRUTH_STUB_DRIFT', 'TRUTH_SYSTEM_DRIFT']
2026-07-04T01:12:09Z VIOLATION DNS drift threat api.github.com: ['TRUTH_DNS_DOWN', 'TRUTH_STUB_DRIFT', 'TRUTH_SYSTEM_DRIFT']
2026-07-04T01:12:12Z VIOLATION DNS drift threat api.github.com: ['TRUTH_DNS_DOWN']
2026-07-04T01:12:16Z VIOLATION DNS drift threat github.com: ['TRUTH_DNS_DOWN', 'TRUTH_STUB_DRIFT', 'TRUTH_SYSTEM_DRIFT']
2026-07-04T01:12:48Z VIOLATION DNS drift threat github.com: ['TRUTH_DNS_DOWN', 'TRUTH_STUB_DRIFT', 'TRUTH_SYSTEM_DRIFT']
2026-07-04T01:12:52Z VIOLATION DNS drift threat api.github.com: ['TRUTH_DNS_DOWN', 'TRUTH_STUB_DRIFT', 'TRUTH_SYSTEM_DRIFT']
2026-07-04T01:12:55Z VIOLATION DNS drift threat github.com: ['TRUTH_DNS_DOWN', 'TRUTH_STUB_DRIFT', 'TRUTH_SYSTEM_DRIFT']
2026-07-04T01:12:59Z VIOLATION DNS drift threat github.com: ['TRUTH_DNS_DOWN', 'TRUTH_STUB_DRIFT', 'TRUTH_SYSTEM_DRIFT']
2026-07-04T01:13:01Z VIOLATION DNS drift threat github.com: ['TRUTH_DNS_DOWN', 'TRUTH_STUB_DRIFT', 'TRUTH_SYSTEM_DRIFT']
2026-07-04T01:13:04Z VIOLATION DNS drift threat github.com: ['TRUTH_DNS_DOWN', 'TRUTH_STUB_DRIFT', 'TRUTH_SYSTEM_DRIFT']
2026-07-04T01:13:04Z VIOLATION DNS drift threat api.github.com: ['TRUTH_DNS_DOWN', 'TRUTH_STUB_DRIFT', 'TRUTH_SYSTEM_DRIFT']
2026-07-04T01:13:06Z VIOLATION DNS drift threat api.github.com: ['TRUTH_DNS_DOWN', 'TRUTH_STUB_DRIFT', 'TRUTH_SYSTEM_DRIFT']
2026-07-04T01:13:07Z VIOLATION DNS drift threat github.com: ['TRUTH_DNS_DOWN', 'TRUTH_STUB_DRIFT', 'TRUTH_SYSTEM_DRIFT']
2026-07-04T01:13:08Z VIOLATION DNS drift threat api.github.com: ['TRUTH_DNS_DOWN', 'TRUTH_STUB_DRIFT', 'TRUTH_SYSTEM_DRIFT']
2026-07-04T01:13:09Z VIOLATION DNS drift threat github.com: ['TRUTH_DNS_DOWN', 'TRUTH_STUB_DRIFT', 'TRUTH_SYSTEM_DRIFT']
2026-07-04T01:13:09Z VIOLATION DNS drift threat api.github.com: ['TRUTH_DNS_DOWN', 'TRUTH_STUB_DRIFT', 'TRUTH_SYSTEM_DRIFT']
2026-07-04T01:13:14Z VIOLATION DNS drift threat ssh.github.com: ['TRUTH_DNS_DOWN', 'TRUTH_STUB_DRIFT', 'TRUTH_SYSTEM_DRIFT']
2026-07-04T01:13:15Z VIOLATION DNS drift threat api.github.com: ['TRUTH_DNS_DOWN', 'TRUTH_STUB_DRIFT', 'TRUTH_SYSTEM_DRIFT']
2026-07-04T01:13:33Z VIOLATION DNS drift threat github.com: ['TRUTH_DNS_DOWN', 'TRUTH_STUB_DRIFT', 'TRUTH_SYSTEM_DRIFT']
2026-07-04T01:13:39Z VIOLATION DNS drift threat github.com: ['TRUTH_DNS_DOWN', 'TRUTH_STUB_DRIFT', 'TRUTH_SYSTEM_DRIFT']
2026-07-04T01:13:42Z VIOLATION DNS drift threat github.com: ['TRUTH_DNS_DOWN', 'TRUTH_STUB_DRIFT', 'TRUTH_SYSTEM_DRIFT']
2026-07-04T01:13:43Z VIOLATION DNS drift threat github.com: ['TRUTH_DNS_DOWN', 'TRUTH_STUB_DRIFT', 'TRUTH_SYSTEM_DRIFT']
2026-07-04T01:13:45Z VIOLATION DNS drift threat github.com: ['TRUTH_DNS_DOWN', 'TRUTH_STUB_DRIFT', 'TRUTH_SYSTEM_DRIFT']
2026-07-04T01:13:47Z VIOLATION DNS drift threat api.github.com: ['TRUTH_DNS_DOWN', 'TRUTH_STUB_DRIFT', 'TRUTH_SYSTEM_DRIFT']
2026-07-04T01:13:55Z VIOLATION DNS drift threat github.com: ['TRUTH_DNS_DOWN', 'TRUTH_STUB_DRIFT', 'TRUTH_SYSTEM_DRIFT']
2026-07-04T01:13:58Z VIOLATION DNS drift threat api.github.com: ['TRUTH_DNS_DOWN', 'TRUTH_STUB_DRIFT', 'TRUTH_SYSTEM_DRIFT']
2026-07-04T01:14:32Z VIOLATION DNS drift threat github.com: ['TRUTH_DNS_DOWN']
2026-07-04T01:14:34Z VIOLATION DNS drift threat api.github.com: ['TRUTH_DNS_DOWN', 'TRUTH_STUB_DRIFT', 'TRUTH_SYSTEM_DRIFT']
2026-07-04T01:14:35Z VIOLATION DNS drift threat github.com: ['TRUTH_DNS_DOWN', 'TRUTH_STUB_DRIFT', 'TRUTH_SYSTEM_DRIFT']
2026-07-04T01:14:38Z VIOLATION DNS drift threat github.com: ['TRUTH_DNS_DOWN', 'TRUTH_STUB_DRIFT', 'TRUTH_SYSTEM_DRIFT']
2026-07-04T01:14:38Z VIOLATION DNS drift threat github.com: ['TRUTH_DNS_DOWN', 'TRUTH_STUB_DRIFT', 'TRUTH_SYSTEM_DRIFT']
2026-07-04T01:14:41Z VIOLATION DNS drift threat api.github.com: ['TRUTH_DNS_DOWN', 'TRUTH_STUB_DRIFT', 'TRUTH_SYSTEM_DRIFT']
2026-07-04T01:14:42Z VIOLATION DNS drift threat api.github.com: ['TRUTH_DNS_DOWN', 'TRUTH_STUB_DRIFT', 'TRUTH_SYSTEM_DRIFT']
2026-07-04T01:14:50Z VIOLATION DNS drift threat github.com: ['TRUTH_DNS_DOWN']
2026-07-04T01:14:51Z VIOLATION DNS drift threat github.com: ['TRUTH_DNS_DOWN', 'TRUTH_STUB_DRIFT', 'TRUTH_SYSTEM_DRIFT']
2026-07-04T01:14:54Z VIOLATION DNS drift threat api.github.com: ['TRUTH_DNS_DOWN', 'TRUTH_STUB_DRIFT', 'TRUTH_SYSTEM_DRIFT']
2026-07-04T01:14:56Z VIOLATION DNS drift threat api.github.com: ['TRUTH_DNS_DOWN', 'TRUTH_STUB_DRIFT', 'TRUTH_SYSTEM_DRIFT']
2026-07-04T01:15:00Z VIOLATION DNS drift threat github.com: ['TRUTH_DNS_DOWN']
2026-07-04T01:15:04Z VIOLATION DNS drift threat api.github.com: ['TRUTH_DNS_DOWN', 'TRUTH_STUB_DRIFT', 'TRUTH_SYSTEM_DRIFT']
2026-07-04T01:15:09Z VIOLATION DNS drift threat github.com: ['TRUTH_DNS_DOWN', 'TRUTH_STUB_DRIFT', 'TRUTH_SYSTEM_DRIFT']
2026-07-04T01:15:12Z VIOLATION DNS drift threat github.com: ['TRUTH_DNS_DOWN', 'TRUTH_STUB_DRIFT', 'TRUTH_SYSTEM_DRIFT']
2026-07-04T01:15:15Z VIOLATION DNS drift threat api.github.com: ['TRUTH_DNS_DOWN', 'TRUTH_STUB_DRIFT', 'TRUTH_SYSTEM_DRIFT']
2026-07-04T01:15:16Z VIOLATION DNS drift threat github.com: ['TRUTH_DNS_DOWN', 'TRUTH_STUB_DRIFT', 'TRUTH_SYSTEM_DRIFT']
2026-07-04T01:15:21Z VIOLATION DNS drift threat github.com: ['TRUTH_DNS_DOWN', 'TRUTH_STUB_DRIFT', 'TRUTH_SYSTEM_DRIFT']
2026-07-04T01:15:25Z VIOLATION DNS drift threat github.com: ['TRUTH_DNS_DOWN', 'TRUTH_STUB_DRIFT', 'TRUTH_SYSTEM_DRIFT']
2026-07-04T01:16:13Z VIOLATION DNS drift threat github.com: ['TRUTH_DNS_DOWN']
2026-07-04T01:16:16Z VIOLATION DNS drift threat github.com: ['TRUTH_DNS_DOWN', 'TRUTH_STUB_DRIFT', 'TRUTH_SYSTEM_DRIFT']
2026-07-04T01:16:19Z VIOLATION DNS drift threat github.com: ['TRUTH_DNS_DOWN', 'TRUTH_STUB_DRIFT', 'TRUTH_SYSTEM_DRIFT']
2026-07-04T01:16:20Z VIOLATION DNS drift threat github.com: ['TRUTH_DNS_DOWN', 'TRUTH_STUB_DRIFT', 'TRUTH_SYSTEM_DRIFT']
2026-07-04T01:16:26Z VIOLATION DNS drift threat github.com: ['TRUTH_DNS_DOWN', 'TRUTH_STUB_DRIFT', 'TRUTH_SYSTEM_DRIFT']
2026-07-04T01:16:31Z VIOLATION DNS drift threat api.github.com: ['TRUTH_DNS_DOWN', 'TRUTH_STUB_DRIFT', 'TRUTH_SYSTEM_DRIFT']
2026-07-04T01:16:33Z VIOLATION DNS drift threat github.com: ['TRUTH_DNS_DOWN', 'TRUTH_STUB_DRIFT', 'TRUTH_SYSTEM_DRIFT']
2026-07-04T01:16:37Z VIOLATION DNS drift threat github.com: ['TRUTH_DNS_DOWN', 'TRUTH_STUB_DRIFT', 'TRUTH_SYSTEM_DRIFT']
2026-07-04T01:16:41Z VIOLATION DNS drift threat github.com: ['TRUTH_DNS_DOWN']
2026-07-04T01:16:42Z VIOLATION DNS drift threat github.com: ['TRUTH_DNS_DOWN', 'TRUTH_STUB_DRIFT', 'TRUTH_SYSTEM_DRIFT']
2026-07-04T01:16:42Z VIOLATION DNS drift threat github.com: ['TRUTH_DNS_DOWN', 'TRUTH_STUB_DRIFT', 'TRUTH_SYSTEM_DRIFT']
2026-07-04T01:16:42Z VIOLATION DNS drift threat api.github.com: ['TRUTH_DNS_DOWN', 'TRUTH_STUB_DRIFT', 'TRUTH_SYSTEM_DRIFT']
2026-07-04T01:16:45Z VIOLATION DNS drift threat api.github.com: ['TRUTH_DNS_DOWN', 'TRUTH_STUB_DRIFT', 'TRUTH_SYSTEM_DRIFT']
2026-07-04T01:16:45Z VIOLATION DNS drift threat ssh.github.com: ['TRUTH_DNS_DOWN', 'TRUTH_STUB_DRIFT', 'TRUTH_SYSTEM_DRIFT']
2026-07-04T01:16:45Z VIOLATION DNS drift threat api.github.com: ['TRUTH_DNS_DOWN', 'TRUTH_STUB_DRIFT', 'TRUTH_SYSTEM_DRIFT']
2026-07-04T01:16:48Z VIOLATION DNS drift threat ssh.github.com: ['TRUTH_DNS_DOWN', 'TRUTH_STUB_DRIFT', 'TRUTH_SYSTEM_DRIFT']
2026-07-04T01:16:49Z VIOLATION DNS drift threat github.com: ['TRUTH_DNS_DOWN', 'TRUTH_STUB_DRIFT', 'TRUTH_SYSTEM_DRIFT']
2026-07-04T01:16:49Z VIOLATION DNS drift threat ssh.github.com: ['TRUTH_DNS_DOWN', 'TRUTH_STUB_DRIFT', 'TRUTH_SYSTEM_DRIFT']
2026-07-04T01:16:53Z VIOLATION DNS drift threat api.github.com: ['TRUTH_DNS_DOWN']
2026-07-04T01:16:54Z VIOLATION DNS drift threat github.com: ['TRUTH_DNS_DOWN', 'TRUTH_STUB_DRIFT', 'TRUTH_SYSTEM_DRIFT']
2026-07-04T01:17:41Z VIOLATION DNS drift threat github.com: ['TRUTH_DNS_DOWN', 'TRUTH_STUB_DRIFT', 'TRUTH_SYSTEM_DRIFT']
2026-07-04T01:17:45Z VIOLATION DNS drift threat api.github.com: ['TRUTH_DNS_DOWN', 'TRUTH_STUB_DRIFT', 'TRUTH_SYSTEM_DRIFT']
2026-07-04T01:17:47Z VIOLATION DNS drift threat github.com: ['TRUTH_DNS_DOWN', 'TRUTH_STUB_DRIFT', 'TRUTH_SYSTEM_DRIFT']
2026-07-04T01:17:48Z VIOLATION DNS drift threat github.com: ['TRUTH_DNS_DOWN', 'TRUTH_STUB_DRIFT', 'TRUTH_SYSTEM_DRIFT']
2026-07-04T01:17:53Z VIOLATION DNS drift threat github.com: ['TRUTH_DNS_DOWN']
2026-07-04T01:17:55Z VIOLATION DNS drift threat github.com: ['TRUTH_DNS_DOWN', 'TRUTH_STUB_DRIFT', 'TRUTH_SYSTEM_DRIFT']
2026-07-04T01:17:58Z VIOLATION DNS drift threat api.github.com: ['TRUTH_DNS_DOWN', 'TRUTH_STUB_DRIFT', 'TRUTH_SYSTEM_DRIFT']
2026-07-04T01:18:02Z VIOLATION DNS drift threat github.com: ['TRUTH_DNS_DOWN']
2026-07-04T01:18:07Z VIOLATION DNS drift threat api.github.com: ['TRUTH_DNS_DOWN', 'TRUTH_STUB_DRIFT', 'TRUTH_SYSTEM_DRIFT']
2026-07-04T01:18:22Z VIOLATION DNS drift threat github.com: ['TRUTH_DNS_DOWN', 'TRUTH_STUB_DRIFT', 'TRUTH_SYSTEM_DRIFT']
2026-07-04T01:18:25Z VIOLATION DNS drift threat github.com: ['TRUTH_DNS_DOWN']
2026-07-04T01:18:27Z VIOLATION DNS drift threat github.com: ['TRUTH_DNS_DOWN', 'TRUTH_STUB_DRIFT', 'TRUTH_SYSTEM_DRIFT']
2026-07-04T01:18:27Z VIOLATION DNS drift threat api.github.com: ['TRUTH_DNS_DOWN', 'TRUTH_STUB_DRIFT', 'TRUTH_SYSTEM_DRIFT']
2026-07-04T01:18:28Z VIOLATION DNS drift threat github.com: ['TRUTH_DNS_DOWN', 'TRUTH_STUB_DRIFT', 'TRUTH_SYSTEM_DRIFT']
2026-07-04T01:18:28Z VIOLATION DNS drift threat api.github.com: ['TRUTH_DNS_DOWN', 'TRUTH_STUB_DRIFT', 'TRUTH_SYSTEM_DRIFT']
2026-07-04T01:18:33Z VIOLATION DNS drift threat github.com: ['TRUTH_DNS_DOWN', 'TRUTH_STUB_DRIFT', 'TRUTH_SYSTEM_DRIFT']
2026-07-04T01:18:33Z VIOLATION DNS drift threat api.github.com: ['TRUTH_DNS_DOWN', 'TRUTH_STUB_DRIFT', 'TRUTH_SYSTEM_DRIFT']
2026-07-04T01:18:35Z VIOLATION DNS drift threat api.github.com: ['TRUTH_DNS_DOWN', 'TRUTH_STUB_DRIFT', 'TRUTH_SYSTEM_DRIFT']
2026-07-04T01:18:52Z VIOLATION DNS drift threat github.com: ['TRUTH_DNS_DOWN', 'TRUTH_STUB_DRIFT', 'TRUTH_SYSTEM_DRIFT']
2026-07-04T01:18:57Z VIOLATION DNS drift threat api.github.com: ['TRUTH_DNS_DOWN', 'TRUTH_STUB_DRIFT', 'TRUTH_SYSTEM_DRIFT']
2026-07-04T01:19:23Z VIOLATION DNS drift threat github.com: ['TRUTH_DNS_DOWN', 'TRUTH_STUB_DRIFT', 'TRUTH_SYSTEM_DRIFT']
2026-07-04T01:19:24Z VIOLATION DNS drift threat github.com: ['TRUTH_DNS_DOWN', 'TRUTH_STUB_DRIFT', 'TRUTH_SYSTEM_DRIFT']
2026-07-04T01:19:28Z VIOLATION DNS drift threat api.github.com: ['TRUTH_DNS_DOWN', 'TRUTH_STUB_DRIFT', 'TRUTH_SYSTEM_DRIFT']
2026-07-04T01:19:29Z VIOLATION DNS drift threat github.com: ['TRUTH_DNS_DOWN']
2026-07-04T01:19:29Z VIOLATION DNS drift threat github.com: ['TRUTH_DNS_DOWN']
2026-07-04T01:19:37Z VIOLATION DNS drift threat github.com: ['TRUTH_DNS_DOWN', 'TRUTH_STUB_DRIFT', 'TRUTH_SYSTEM_DRIFT']
2026-07-04T01:19:41Z VIOLATION DNS drift threat github.com: ['TRUTH_DNS_DOWN', 'TRUTH_STUB_DRIFT', 'TRUTH_SYSTEM_DRIFT']
2026-07-04T01:19:43Z VIOLATION DNS drift threat api.github.com: ['TRUTH_DNS_DOWN', 'TRUTH_STUB_DRIFT', 'TRUTH_SYSTEM_DRIFT']
2026-07-04T01:19:45Z VIOLATION DNS drift threat api.github.com: ['TRUTH_DNS_DOWN', 'TRUTH_STUB_DRIFT', 'TRUTH_SYSTEM_DRIFT']
2026-07-04T01:19:53Z VIOLATION DNS drift threat github.com: ['TRUTH_DNS_DOWN']
2026-07-04T01:19:57Z VIOLATION DNS drift threat github.com: ['TRUTH_DNS_DOWN', 'TRUTH_STUB_DRIFT', 'TRUTH_SYSTEM_DRIFT']
2026-07-04T01:19:58Z VIOLATION DNS drift threat github.com: ['TRUTH_DNS_DOWN', 'TRUTH_STUB_DRIFT', 'TRUTH_SYSTEM_DRIFT']
2026-07-04T01:20:02Z VIOLATION DNS drift threat api.github.com: ['TRUTH_DNS_DOWN', 'TRUTH_STUB_DRIFT', 'TRUTH_SYSTEM_DRIFT']
2026-07-04T01:20:03Z VIOLATION DNS drift threat api.github.com: ['TRUTH_DNS_DOWN', 'TRUTH_STUB_DRIFT', 'TRUTH_SYSTEM_DRIFT']
2026-07-04T01:20:05Z VIOLATION DNS drift threat ssh.github.com: ['TRUTH_DNS_DOWN', 'TRUTH_STUB_DRIFT', 'TRUTH_SYSTEM_DRIFT']
2026-07-04T01:20:09Z VIOLATION DNS drift threat github.com: ['TRUTH_DNS_DOWN']
2026-07-04T01:20:14Z VIOLATION DNS drift threat api.github.com: ['TRUTH_DNS_DOWN', 'TRUTH_STUB_DRIFT', 'TRUTH_SYSTEM_DRIFT']
2026-07-04T01:20:19Z VIOLATION DNS drift threat github.com: ['TRUTH_DNS_DOWN', 'TRUTH_STUB_DRIFT', 'TRUTH_SYSTEM_DRIFT']
2026-07-04T01:20:24Z VIOLATION DNS drift threat api.github.com: ['TRUTH_DNS_DOWN', 'TRUTH_STUB_DRIFT', 'TRUTH_SYSTEM_DRIFT']
2026-07-04T01:20:31Z VIOLATION DNS drift threat github.com: ['TRUTH_DNS_DOWN', 'TRUTH_STUB_DRIFT', 'TRUTH_SYSTEM_DRIFT']
2026-07-04T01:20:54Z VIOLATION DNS drift threat github.com: ['TRUTH_STUB_DRIFT', 'TRUTH_SYSTEM_DRIFT']
2026-07-04T01:21:04Z VIOLATION DNS drift threat github.com: ['TRUTH_STUB_DRIFT', 'TRUTH_SYSTEM_DRIFT']
2026-07-04T01:21:06Z VIOLATION DNS drift threat github.com: ['TRUTH_STUB_DRIFT', 'TRUTH_SYSTEM_DRIFT']
2026-07-04T01:21:06Z VIOLATION DNS drift threat github.com: ['TRUTH_STUB_DRIFT', 'TRUTH_SYSTEM_DRIFT']
2026-07-04T01:21:22Z VIOLATION DNS drift threat github.com: ['TRUTH_STUB_DRIFT', 'TRUTH_SYSTEM_DRIFT']
2026-07-04T01:21:23Z VIOLATION DNS drift threat github.com: ['TRUTH_STUB_DRIFT', 'TRUTH_SYSTEM_DRIFT']
2026-07-04T01:21:25Z VIOLATION DNS drift threat api.github.com: ['TRUTH_STUB_DRIFT', 'TRUTH_SYSTEM_DRIFT']
2026-07-04T01:21:27Z VIOLATION DNS drift threat api.github.com: ['TRUTH_STUB_DRIFT', 'TRUTH_SYSTEM_DRIFT']
2026-07-04T01:21:30Z VIOLATION DNS drift threat ssh.github.com: ['TRUTH_STUB_DRIFT', 'TRUTH_SYSTEM_DRIFT']
2026-07-04T01:21:31Z VIOLATION DNS drift threat github.com: ['TRUTH_STUB_DRIFT', 'TRUTH_SYSTEM_DRIFT']
2026-07-04T01:21:32Z VIOLATION DNS drift threat github.com: ['TRUTH_STUB_DRIFT', 'TRUTH_SYSTEM_DRIFT']
2026-07-04T01:21:32Z VIOLATION DNS drift threat github.com: ['TRUTH_STUB_DRIFT', 'TRUTH_SYSTEM_DRIFT']
2026-07-04T01:21:35Z VIOLATION DNS drift threat api.github.com: ['TRUTH_STUB_DRIFT', 'TRUTH_SYSTEM_DRIFT']
2026-07-04T01:21:37Z VIOLATION DNS drift threat api.github.com: ['TRUTH_STUB_DRIFT', 'TRUTH_SYSTEM_DRIFT']
2026-07-04T01:21:39Z VIOLATION DNS drift threat api.github.com: ['TRUTH_STUB_DRIFT', 'TRUTH_SYSTEM_DRIFT']
2026-07-04T01:21:47Z VIOLATION DNS drift threat github.com: ['TRUTH_STUB_DRIFT', 'TRUTH_SYSTEM_DRIFT']
2026-07-04T01:21:48Z VIOLATION DNS drift threat github.com: ['TRUTH_STUB_DRIFT', 'TRUTH_SYSTEM_DRIFT']
2026-07-04T01:21:52Z VIOLATION DNS drift threat api.github.com: ['TRUTH_STUB_DRIFT', 'TRUTH_SYSTEM_DRIFT']
2026-07-04T01:22:12Z VIOLATION DNS drift threat github.com: ['TRUTH_STUB_DRIFT', 'TRUTH_SYSTEM_DRIFT']
2026-07-04T01:22:18Z VIOLATION DNS drift threat github.com: ['TRUTH_STUB_DRIFT', 'TRUTH_SYSTEM_DRIFT']
2026-07-04T01:22:40Z VIOLATION DNS drift threat github.com: ['TRUTH_STUB_DRIFT', 'TRUTH_SYSTEM_DRIFT']
2026-07-04T01:22:45Z VIOLATION DNS drift threat github.com: ['TRUTH_STUB_DRIFT', 'TRUTH_SYSTEM_DRIFT']
2026-07-04T01:22:48Z VIOLATION DNS drift threat github.com: ['TRUTH_STUB_DRIFT', 'TRUTH_SYSTEM_DRIFT']
2026-07-04T01:22:53Z VIOLATION DNS drift threat github.com: ['TRUTH_STUB_DRIFT', 'TRUTH_SYSTEM_DRIFT']
2026-07-04T01:23:06Z VIOLATION DNS drift threat github.com: ['TRUTH_STUB_DRIFT', 'TRUTH_SYSTEM_DRIFT']
2026-07-04T01:23:08Z VIOLATION DNS drift threat github.com: ['TRUTH_STUB_DRIFT', 'TRUTH_SYSTEM_DRIFT']
2026-07-04T01:23:09Z VIOLATION DNS drift threat github.com: ['TRUTH_STUB_DRIFT', 'TRUTH_SYSTEM_DRIFT']
2026-07-04T01:23:12Z VIOLATION DNS drift threat github.com: ['TRUTH_STUB_DRIFT', 'TRUTH_SYSTEM_DRIFT']
2026-07-04T01:23:14Z VIOLATION DNS drift threat api.github.com: ['TRUTH_STUB_DRIFT', 'TRUTH_SYSTEM_DRIFT']
2026-07-04T01:23:22Z VIOLATION DNS drift threat github.com: ['TRUTH_STUB_DRIFT', 'TRUTH_SYSTEM_DRIFT']
2026-07-04T01:23:25Z VIOLATION DNS drift threat api.github.com: ['TRUTH_STUB_DRIFT', 'TRUTH_SYSTEM_DRIFT']
2026-07-04T01:23:29Z VIOLATION DNS drift threat ssh.github.com: ['TRUTH_STUB_DRIFT', 'TRUTH_SYSTEM_DRIFT']
2026-07-04T01:23:40Z VIOLATION DNS drift threat api.github.com: ['TRUTH_STUB_DRIFT', 'TRUTH_SYSTEM_DRIFT']
2026-07-04T01:23:45Z VIOLATION DNS drift threat ssh.github.com: ['TRUTH_STUB_DRIFT', 'TRUTH_SYSTEM_DRIFT']
2026-07-04T01:24:01Z VIOLATION DNS drift threat api.github.com: ['TRUTH_STUB_DRIFT', 'TRUTH_SYSTEM_DRIFT']
2026-07-04T01:24:05Z VIOLATION DNS drift threat api.github.com: ['TRUTH_STUB_DRIFT', 'TRUTH_SYSTEM_DRIFT']
2026-07-04T01:24:24Z VIOLATION DNS drift threat github.com: ['TRUTH_STUB_DRIFT', 'TRUTH_SYSTEM_DRIFT']
2026-07-04T01:24:26Z VIOLATION DNS drift threat github.com: ['TRUTH_STUB_DRIFT', 'TRUTH_SYSTEM_DRIFT']
2026-07-04T01:24:27Z VIOLATION DNS drift threat api.github.com: ['TRUTH_STUB_DRIFT', 'TRUTH_SYSTEM_DRIFT']
2026-07-04T01:24:30Z VIOLATION DNS drift threat api.github.com: ['TRUTH_STUB_DRIFT', 'TRUTH_SYSTEM_DRIFT']
2026-07-04T01:24:37Z VIOLATION DNS drift threat github.com: ['TRUTH_STUB_DRIFT', 'TRUTH_SYSTEM_DRIFT']
2026-07-04T01:24:39Z VIOLATION DNS drift threat github.com: ['TRUTH_STUB_DRIFT', 'TRUTH_SYSTEM_DRIFT']
2026-07-04T01:24:42Z VIOLATION DNS drift threat api.github.com: ['TRUTH_STUB_DRIFT', 'TRUTH_SYSTEM_DRIFT']
2026-07-04T01:24:43Z VIOLATION DNS drift threat github.com: ['TRUTH_STUB_DRIFT', 'TRUTH_SYSTEM_DRIFT']
2026-07-04T01:24:43Z VIOLATION DNS drift threat api.github.com: ['TRUTH_STUB_DRIFT', 'TRUTH_SYSTEM_DRIFT']
2026-07-04T01:24:48Z VIOLATION DNS drift threat api.github.com: ['TRUTH_STUB_DRIFT', 'TRUTH_SYSTEM_DRIFT']
2026-07-04T01:24:50Z VIOLATION DNS drift threat github.com: ['TRUTH_STUB_DRIFT', 'TRUTH_SYSTEM_DRIFT']
2026-07-04T01:24:51Z VIOLATION DNS drift threat github.com: ['TRUTH_STUB_DRIFT', 'TRUTH_SYSTEM_DRIFT']
2026-07-04T01:24:52Z VIOLATION DNS drift threat api.github.com: ['TRUTH_STUB_DRIFT', 'TRUTH_SYSTEM_DRIFT']
2026-07-04T01:24:55Z VIOLATION DNS drift threat api.github.com: ['TRUTH_STUB_DRIFT', 'TRUTH_SYSTEM_DRIFT']
2026-07-04T01:25:14Z VIOLATION DNS drift threat github.com: ['TRUTH_STUB_DRIFT', 'TRUTH_SYSTEM_DRIFT']
2026-07-04T01:25:19Z VIOLATION DNS drift threat api.github.com: ['TRUTH_STUB_DRIFT', 'TRUTH_SYSTEM_DRIFT']
2026-07-04T01:25:21Z VIOLATION DNS drift threat github.com: ['TRUTH_STUB_DRIFT', 'TRUTH_SYSTEM_DRIFT']
2026-07-04T01:25:34Z VIOLATION DNS drift threat github.com: ['TRUTH_STUB_DRIFT', 'TRUTH_SYSTEM_DRIFT']
2026-07-04T01:25:47Z VIOLATION DNS drift threat github.com: ['TRUTH_STUB_DRIFT', 'TRUTH_SYSTEM_DRIFT']
2026-07-04T01:25:49Z VIOLATION DNS drift threat github.com: ['TRUTH_STUB_DRIFT', 'TRUTH_SYSTEM_DRIFT']
2026-07-04T01:26:00Z VIOLATION DNS drift threat github.com: ['TRUTH_STUB_DRIFT', 'TRUTH_SYSTEM_DRIFT']
2026-07-04T01:26:04Z VIOLATION DNS drift threat api.github.com: ['TRUTH_STUB_DRIFT', 'TRUTH_SYSTEM_DRIFT']
2026-07-04T01:26:11Z VIOLATION DNS drift threat github.com: ['TRUTH_STUB_DRIFT', 'TRUTH_SYSTEM_DRIFT']
2026-07-04T01:26:16Z VIOLATION DNS drift threat github.com: ['TRUTH_STUB_DRIFT', 'TRUTH_SYSTEM_DRIFT']
2026-07-04T01:26:16Z VIOLATION DNS drift threat api.github.com: ['TRUTH_STUB_DRIFT', 'TRUTH_SYSTEM_DRIFT']
2026-07-04T01:26:19Z VIOLATION DNS drift threat github.com: ['TRUTH_STUB_DRIFT', 'TRUTH_SYSTEM_DRIFT']
2026-07-04T01:26:22Z VIOLATION DNS drift threat github.com: ['TRUTH_STUB_DRIFT', 'TRUTH_SYSTEM_DRIFT']
2026-07-04T01:26:24Z VIOLATION DNS drift threat api.github.com: ['TRUTH_STUB_DRIFT', 'TRUTH_SYSTEM_DRIFT']
2026-07-04T01:26:30Z VIOLATION DNS drift threat github.com: ['TRUTH_STUB_DRIFT', 'TRUTH_SYSTEM_DRIFT']
2026-07-04T01:26:33Z VIOLATION DNS drift threat api.github.com: ['TRUTH_STUB_DRIFT', 'TRUTH_SYSTEM_DRIFT']
2026-07-04T01:26:36Z VIOLATION DNS drift threat github.com: ['TRUTH_STUB_DRIFT', 'TRUTH_SYSTEM_DRIFT']
2026-07-04T01:26:42Z VIOLATION DNS drift threat api.github.com: ['TRUTH_STUB_DRIFT', 'TRUTH_SYSTEM_DRIFT']
2026-07-04T01:26:47Z VIOLATION DNS drift threat github.com: ['TRUTH_STUB_DRIFT', 'TRUTH_SYSTEM_DRIFT']
2026-07-04T01:26:51Z VIOLATION DNS drift threat github.com: ['TRUTH_STUB_DRIFT', 'TRUTH_SYSTEM_DRIFT']
2026-07-04T01:26:56Z VIOLATION DNS drift threat api.github.com: ['TRUTH_STUB_DRIFT', 'TRUTH_SYSTEM_DRIFT']
2026-07-04T01:27:17Z VIOLATION DNS drift threat github.com: ['TRUTH_STUB_DRIFT', 'TRUTH_SYSTEM_DRIFT']
2026-07-04T01:27:22Z VIOLATION DNS drift threat api.github.com: ['TRUTH_STUB_DRIFT', 'TRUTH_SYSTEM_DRIFT']
2026-07-04T01:27:39Z VIOLATION DNS drift threat github.com: ['TRUTH_STUB_DRIFT', 'TRUTH_SYSTEM_DRIFT']
2026-07-04T01:27:42Z VIOLATION DNS drift threat github.com: ['TRUTH_STUB_DRIFT', 'TRUTH_SYSTEM_DRIFT']
2026-07-04T01:27:42Z VIOLATION DNS drift threat api.github.com: ['TRUTH_STUB_DRIFT', 'TRUTH_SYSTEM_DRIFT']
2026-07-04T01:27:44Z VIOLATION DNS drift threat github.com: ['TRUTH_STUB_DRIFT', 'TRUTH_SYSTEM_DRIFT']
2026-07-04T01:27:45Z VIOLATION DNS drift threat github.com: ['TRUTH_STUB_DRIFT', 'TRUTH_SYSTEM_DRIFT']
2026-07-04T01:27:45Z VIOLATION DNS drift threat api.github.com: ['TRUTH_STUB_DRIFT', 'TRUTH_SYSTEM_DRIFT']
2026-07-04T01:27:50Z VIOLATION DNS drift threat github.com: ['TRUTH_STUB_DRIFT', 'TRUTH_SYSTEM_DRIFT']
2026-07-04T01:27:52Z VIOLATION DNS drift threat ssh.github.com: ['TRUTH_STUB_DRIFT', 'TRUTH_SYSTEM_DRIFT']
2026-07-04T01:27:55Z VIOLATION DNS drift threat api.github.com: ['TRUTH_STUB_DRIFT', 'TRUTH_SYSTEM_DRIFT']
2026-07-04T01:28:01Z VIOLATION DNS drift threat github.com: ['TRUTH_STUB_DRIFT', 'TRUTH_SYSTEM_DRIFT']
2026-07-04T01:28:01Z VIOLATION DNS drift threat github.com: ['TRUTH_STUB_DRIFT', 'TRUTH_SYSTEM_DRIFT']
2026-07-04T01:28:01Z VIOLATION DNS drift threat github.com: ['TRUTH_STUB_DRIFT', 'TRUTH_SYSTEM_DRIFT']
2026-07-04T01:28:05Z VIOLATION DNS drift threat api.github.com: ['TRUTH_STUB_DRIFT', 'TRUTH_SYSTEM_DRIFT']
2026-07-04T01:28:10Z VIOLATION DNS drift threat github.com: ['TRUTH_STUB_DRIFT', 'TRUTH_SYSTEM_DRIFT']
2026-07-04T01:28:22Z VIOLATION DNS drift threat github.com: ['TRUTH_STUB_DRIFT', 'TRUTH_SYSTEM_DRIFT']
2026-07-04T01:28:23Z VIOLATION DNS drift threat github.com: ['TRUTH_STUB_DRIFT', 'TRUTH_SYSTEM_DRIFT']
2026-07-04T01:28:30Z VIOLATION DNS drift threat api.github.com: ['TRUTH_STUB_DRIFT', 'TRUTH_SYSTEM_DRIFT']
2026-07-04T01:28:57Z VIOLATION DNS drift threat github.com: ['TRUTH_STUB_DRIFT', 'TRUTH_SYSTEM_DRIFT']
2026-07-04T01:28:59Z VIOLATION DNS drift threat github.com: ['TRUTH_STUB_DRIFT', 'TRUTH_SYSTEM_DRIFT']
2026-07-04T01:29:01Z VIOLATION DNS drift threat api.github.com: ['TRUTH_STUB_DRIFT', 'TRUTH_SYSTEM_DRIFT']
2026-07-04T01:29:09Z VIOLATION DNS drift threat github.com: ['TRUTH_STUB_DRIFT', 'TRUTH_SYSTEM_DRIFT']
2026-07-04T01:29:14Z VIOLATION DNS drift threat github.com: ['TRUTH_STUB_DRIFT', 'TRUTH_SYSTEM_DRIFT']
2026-07-04T01:29:20Z VIOLATION DNS drift threat github.com: ['TRUTH_STUB_DRIFT', 'TRUTH_SYSTEM_DRIFT']
2026-07-04T01:29:20Z VIOLATION DNS drift threat api.github.com: ['TRUTH_STUB_DRIFT', 'TRUTH_SYSTEM_DRIFT']
2026-07-04T01:29:20Z VIOLATION DNS drift threat github.com: ['TRUTH_STUB_DRIFT', 'TRUTH_SYSTEM_DRIFT']
2026-07-04T01:29:22Z VIOLATION DNS drift threat github.com: ['TRUTH_STUB_DRIFT', 'TRUTH_SYSTEM_DRIFT']
2026-07-04T01:29:24Z VIOLATION DNS drift threat api.github.com: ['TRUTH_STUB_DRIFT', 'TRUTH_SYSTEM_DRIFT']
2026-07-04T01:29:26Z VIOLATION DNS drift threat api.github.com: ['TRUTH_STUB_DRIFT', 'TRUTH_SYSTEM_DRIFT']
2026-07-04T01:29:26Z VIOLATION DNS drift threat api.github.com: ['TRUTH_STUB_DRIFT', 'TRUTH_SYSTEM_DRIFT']
2026-07-04T01:29:33Z VIOLATION DNS drift threat github.com: ['TRUTH_STUB_DRIFT', 'TRUTH_SYSTEM_DRIFT']
2026-07-04T01:29:44Z VIOLATION DNS drift threat github.com: ['TRUTH_STUB_DRIFT', 'TRUTH_SYSTEM_DRIFT']
2026-07-04T01:29:47Z VIOLATION DNS drift threat github.com: ['TRUTH_STUB_DRIFT', 'TRUTH_SYSTEM_DRIFT']
2026-07-04T01:29:50Z VIOLATION DNS drift threat api.github.com: ['TRUTH_STUB_DRIFT', 'TRUTH_SYSTEM_DRIFT']
2026-07-04T01:29:52Z VIOLATION DNS drift threat api.github.com: ['TRUTH_STUB_DRIFT', 'TRUTH_SYSTEM_DRIFT']
2026-07-04T01:29:54Z VIOLATION DNS drift threat github.com: ['TRUTH_STUB_DRIFT', 'TRUTH_SYSTEM_DRIFT']
2026-07-04T01:29:58Z VIOLATION DNS drift threat api.github.com: ['TRUTH_STUB_DRIFT', 'TRUTH_SYSTEM_DRIFT']
2026-07-04T01:30:11Z VIOLATION DNS drift threat github.com: ['TRUTH_STUB_DRIFT', 'TRUTH_SYSTEM_DRIFT']
2026-07-04T01:30:14Z VIOLATION DNS drift threat api.github.com: ['TRUTH_STUB_DRIFT', 'TRUTH_SYSTEM_DRIFT']
2026-07-04T01:30:24Z VIOLATION DNS drift threat github.com: ['TRUTH_STUB_DRIFT', 'TRUTH_SYSTEM_DRIFT']
2026-07-04T01:30:31Z VIOLATION DNS drift threat github.com: ['TRUTH_STUB_DRIFT', 'TRUTH_SYSTEM_DRIFT']
2026-07-04T01:30:35Z VIOLATION DNS drift threat api.github.com: ['TRUTH_STUB_DRIFT', 'TRUTH_SYSTEM_DRIFT']
2026-07-04T01:30:40Z VIOLATION DNS drift threat github.com: ['TRUTH_STUB_DRIFT', 'TRUTH_SYSTEM_DRIFT']
2026-07-04T01:30:45Z VIOLATION DNS drift threat api.github.com: ['TRUTH_STUB_DRIFT', 'TRUTH_SYSTEM_DRIFT']
2026-07-04T01:30:58Z VIOLATION DNS drift threat github.com: ['TRUTH_STUB_DRIFT', 'TRUTH_SYSTEM_DRIFT']
2026-07-04T01:31:00Z VIOLATION DNS drift threat github.com: ['TRUTH_STUB_DRIFT', 'TRUTH_SYSTEM_DRIFT']
2026-07-04T01:31:01Z VIOLATION DNS drift threat api.github.com: ['TRUTH_STUB_DRIFT', 'TRUTH_SYSTEM_DRIFT']
2026-07-04T01:31:06Z VIOLATION DNS drift threat api.github.com: ['TRUTH_STUB_DRIFT', 'TRUTH_SYSTEM_DRIFT']
2026-07-04T01:31:06Z VIOLATION DNS drift threat github.com: ['TRUTH_STUB_DRIFT', 'TRUTH_SYSTEM_DRIFT']
2026-07-04T01:31:07Z VIOLATION DNS drift threat github.com: ['TRUTH_STUB_DRIFT', 'TRUTH_SYSTEM_DRIFT']
2026-07-04T01:31:10Z VIOLATION DNS drift threat api.github.com: ['TRUTH_STUB_DRIFT', 'TRUTH_SYSTEM_DRIFT']
2026-07-04T01:31:13Z VIOLATION DNS drift threat api.github.com: ['TRUTH_STUB_DRIFT', 'TRUTH_SYSTEM_DRIFT']
2026-07-04T01:31:20Z VIOLATION DNS drift threat github.com: ['TRUTH_STUB_DRIFT', 'TRUTH_SYSTEM_DRIFT']
2026-07-04T01:31:23Z VIOLATION DNS drift threat github.com: ['TRUTH_STUB_DRIFT', 'TRUTH_SYSTEM_DRIFT']
2026-07-04T01:31:24Z VIOLATION DNS drift threat github.com: ['TRUTH_STUB_DRIFT', 'TRUTH_SYSTEM_DRIFT']
2026-07-04T01:31:26Z VIOLATION DNS drift threat api.github.com: ['TRUTH_STUB_DRIFT', 'TRUTH_SYSTEM_DRIFT']
2026-07-04T01:31:27Z VIOLATION DNS drift threat api.github.com: ['TRUTH_STUB_DRIFT', 'TRUTH_SYSTEM_DRIFT']
2026-07-04T01:31:28Z VIOLATION DNS drift threat api.github.com: ['TRUTH_STUB_DRIFT', 'TRUTH_SYSTEM_DRIFT']
2026-07-04T01:31:30Z VIOLATION DNS drift threat ssh.github.com: ['TRUTH_STUB_DRIFT', 'TRUTH_SYSTEM_DRIFT']
2026-07-04T01:31:43Z VIOLATION DNS drift threat github.com: ['TRUTH_STUB_DRIFT', 'TRUTH_SYSTEM_DRIFT']
2026-07-04T01:31:47Z VIOLATION DNS drift threat github.com: ['TRUTH_STUB_DRIFT', 'TRUTH_SYSTEM_DRIFT']
2026-07-04T01:31:48Z VIOLATION DNS drift threat api.github.com: ['TRUTH_STUB_DRIFT', 'TRUTH_SYSTEM_DRIFT']
2026-07-04T01:31:53Z VIOLATION DNS drift threat api.github.com: ['TRUTH_STUB_DRIFT', 'TRUTH_SYSTEM_DRIFT']
2026-07-04T01:31:56Z VIOLATION DNS drift threat github.com: ['TRUTH_STUB_DRIFT', 'TRUTH_SYSTEM_DRIFT']
2026-07-04T01:32:36Z VIOLATION DNS drift threat github.com: ['TRUTH_STUB_DRIFT', 'TRUTH_SYSTEM_DRIFT']
2026-07-04T01:32:39Z VIOLATION DNS drift threat github.com: ['TRUTH_STUB_DRIFT', 'TRUTH_SYSTEM_DRIFT']
2026-07-04T01:32:40Z VIOLATION DNS drift threat github.com: ['TRUTH_STUB_DRIFT', 'TRUTH_SYSTEM_DRIFT']
2026-07-04T01:32:41Z VIOLATION DNS drift threat github.com: ['TRUTH_STUB_DRIFT', 'TRUTH_SYSTEM_DRIFT']
2026-07-04T01:32:46Z VIOLATION DNS drift threat github.com: ['TRUTH_STUB_DRIFT', 'TRUTH_SYSTEM_DRIFT']
2026-07-04T01:32:46Z VIOLATION DNS drift threat github.com: ['TRUTH_STUB_DRIFT', 'TRUTH_SYSTEM_DRIFT']
2026-07-04T01:32:47Z VIOLATION DNS drift threat github.com: ['TRUTH_STUB_DRIFT', 'TRUTH_SYSTEM_DRIFT']
2026-07-04T01:33:03Z VIOLATION DNS drift threat github.com: ['TRUTH_STUB_DRIFT', 'TRUTH_SYSTEM_DRIFT']
2026-07-04T01:33:07Z VIOLATION DNS drift threat github.com: ['TRUTH_STUB_DRIFT', 'TRUTH_SYSTEM_DRIFT']
2026-07-04T01:33:09Z VIOLATION DNS drift threat api.github.com: ['TRUTH_STUB_DRIFT', 'TRUTH_SYSTEM_DRIFT']
2026-07-04T01:33:11Z VIOLATION DNS drift threat api.github.com: ['TRUTH_STUB_DRIFT', 'TRUTH_SYSTEM_DRIFT']
2026-07-04T01:33:14Z VIOLATION DNS drift threat github.com: ['TRUTH_STUB_DRIFT', 'TRUTH_SYSTEM_DRIFT']
2026-07-04T01:33:17Z VIOLATION DNS drift threat github.com: ['TRUTH_STUB_DRIFT', 'TRUTH_SYSTEM_DRIFT']
2026-07-04T01:33:19Z VIOLATION DNS drift threat api.github.com: ['TRUTH_STUB_DRIFT', 'TRUTH_SYSTEM_DRIFT']
2026-07-04T01:33:22Z VIOLATION DNS drift threat api.github.com: ['TRUTH_STUB_DRIFT', 'TRUTH_SYSTEM_DRIFT']
2026-07-04T01:33:28Z VIOLATION DNS drift threat github.com: ['TRUTH_STUB_DRIFT', 'TRUTH_SYSTEM_DRIFT']
2026-07-04T01:33:32Z VIOLATION DNS drift threat api.github.com: ['TRUTH_STUB_DRIFT', 'TRUTH_SYSTEM_DRIFT']
2026-07-04T01:33:46Z VIOLATION DNS drift threat github.com: ['TRUTH_STUB_DRIFT', 'TRUTH_SYSTEM_DRIFT']
2026-07-04T01:34:08Z VIOLATION DNS drift threat github.com: ['TRUTH_STUB_DRIFT', 'TRUTH_SYSTEM_DRIFT']
2026-07-04T01:34:11Z VIOLATION DNS drift threat api.github.com: ['TRUTH_STUB_DRIFT', 'TRUTH_SYSTEM_DRIFT']
2026-07-04T01:34:17Z VIOLATION DNS drift threat github.com: ['TRUTH_STUB_DRIFT', 'TRUTH_SYSTEM_DRIFT']
2026-07-04T01:34:17Z VIOLATION DNS drift threat github.com: ['TRUTH_STUB_DRIFT', 'TRUTH_SYSTEM_DRIFT']
2026-07-04T01:34:19Z VIOLATION DNS drift threat github.com: ['TRUTH_STUB_DRIFT', 'TRUTH_SYSTEM_DRIFT']
2026-07-04T01:34:23Z VIOLATION DNS drift threat github.com: ['TRUTH_STUB_DRIFT', 'TRUTH_SYSTEM_DRIFT']
2026-07-04T01:34:27Z VIOLATION DNS drift threat api.github.com: ['TRUTH_STUB_DRIFT', 'TRUTH_SYSTEM_DRIFT']
2026-07-04T01:34:33Z VIOLATION DNS drift threat github.com: ['TRUTH_STUB_DRIFT', 'TRUTH_SYSTEM_DRIFT']
2026-07-04T01:34:38Z VIOLATION DNS drift threat api.github.com: ['TRUTH_STUB_DRIFT', 'TRUTH_SYSTEM_DRIFT']
2026-07-04T01:34:44Z VIOLATION DNS drift threat github.com: ['TRUTH_STUB_DRIFT', 'TRUTH_SYSTEM_DRIFT']
2026-07-04T01:34:52Z VIOLATION DNS drift threat api.github.com: ['TRUTH_STUB_DRIFT', 'TRUTH_SYSTEM_DRIFT']
2026-07-04T01:34:58Z VIOLATION DNS drift threat github.com: ['TRUTH_STUB_DRIFT', 'TRUTH_SYSTEM_DRIFT']
2026-07-04T01:35:08Z VIOLATION DNS drift threat github.com: ['TRUTH_STUB_DRIFT', 'TRUTH_SYSTEM_DRIFT']
2026-07-04T01:35:45Z VIOLATION DNS drift threat ssh.github.com: ['TRUTH_STUB_DRIFT', 'TRUTH_SYSTEM_DRIFT']
2026-07-04T01:35:51Z VIOLATION DNS drift threat ssh.github.com: ['TRUTH_STUB_DRIFT', 'TRUTH_SYSTEM_DRIFT']
2026-07-04T01:36:00Z VIOLATION DNS drift threat github.com: ['TRUTH_STUB_DRIFT', 'TRUTH_SYSTEM_DRIFT']
2026-07-04T01:36:14Z VIOLATION DNS drift threat github.com: ['TRUTH_STUB_DRIFT', 'TRUTH_SYSTEM_DRIFT']
2026-07-04T01:36:21Z VIOLATION DNS drift threat github.com: ['TRUTH_STUB_DRIFT', 'TRUTH_SYSTEM_DRIFT']
2026-07-04T01:36:23Z VIOLATION DNS drift threat ssh.github.com: ['TRUTH_STUB_DRIFT', 'TRUTH_SYSTEM_DRIFT']
2026-07-04T01:36:27Z VIOLATION DNS drift threat github.com: ['TRUTH_STUB_DRIFT', 'TRUTH_SYSTEM_DRIFT']
2026-07-04T01:36:30Z VIOLATION DNS drift threat github.com: ['TRUTH_STUB_DRIFT', 'TRUTH_SYSTEM_DRIFT']
2026-07-04T01:36:31Z VIOLATION DNS drift threat github.com: ['TRUTH_STUB_DRIFT', 'TRUTH_SYSTEM_DRIFT']
2026-07-04T01:36:36Z VIOLATION DNS drift threat ssh.github.com: ['TRUTH_STUB_DRIFT', 'TRUTH_SYSTEM_DRIFT']
2026-07-04T01:36:53Z VIOLATION DNS drift threat github.com: ['TRUTH_STUB_DRIFT', 'TRUTH_SYSTEM_DRIFT']
2026-07-04T01:37:28Z VIOLATION DNS drift threat api.github.com: ['TRUTH_STUB_DRIFT', 'TRUTH_SYSTEM_DRIFT']
2026-07-04T01:37:29Z VIOLATION DNS drift threat api.github.com: ['TRUTH_STUB_DRIFT', 'TRUTH_SYSTEM_DRIFT']
2026-07-04T01:37:34Z VIOLATION DNS drift threat api.github.com: ['TRUTH_STUB_DRIFT', 'TRUTH_SYSTEM_DRIFT']
2026-07-04T01:37:38Z VIOLATION DNS drift threat api.github.com: ['TRUTH_STUB_DRIFT', 'TRUTH_SYSTEM_DRIFT']
2026-07-04T01:37:55Z VIOLATION DNS drift threat api.github.com: ['TRUTH_STUB_DRIFT', 'TRUTH_SYSTEM_DRIFT']
2026-07-04T01:37:57Z VIOLATION DNS drift threat api.github.com: ['TRUTH_STUB_DRIFT', 'TRUTH_SYSTEM_DRIFT']
2026-07-04T01:38:02Z VIOLATION DNS drift threat api.github.com: ['TRUTH_STUB_DRIFT', 'TRUTH_SYSTEM_DRIFT']
2026-07-04T01:38:14Z VIOLATION DNS drift threat api.github.com: ['TRUTH_STUB_DRIFT', 'TRUTH_SYSTEM_DRIFT']
2026-07-04T01:38:15Z VIOLATION DNS drift threat api.github.com: ['TRUTH_STUB_DRIFT', 'TRUTH_SYSTEM_DRIFT']
2026-07-04T01:38:16Z VIOLATION DNS drift threat api.github.com: ['TRUTH_STUB_DRIFT', 'TRUTH_SYSTEM_DRIFT']
2026-07-04T01:39:02Z VIOLATION DNS drift threat github.com: ['TRUTH_STUB_DRIFT', 'TRUTH_SYSTEM_DRIFT']
2026-07-04T01:39:05Z VIOLATION DNS drift threat github.com: ['TRUTH_STUB_DRIFT', 'TRUTH_SYSTEM_DRIFT']
2026-07-04T01:39:05Z VIOLATION DNS drift threat api.github.com: ['TRUTH_STUB_DRIFT', 'TRUTH_SYSTEM_DRIFT']
2026-07-04T01:39:09Z VIOLATION DNS drift threat ssh.github.com: ['TRUTH_STUB_DRIFT', 'TRUTH_SYSTEM_DRIFT']
2026-07-04T01:39:10Z VIOLATION DNS drift threat api.github.com: ['TRUTH_STUB_DRIFT', 'TRUTH_SYSTEM_DRIFT']
2026-07-04T01:39:11Z VIOLATION DNS drift threat github.com: ['TRUTH_STUB_DRIFT', 'TRUTH_SYSTEM_DRIFT']
2026-07-04T01:39:11Z VIOLATION DNS drift threat github.com: ['TRUTH_STUB_DRIFT', 'TRUTH_SYSTEM_DRIFT']
2026-07-04T01:39:14Z VIOLATION DNS drift threat api.github.com: ['TRUTH_STUB_DRIFT', 'TRUTH_SYSTEM_DRIFT']
2026-07-04T01:39:15Z VIOLATION DNS drift threat api.github.com: ['TRUTH_STUB_DRIFT', 'TRUTH_SYSTEM_DRIFT']
2026-07-04T01:39:21Z VIOLATION DNS drift threat github.com: ['TRUTH_STUB_DRIFT', 'TRUTH_SYSTEM_DRIFT']
2026-07-04T01:39:24Z VIOLATION DNS drift threat api.github.com: ['TRUTH_STUB_DRIFT', 'TRUTH_SYSTEM_DRIFT']
2026-07-04T01:39:28Z VIOLATION DNS drift threat ssh.github.com: ['TRUTH_STUB_DRIFT', 'TRUTH_SYSTEM_DRIFT']
2026-07-04T01:39:38Z VIOLATION DNS drift threat api.github.com: ['TRUTH_STUB_DRIFT', 'TRUTH_SYSTEM_DRIFT']
2026-07-04T01:39:45Z VIOLATION DNS drift threat api.github.com: ['TRUTH_STUB_DRIFT', 'TRUTH_SYSTEM_DRIFT']
2026-07-04T01:39:49Z VIOLATION DNS drift threat api.github.com: ['TRUTH_STUB_DRIFT', 'TRUTH_SYSTEM_DRIFT']
2026-07-04T01:39:53Z VIOLATION DNS drift threat ssh.github.com: ['TRUTH_STUB_DRIFT', 'TRUTH_SYSTEM_DRIFT']
2026-07-04T01:39:59Z VIOLATION DNS drift threat api.github.com: ['TRUTH_STUB_DRIFT', 'TRUTH_SYSTEM_DRIFT']
2026-07-04T01:40:01Z VIOLATION DNS drift threat ssh.github.com: ['TRUTH_STUB_DRIFT', 'TRUTH_SYSTEM_DRIFT']
2026-07-04T01:40:43Z VIOLATION DNS drift threat api.github.com: ['TRUTH_STUB_DRIFT', 'TRUTH_SYSTEM_DRIFT']
2026-07-04T01:40:46Z VIOLATION DNS drift threat ssh.github.com: ['TRUTH_STUB_DRIFT', 'TRUTH_SYSTEM_DRIFT']
2026-07-04T01:40:55Z VIOLATION DNS drift threat api.github.com: ['TRUTH_STUB_DRIFT', 'TRUTH_SYSTEM_DRIFT']
2026-07-04T01:40:56Z VIOLATION DNS drift threat api.github.com: ['TRUTH_STUB_DRIFT', 'TRUTH_SYSTEM_DRIFT']
2026-07-04T01:40:58Z VIOLATION DNS drift threat api.github.com: ['TRUTH_STUB_DRIFT', 'TRUTH_SYSTEM_DRIFT']
2026-07-04T01:40:59Z VIOLATION DNS drift threat github.com: ['TRUTH_STUB_DRIFT', 'TRUTH_SYSTEM_DRIFT']
2026-07-04T01:41:28Z VIOLATION DNS drift threat github.com: ['TRUTH_STUB_DRIFT', 'TRUTH_SYSTEM_DRIFT']
2026-07-04T01:41:32Z VIOLATION DNS drift threat api.github.com: ['TRUTH_STUB_DRIFT', 'TRUTH_SYSTEM_DRIFT']
2026-07-04T01:41:32Z VIOLATION DNS drift threat github.com: ['TRUTH_STUB_DRIFT', 'TRUTH_SYSTEM_DRIFT']
2026-07-04T01:41:32Z VIOLATION DNS drift threat github.com: ['TRUTH_STUB_DRIFT', 'TRUTH_SYSTEM_DRIFT']
2026-07-04T01:41:36Z VIOLATION DNS drift threat github.com: ['TRUTH_STUB_DRIFT', 'TRUTH_SYSTEM_DRIFT']
2026-07-04T01:41:37Z VIOLATION DNS drift threat api.github.com: ['TRUTH_STUB_DRIFT', 'TRUTH_SYSTEM_DRIFT']
2026-07-04T01:41:38Z VIOLATION DNS drift threat api.github.com: ['TRUTH_STUB_DRIFT', 'TRUTH_SYSTEM_DRIFT']
2026-07-04T01:41:39Z VIOLATION DNS drift threat github.com: ['TRUTH_STUB_DRIFT', 'TRUTH_SYSTEM_DRIFT']
2026-07-04T01:41:40Z VIOLATION DNS drift threat github.com: ['TRUTH_STUB_DRIFT', 'TRUTH_SYSTEM_DRIFT']
2026-07-04T01:41:43Z VIOLATION DNS drift threat api.github.com: ['TRUTH_STUB_DRIFT', 'TRUTH_SYSTEM_DRIFT']
2026-07-04T01:41:43Z VIOLATION DNS drift threat api.github.com: ['TRUTH_STUB_DRIFT', 'TRUTH_SYSTEM_DRIFT']
2026-07-04T01:41:46Z VIOLATION DNS drift threat api.github.com: ['TRUTH_STUB_DRIFT', 'TRUTH_SYSTEM_DRIFT']
2026-07-04T01:41:48Z VIOLATION DNS drift threat ssh.github.com: ['TRUTH_STUB_DRIFT', 'TRUTH_SYSTEM_DRIFT']
2026-07-04T01:41:52Z VIOLATION DNS drift threat ssh.github.com: ['TRUTH_STUB_DRIFT', 'TRUTH_SYSTEM_DRIFT']
2026-07-04T01:42:13Z VIOLATION DNS drift threat github.com: ['TRUTH_STUB_DRIFT', 'TRUTH_SYSTEM_DRIFT']
2026-07-04T01:42:15Z VIOLATION DNS drift threat ssh.github.com: ['TRUTH_STUB_DRIFT', 'TRUTH_SYSTEM_DRIFT']
2026-07-04T01:42:28Z VIOLATION DNS drift threat github.com: ['TRUTH_STUB_DRIFT', 'TRUTH_SYSTEM_DRIFT']
2026-07-04T01:42:30Z VIOLATION DNS drift threat github.com: ['TRUTH_STUB_DRIFT', 'TRUTH_SYSTEM_DRIFT']
2026-07-04T01:42:31Z VIOLATION DNS drift threat github.com: ['TRUTH_STUB_DRIFT', 'TRUTH_SYSTEM_DRIFT']
2026-07-04T01:42:38Z VIOLATION DNS drift threat ssh.github.com: ['TRUTH_STUB_DRIFT', 'TRUTH_SYSTEM_DRIFT']
2026-07-04T01:42:39Z VIOLATION DNS drift threat github.com: ['TRUTH_STUB_DRIFT', 'TRUTH_SYSTEM_DRIFT']
2026-07-04T01:43:02Z VIOLATION DNS drift threat github.com: ['TRUTH_STUB_DRIFT', 'TRUTH_SYSTEM_DRIFT']
2026-07-04T01:43:07Z VIOLATION DNS drift threat github.com: ['TRUTH_STUB_DRIFT', 'TRUTH_SYSTEM_DRIFT']
2026-07-04T01:43:09Z VIOLATION DNS drift threat ssh.github.com: ['TRUTH_STUB_DRIFT', 'TRUTH_SYSTEM_DRIFT']
2026-07-04T01:43:12Z VIOLATION DNS drift threat github.com: ['TRUTH_STUB_DRIFT', 'TRUTH_SYSTEM_DRIFT']
2026-07-04T01:43:19Z VIOLATION DNS drift threat github.com: ['TRUTH_STUB_DRIFT', 'TRUTH_SYSTEM_DRIFT']
2026-07-04T01:43:23Z VIOLATION DNS drift threat github.com: ['TRUTH_STUB_DRIFT', 'TRUTH_SYSTEM_DRIFT']
2026-07-04T01:44:06Z VIOLATION DNS drift threat github.com: ['TRUTH_STUB_DRIFT', 'TRUTH_SYSTEM_DRIFT']
2026-07-04T01:44:08Z VIOLATION DNS drift threat github.com: ['TRUTH_STUB_DRIFT', 'TRUTH_SYSTEM_DRIFT']
2026-07-04T01:44:10Z VIOLATION DNS drift threat github.com: ['TRUTH_STUB_DRIFT', 'TRUTH_SYSTEM_DRIFT']
2026-07-04T01:44:11Z VIOLATION DNS drift threat github.com: ['TRUTH_STUB_DRIFT', 'TRUTH_SYSTEM_DRIFT']
2026-07-04T01:44:11Z VIOLATION DNS drift threat api.github.com: ['TRUTH_STUB_DRIFT', 'TRUTH_SYSTEM_DRIFT']
2026-07-04T01:44:13Z VIOLATION DNS drift threat api.github.com: ['TRUTH_STUB_DRIFT', 'TRUTH_SYSTEM_DRIFT']
2026-07-04T01:44:14Z VIOLATION DNS drift threat api.github.com: ['TRUTH_STUB_DRIFT', 'TRUTH_SYSTEM_DRIFT']
2026-07-04T01:44:14Z VIOLATION DNS drift threat api.github.com: ['TRUTH_STUB_DRIFT', 'TRUTH_SYSTEM_DRIFT']
2026-07-04T01:44:20Z VIOLATION DNS drift threat github.com: ['TRUTH_STUB_DRIFT', 'TRUTH_SYSTEM_DRIFT']
2026-07-04T01:44:23Z VIOLATION DNS drift threat api.github.com: ['TRUTH_STUB_DRIFT', 'TRUTH_SYSTEM_DRIFT']
2026-07-04T01:44:42Z VIOLATION DNS drift threat github.com: ['TRUTH_STUB_DRIFT', 'TRUTH_SYSTEM_DRIFT']
2026-07-04T01:44:49Z VIOLATION DNS drift threat api.github.com: ['TRUTH_STUB_DRIFT', 'TRUTH_SYSTEM_DRIFT']
2026-07-04T01:44:49Z VIOLATION DNS drift threat github.com: ['TRUTH_STUB_DRIFT', 'TRUTH_SYSTEM_DRIFT']
2026-07-04T01:44:51Z VIOLATION DNS drift threat github.com: ['TRUTH_STUB_DRIFT', 'TRUTH_SYSTEM_DRIFT']
2026-07-04T01:45:07Z VIOLATION DNS drift threat github.com: ['TRUTH_STUB_DRIFT', 'TRUTH_SYSTEM_DRIFT']
2026-07-04T01:46:01Z VIOLATION DNS drift threat github.com: ['TRUTH_STUB_DRIFT', 'TRUTH_SYSTEM_DRIFT']
2026-07-04T01:46:01Z VIOLATION DNS drift threat github.com: ['TRUTH_STUB_DRIFT', 'TRUTH_SYSTEM_DRIFT']
2026-07-04T01:46:02Z VIOLATION DNS drift threat github.com: ['TRUTH_STUB_DRIFT', 'TRUTH_SYSTEM_DRIFT']
2026-07-04T01:46:03Z VIOLATION DNS drift threat api.github.com: ['TRUTH_STUB_DRIFT', 'TRUTH_SYSTEM_DRIFT']
2026-07-04T01:46:05Z VIOLATION DNS drift threat api.github.com: ['TRUTH_STUB_DRIFT', 'TRUTH_SYSTEM_DRIFT']
2026-07-04T01:46:06Z VIOLATION DNS drift threat api.github.com: ['TRUTH_STUB_DRIFT', 'TRUTH_SYSTEM_DRIFT']
2026-07-04T01:46:06Z VIOLATION DNS drift threat github.com: ['TRUTH_STUB_DRIFT', 'TRUTH_SYSTEM_DRIFT']
2026-07-04T01:46:08Z VIOLATION DNS drift threat ssh.github.com: ['TRUTH_STUB_DRIFT', 'TRUTH_SYSTEM_DRIFT']
2026-07-04T01:46:09Z VIOLATION DNS drift threat ssh.github.com: ['TRUTH_STUB_DRIFT', 'TRUTH_SYSTEM_DRIFT']
2026-07-04T01:46:10Z VIOLATION DNS drift threat ssh.github.com: ['TRUTH_STUB_DRIFT', 'TRUTH_SYSTEM_DRIFT']
2026-07-04T01:46:10Z VIOLATION DNS drift threat api.github.com: ['TRUTH_STUB_DRIFT', 'TRUTH_SYSTEM_DRIFT']
2026-07-04T01:46:14Z VIOLATION DNS drift threat github.com: ['TRUTH_STUB_DRIFT', 'TRUTH_SYSTEM_DRIFT']
2026-07-04T01:46:16Z VIOLATION DNS drift threat github.com: ['TRUTH_STUB_DRIFT', 'TRUTH_SYSTEM_DRIFT']
2026-07-04T01:46:19Z VIOLATION DNS drift threat github.com: ['TRUTH_STUB_DRIFT', 'TRUTH_SYSTEM_DRIFT']
2026-07-04T01:46:19Z VIOLATION DNS drift threat api.github.com: ['TRUTH_STUB_DRIFT', 'TRUTH_SYSTEM_DRIFT']
2026-07-04T01:46:19Z VIOLATION DNS drift threat api.github.com: ['TRUTH_STUB_DRIFT', 'TRUTH_SYSTEM_DRIFT']
2026-07-04T01:46:23Z VIOLATION DNS drift threat api.github.com: ['TRUTH_STUB_DRIFT', 'TRUTH_SYSTEM_DRIFT']
2026-07-04T01:46:35Z VIOLATION DNS drift threat github.com: ['TRUTH_STUB_DRIFT', 'TRUTH_SYSTEM_DRIFT']
2026-07-04T01:46:41Z VIOLATION DNS drift threat api.github.com: ['TRUTH_STUB_DRIFT', 'TRUTH_SYSTEM_DRIFT']
2026-07-04T01:46:45Z VIOLATION DNS drift threat github.com: ['TRUTH_STUB_DRIFT', 'TRUTH_SYSTEM_DRIFT']
2026-07-04T01:46:51Z VIOLATION DNS drift threat github.com: ['TRUTH_STUB_DRIFT', 'TRUTH_SYSTEM_DRIFT']
2026-07-04T01:47:12Z VIOLATION DNS drift threat github.com: ['TRUTH_STUB_DRIFT', 'TRUTH_SYSTEM_DRIFT']
2026-07-04T01:47:14Z VIOLATION DNS drift threat github.com: ['TRUTH_STUB_DRIFT', 'TRUTH_SYSTEM_DRIFT']
2026-07-04T01:47:18Z VIOLATION DNS drift threat api.github.com: ['TRUTH_STUB_DRIFT', 'TRUTH_SYSTEM_DRIFT']
2026-07-04T01:47:35Z VIOLATION DNS drift threat github.com: ['TRUTH_STUB_DRIFT', 'TRUTH_SYSTEM_DRIFT']
2026-07-04T01:47:38Z VIOLATION DNS drift threat api.github.com: ['TRUTH_STUB_DRIFT', 'TRUTH_SYSTEM_DRIFT']
2026-07-04T01:47:46Z VIOLATION DNS drift threat github.com: ['TRUTH_STUB_DRIFT', 'TRUTH_SYSTEM_DRIFT']
2026-07-04T01:47:48Z VIOLATION DNS drift threat github.com: ['TRUTH_STUB_DRIFT', 'TRUTH_SYSTEM_DRIFT']
2026-07-04T01:47:52Z VIOLATION DNS drift threat api.github.com: ['TRUTH_STUB_DRIFT', 'TRUTH_SYSTEM_DRIFT']
2026-07-04T01:48:08Z VIOLATION DNS drift threat github.com: ['TRUTH_STUB_DRIFT', 'TRUTH_SYSTEM_DRIFT']
2026-07-04T01:48:20Z VIOLATION DNS drift threat github.com: ['TRUTH_STUB_DRIFT', 'TRUTH_SYSTEM_DRIFT']
2026-07-04T01:48:29Z VIOLATION DNS drift threat github.com: ['TRUTH_STUB_DRIFT', 'TRUTH_SYSTEM_DRIFT']
2026-07-04T01:48:31Z VIOLATION DNS drift threat github.com: ['TRUTH_STUB_DRIFT', 'TRUTH_SYSTEM_DRIFT']
2026-07-04T01:48:35Z VIOLATION DNS drift threat api.github.com: ['TRUTH_STUB_DRIFT', 'TRUTH_SYSTEM_DRIFT']
2026-07-04T01:48:38Z VIOLATION DNS drift threat ssh.github.com: ['TRUTH_STUB_DRIFT', 'TRUTH_SYSTEM_DRIFT']
2026-07-04T01:49:06Z VIOLATION DNS drift threat github.com: ['TRUTH_STUB_DRIFT', 'TRUTH_SYSTEM_DRIFT']
2026-07-04T01:49:12Z VIOLATION DNS drift threat github.com: ['TRUTH_STUB_DRIFT', 'TRUTH_SYSTEM_DRIFT']
2026-07-04T01:49:17Z VIOLATION DNS drift threat api.github.com: ['TRUTH_STUB_DRIFT', 'TRUTH_SYSTEM_DRIFT']
2026-07-04T01:49:19Z VIOLATION DNS drift threat github.com: ['TRUTH_STUB_DRIFT', 'TRUTH_SYSTEM_DRIFT']
2026-07-04T01:49:25Z VIOLATION DNS drift threat github.com: ['TRUTH_STUB_DRIFT', 'TRUTH_SYSTEM_DRIFT']
2026-07-04T01:49:35Z VIOLATION DNS drift threat github.com: ['TRUTH_STUB_DRIFT', 'TRUTH_SYSTEM_DRIFT']
2026-07-04T01:49:37Z VIOLATION DNS drift threat api.github.com: ['TRUTH_STUB_DRIFT', 'TRUTH_SYSTEM_DRIFT']
2026-07-04T01:49:40Z VIOLATION DNS drift threat github.com: ['TRUTH_STUB_DRIFT', 'TRUTH_SYSTEM_DRIFT']
2026-07-04T01:49:42Z VIOLATION DNS drift threat ssh.github.com: ['TRUTH_STUB_DRIFT', 'TRUTH_SYSTEM_DRIFT']
2026-07-04T01:49:45Z VIOLATION DNS drift threat github.com: ['TRUTH_STUB_DRIFT', 'TRUTH_SYSTEM_DRIFT']
2026-07-04T01:49:46Z VIOLATION DNS drift threat api.github.com: ['TRUTH_STUB_DRIFT', 'TRUTH_SYSTEM_DRIFT']
2026-07-04T01:49:47Z VIOLATION DNS drift threat github.com: ['TRUTH_STUB_DRIFT', 'TRUTH_SYSTEM_DRIFT']
2026-07-04T01:49:50Z VIOLATION DNS drift threat api.github.com: ['TRUTH_STUB_DRIFT', 'TRUTH_SYSTEM_DRIFT']
2026-07-04T01:49:54Z VIOLATION DNS drift threat api.github.com: ['TRUTH_STUB_DRIFT', 'TRUTH_SYSTEM_DRIFT']
2026-07-04T01:49:54Z VIOLATION DNS drift threat github.com: ['TRUTH_STUB_DRIFT', 'TRUTH_SYSTEM_DRIFT']
2026-07-04T01:49:57Z VIOLATION DNS drift threat github.com: ['TRUTH_STUB_DRIFT', 'TRUTH_SYSTEM_DRIFT']
2026-07-04T01:49:59Z VIOLATION DNS drift threat github.com: ['TRUTH_STUB_DRIFT', 'TRUTH_SYSTEM_DRIFT']
2026-07-04T01:50:00Z VIOLATION DNS drift threat ssh.github.com: ['TRUTH_STUB_DRIFT', 'TRUTH_SYSTEM_DRIFT']
2026-07-04T01:50:00Z VIOLATION DNS drift threat api.github.com: ['TRUTH_STUB_DRIFT', 'TRUTH_SYSTEM_DRIFT']
2026-07-04T01:50:02Z VIOLATION DNS drift threat api.github.com: ['TRUTH_STUB_DRIFT', 'TRUTH_SYSTEM_DRIFT']
2026-07-04T01:50:03Z VIOLATION DNS drift threat ssh.github.com: ['TRUTH_STUB_DRIFT', 'TRUTH_SYSTEM_DRIFT']
2026-07-04T01:50:05Z VIOLATION DNS drift threat api.github.com: ['TRUTH_STUB_DRIFT', 'TRUTH_SYSTEM_DRIFT']
2026-07-04T01:50:09Z VIOLATION DNS drift threat ssh.github.com: ['TRUTH_STUB_DRIFT', 'TRUTH_SYSTEM_DRIFT']
2026-07-04T01:50:34Z VIOLATION DNS drift threat api.github.com: ['TRUTH_STUB_DRIFT', 'TRUTH_SYSTEM_DRIFT']
2026-07-04T01:50:41Z VIOLATION DNS drift threat api.github.com: ['TRUTH_STUB_DRIFT', 'TRUTH_SYSTEM_DRIFT']
2026-07-04T01:51:00Z VIOLATION DNS drift threat github.com: ['TRUTH_STUB_DRIFT', 'TRUTH_SYSTEM_DRIFT']
2026-07-04T01:51:02Z VIOLATION DNS drift threat api.github.com: ['TRUTH_STUB_DRIFT', 'TRUTH_SYSTEM_DRIFT']
2026-07-04T01:51:03Z VIOLATION DNS drift threat github.com: ['TRUTH_STUB_DRIFT', 'TRUTH_SYSTEM_DRIFT']
2026-07-04T01:51:07Z VIOLATION DNS drift threat ssh.github.com: ['TRUTH_STUB_DRIFT', 'TRUTH_SYSTEM_DRIFT']
2026-07-04T01:51:17Z VIOLATION DNS drift threat github.com: ['TRUTH_STUB_DRIFT', 'TRUTH_SYSTEM_DRIFT']
2026-07-04T01:51:26Z VIOLATION DNS drift threat github.com: ['TRUTH_STUB_DRIFT', 'TRUTH_SYSTEM_DRIFT']
2026-07-04T01:51:29Z VIOLATION DNS drift threat github.com: ['TRUTH_STUB_DRIFT', 'TRUTH_SYSTEM_DRIFT']
2026-07-04T01:51:32Z VIOLATION DNS drift threat github.com: ['TRUTH_STUB_DRIFT', 'TRUTH_SYSTEM_DRIFT']
2026-07-04T01:51:33Z VIOLATION DNS drift threat ssh.github.com: ['TRUTH_STUB_DRIFT', 'TRUTH_SYSTEM_DRIFT']
2026-07-04T01:51:40Z VIOLATION DNS drift threat github.com: ['TRUTH_STUB_DRIFT', 'TRUTH_SYSTEM_DRIFT']
2026-07-04T01:52:15Z VIOLATION DNS drift threat github.com: ['TRUTH_STUB_DRIFT', 'TRUTH_SYSTEM_DRIFT']
2026-07-04T02:02:18Z VIOLATION DNS drift threat github.com: ['TRUTH_DNS_DOWN']
2026-07-04T02:07:15Z VIOLATION DNS drift threat github.com: ['TRUTH_DNS_DOWN', 'TRUTH_STUB_DRIFT', 'TRUTH_SYSTEM_DRIFT']
2026-07-04T02:08:09Z VIOLATION DNS drift threat github.com: ['TRUTH_DNS_DOWN', 'TRUTH_STUB_DRIFT', 'TRUTH_SYSTEM_DRIFT']
2026-07-04T02:08:13Z VIOLATION DNS drift threat api.github.com: ['TRUTH_DNS_DOWN']
2026-07-04T02:08:54Z VIOLATION DNS drift threat github.com: ['TRUTH_DNS_DOWN', 'TRUTH_STUB_DRIFT', 'TRUTH_SYSTEM_DRIFT']
2026-07-04T02:09:40Z VIOLATION DNS drift threat github.com: ['TRUTH_DNS_DOWN', 'TRUTH_STUB_DRIFT', 'TRUTH_SYSTEM_DRIFT']
2026-07-04T02:09:45Z VIOLATION DNS drift threat api.github.com: ['TRUTH_DNS_DOWN', 'TRUTH_STUB_DRIFT', 'TRUTH_SYSTEM_DRIFT']
2026-07-04T02:10:11Z VIOLATION DNS drift threat github.com: ['TRUTH_DNS_DOWN', 'TRUTH_STUB_DRIFT', 'TRUTH_SYSTEM_DRIFT']
2026-07-04T02:10:15Z VIOLATION DNS drift threat api.github.com: ['TRUTH_DNS_DOWN', 'TRUTH_STUB_DRIFT', 'TRUTH_SYSTEM_DRIFT']
2026-07-04T02:11:13Z VIOLATION DNS drift threat github.com: ['TRUTH_DNS_DOWN']
2026-07-04T02:11:16Z VIOLATION DNS drift threat api.github.com: ['TRUTH_DNS_DOWN', 'TRUTH_STUB_DRIFT', 'TRUTH_SYSTEM_DRIFT']
2026-07-04T02:11:45Z VIOLATION DNS drift threat github.com: ['TRUTH_DNS_DOWN']
2026-07-04T02:11:49Z VIOLATION DNS drift threat api.github.com: ['TRUTH_DNS_DOWN', 'TRUTH_STUB_DRIFT', 'TRUTH_SYSTEM_DRIFT']
2026-07-04T02:12:42Z VIOLATION DNS drift threat github.com: ['TRUTH_DNS_DOWN', 'TRUTH_STUB_DRIFT', 'TRUTH_SYSTEM_DRIFT']
2026-07-04T02:12:48Z VIOLATION DNS drift threat api.github.com: ['TRUTH_DNS_DOWN', 'TRUTH_STUB_DRIFT', 'TRUTH_SYSTEM_DRIFT']
2026-07-04T02:13:14Z VIOLATION DNS drift threat github.com: ['TRUTH_DNS_DOWN']
2026-07-04T02:13:18Z VIOLATION DNS drift threat api.github.com: ['TRUTH_DNS_DOWN', 'TRUTH_STUB_DRIFT', 'TRUTH_SYSTEM_DRIFT']
2026-07-04T02:14:04Z VIOLATION DNS drift threat github.com: ['TRUTH_DNS_DOWN', 'TRUTH_STUB_DRIFT', 'TRUTH_SYSTEM_DRIFT']
2026-07-04T02:14:41Z VIOLATION DNS drift threat github.com: ['TRUTH_DNS_DOWN']
2026-07-04T02:14:46Z VIOLATION DNS drift threat api.github.com: ['TRUTH_DNS_DOWN', 'TRUTH_STUB_DRIFT', 'TRUTH_SYSTEM_DRIFT']
2026-07-04T02:15:40Z VIOLATION DNS drift threat github.com: ['TRUTH_DNS_DOWN', 'TRUTH_STUB_DRIFT', 'TRUTH_SYSTEM_DRIFT']
2026-07-04T02:15:44Z VIOLATION DNS drift threat api.github.com: ['TRUTH_DNS_DOWN', 'TRUTH_STUB_DRIFT', 'TRUTH_SYSTEM_DRIFT']
2026-07-04T02:16:25Z VIOLATION DNS drift threat github.com: ['TRUTH_DNS_DOWN', 'TRUTH_STUB_DRIFT', 'TRUTH_SYSTEM_DRIFT']
2026-07-04T02:17:14Z VIOLATION DNS drift threat github.com: ['TRUTH_DNS_DOWN', 'TRUTH_STUB_DRIFT', 'TRUTH_SYSTEM_DRIFT']
2026-07-04T02:17:53Z VIOLATION DNS drift threat github.com: ['TRUTH_DNS_DOWN', 'TRUTH_STUB_DRIFT', 'TRUTH_SYSTEM_DRIFT']
2026-07-04T02:17:59Z VIOLATION DNS drift threat api.github.com: ['TRUTH_DNS_DOWN']
2026-07-04T02:18:50Z VIOLATION DNS drift threat github.com: ['TRUTH_DNS_DOWN']
2026-07-04T02:19:21Z VIOLATION DNS drift threat github.com: ['TRUTH_DNS_DOWN', 'TRUTH_STUB_DRIFT', 'TRUTH_SYSTEM_DRIFT']
2026-07-04T02:19:25Z VIOLATION DNS drift threat api.github.com: ['TRUTH_DNS_DOWN', 'TRUTH_STUB_DRIFT', 'TRUTH_SYSTEM_DRIFT']
2026-07-04T02:20:18Z VIOLATION DNS drift threat github.com: ['TRUTH_DNS_DOWN', 'TRUTH_STUB_DRIFT', 'TRUTH_SYSTEM_DRIFT']
2026-07-04T02:20:23Z VIOLATION DNS drift threat api.github.com: ['TRUTH_DNS_DOWN', 'TRUTH_STUB_DRIFT', 'TRUTH_SYSTEM_DRIFT']
2026-07-04T02:20:55Z VIOLATION DNS drift threat github.com: ['TRUTH_DNS_DOWN']
2026-07-04T02:20:59Z VIOLATION DNS drift threat api.github.com: ['TRUTH_DNS_DOWN', 'TRUTH_STUB_DRIFT', 'TRUTH_SYSTEM_DRIFT']
2026-07-04T02:21:54Z VIOLATION DNS drift threat github.com: ['TRUTH_DNS_DOWN', 'TRUTH_STUB_DRIFT', 'TRUTH_SYSTEM_DRIFT']
2026-07-04T02:21:59Z VIOLATION DNS drift threat api.github.com: ['TRUTH_DNS_DOWN', 'TRUTH_STUB_DRIFT', 'TRUTH_SYSTEM_DRIFT']
2026-07-04T02:22:22Z VIOLATION DNS drift threat github.com: ['TRUTH_DNS_DOWN']
2026-07-04T02:23:19Z VIOLATION DNS drift threat github.com: ['TRUTH_DNS_DOWN']
2026-07-04T02:23:24Z VIOLATION DNS drift threat api.github.com: ['TRUTH_DNS_DOWN', 'TRUTH_STUB_DRIFT', 'TRUTH_SYSTEM_DRIFT']
2026-07-04T02:23:46Z VIOLATION DNS drift threat github.com: ['TRUTH_DNS_DOWN', 'TRUTH_STUB_DRIFT', 'TRUTH_SYSTEM_DRIFT']
2026-07-04T02:23:50Z VIOLATION DNS drift threat api.github.com: ['TRUTH_DNS_DOWN', 'TRUTH_STUB_DRIFT', 'TRUTH_SYSTEM_DRIFT']
2026-07-04T02:24:41Z VIOLATION DNS drift threat github.com: ['TRUTH_DNS_DOWN', 'TRUTH_STUB_DRIFT', 'TRUTH_SYSTEM_DRIFT']
2026-07-04T02:24:45Z VIOLATION DNS drift threat api.github.com: ['TRUTH_DNS_DOWN', 'TRUTH_STUB_DRIFT', 'TRUTH_SYSTEM_DRIFT']
2026-07-04T02:25:15Z VIOLATION DNS drift threat github.com: ['TRUTH_DNS_DOWN', 'TRUTH_STUB_DRIFT', 'TRUTH_SYSTEM_DRIFT']
2026-07-04T02:25:19Z VIOLATION DNS drift threat api.github.com: ['TRUTH_DNS_DOWN', 'TRUTH_STUB_DRIFT', 'TRUTH_SYSTEM_DRIFT']
2026-07-04T02:26:08Z VIOLATION DNS drift threat github.com: ['TRUTH_DNS_DOWN', 'TRUTH_STUB_DRIFT', 'TRUTH_SYSTEM_DRIFT']
2026-07-04T02:26:13Z VIOLATION DNS drift threat api.github.com: ['TRUTH_DNS_DOWN']
2026-07-04T02:26:32Z VIOLATION DNS drift threat github.com: ['TRUTH_DNS_DOWN', 'TRUTH_STUB_DRIFT', 'TRUTH_SYSTEM_DRIFT']
2026-07-04T02:27:28Z VIOLATION DNS drift threat github.com: ['TRUTH_DNS_DOWN', 'TRUTH_STUB_DRIFT', 'TRUTH_SYSTEM_DRIFT']
2026-07-04T02:27:32Z VIOLATION DNS drift threat api.github.com: ['TRUTH_DNS_DOWN', 'TRUTH_STUB_DRIFT', 'TRUTH_SYSTEM_DRIFT']
2026-07-04T02:28:04Z VIOLATION DNS drift threat github.com: ['TRUTH_DNS_DOWN', 'TRUTH_STUB_DRIFT', 'TRUTH_SYSTEM_DRIFT']
2026-07-04T02:28:09Z VIOLATION DNS drift threat api.github.com: ['TRUTH_DNS_DOWN', 'TRUTH_STUB_DRIFT', 'TRUTH_SYSTEM_DRIFT']
2026-07-04T02:28:59Z VIOLATION DNS drift threat github.com: ['TRUTH_DNS_DOWN', 'TRUTH_STUB_DRIFT', 'TRUTH_SYSTEM_DRIFT']
2026-07-04T02:29:42Z VIOLATION DNS drift threat github.com: ['TRUTH_DNS_DOWN', 'TRUTH_STUB_DRIFT', 'TRUTH_SYSTEM_DRIFT']
2026-07-04T02:29:46Z VIOLATION DNS drift threat api.github.com: ['TRUTH_DNS_DOWN', 'TRUTH_STUB_DRIFT', 'TRUTH_SYSTEM_DRIFT']
2026-07-04T02:30:40Z VIOLATION DNS drift threat github.com: ['TRUTH_DNS_DOWN', 'TRUTH_STUB_DRIFT', 'TRUTH_SYSTEM_DRIFT']
2026-07-04T02:30:46Z VIOLATION DNS drift threat api.github.com: ['TRUTH_DNS_DOWN', 'TRUTH_STUB_DRIFT', 'TRUTH_SYSTEM_DRIFT']
2026-07-04T02:31:08Z VIOLATION DNS drift threat github.com: ['TRUTH_DNS_DOWN']
2026-07-04T02:31:11Z VIOLATION DNS drift threat api.github.com: ['TRUTH_DNS_DOWN', 'TRUTH_STUB_DRIFT', 'TRUTH_SYSTEM_DRIFT']
2026-07-04T02:31:15Z VIOLATION DNS drift threat ssh.github.com: ['TRUTH_DNS_DOWN', 'TRUTH_STUB_DRIFT', 'TRUTH_SYSTEM_DRIFT']
2026-07-04T02:31:57Z VIOLATION DNS drift threat github.com: ['TRUTH_DNS_DOWN', 'TRUTH_STUB_DRIFT', 'TRUTH_SYSTEM_DRIFT']
2026-07-04T02:32:02Z VIOLATION DNS drift threat api.github.com: ['TRUTH_DNS_DOWN', 'TRUTH_STUB_DRIFT', 'TRUTH_SYSTEM_DRIFT']
2026-07-04T02:32:33Z VIOLATION DNS drift threat github.com: ['TRUTH_DNS_DOWN']
2026-07-04T02:33:30Z VIOLATION DNS drift threat github.com: ['TRUTH_DNS_DOWN']
2026-07-04T02:33:34Z VIOLATION DNS drift threat api.github.com: ['TRUTH_DNS_DOWN', 'TRUTH_STUB_DRIFT', 'TRUTH_SYSTEM_DRIFT']
2026-07-04T02:33:48Z VIOLATION DNS drift threat github.com: ['TRUTH_DNS_DOWN', 'TRUTH_STUB_DRIFT', 'TRUTH_SYSTEM_DRIFT']
2026-07-04T02:34:44Z VIOLATION DNS drift threat github.com: ['TRUTH_DNS_DOWN']
2026-07-04T02:34:49Z VIOLATION DNS drift threat api.github.com: ['TRUTH_DNS_DOWN', 'TRUTH_STUB_DRIFT', 'TRUTH_SYSTEM_DRIFT']
2026-07-04T02:35:29Z VIOLATION DNS drift threat github.com: ['TRUTH_DNS_DOWN', 'TRUTH_STUB_DRIFT', 'TRUTH_SYSTEM_DRIFT']
2026-07-04T02:35:35Z VIOLATION DNS drift threat api.github.com: ['TRUTH_DNS_DOWN', 'TRUTH_STUB_DRIFT', 'TRUTH_SYSTEM_DRIFT']
2026-07-04T02:36:23Z VIOLATION DNS drift threat github.com: ['TRUTH_DNS_DOWN', 'TRUTH_STUB_DRIFT', 'TRUTH_SYSTEM_DRIFT']
2026-07-04T02:36:58Z VIOLATION DNS drift threat github.com: ['TRUTH_DNS_DOWN', 'TRUTH_STUB_DRIFT', 'TRUTH_SYSTEM_DRIFT']
2026-07-04T02:37:01Z VIOLATION DNS drift threat api.github.com: ['TRUTH_DNS_DOWN']
2026-07-04T02:37:57Z VIOLATION DNS drift threat github.com: ['TRUTH_DNS_DOWN', 'TRUTH_STUB_DRIFT', 'TRUTH_SYSTEM_DRIFT']
2026-07-04T02:38:01Z VIOLATION DNS drift threat api.github.com: ['TRUTH_DNS_DOWN', 'TRUTH_STUB_DRIFT', 'TRUTH_SYSTEM_DRIFT']
2026-07-04T02:38:33Z VIOLATION DNS drift threat github.com: ['TRUTH_DNS_DOWN', 'TRUTH_STUB_DRIFT', 'TRUTH_SYSTEM_DRIFT']
2026-07-04T02:39:25Z VIOLATION DNS drift threat github.com: ['TRUTH_DNS_DOWN', 'TRUTH_STUB_DRIFT', 'TRUTH_SYSTEM_DRIFT']
2026-07-04T02:39:58Z VIOLATION DNS drift threat github.com: ['TRUTH_DNS_DOWN', 'TRUTH_STUB_DRIFT', 'TRUTH_SYSTEM_DRIFT']
2026-07-04T02:40:55Z VIOLATION DNS drift threat github.com: ['TRUTH_DNS_DOWN', 'TRUTH_STUB_DRIFT', 'TRUTH_SYSTEM_DRIFT']
2026-07-04T02:41:20Z VIOLATION DNS drift threat github.com: ['TRUTH_DNS_DOWN', 'TRUTH_STUB_DRIFT', 'TRUTH_SYSTEM_DRIFT']
2026-07-04T02:42:16Z VIOLATION DNS drift threat github.com: ['TRUTH_DNS_DOWN', 'TRUTH_STUB_DRIFT', 'TRUTH_SYSTEM_DRIFT']
2026-07-04T02:42:21Z VIOLATION DNS drift threat github.com: ['TRUTH_DNS_DOWN', 'TRUTH_STUB_DRIFT', 'TRUTH_SYSTEM_DRIFT']
2026-07-04T02:43:01Z VIOLATION DNS drift threat github.com: ['TRUTH_DNS_DOWN', 'TRUTH_STUB_DRIFT', 'TRUTH_SYSTEM_DRIFT']
2026-07-04T02:43:28Z VIOLATION DNS drift threat github.com: ['TRUTH_DNS_DOWN', 'TRUTH_STUB_DRIFT', 'TRUTH_SYSTEM_DRIFT']
2026-07-04T02:44:02Z VIOLATION DNS drift threat github.com: ['TRUTH_DNS_DOWN', 'TRUTH_STUB_DRIFT', 'TRUTH_SYSTEM_DRIFT']
2026-07-04T02:44:04Z VIOLATION DNS drift threat github.com: ['TRUTH_DNS_DOWN', 'TRUTH_STUB_DRIFT', 'TRUTH_SYSTEM_DRIFT']
2026-07-04T02:44:25Z VIOLATION DNS drift threat github.com: ['TRUTH_DNS_DOWN', 'TRUTH_STUB_DRIFT', 'TRUTH_SYSTEM_DRIFT']
2026-07-04T02:44:29Z VIOLATION DNS drift threat api.github.com: ['TRUTH_STUB_DRIFT', 'TRUTH_SYSTEM_DRIFT']
2026-07-04T02:44:54Z VIOLATION DNS drift threat github.com: ['TRUTH_STUB_DRIFT', 'TRUTH_SYSTEM_DRIFT']
2026-07-04T02:44:57Z VIOLATION DNS drift threat api.github.com: ['TRUTH_STUB_DRIFT', 'TRUTH_SYSTEM_DRIFT']
2026-07-04T02:45:21Z VIOLATION DNS drift threat github.com: ['TRUTH_STUB_DRIFT', 'TRUTH_SYSTEM_DRIFT']
2026-07-04T02:45:22Z VIOLATION DNS drift threat github.com: ['TRUTH_STUB_DRIFT', 'TRUTH_SYSTEM_DRIFT']
2026-07-04T02:45:26Z VIOLATION DNS drift threat api.github.com: ['TRUTH_STUB_DRIFT', 'TRUTH_SYSTEM_DRIFT']
2026-07-04T02:46:09Z VIOLATION DNS drift threat github.com: ['TRUTH_DNS_DOWN', 'TRUTH_STUB_DRIFT', 'TRUTH_SYSTEM_DRIFT']
2026-07-04T02:46:12Z VIOLATION DNS drift threat api.github.com: ['TRUTH_STUB_DRIFT', 'TRUTH_SYSTEM_DRIFT']
2026-07-04T02:46:17Z VIOLATION DNS drift threat github.com: ['TRUTH_STUB_DRIFT', 'TRUTH_SYSTEM_DRIFT']
2026-07-04T02:47:03Z VIOLATION DNS drift threat github.com: ['TRUTH_STUB_DRIFT', 'TRUTH_SYSTEM_DRIFT']
2026-07-04T02:47:07Z VIOLATION DNS drift threat api.github.com: ['TRUTH_STUB_DRIFT', 'TRUTH_SYSTEM_DRIFT']
2026-07-04T02:47:08Z VIOLATION DNS drift threat github.com: ['TRUTH_STUB_DRIFT', 'TRUTH_SYSTEM_DRIFT']
2026-07-04T02:47:15Z VIOLATION DNS drift threat api.github.com: ['TRUTH_DNS_DOWN', 'TRUTH_STUB_DRIFT', 'TRUTH_SYSTEM_DRIFT']
2026-07-04T02:47:49Z VIOLATION DNS drift threat github.com: ['TRUTH_DNS_DOWN', 'TRUTH_STUB_DRIFT', 'TRUTH_SYSTEM_DRIFT']
2026-07-04T02:48:12Z VIOLATION DNS drift threat github.com: ['TRUTH_STUB_DRIFT', 'TRUTH_SYSTEM_DRIFT']
2026-07-04T02:48:42Z VIOLATION DNS drift threat github.com: ['TRUTH_STUB_DRIFT', 'TRUTH_SYSTEM_DRIFT']
2026-07-04T02:48:46Z VIOLATION DNS drift threat github.com: ['TRUTH_STUB_DRIFT', 'TRUTH_SYSTEM_DRIFT']
2026-07-04T02:48:47Z VIOLATION DNS drift threat api.github.com: ['TRUTH_STUB_DRIFT', 'TRUTH_SYSTEM_DRIFT']
2026-07-04T02:48:50Z VIOLATION DNS drift threat ssh.github.com: ['TRUTH_STUB_DRIFT', 'TRUTH_SYSTEM_DRIFT']
2026-07-04T02:48:51Z VIOLATION DNS drift threat api.github.com: ['TRUTH_STUB_DRIFT', 'TRUTH_SYSTEM_DRIFT']
2026-07-04T02:50:03Z VIOLATION DNS drift threat github.com: ['TRUTH_STUB_DRIFT', 'TRUTH_SYSTEM_DRIFT']
2026-07-04T02:50:05Z VIOLATION DNS drift threat github.com: ['TRUTH_STUB_DRIFT', 'TRUTH_SYSTEM_DRIFT']
2026-07-04T02:50:07Z VIOLATION DNS drift threat github.com: ['TRUTH_STUB_DRIFT', 'TRUTH_SYSTEM_DRIFT']
2026-07-04T02:50:18Z VIOLATION DNS drift threat api.github.com: ['TRUTH_DNS_DOWN', 'TRUTH_STUB_DRIFT', 'TRUTH_SYSTEM_DRIFT']
2026-07-04T02:50:22Z VIOLATION DNS drift threat ssh.github.com: ['TRUTH_STUB_DRIFT', 'TRUTH_SYSTEM_DRIFT']
2026-07-04T02:50:58Z VIOLATION DNS drift threat github.com: ['TRUTH_DNS_DOWN', 'TRUTH_STUB_DRIFT', 'TRUTH_SYSTEM_DRIFT']
2026-07-04T02:51:02Z VIOLATION DNS drift threat github.com: ['TRUTH_STUB_DRIFT', 'TRUTH_SYSTEM_DRIFT']
2026-07-04T02:51:41Z VIOLATION DNS drift threat api.github.com: ['TRUTH_STUB_DRIFT', 'TRUTH_SYSTEM_DRIFT']
2026-07-04T02:51:50Z VIOLATION DNS drift threat github.com: ['TRUTH_STUB_DRIFT', 'TRUTH_SYSTEM_DRIFT']
2026-07-04T02:51:53Z VIOLATION DNS drift threat ssh.github.com: ['TRUTH_STUB_DRIFT', 'TRUTH_SYSTEM_DRIFT']
2026-07-04T02:52:04Z VIOLATION DNS drift threat github.com: ['TRUTH_STUB_DRIFT', 'TRUTH_SYSTEM_DRIFT']
2026-07-04T02:52:04Z VIOLATION DNS drift threat api.github.com: ['TRUTH_STUB_DRIFT', 'TRUTH_SYSTEM_DRIFT']
2026-07-04T02:52:04Z VIOLATION DNS drift threat ssh.github.com: ['TRUTH_STUB_DRIFT', 'TRUTH_SYSTEM_DRIFT']
2026-07-04T02:52:20Z VIOLATION DNS drift threat github.com: ['TRUTH_STUB_DRIFT', 'TRUTH_SYSTEM_DRIFT']
2026-07-04T02:52:20Z VIOLATION DNS drift threat api.github.com: ['TRUTH_STUB_DRIFT', 'TRUTH_SYSTEM_DRIFT']
2026-07-04T02:52:20Z VIOLATION DNS drift threat ssh.github.com: ['TRUTH_STUB_DRIFT', 'TRUTH_SYSTEM_DRIFT']
2026-07-04T02:52:21Z VIOLATION DNS drift threat github.com: ['TRUTH_STUB_DRIFT', 'TRUTH_SYSTEM_DRIFT']
2026-07-04T02:52:22Z VIOLATION DNS drift threat api.github.com: ['TRUTH_STUB_DRIFT', 'TRUTH_SYSTEM_DRIFT']
2026-07-04T02:52:22Z VIOLATION DNS drift threat ssh.github.com: ['TRUTH_STUB_DRIFT', 'TRUTH_SYSTEM_DRIFT']
2026-07-04T02:52:49Z VIOLATION DNS drift threat github.com: ['TRUTH_STUB_DRIFT', 'TRUTH_SYSTEM_DRIFT']
2026-07-04T02:52:49Z VIOLATION DNS drift threat api.github.com: ['TRUTH_STUB_DRIFT', 'TRUTH_SYSTEM_DRIFT']
2026-07-04T02:52:49Z VIOLATION DNS drift threat ssh.github.com: ['TRUTH_STUB_DRIFT', 'TRUTH_SYSTEM_DRIFT']
2026-07-04T02:52:51Z VIOLATION DNS drift threat github.com: ['TRUTH_STUB_DRIFT', 'TRUTH_SYSTEM_DRIFT']
2026-07-04T02:52:51Z VIOLATION DNS drift threat api.github.com: ['TRUTH_STUB_DRIFT', 'TRUTH_SYSTEM_DRIFT']
2026-07-04T02:52:51Z VIOLATION DNS drift threat ssh.github.com: ['TRUTH_STUB_DRIFT', 'TRUTH_SYSTEM_DRIFT']
2026-07-04T02:53:40Z VIOLATION DNS drift threat github.com: ['TRUTH_STUB_DRIFT', 'TRUTH_SYSTEM_DRIFT']
2026-07-04T02:53:40Z VIOLATION DNS drift threat api.github.com: ['TRUTH_STUB_DRIFT', 'TRUTH_SYSTEM_DRIFT']
2026-07-04T02:53:41Z VIOLATION DNS drift threat ssh.github.com: ['TRUTH_STUB_DRIFT', 'TRUTH_SYSTEM_DRIFT']
2026-07-04T02:53:45Z VIOLATION DNS drift threat github.com: ['TRUTH_STUB_DRIFT', 'TRUTH_SYSTEM_DRIFT']
2026-07-04T02:53:45Z VIOLATION DNS drift threat api.github.com: ['TRUTH_STUB_DRIFT', 'TRUTH_SYSTEM_DRIFT']
2026-07-04T02:53:45Z VIOLATION DNS drift threat ssh.github.com: ['TRUTH_STUB_DRIFT', 'TRUTH_SYSTEM_DRIFT']
2026-07-04T02:54:53Z VIOLATION DNS drift threat github.com: ['TRUTH_STUB_DRIFT', 'TRUTH_SYSTEM_DRIFT']
2026-07-04T02:54:57Z VIOLATION DNS drift threat api.github.com: ['TRUTH_DNS_DOWN', 'TRUTH_STUB_DRIFT', 'TRUTH_SYSTEM_DRIFT']
2026-07-04T02:54:57Z VIOLATION DNS drift threat ssh.github.com: ['TRUTH_STUB_DRIFT', 'TRUTH_SYSTEM_DRIFT']
2026-07-04T02:54:59Z VIOLATION DNS drift threat github.com: ['TRUTH_STUB_DRIFT', 'TRUTH_SYSTEM_DRIFT']
2026-07-04T02:54:59Z VIOLATION DNS drift threat api.github.com: ['TRUTH_STUB_DRIFT', 'TRUTH_SYSTEM_DRIFT']
2026-07-04T02:54:59Z VIOLATION DNS drift threat ssh.github.com: ['TRUTH_STUB_DRIFT', 'TRUTH_SYSTEM_DRIFT']
2026-07-04T02:55:47Z VIOLATION DNS drift threat github.com: ['TRUTH_DNS_DOWN', 'TRUTH_STUB_DRIFT', 'TRUTH_SYSTEM_DRIFT']
2026-07-04T02:55:47Z VIOLATION DNS drift threat api.github.com: ['TRUTH_STUB_DRIFT', 'TRUTH_SYSTEM_DRIFT']
2026-07-04T02:55:47Z VIOLATION DNS drift threat ssh.github.com: ['TRUTH_STUB_DRIFT', 'TRUTH_SYSTEM_DRIFT']
2026-07-04T02:55:49Z VIOLATION DNS drift threat github.com: ['TRUTH_STUB_DRIFT', 'TRUTH_SYSTEM_DRIFT']
2026-07-04T02:55:49Z VIOLATION DNS drift threat api.github.com: ['TRUTH_STUB_DRIFT', 'TRUTH_SYSTEM_DRIFT']
2026-07-04T02:55:49Z VIOLATION DNS drift threat ssh.github.com: ['TRUTH_STUB_DRIFT', 'TRUTH_SYSTEM_DRIFT']
2026-07-04T02:56:41Z VIOLATION DNS drift threat github.com: ['TRUTH_STUB_DRIFT', 'TRUTH_SYSTEM_DRIFT']
2026-07-04T02:56:41Z VIOLATION DNS drift threat api.github.com: ['TRUTH_STUB_DRIFT', 'TRUTH_SYSTEM_DRIFT']
2026-07-04T02:56:41Z VIOLATION DNS drift threat ssh.github.com: ['TRUTH_STUB_DRIFT', 'TRUTH_SYSTEM_DRIFT']
2026-07-04T02:56:48Z VIOLATION DNS drift threat raw.githubusercontent.com: ['TRUTH_DNS_DOWN']
2026-07-04T02:56:50Z VIOLATION DNS drift threat github.com: ['TRUTH_STUB_DRIFT', 'TRUTH_SYSTEM_DRIFT']
2026-07-04T02:56:50Z VIOLATION DNS drift threat api.github.com: ['TRUTH_STUB_DRIFT', 'TRUTH_SYSTEM_DRIFT']
2026-07-04T02:56:50Z VIOLATION DNS drift threat ssh.github.com: ['TRUTH_STUB_DRIFT', 'TRUTH_SYSTEM_DRIFT']
2026-07-04T02:57:06Z VIOLATION DNS drift threat github.com: ['TRUTH_STUB_DRIFT', 'TRUTH_SYSTEM_DRIFT']
2026-07-04T02:57:06Z VIOLATION DNS drift threat github.com: ['TRUTH_STUB_DRIFT', 'TRUTH_SYSTEM_DRIFT']
2026-07-04T02:57:06Z VIOLATION DNS drift threat github.com: ['TRUTH_STUB_DRIFT', 'TRUTH_SYSTEM_DRIFT']
2026-07-04T02:57:06Z VIOLATION DNS drift threat github.com: ['TRUTH_STUB_DRIFT', 'TRUTH_SYSTEM_DRIFT']
2026-07-04T02:57:06Z VIOLATION DNS drift threat github.com: ['TRUTH_STUB_DRIFT', 'TRUTH_SYSTEM_DRIFT']
2026-07-04T02:57:06Z VIOLATION DNS drift threat github.com: ['TRUTH_STUB_DRIFT', 'TRUTH_SYSTEM_DRIFT']
2026-07-04T02:57:06Z VIOLATION DNS drift threat github.com: ['TRUTH_STUB_DRIFT', 'TRUTH_SYSTEM_DRIFT']
2026-07-04T02:57:06Z VIOLATION DNS drift threat github.com: ['TRUTH_STUB_DRIFT', 'TRUTH_SYSTEM_DRIFT']
2026-07-04T02:57:07Z VIOLATION DNS drift threat api.github.com: ['TRUTH_STUB_DRIFT', 'TRUTH_SYSTEM_DRIFT']
2026-07-04T02:57:07Z VIOLATION DNS drift threat github.com: ['TRUTH_STUB_DRIFT', 'TRUTH_SYSTEM_DRIFT']
2026-07-04T02:57:07Z VIOLATION DNS drift threat github.com: ['TRUTH_STUB_DRIFT', 'TRUTH_SYSTEM_DRIFT']
2026-07-04T02:57:07Z VIOLATION DNS drift threat api.github.com: ['TRUTH_STUB_DRIFT', 'TRUTH_SYSTEM_DRIFT']
2026-07-04T02:57:08Z VIOLATION DNS drift threat api.github.com: ['TRUTH_STUB_DRIFT', 'TRUTH_SYSTEM_DRIFT']
2026-07-04T02:57:08Z VIOLATION DNS drift threat api.github.com: ['TRUTH_STUB_DRIFT', 'TRUTH_SYSTEM_DRIFT']
2026-07-04T02:57:08Z VIOLATION DNS drift threat api.github.com: ['TRUTH_STUB_DRIFT', 'TRUTH_SYSTEM_DRIFT']
2026-07-04T02:57:08Z VIOLATION DNS drift threat github.com: ['TRUTH_STUB_DRIFT', 'TRUTH_SYSTEM_DRIFT']
2026-07-04T02:57:08Z VIOLATION DNS drift threat api.github.com: ['TRUTH_STUB_DRIFT', 'TRUTH_SYSTEM_DRIFT']
2026-07-04T02:57:08Z VIOLATION DNS drift threat github.com: ['TRUTH_STUB_DRIFT', 'TRUTH_SYSTEM_DRIFT']
2026-07-04T02:57:08Z VIOLATION DNS drift threat github.com: ['TRUTH_STUB_DRIFT', 'TRUTH_SYSTEM_DRIFT']
2026-07-04T02:57:08Z VIOLATION DNS drift threat github.com: ['TRUTH_STUB_DRIFT', 'TRUTH_SYSTEM_DRIFT']
2026-07-04T02:57:08Z VIOLATION DNS drift threat api.github.com: ['TRUTH_STUB_DRIFT', 'TRUTH_SYSTEM_DRIFT']
2026-07-04T02:57:09Z VIOLATION DNS drift threat github.com: ['TRUTH_STUB_DRIFT', 'TRUTH_SYSTEM_DRIFT']
2026-07-04T02:57:09Z VIOLATION DNS drift threat api.github.com: ['TRUTH_STUB_DRIFT', 'TRUTH_SYSTEM_DRIFT']
2026-07-04T02:57:09Z VIOLATION DNS drift threat api.github.com: ['TRUTH_STUB_DRIFT', 'TRUTH_SYSTEM_DRIFT']
2026-07-04T02:57:09Z VIOLATION DNS drift threat ssh.github.com: ['TRUTH_STUB_DRIFT', 'TRUTH_SYSTEM_DRIFT']
2026-07-04T02:57:10Z VIOLATION DNS drift threat github.com: ['TRUTH_STUB_DRIFT', 'TRUTH_SYSTEM_DRIFT']
2026-07-04T02:57:10Z VIOLATION DNS drift threat api.github.com: ['TRUTH_STUB_DRIFT', 'TRUTH_SYSTEM_DRIFT']
2026-07-04T02:57:10Z VIOLATION DNS drift threat api.github.com: ['TRUTH_STUB_DRIFT', 'TRUTH_SYSTEM_DRIFT']
2026-07-04T02:57:10Z VIOLATION DNS drift threat api.github.com: ['TRUTH_STUB_DRIFT', 'TRUTH_SYSTEM_DRIFT']
2026-07-04T02:57:11Z VIOLATION DNS drift threat api.github.com: ['TRUTH_STUB_DRIFT', 'TRUTH_SYSTEM_DRIFT']
2026-07-04T02:57:11Z VIOLATION DNS drift threat api.github.com: ['TRUTH_STUB_DRIFT', 'TRUTH_SYSTEM_DRIFT']
2026-07-04T02:57:11Z VIOLATION DNS drift threat api.github.com: ['TRUTH_STUB_DRIFT', 'TRUTH_SYSTEM_DRIFT']
2026-07-04T02:57:12Z VIOLATION DNS drift threat api.github.com: ['TRUTH_STUB_DRIFT', 'TRUTH_SYSTEM_DRIFT']
2026-07-04T02:57:32Z VIOLATION DNS drift threat github.com: ['TRUTH_STUB_DRIFT', 'TRUTH_SYSTEM_DRIFT']
2026-07-04T02:57:33Z VIOLATION DNS drift threat api.github.com: ['TRUTH_STUB_DRIFT', 'TRUTH_SYSTEM_DRIFT']
2026-07-04T02:58:01Z VIOLATION DNS drift threat github.com: ['TRUTH_STUB_DRIFT', 'TRUTH_SYSTEM_DRIFT']
2026-07-04T02:58:12Z VIOLATION DNS drift threat github.com: ['TRUTH_SYSTEM_DRIFT']
2026-07-04T02:58:12Z VIOLATION DNS drift threat github.com: ['TRUTH_DNS_DOWN', 'TRUTH_STUB_DRIFT', 'TRUTH_SYSTEM_DRIFT']
2026-07-04T02:58:13Z VIOLATION DNS drift threat github.com: ['TRUTH_DNS_DOWN', 'TRUTH_STUB_DRIFT', 'TRUTH_SYSTEM_DRIFT']
2026-07-04T02:58:13Z VIOLATION DNS drift threat github.com: ['TRUTH_DNS_DOWN']
2026-07-04T02:58:13Z VIOLATION DNS drift threat github.com: ['TRUTH_DNS_DOWN', 'TRUTH_STUB_DRIFT', 'TRUTH_SYSTEM_DRIFT']
2026-07-04T02:58:13Z VIOLATION DNS drift threat github.com: ['TRUTH_DNS_DOWN', 'TRUTH_STUB_DRIFT', 'TRUTH_SYSTEM_DRIFT']
2026-07-04T02:58:14Z VIOLATION DNS drift threat github.com: ['TRUTH_DNS_DOWN', 'TRUTH_STUB_DRIFT', 'TRUTH_SYSTEM_DRIFT']
2026-07-04T02:58:14Z VIOLATION DNS drift threat github.com: ['TRUTH_SYSTEM_DRIFT']
2026-07-04T02:58:14Z VIOLATION DNS drift threat github.com: ['TRUTH_DNS_DOWN', 'TRUTH_STUB_DRIFT', 'TRUTH_SYSTEM_DRIFT']
2026-07-04T02:58:14Z VIOLATION DNS drift threat github.com: ['TRUTH_DNS_DOWN', 'TRUTH_STUB_DRIFT', 'TRUTH_SYSTEM_DRIFT']
2026-07-04T02:58:14Z VIOLATION DNS drift threat github.com: ['TRUTH_SYSTEM_DRIFT']
2026-07-04T02:58:14Z VIOLATION DNS drift threat github.com: ['TRUTH_DNS_DOWN', 'TRUTH_STUB_DRIFT', 'TRUTH_SYSTEM_DRIFT']
2026-07-04T02:58:14Z VIOLATION DNS drift threat github.com: ['TRUTH_SYSTEM_DRIFT']
2026-07-04T02:58:14Z VIOLATION DNS drift threat github.com: ['TRUTH_DNS_DOWN', 'TRUTH_STUB_DRIFT', 'TRUTH_SYSTEM_DRIFT']
2026-07-04T02:58:14Z VIOLATION DNS drift threat github.com: ['TRUTH_DNS_DOWN', 'TRUTH_STUB_DRIFT', 'TRUTH_SYSTEM_DRIFT']
2026-07-04T02:58:14Z VIOLATION DNS drift threat github.com: ['TRUTH_SYSTEM_DRIFT']
2026-07-04T02:58:14Z VIOLATION DNS drift threat github.com: ['TRUTH_DNS_DOWN', 'TRUTH_STUB_DRIFT', 'TRUTH_SYSTEM_DRIFT']
2026-07-04T02:58:14Z VIOLATION DNS drift threat github.com: ['TRUTH_DNS_DOWN', 'TRUTH_STUB_DRIFT', 'TRUTH_SYSTEM_DRIFT']
2026-07-04T02:58:15Z VIOLATION DNS drift threat github.com: ['TRUTH_DNS_DOWN', 'TRUTH_STUB_DRIFT', 'TRUTH_SYSTEM_DRIFT']
2026-07-04T02:58:15Z VIOLATION DNS drift threat github.com: ['TRUTH_DNS_DOWN', 'TRUTH_STUB_DRIFT', 'TRUTH_SYSTEM_DRIFT']
2026-07-04T02:58:19Z VIOLATION DNS drift threat api.github.com: ['TRUTH_DNS_DOWN', 'TRUTH_STUB_DRIFT', 'TRUTH_SYSTEM_DRIFT']
2026-07-04T02:58:19Z VIOLATION DNS drift threat api.github.com: ['TRUTH_DNS_DOWN', 'TRUTH_STUB_DRIFT', 'TRUTH_SYSTEM_DRIFT']
2026-07-04T02:58:20Z VIOLATION DNS drift threat api.github.com: ['TRUTH_DNS_DOWN', 'TRUTH_STUB_DRIFT', 'TRUTH_SYSTEM_DRIFT']
2026-07-04T02:58:20Z VIOLATION DNS drift threat api.github.com: ['TRUTH_DNS_DOWN', 'TRUTH_STUB_DRIFT', 'TRUTH_SYSTEM_DRIFT']
2026-07-04T02:58:20Z VIOLATION DNS drift threat api.github.com: ['TRUTH_DNS_DOWN', 'TRUTH_STUB_DRIFT', 'TRUTH_SYSTEM_DRIFT']
2026-07-04T02:58:20Z VIOLATION DNS drift threat api.github.com: ['TRUTH_DNS_DOWN', 'TRUTH_STUB_DRIFT', 'TRUTH_SYSTEM_DRIFT']
2026-07-04T02:58:20Z VIOLATION DNS drift threat api.github.com: ['TRUTH_DNS_DOWN', 'TRUTH_STUB_DRIFT', 'TRUTH_SYSTEM_DRIFT']
2026-07-04T02:58:20Z VIOLATION DNS drift threat api.github.com: ['TRUTH_DNS_DOWN', 'TRUTH_STUB_DRIFT', 'TRUTH_SYSTEM_DRIFT']
2026-07-04T02:58:20Z VIOLATION DNS drift threat api.github.com: ['TRUTH_DNS_DOWN', 'TRUTH_STUB_DRIFT', 'TRUTH_SYSTEM_DRIFT']
2026-07-04T02:58:21Z VIOLATION DNS drift threat api.github.com: ['TRUTH_DNS_DOWN', 'TRUTH_STUB_DRIFT', 'TRUTH_SYSTEM_DRIFT']
2026-07-04T02:58:21Z VIOLATION DNS drift threat api.github.com: ['TRUTH_DNS_DOWN', 'TRUTH_STUB_DRIFT', 'TRUTH_SYSTEM_DRIFT']
2026-07-04T02:58:21Z VIOLATION DNS drift threat api.github.com: ['TRUTH_DNS_DOWN', 'TRUTH_STUB_DRIFT', 'TRUTH_SYSTEM_DRIFT']
2026-07-04T02:58:21Z VIOLATION DNS drift threat api.github.com: ['TRUTH_DNS_DOWN', 'TRUTH_STUB_DRIFT', 'TRUTH_SYSTEM_DRIFT']
2026-07-04T02:58:22Z VIOLATION DNS drift threat api.github.com: ['TRUTH_DNS_DOWN', 'TRUTH_STUB_DRIFT', 'TRUTH_SYSTEM_DRIFT']
2026-07-04T02:58:22Z VIOLATION DNS drift threat api.github.com: ['TRUTH_DNS_DOWN', 'TRUTH_STUB_DRIFT', 'TRUTH_SYSTEM_DRIFT']
2026-07-04T02:58:24Z VIOLATION DNS drift threat ssh.github.com: ['TRUTH_DNS_DOWN', 'TRUTH_STUB_DRIFT', 'TRUTH_SYSTEM_DRIFT']
2026-07-04T02:58:24Z VIOLATION DNS drift threat ssh.github.com: ['TRUTH_DNS_DOWN', 'TRUTH_STUB_DRIFT', 'TRUTH_SYSTEM_DRIFT']
2026-07-04T02:58:25Z VIOLATION DNS drift threat ssh.github.com: ['TRUTH_DNS_DOWN', 'TRUTH_STUB_DRIFT', 'TRUTH_SYSTEM_DRIFT']
2026-07-04T02:58:25Z VIOLATION DNS drift threat ssh.github.com: ['TRUTH_DNS_DOWN', 'TRUTH_STUB_DRIFT', 'TRUTH_SYSTEM_DRIFT']
2026-07-04T02:58:26Z VIOLATION DNS drift threat ssh.github.com: ['TRUTH_DNS_DOWN', 'TRUTH_STUB_DRIFT', 'TRUTH_SYSTEM_DRIFT']
2026-07-04T02:58:26Z VIOLATION DNS drift threat ssh.github.com: ['TRUTH_DNS_DOWN']
2026-07-04T02:58:27Z VIOLATION DNS drift threat ssh.github.com: ['TRUTH_DNS_DOWN', 'TRUTH_STUB_DRIFT', 'TRUTH_SYSTEM_DRIFT']
2026-07-04T02:58:27Z VIOLATION DNS drift threat ssh.github.com: ['TRUTH_DNS_DOWN', 'TRUTH_STUB_DRIFT', 'TRUTH_SYSTEM_DRIFT']
2026-07-04T02:58:27Z VIOLATION DNS drift threat ssh.github.com: ['TRUTH_DNS_DOWN', 'TRUTH_STUB_DRIFT', 'TRUTH_SYSTEM_DRIFT']
2026-07-04T02:58:27Z VIOLATION DNS drift threat ssh.github.com: ['TRUTH_DNS_DOWN', 'TRUTH_STUB_DRIFT', 'TRUTH_SYSTEM_DRIFT']
2026-07-04T02:58:27Z VIOLATION DNS drift threat ssh.github.com: ['TRUTH_DNS_DOWN', 'TRUTH_STUB_DRIFT', 'TRUTH_SYSTEM_DRIFT']
2026-07-04T02:58:27Z VIOLATION DNS drift threat ssh.github.com: ['TRUTH_DNS_DOWN', 'TRUTH_STUB_DRIFT', 'TRUTH_SYSTEM_DRIFT']
2026-07-04T02:58:27Z VIOLATION DNS drift threat ssh.github.com: ['TRUTH_DNS_DOWN', 'TRUTH_STUB_DRIFT', 'TRUTH_SYSTEM_DRIFT']
2026-07-04T02:58:27Z VIOLATION DNS drift threat ssh.github.com: ['TRUTH_DNS_DOWN', 'TRUTH_STUB_DRIFT', 'TRUTH_SYSTEM_DRIFT']
2026-07-04T02:58:29Z VIOLATION DNS drift threat ssh.github.com: ['TRUTH_DNS_DOWN']
2026-07-04T02:58:43Z VIOLATION DNS drift threat raw.githubusercontent.com: ['TRUTH_DNS_DOWN']
2026-07-04T02:58:43Z VIOLATION DNS drift threat raw.githubusercontent.com: ['TRUTH_DNS_DOWN']
2026-07-04T02:58:43Z VIOLATION DNS drift threat raw.githubusercontent.com: ['TRUTH_DNS_DOWN']
2026-07-04T02:58:43Z VIOLATION DNS drift threat raw.githubusercontent.com: ['TRUTH_DNS_DOWN']
2026-07-04T02:58:44Z VIOLATION DNS drift threat raw.githubusercontent.com: ['TRUTH_DNS_DOWN']
2026-07-04T02:58:44Z VIOLATION DNS drift threat raw.githubusercontent.com: ['TRUTH_DNS_DOWN']
2026-07-04T02:58:44Z VIOLATION DNS drift threat raw.githubusercontent.com: ['TRUTH_DNS_DOWN']
2026-07-04T02:58:44Z VIOLATION DNS drift threat raw.githubusercontent.com: ['TRUTH_DNS_DOWN']
2026-07-04T02:58:44Z VIOLATION DNS drift threat raw.githubusercontent.com: ['TRUTH_DNS_DOWN']
2026-07-04T02:58:44Z VIOLATION DNS drift threat raw.githubusercontent.com: ['TRUTH_DNS_DOWN']
2026-07-04T02:58:44Z VIOLATION DNS drift threat raw.githubusercontent.com: ['TRUTH_DNS_DOWN']
2026-07-04T02:58:45Z VIOLATION DNS drift threat raw.githubusercontent.com: ['TRUTH_DNS_DOWN']
2026-07-04T02:58:45Z VIOLATION DNS drift threat raw.githubusercontent.com: ['TRUTH_DNS_DOWN']
2026-07-04T02:58:45Z VIOLATION DNS drift threat raw.githubusercontent.com: ['TRUTH_DNS_DOWN']
2026-07-04T02:58:45Z VIOLATION DNS drift threat raw.githubusercontent.com: ['TRUTH_DNS_DOWN']
2026-07-04T02:58:48Z VIOLATION DNS drift threat github.com: ['TRUTH_DNS_DOWN', 'TRUTH_STUB_DRIFT', 'TRUTH_SYSTEM_DRIFT']
2026-07-04T02:58:59Z VIOLATION DNS drift threat github.com: ['TRUTH_DNS_DOWN', 'TRUTH_STUB_DRIFT', 'TRUTH_SYSTEM_DRIFT']
2026-07-04T02:58:59Z VIOLATION DNS drift threat github.com: ['TRUTH_DNS_DOWN', 'TRUTH_STUB_DRIFT', 'TRUTH_SYSTEM_DRIFT']
2026-07-04T02:59:00Z VIOLATION DNS drift threat api.github.com: ['TRUTH_STUB_DRIFT', 'TRUTH_SYSTEM_DRIFT']
2026-07-04T02:59:00Z VIOLATION DNS drift threat api.github.com: ['TRUTH_DNS_DOWN', 'TRUTH_STUB_DRIFT', 'TRUTH_SYSTEM_DRIFT']
2026-07-04T02:59:01Z VIOLATION DNS drift threat api.github.com: ['TRUTH_STUB_DRIFT', 'TRUTH_SYSTEM_DRIFT']
2026-07-04T02:59:03Z VIOLATION DNS drift threat ssh.github.com: ['TRUTH_STUB_DRIFT', 'TRUTH_SYSTEM_DRIFT']
2026-07-04T02:59:03Z VIOLATION DNS drift threat ssh.github.com: ['TRUTH_STUB_DRIFT', 'TRUTH_SYSTEM_DRIFT']
2026-07-04T02:59:05Z VIOLATION DNS drift threat ssh.github.com: ['TRUTH_STUB_DRIFT', 'TRUTH_SYSTEM_DRIFT']
2026-07-04T02:59:33Z VIOLATION DNS drift threat github.com: ['TRUTH_DNS_DOWN', 'TRUTH_STUB_DRIFT', 'TRUTH_SYSTEM_DRIFT']
2026-07-04T02:59:35Z VIOLATION DNS drift threat github.com: ['TRUTH_DNS_DOWN', 'TRUTH_STUB_DRIFT', 'TRUTH_SYSTEM_DRIFT']
2026-07-04T02:59:38Z VIOLATION DNS drift threat api.github.com: ['TRUTH_DNS_DOWN', 'TRUTH_STUB_DRIFT', 'TRUTH_SYSTEM_DRIFT']
2026-07-04T03:01:52Z VIOLATION DNS drift threat github.com: ['TRUTH_STUB_DRIFT', 'TRUTH_SYSTEM_DRIFT']
2026-07-04T03:01:57Z VIOLATION DNS drift threat api.github.com: ['TRUTH_STUB_DRIFT', 'TRUTH_SYSTEM_DRIFT']
2026-07-04T03:04:44Z VIOLATION DNS drift threat github.com: ['TRUTH_STUB_DRIFT', 'TRUTH_SYSTEM_DRIFT']
2026-07-04T03:04:48Z VIOLATION DNS drift threat api.github.com: ['TRUTH_STUB_DRIFT', 'TRUTH_SYSTEM_DRIFT']
2026-07-04T03:05:11Z VIOLATION DNS drift threat github.com: ['TRUTH_STUB_DRIFT', 'TRUTH_SYSTEM_DRIFT']
2026-07-04T03:05:29Z VIOLATION DNS drift threat github.com: ['TRUTH_STUB_DRIFT', 'TRUTH_SYSTEM_DRIFT']
2026-07-04T03:05:29Z VIOLATION DNS drift threat github.com: ['TRUTH_STUB_DRIFT', 'TRUTH_SYSTEM_DRIFT']
2026-07-04T03:05:32Z VIOLATION DNS drift threat api.github.com: ['TRUTH_STUB_DRIFT', 'TRUTH_SYSTEM_DRIFT']
2026-07-04T03:05:33Z VIOLATION DNS drift threat api.github.com: ['TRUTH_STUB_DRIFT', 'TRUTH_SYSTEM_DRIFT']
2026-07-04T03:06:20Z VIOLATION DNS drift threat github.com: ['TRUTH_STUB_DRIFT', 'TRUTH_SYSTEM_DRIFT']
2026-07-04T03:06:20Z VIOLATION DNS drift threat github.com: ['TRUTH_STUB_DRIFT', 'TRUTH_SYSTEM_DRIFT']
2026-07-04T03:06:20Z VIOLATION DNS drift threat github.com: ['TRUTH_STUB_DRIFT', 'TRUTH_SYSTEM_DRIFT']
2026-07-04T03:06:21Z VIOLATION DNS drift threat api.github.com: ['TRUTH_STUB_DRIFT', 'TRUTH_SYSTEM_DRIFT']
2026-07-04T03:06:21Z VIOLATION DNS drift threat api.github.com: ['TRUTH_STUB_DRIFT', 'TRUTH_SYSTEM_DRIFT']
2026-07-04T03:06:21Z VIOLATION DNS drift threat api.github.com: ['TRUTH_STUB_DRIFT', 'TRUTH_SYSTEM_DRIFT']
2026-07-04T03:06:23Z VIOLATION DNS drift threat ssh.github.com: ['TRUTH_STUB_DRIFT', 'TRUTH_SYSTEM_DRIFT']
2026-07-04T03:06:23Z VIOLATION DNS drift threat ssh.github.com: ['TRUTH_STUB_DRIFT', 'TRUTH_SYSTEM_DRIFT']
2026-07-04T03:06:23Z VIOLATION DNS drift threat ssh.github.com: ['TRUTH_STUB_DRIFT', 'TRUTH_SYSTEM_DRIFT']
2026-07-04T03:11:06Z VIOLATION DNS drift threat github.com: ['TRUTH_STUB_DRIFT', 'TRUTH_SYSTEM_DRIFT']
2026-07-04T03:11:10Z VIOLATION DNS drift threat api.github.com: ['TRUTH_STUB_DRIFT', 'TRUTH_SYSTEM_DRIFT']
2026-07-04T03:12:16Z VIOLATION DNS drift threat github.com: ['TRUTH_DNS_DOWN', 'TRUTH_STUB_DRIFT', 'TRUTH_SYSTEM_DRIFT']
2026-07-04T03:14:54Z VIOLATION DNS drift threat github.com: ['TRUTH_STUB_DRIFT', 'TRUTH_SYSTEM_DRIFT']
2026-07-04T03:15:00Z VIOLATION DNS drift threat api.github.com: ['TRUTH_STUB_DRIFT', 'TRUTH_SYSTEM_DRIFT']
2026-07-04T03:15:04Z VIOLATION DNS drift threat ssh.github.com: ['TRUTH_STUB_DRIFT', 'TRUTH_SYSTEM_DRIFT']
2026-07-04T03:15:51Z VIOLATION DNS drift threat github.com: ['TRUTH_STUB_DRIFT', 'TRUTH_SYSTEM_DRIFT']
2026-07-04T03:15:52Z VIOLATION DNS drift threat github.com: ['TRUTH_STUB_DRIFT', 'TRUTH_SYSTEM_DRIFT']
2026-07-04T03:15:53Z VIOLATION DNS drift threat github.com: ['TRUTH_STUB_DRIFT', 'TRUTH_SYSTEM_DRIFT']
2026-07-04T03:15:53Z VIOLATION DNS drift threat api.github.com: ['TRUTH_STUB_DRIFT', 'TRUTH_SYSTEM_DRIFT']
2026-07-04T03:15:54Z VIOLATION DNS drift threat api.github.com: ['TRUTH_STUB_DRIFT', 'TRUTH_SYSTEM_DRIFT']
2026-07-04T03:15:55Z VIOLATION DNS drift threat api.github.com: ['TRUTH_STUB_DRIFT', 'TRUTH_SYSTEM_DRIFT']
2026-07-04T03:21:31Z VIOLATION DNS drift threat github.com: ['TRUTH_DNS_DOWN', 'TRUTH_STUB_DRIFT', 'TRUTH_SYSTEM_DRIFT']
2026-07-04T03:21:32Z VIOLATION DNS drift threat github.com: ['TRUTH_DNS_DOWN', 'TRUTH_STUB_DRIFT', 'TRUTH_SYSTEM_DRIFT']
2026-07-04T03:21:32Z VIOLATION DNS drift threat github.com: ['TRUTH_STUB_DRIFT', 'TRUTH_SYSTEM_DRIFT']
2026-07-04T03:21:32Z VIOLATION DNS drift threat github.com: ['TRUTH_DNS_DOWN', 'TRUTH_STUB_DRIFT', 'TRUTH_SYSTEM_DRIFT']
2026-07-04T03:21:32Z VIOLATION DNS drift threat github.com: ['TRUTH_DNS_DOWN']
2026-07-04T03:21:34Z VIOLATION DNS drift threat api.github.com: ['TRUTH_STUB_DRIFT', 'TRUTH_SYSTEM_DRIFT']
2026-07-04T03:21:34Z VIOLATION DNS drift threat github.com: ['TRUTH_STUB_DRIFT', 'TRUTH_SYSTEM_DRIFT']
2026-07-04T03:21:35Z VIOLATION DNS drift threat api.github.com: ['TRUTH_STUB_DRIFT', 'TRUTH_SYSTEM_DRIFT']
2026-07-04T03:21:36Z VIOLATION DNS drift threat api.github.com: ['TRUTH_STUB_DRIFT', 'TRUTH_SYSTEM_DRIFT']
2026-07-04T03:21:36Z VIOLATION DNS drift threat api.github.com: ['TRUTH_STUB_DRIFT', 'TRUTH_SYSTEM_DRIFT']
2026-07-04T03:21:36Z VIOLATION DNS drift threat api.github.com: ['TRUTH_STUB_DRIFT', 'TRUTH_SYSTEM_DRIFT']
2026-07-04T03:21:38Z VIOLATION DNS drift threat api.github.com: ['TRUTH_STUB_DRIFT', 'TRUTH_SYSTEM_DRIFT']
2026-07-04T03:21:39Z VIOLATION DNS drift threat ssh.github.com: ['TRUTH_STUB_DRIFT', 'TRUTH_SYSTEM_DRIFT']
2026-07-04T03:21:40Z VIOLATION DNS drift threat ssh.github.com: ['TRUTH_STUB_DRIFT', 'TRUTH_SYSTEM_DRIFT']
2026-07-04T03:22:08Z VIOLATION DNS drift threat github.com: ['TRUTH_STUB_DRIFT', 'TRUTH_SYSTEM_DRIFT']
2026-07-04T03:22:12Z VIOLATION DNS drift threat api.github.com: ['TRUTH_STUB_DRIFT', 'TRUTH_SYSTEM_DRIFT']
2026-07-04T03:23:02Z VIOLATION DNS drift threat api.github.com: ['TRUTH_STUB_DRIFT', 'TRUTH_SYSTEM_DRIFT']
2026-07-04T03:23:03Z VIOLATION DNS drift threat api.github.com: ['TRUTH_STUB_DRIFT', 'TRUTH_SYSTEM_DRIFT']
2026-07-04T03:23:07Z VIOLATION DNS drift threat ssh.github.com: ['TRUTH_STUB_DRIFT', 'TRUTH_SYSTEM_DRIFT']
2026-07-04T03:23:12Z VIOLATION DNS drift threat ssh.github.com: ['TRUTH_STUB_DRIFT', 'TRUTH_SYSTEM_DRIFT']
2026-07-04T03:23:18Z VIOLATION DNS drift threat ssh.github.com: ['TRUTH_STUB_DRIFT', 'TRUTH_SYSTEM_DRIFT']
2026-07-04T03:23:30Z VIOLATION DNS drift threat github.com: ['TRUTH_STUB_DRIFT', 'TRUTH_SYSTEM_DRIFT']
2026-07-04T03:23:37Z VIOLATION DNS drift threat api.github.com: ['TRUTH_STUB_DRIFT', 'TRUTH_SYSTEM_DRIFT']
2026-07-04T03:24:05Z VIOLATION DNS drift threat api.github.com: ['TRUTH_STUB_DRIFT', 'TRUTH_SYSTEM_DRIFT']
2026-07-04T03:24:08Z VIOLATION DNS drift threat ssh.github.com: ['TRUTH_STUB_DRIFT', 'TRUTH_SYSTEM_DRIFT']
2026-07-04T03:24:18Z VIOLATION DNS drift threat github.com: ['TRUTH_STUB_DRIFT', 'TRUTH_SYSTEM_DRIFT']
2026-07-04T03:24:21Z VIOLATION DNS drift threat api.github.com: ['TRUTH_STUB_DRIFT', 'TRUTH_SYSTEM_DRIFT']
2026-07-04T03:24:25Z VIOLATION DNS drift threat ssh.github.com: ['TRUTH_STUB_DRIFT', 'TRUTH_SYSTEM_DRIFT']
2026-07-04T03:25:16Z VIOLATION DNS drift threat github.com: ['TRUTH_STUB_DRIFT', 'TRUTH_SYSTEM_DRIFT']
2026-07-04T03:25:21Z VIOLATION DNS drift threat ssh.github.com: ['TRUTH_STUB_DRIFT', 'TRUTH_SYSTEM_DRIFT']
2026-07-04T03:25:38Z VIOLATION DNS drift threat github.com: ['TRUTH_STUB_DRIFT', 'TRUTH_SYSTEM_DRIFT']
2026-07-04T03:25:40Z VIOLATION DNS drift threat api.github.com: ['TRUTH_STUB_DRIFT', 'TRUTH_SYSTEM_DRIFT']
2026-07-04T03:25:43Z VIOLATION DNS drift threat ssh.github.com: ['TRUTH_STUB_DRIFT', 'TRUTH_SYSTEM_DRIFT']
2026-07-04T03:26:37Z VIOLATION DNS drift threat github.com: ['TRUTH_STUB_DRIFT', 'TRUTH_SYSTEM_DRIFT']
2026-07-04T03:27:06Z VIOLATION DNS drift threat github.com: ['TRUTH_STUB_DRIFT', 'TRUTH_SYSTEM_DRIFT']
2026-07-04T03:28:43Z VIOLATION DNS drift threat github.com: ['TRUTH_STUB_DRIFT', 'TRUTH_SYSTEM_DRIFT']
2026-07-04T03:28:50Z VIOLATION DNS drift threat ssh.github.com: ['TRUTH_STUB_DRIFT', 'TRUTH_SYSTEM_DRIFT']
2026-07-04T03:30:13Z VIOLATION DNS drift threat github.com: ['TRUTH_STUB_DRIFT', 'TRUTH_SYSTEM_DRIFT']
2026-07-04T03:30:19Z VIOLATION DNS drift threat api.github.com: ['TRUTH_STUB_DRIFT', 'TRUTH_SYSTEM_DRIFT']
2026-07-04T03:31:00Z VIOLATION DNS drift threat github.com: ['TRUTH_STUB_DRIFT', 'TRUTH_SYSTEM_DRIFT']
2026-07-04T03:31:03Z VIOLATION DNS drift threat api.github.com: ['TRUTH_STUB_DRIFT', 'TRUTH_SYSTEM_DRIFT']
2026-07-04T03:31:56Z VIOLATION DNS drift threat github.com: ['TRUTH_STUB_DRIFT', 'TRUTH_SYSTEM_DRIFT']
2026-07-04T03:31:59Z VIOLATION DNS drift threat ssh.github.com: ['TRUTH_STUB_DRIFT', 'TRUTH_SYSTEM_DRIFT']
2026-07-04T03:32:55Z VIOLATION DNS drift threat github.com: ['TRUTH_DNS_DOWN', 'TRUTH_STUB_DRIFT', 'TRUTH_SYSTEM_DRIFT']
2026-07-04T03:33:32Z VIOLATION DNS drift threat api.github.com: ['TRUTH_STUB_DRIFT', 'TRUTH_SYSTEM_DRIFT']
2026-07-04T03:34:25Z VIOLATION DNS drift threat github.com: ['TRUTH_STUB_DRIFT', 'TRUTH_SYSTEM_DRIFT']
2026-07-04T03:34:51Z VIOLATION DNS drift threat github.com: ['TRUTH_STUB_DRIFT', 'TRUTH_SYSTEM_DRIFT']
2026-07-04T03:34:55Z VIOLATION DNS drift threat api.github.com: ['TRUTH_STUB_DRIFT', 'TRUTH_SYSTEM_DRIFT']
2026-07-04T03:35:26Z VIOLATION DNS drift threat github.com: ['TRUTH_STUB_DRIFT', 'TRUTH_SYSTEM_DRIFT']
2026-07-04T03:35:29Z VIOLATION DNS drift threat api.github.com: ['TRUTH_STUB_DRIFT', 'TRUTH_SYSTEM_DRIFT']
2026-07-04T03:35:32Z VIOLATION DNS drift threat ssh.github.com: ['TRUTH_STUB_DRIFT', 'TRUTH_SYSTEM_DRIFT']
2026-07-04T03:35:56Z VIOLATION DNS drift threat github.com: ['TRUTH_STUB_DRIFT', 'TRUTH_SYSTEM_DRIFT']
2026-07-04T03:35:57Z VIOLATION DNS drift threat api.github.com: ['TRUTH_STUB_DRIFT', 'TRUTH_SYSTEM_DRIFT']
2026-07-04T03:35:58Z VIOLATION DNS drift threat ssh.github.com: ['TRUTH_STUB_DRIFT', 'TRUTH_SYSTEM_DRIFT']
2026-07-04T03:36:05Z VIOLATION DNS drift threat github.com: ['TRUTH_STUB_DRIFT', 'TRUTH_SYSTEM_DRIFT']
2026-07-04T03:36:05Z VIOLATION DNS drift threat api.github.com: ['TRUTH_STUB_DRIFT', 'TRUTH_SYSTEM_DRIFT']
2026-07-04T03:37:16Z VIOLATION DNS drift threat github.com: ['TRUTH_STUB_DRIFT', 'TRUTH_SYSTEM_DRIFT']
2026-07-04T03:37:17Z VIOLATION DNS drift threat api.github.com: ['TRUTH_STUB_DRIFT', 'TRUTH_SYSTEM_DRIFT']
2026-07-04T03:37:17Z VIOLATION DNS drift threat github.com: ['TRUTH_STUB_DRIFT', 'TRUTH_SYSTEM_DRIFT']
2026-07-04T03:37:18Z VIOLATION DNS drift threat ssh.github.com: ['TRUTH_STUB_DRIFT', 'TRUTH_SYSTEM_DRIFT']
2026-07-04T03:37:18Z VIOLATION DNS drift threat api.github.com: ['TRUTH_STUB_DRIFT', 'TRUTH_SYSTEM_DRIFT']
2026-07-04T03:37:18Z VIOLATION DNS drift threat ssh.github.com: ['TRUTH_STUB_DRIFT', 'TRUTH_SYSTEM_DRIFT']
2026-07-04T03:37:25Z VIOLATION DNS drift threat github.com: ['TRUTH_STUB_DRIFT', 'TRUTH_SYSTEM_DRIFT']
2026-07-04T03:37:25Z VIOLATION DNS drift threat github.com: ['TRUTH_STUB_DRIFT', 'TRUTH_SYSTEM_DRIFT']
2026-07-04T03:37:25Z VIOLATION DNS drift threat ssh.github.com: ['TRUTH_STUB_DRIFT', 'TRUTH_SYSTEM_DRIFT']
2026-07-04T03:37:25Z VIOLATION DNS drift threat ssh.github.com: ['TRUTH_STUB_DRIFT', 'TRUTH_SYSTEM_DRIFT']
2026-07-04T03:39:11Z VIOLATION DNS drift threat github.com: ['TRUTH_STUB_DRIFT', 'TRUTH_SYSTEM_DRIFT']
2026-07-04T03:39:13Z VIOLATION DNS drift threat api.github.com: ['TRUTH_STUB_DRIFT', 'TRUTH_SYSTEM_DRIFT']
2026-07-04T03:39:17Z VIOLATION DNS drift threat github.com: ['TRUTH_STUB_DRIFT', 'TRUTH_SYSTEM_DRIFT']
2026-07-04T03:39:17Z VIOLATION DNS drift threat api.github.com: ['TRUTH_STUB_DRIFT', 'TRUTH_SYSTEM_DRIFT']
2026-07-04T03:39:22Z VIOLATION DNS drift threat github.com: ['TRUTH_STUB_DRIFT', 'TRUTH_SYSTEM_DRIFT']
2026-07-04T03:39:22Z VIOLATION DNS drift threat github.com: ['TRUTH_STUB_DRIFT', 'TRUTH_SYSTEM_DRIFT']
2026-07-04T03:40:53Z VIOLATION DNS drift threat github.com: ['TRUTH_STUB_DRIFT', 'TRUTH_SYSTEM_DRIFT']
2026-07-04T03:40:56Z VIOLATION DNS drift threat github.com: ['TRUTH_DNS_DOWN', 'TRUTH_STUB_DRIFT', 'TRUTH_SYSTEM_DRIFT']
2026-07-04T03:40:56Z VIOLATION DNS drift threat github.com: ['TRUTH_DNS_DOWN', 'TRUTH_STUB_DRIFT', 'TRUTH_SYSTEM_DRIFT']
2026-07-04T03:40:57Z VIOLATION DNS drift threat github.com: ['TRUTH_DNS_DOWN', 'TRUTH_STUB_DRIFT', 'TRUTH_SYSTEM_DRIFT']
2026-07-04T03:40:57Z VIOLATION DNS drift threat github.com: ['TRUTH_DNS_DOWN', 'TRUTH_STUB_DRIFT', 'TRUTH_SYSTEM_DRIFT']
2026-07-04T03:40:57Z VIOLATION DNS drift threat github.com: ['TRUTH_DNS_DOWN', 'TRUTH_STUB_DRIFT', 'TRUTH_SYSTEM_DRIFT']
2026-07-04T03:40:57Z VIOLATION DNS drift threat github.com: ['TRUTH_STUB_DRIFT', 'TRUTH_SYSTEM_DRIFT']
2026-07-04T03:40:57Z VIOLATION DNS drift threat github.com: ['TRUTH_DNS_DOWN', 'TRUTH_STUB_DRIFT', 'TRUTH_SYSTEM_DRIFT']
2026-07-04T03:40:58Z VIOLATION DNS drift threat api.github.com: ['TRUTH_DNS_DOWN', 'TRUTH_STUB_DRIFT', 'TRUTH_SYSTEM_DRIFT']
2026-07-04T03:40:59Z VIOLATION DNS drift threat github.com: ['TRUTH_STUB_DRIFT', 'TRUTH_SYSTEM_DRIFT']
2026-07-04T03:40:59Z VIOLATION DNS drift threat github.com: ['TRUTH_STUB_DRIFT', 'TRUTH_SYSTEM_DRIFT']
2026-07-04T03:41:00Z VIOLATION DNS drift threat github.com: ['TRUTH_STUB_DRIFT', 'TRUTH_SYSTEM_DRIFT']
2026-07-04T03:41:01Z VIOLATION DNS drift threat github.com: ['TRUTH_STUB_DRIFT', 'TRUTH_SYSTEM_DRIFT']
2026-07-04T03:41:01Z VIOLATION DNS drift threat api.github.com: ['TRUTH_DNS_DOWN', 'TRUTH_STUB_DRIFT', 'TRUTH_SYSTEM_DRIFT']
2026-07-04T03:41:02Z VIOLATION DNS drift threat api.github.com: ['TRUTH_DNS_DOWN', 'TRUTH_STUB_DRIFT', 'TRUTH_SYSTEM_DRIFT']
2026-07-04T03:41:02Z VIOLATION DNS drift threat api.github.com: ['TRUTH_DNS_DOWN', 'TRUTH_STUB_DRIFT', 'TRUTH_SYSTEM_DRIFT']
2026-07-04T03:41:02Z VIOLATION DNS drift threat api.github.com: ['TRUTH_DNS_DOWN', 'TRUTH_STUB_DRIFT', 'TRUTH_SYSTEM_DRIFT']
2026-07-04T03:41:02Z VIOLATION DNS drift threat api.github.com: ['TRUTH_DNS_DOWN', 'TRUTH_STUB_DRIFT', 'TRUTH_SYSTEM_DRIFT']
2026-07-04T03:41:03Z VIOLATION DNS drift threat api.github.com: ['TRUTH_DNS_DOWN']
2026-07-04T03:41:06Z VIOLATION DNS drift threat ssh.github.com: ['TRUTH_DNS_DOWN']
2026-07-04T03:41:12Z VIOLATION DNS drift threat github.com: ['TRUTH_STUB_DRIFT', 'TRUTH_SYSTEM_DRIFT']
2026-07-04T03:41:12Z VIOLATION DNS drift threat github.com: ['TRUTH_STUB_DRIFT', 'TRUTH_SYSTEM_DRIFT']
2026-07-04T03:41:13Z VIOLATION DNS drift threat api.github.com: ['TRUTH_STUB_DRIFT', 'TRUTH_SYSTEM_DRIFT']
2026-07-04T03:41:13Z VIOLATION DNS drift threat api.github.com: ['TRUTH_STUB_DRIFT', 'TRUTH_SYSTEM_DRIFT']
2026-07-04T03:41:14Z VIOLATION DNS drift threat ssh.github.com: ['TRUTH_STUB_DRIFT', 'TRUTH_SYSTEM_DRIFT']
2026-07-04T03:41:15Z VIOLATION DNS drift threat ssh.github.com: ['TRUTH_STUB_DRIFT', 'TRUTH_SYSTEM_DRIFT']
2026-07-04T03:41:31Z VIOLATION DNS drift threat github.com: ['TRUTH_STUB_DRIFT', 'TRUTH_SYSTEM_DRIFT']
2026-07-04T03:41:33Z VIOLATION DNS drift threat github.com: ['TRUTH_STUB_DRIFT', 'TRUTH_SYSTEM_DRIFT']
2026-07-04T03:41:35Z VIOLATION DNS drift threat github.com: ['TRUTH_STUB_DRIFT', 'TRUTH_SYSTEM_DRIFT']
2026-07-04T03:41:35Z VIOLATION DNS drift threat github.com: ['TRUTH_STUB_DRIFT', 'TRUTH_SYSTEM_DRIFT']
2026-07-04T03:41:35Z VIOLATION DNS drift threat api.github.com: ['TRUTH_STUB_DRIFT', 'TRUTH_SYSTEM_DRIFT']
2026-07-04T03:41:35Z VIOLATION DNS drift threat github.com: ['TRUTH_STUB_DRIFT', 'TRUTH_SYSTEM_DRIFT']
2026-07-04T03:41:35Z VIOLATION DNS drift threat github.com: ['TRUTH_STUB_DRIFT', 'TRUTH_SYSTEM_DRIFT']
2026-07-04T03:41:35Z VIOLATION DNS drift threat github.com: ['TRUTH_STUB_DRIFT', 'TRUTH_SYSTEM_DRIFT']
2026-07-04T03:41:36Z VIOLATION DNS drift threat github.com: ['TRUTH_STUB_DRIFT', 'TRUTH_SYSTEM_DRIFT']
2026-07-04T03:41:36Z VIOLATION DNS drift threat api.github.com: ['TRUTH_STUB_DRIFT', 'TRUTH_SYSTEM_DRIFT']
2026-07-04T03:41:36Z VIOLATION DNS drift threat github.com: ['TRUTH_STUB_DRIFT', 'TRUTH_SYSTEM_DRIFT']
2026-07-04T03:41:36Z VIOLATION DNS drift threat github.com: ['TRUTH_STUB_DRIFT', 'TRUTH_SYSTEM_DRIFT']
2026-07-04T03:41:37Z VIOLATION DNS drift threat github.com: ['TRUTH_STUB_DRIFT', 'TRUTH_SYSTEM_DRIFT']
2026-07-04T03:41:38Z VIOLATION DNS drift threat github.com: ['TRUTH_STUB_DRIFT', 'TRUTH_SYSTEM_DRIFT']
2026-07-04T03:41:38Z VIOLATION DNS drift threat github.com: ['TRUTH_STUB_DRIFT', 'TRUTH_SYSTEM_DRIFT']
2026-07-04T03:41:38Z VIOLATION DNS drift threat github.com: ['TRUTH_STUB_DRIFT', 'TRUTH_SYSTEM_DRIFT']
2026-07-04T03:41:39Z VIOLATION DNS drift threat api.github.com: ['TRUTH_STUB_DRIFT', 'TRUTH_SYSTEM_DRIFT']
2026-07-04T03:41:39Z VIOLATION DNS drift threat github.com: ['TRUTH_STUB_DRIFT', 'TRUTH_SYSTEM_DRIFT']
2026-07-04T03:41:39Z VIOLATION DNS drift threat api.github.com: ['TRUTH_STUB_DRIFT', 'TRUTH_SYSTEM_DRIFT']
2026-07-04T03:41:40Z VIOLATION DNS drift threat ssh.github.com: ['TRUTH_STUB_DRIFT', 'TRUTH_SYSTEM_DRIFT']
2026-07-04T03:41:40Z VIOLATION DNS drift threat github.com: ['TRUTH_STUB_DRIFT', 'TRUTH_SYSTEM_DRIFT']
2026-07-04T03:41:40Z VIOLATION DNS drift threat api.github.com: ['TRUTH_STUB_DRIFT']
2026-07-04T03:41:44Z VIOLATION DNS drift threat ssh.github.com: ['TRUTH_STUB_DRIFT', 'TRUTH_SYSTEM_DRIFT']
2026-07-04T03:41:44Z VIOLATION DNS drift threat ssh.github.com: ['TRUTH_STUB_DRIFT', 'TRUTH_SYSTEM_DRIFT']
2026-07-04T03:41:45Z VIOLATION DNS drift threat ssh.github.com: ['TRUTH_STUB_DRIFT', 'TRUTH_SYSTEM_DRIFT']
2026-07-04T03:41:46Z VIOLATION DNS drift threat ssh.github.com: ['TRUTH_STUB_DRIFT', 'TRUTH_SYSTEM_DRIFT']
2026-07-04T03:41:46Z VIOLATION DNS drift threat api.github.com: ['TRUTH_SYSTEM_DRIFT']
2026-07-04T03:41:46Z VIOLATION DNS drift threat ssh.github.com: ['TRUTH_STUB_DRIFT', 'TRUTH_SYSTEM_DRIFT']
2026-07-04T03:41:46Z VIOLATION DNS drift threat ssh.github.com: ['TRUTH_STUB_DRIFT', 'TRUTH_SYSTEM_DRIFT']
2026-07-04T03:41:46Z VIOLATION DNS drift threat ssh.github.com: ['TRUTH_STUB_DRIFT', 'TRUTH_SYSTEM_DRIFT']
2026-07-04T03:41:46Z VIOLATION DNS drift threat ssh.github.com: ['TRUTH_STUB_DRIFT', 'TRUTH_SYSTEM_DRIFT']
2026-07-04T03:41:46Z VIOLATION DNS drift threat ssh.github.com: ['TRUTH_STUB_DRIFT', 'TRUTH_SYSTEM_DRIFT']
2026-07-04T03:41:46Z VIOLATION DNS drift threat ssh.github.com: ['TRUTH_STUB_DRIFT', 'TRUTH_SYSTEM_DRIFT']
2026-07-04T03:41:47Z VIOLATION DNS drift threat ssh.github.com: ['TRUTH_STUB_DRIFT', 'TRUTH_SYSTEM_DRIFT']
2026-07-04T03:41:47Z VIOLATION DNS drift threat ssh.github.com: ['TRUTH_STUB_DRIFT', 'TRUTH_SYSTEM_DRIFT']
2026-07-04T03:41:48Z VIOLATION DNS drift threat ssh.github.com: ['TRUTH_STUB_DRIFT', 'TRUTH_SYSTEM_DRIFT']
2026-07-04T03:41:49Z VIOLATION DNS drift threat ssh.github.com: ['TRUTH_STUB_DRIFT', 'TRUTH_SYSTEM_DRIFT']
2026-07-04T03:41:56Z VIOLATION DNS drift threat github.com: ['TRUTH_STUB_DRIFT', 'TRUTH_SYSTEM_DRIFT']
2026-07-04T03:42:01Z VIOLATION DNS drift threat api.github.com: ['TRUTH_STUB_DRIFT', 'TRUTH_SYSTEM_DRIFT']
2026-07-04T03:42:04Z VIOLATION DNS drift threat github.com: ['TRUTH_STUB_DRIFT', 'TRUTH_SYSTEM_DRIFT']
2026-07-04T03:42:06Z VIOLATION DNS drift threat github.com: ['TRUTH_STUB_DRIFT', 'TRUTH_SYSTEM_DRIFT']
2026-07-04T03:42:14Z VIOLATION DNS drift threat github.com: ['TRUTH_DNS_DOWN', 'TRUTH_STUB_DRIFT', 'TRUTH_SYSTEM_DRIFT']
2026-07-04T03:42:17Z VIOLATION DNS drift threat github.com: ['TRUTH_STUB_DRIFT', 'TRUTH_SYSTEM_DRIFT']
2026-07-04T03:42:19Z VIOLATION DNS drift threat github.com: ['TRUTH_STUB_DRIFT', 'TRUTH_SYSTEM_DRIFT']
2026-07-04T03:42:20Z VIOLATION DNS drift threat github.com: ['TRUTH_STUB_DRIFT', 'TRUTH_SYSTEM_DRIFT']
2026-07-04T03:42:22Z VIOLATION DNS drift threat github.com: ['TRUTH_DNS_DOWN', 'TRUTH_STUB_DRIFT', 'TRUTH_SYSTEM_DRIFT']
2026-07-04T03:42:22Z VIOLATION DNS drift threat github.com: ['TRUTH_DNS_DOWN', 'TRUTH_STUB_DRIFT', 'TRUTH_SYSTEM_DRIFT']
2026-07-04T03:42:23Z VIOLATION DNS drift threat github.com: ['TRUTH_STUB_DRIFT', 'TRUTH_SYSTEM_DRIFT']
2026-07-04T03:42:23Z VIOLATION DNS drift threat api.github.com: ['TRUTH_DNS_DOWN', 'TRUTH_STUB_DRIFT', 'TRUTH_SYSTEM_DRIFT']
2026-07-04T03:42:23Z VIOLATION DNS drift threat github.com: ['TRUTH_STUB_DRIFT', 'TRUTH_SYSTEM_DRIFT']
2026-07-04T03:42:29Z VIOLATION DNS drift threat github.com: ['TRUTH_STUB_DRIFT', 'TRUTH_SYSTEM_DRIFT']
2026-07-04T03:42:31Z VIOLATION DNS drift threat ssh.github.com: ['TRUTH_STUB_DRIFT', 'TRUTH_SYSTEM_DRIFT']
2026-07-04T03:42:34Z VIOLATION DNS drift threat ssh.github.com: ['TRUTH_STUB_DRIFT', 'TRUTH_SYSTEM_DRIFT']
2026-07-04T03:42:34Z VIOLATION DNS drift threat ssh.github.com: ['TRUTH_STUB_DRIFT', 'TRUTH_SYSTEM_DRIFT']
2026-07-04T03:42:35Z VIOLATION DNS drift threat ssh.github.com: ['TRUTH_STUB_DRIFT', 'TRUTH_SYSTEM_DRIFT']
2026-07-04T03:42:35Z VIOLATION DNS drift threat ssh.github.com: ['TRUTH_STUB_DRIFT', 'TRUTH_SYSTEM_DRIFT']
2026-07-04T03:42:43Z VIOLATION DNS drift threat github.com: ['TRUTH_STUB_DRIFT', 'TRUTH_SYSTEM_DRIFT']
2026-07-04T03:42:43Z VIOLATION DNS drift threat github.com: ['TRUTH_DNS_DOWN', 'TRUTH_STUB_DRIFT', 'TRUTH_SYSTEM_DRIFT']
2026-07-04T03:42:43Z VIOLATION DNS drift threat github.com: ['TRUTH_DNS_DOWN']
2026-07-04T03:42:50Z VIOLATION DNS drift threat github.com: ['TRUTH_STUB_DRIFT', 'TRUTH_SYSTEM_DRIFT']
2026-07-04T03:42:51Z VIOLATION DNS drift threat github.com: ['TRUTH_STUB_DRIFT', 'TRUTH_SYSTEM_DRIFT']
2026-07-04T03:42:53Z VIOLATION DNS drift threat ssh.github.com: ['TRUTH_STUB_DRIFT', 'TRUTH_SYSTEM_DRIFT']
2026-07-04T03:42:54Z VIOLATION DNS drift threat ssh.github.com: ['TRUTH_STUB_DRIFT', 'TRUTH_SYSTEM_DRIFT']
2026-07-04T03:43:03Z VIOLATION DNS drift threat github.com: ['TRUTH_STUB_DRIFT', 'TRUTH_SYSTEM_DRIFT']
2026-07-04T03:43:04Z VIOLATION DNS drift threat github.com: ['TRUTH_STUB_DRIFT', 'TRUTH_SYSTEM_DRIFT']
2026-07-04T03:43:05Z VIOLATION DNS drift threat api.github.com: ['TRUTH_STUB_DRIFT', 'TRUTH_SYSTEM_DRIFT']
2026-07-04T03:43:06Z VIOLATION DNS drift threat api.github.com: ['TRUTH_STUB_DRIFT', 'TRUTH_SYSTEM_DRIFT']
2026-07-04T03:43:10Z VIOLATION DNS drift threat ssh.github.com: ['TRUTH_STUB_DRIFT', 'TRUTH_SYSTEM_DRIFT']
2026-07-04T03:43:11Z VIOLATION DNS drift threat ssh.github.com: ['TRUTH_STUB_DRIFT', 'TRUTH_SYSTEM_DRIFT']
2026-07-04T03:43:35Z VIOLATION DNS drift threat github.com: ['TRUTH_STUB_DRIFT', 'TRUTH_SYSTEM_DRIFT']
2026-07-04T03:43:36Z VIOLATION DNS drift threat github.com: ['TRUTH_STUB_DRIFT', 'TRUTH_SYSTEM_DRIFT']
2026-07-04T03:43:39Z VIOLATION DNS drift threat api.github.com: ['TRUTH_STUB_DRIFT', 'TRUTH_SYSTEM_DRIFT']
2026-07-04T03:43:40Z VIOLATION DNS drift threat api.github.com: ['TRUTH_STUB_DRIFT', 'TRUTH_SYSTEM_DRIFT']
2026-07-04T03:43:43Z VIOLATION DNS drift threat ssh.github.com: ['TRUTH_STUB_DRIFT', 'TRUTH_SYSTEM_DRIFT']
2026-07-04T03:43:57Z VIOLATION DNS drift threat api.github.com: ['TRUTH_STUB_DRIFT', 'TRUTH_SYSTEM_DRIFT']
2026-07-04T03:44:17Z VIOLATION DNS drift threat github.com: ['TRUTH_STUB_DRIFT', 'TRUTH_SYSTEM_DRIFT']
2026-07-04T03:44:25Z VIOLATION DNS drift threat github.com: ['TRUTH_STUB_DRIFT', 'TRUTH_SYSTEM_DRIFT']
2026-07-04T03:44:28Z VIOLATION DNS drift threat api.github.com: ['TRUTH_STUB_DRIFT', 'TRUTH_SYSTEM_DRIFT']
2026-07-04T03:44:28Z VIOLATION DNS drift threat github.com: ['TRUTH_DNS_DOWN', 'TRUTH_STUB_DRIFT', 'TRUTH_SYSTEM_DRIFT']
2026-07-04T03:45:06Z VIOLATION DNS drift threat api.github.com: ['TRUTH_STUB_DRIFT', 'TRUTH_SYSTEM_DRIFT']
2026-07-04T03:45:12Z VIOLATION DNS drift threat api.github.com: ['TRUTH_STUB_DRIFT', 'TRUTH_SYSTEM_DRIFT']
2026-07-04T03:45:20Z VIOLATION DNS drift threat github.com: ['TRUTH_DNS_DOWN', 'TRUTH_STUB_DRIFT', 'TRUTH_SYSTEM_DRIFT']
2026-07-04T03:45:37Z VIOLATION DNS drift threat github.com: ['TRUTH_STUB_DRIFT', 'TRUTH_SYSTEM_DRIFT']
2026-07-04T03:45:41Z VIOLATION DNS drift threat github.com: ['TRUTH_STUB_DRIFT', 'TRUTH_SYSTEM_DRIFT']
2026-07-04T03:45:41Z VIOLATION DNS drift threat api.github.com: ['TRUTH_STUB_DRIFT', 'TRUTH_SYSTEM_DRIFT']
2026-07-04T03:45:45Z VIOLATION DNS drift threat github.com: ['TRUTH_STUB_DRIFT', 'TRUTH_SYSTEM_DRIFT']
2026-07-04T03:45:46Z VIOLATION DNS drift threat ssh.github.com: ['TRUTH_STUB_DRIFT', 'TRUTH_SYSTEM_DRIFT']
2026-07-04T03:45:50Z VIOLATION DNS drift threat api.github.com: ['TRUTH_STUB_DRIFT', 'TRUTH_SYSTEM_DRIFT']
2026-07-04T03:46:35Z VIOLATION DNS drift threat github.com: ['TRUTH_SYSTEM_DRIFT']
2026-07-04T03:46:35Z VIOLATION DNS drift threat github.com: ['TRUTH_SYSTEM_DRIFT']
2026-07-04T03:46:36Z VIOLATION DNS drift threat github.com: ['TRUTH_SYSTEM_DRIFT']
2026-07-04T03:46:39Z VIOLATION DNS drift threat api.github.com: ['TRUTH_STUB_DRIFT', 'TRUTH_SYSTEM_DRIFT']
2026-07-04T03:46:41Z VIOLATION DNS drift threat api.github.com: ['TRUTH_STUB_DRIFT', 'TRUTH_SYSTEM_DRIFT']
2026-07-04T03:46:44Z VIOLATION DNS drift threat github.com: ['TRUTH_STUB_DRIFT', 'TRUTH_SYSTEM_DRIFT']
2026-07-04T03:46:55Z VIOLATION DNS drift threat ssh.github.com: ['TRUTH_STUB_DRIFT', 'TRUTH_SYSTEM_DRIFT']
2026-07-04T03:47:05Z VIOLATION DNS drift threat github.com: ['TRUTH_STUB_DRIFT', 'TRUTH_SYSTEM_DRIFT']
2026-07-04T03:47:09Z VIOLATION DNS drift threat api.github.com: ['TRUTH_STUB_DRIFT', 'TRUTH_SYSTEM_DRIFT']
2026-07-04T03:47:10Z VIOLATION DNS drift threat api.github.com: ['TRUTH_STUB_DRIFT', 'TRUTH_SYSTEM_DRIFT']
2026-07-04T03:47:14Z VIOLATION DNS drift threat ssh.github.com: ['TRUTH_STUB_DRIFT', 'TRUTH_SYSTEM_DRIFT']
2026-07-04T03:47:14Z VIOLATION DNS drift threat api.github.com: ['TRUTH_STUB_DRIFT', 'TRUTH_SYSTEM_DRIFT']
2026-07-04T03:47:14Z VIOLATION DNS drift threat ssh.github.com: ['TRUTH_STUB_DRIFT', 'TRUTH_SYSTEM_DRIFT']
2026-07-04T03:47:17Z VIOLATION DNS drift threat ssh.github.com: ['TRUTH_STUB_DRIFT', 'TRUTH_SYSTEM_DRIFT']
2026-07-04T03:47:52Z VIOLATION DNS drift threat github.com: ['TRUTH_STUB_DRIFT', 'TRUTH_SYSTEM_DRIFT']
2026-07-04T03:47:55Z VIOLATION DNS drift threat api.github.com: ['TRUTH_STUB_DRIFT', 'TRUTH_SYSTEM_DRIFT']
2026-07-04T03:47:58Z VIOLATION DNS drift threat github.com: ['TRUTH_STUB_DRIFT', 'TRUTH_SYSTEM_DRIFT']
2026-07-04T03:47:59Z VIOLATION DNS drift threat github.com: ['TRUTH_STUB_DRIFT', 'TRUTH_SYSTEM_DRIFT']
2026-07-04T03:48:02Z VIOLATION DNS drift threat api.github.com: ['TRUTH_STUB_DRIFT', 'TRUTH_SYSTEM_DRIFT']
2026-07-04T03:48:19Z VIOLATION DNS drift threat github.com: ['TRUTH_SYSTEM_DRIFT']
2026-07-04T03:48:24Z VIOLATION DNS drift threat github.com: ['TRUTH_STUB_DRIFT', 'TRUTH_SYSTEM_DRIFT']
2026-07-04T03:48:29Z VIOLATION DNS drift threat ssh.github.com: ['TRUTH_SYSTEM_DRIFT']
2026-07-04T03:48:30Z VIOLATION DNS drift threat ssh.github.com: ['TRUTH_STUB_DRIFT', 'TRUTH_SYSTEM_DRIFT']
2026-07-04T03:48:31Z VIOLATION DNS drift threat github.com: ['TRUTH_STUB_DRIFT', 'TRUTH_SYSTEM_DRIFT']
2026-07-04T03:48:35Z VIOLATION DNS drift threat api.github.com: ['TRUTH_STUB_DRIFT', 'TRUTH_SYSTEM_DRIFT']
2026-07-04T03:48:58Z VIOLATION DNS drift threat github.com: ['TRUTH_STUB_DRIFT', 'TRUTH_SYSTEM_DRIFT']
2026-07-04T03:49:02Z VIOLATION DNS drift threat api.github.com: ['TRUTH_STUB_DRIFT', 'TRUTH_SYSTEM_DRIFT']
2026-07-04T03:49:15Z VIOLATION DNS drift threat github.com: ['TRUTH_STUB_DRIFT', 'TRUTH_SYSTEM_DRIFT']
2026-07-04T03:49:16Z VIOLATION DNS drift threat github.com: ['TRUTH_STUB_DRIFT', 'TRUTH_SYSTEM_DRIFT']
2026-07-04T03:49:20Z VIOLATION DNS drift threat api.github.com: ['TRUTH_SYSTEM_DRIFT']
2026-07-04T03:49:21Z VIOLATION DNS drift threat api.github.com: ['TRUTH_SYSTEM_DRIFT']
2026-07-04T03:49:52Z VIOLATION DNS drift threat github.com: ['TRUTH_STUB_DRIFT', 'TRUTH_SYSTEM_DRIFT']
2026-07-04T03:49:52Z VIOLATION DNS drift threat api.github.com: ['TRUTH_STUB_DRIFT', 'TRUTH_SYSTEM_DRIFT']
2026-07-04T03:49:54Z VIOLATION DNS drift threat api.github.com: ['TRUTH_STUB_DRIFT', 'TRUTH_SYSTEM_DRIFT']
2026-07-04T03:49:54Z VIOLATION DNS drift threat ssh.github.com: ['TRUTH_STUB_DRIFT', 'TRUTH_SYSTEM_DRIFT']
2026-07-04T03:49:57Z VIOLATION DNS drift threat ssh.github.com: ['TRUTH_STUB_DRIFT', 'TRUTH_SYSTEM_DRIFT']
2026-07-04T03:49:59Z VIOLATION DNS drift threat github.com: ['TRUTH_STUB_DRIFT', 'TRUTH_SYSTEM_DRIFT']
2026-07-04T03:50:04Z VIOLATION DNS drift threat api.github.com: ['TRUTH_STUB_DRIFT', 'TRUTH_SYSTEM_DRIFT']
2026-07-04T03:50:29Z VIOLATION DNS drift threat github.com: ['TRUTH_SYSTEM_DRIFT']
2026-07-04T03:50:34Z VIOLATION DNS drift threat github.com: ['TRUTH_STUB_DRIFT', 'TRUTH_SYSTEM_DRIFT']
2026-07-04T03:50:38Z VIOLATION DNS drift threat api.github.com: ['TRUTH_STUB_DRIFT', 'TRUTH_SYSTEM_DRIFT']
2026-07-04T03:51:42Z VIOLATION DNS drift threat github.com: ['TRUTH_STUB_DRIFT', 'TRUTH_SYSTEM_DRIFT']
2026-07-04T03:51:45Z VIOLATION DNS drift threat ssh.github.com: ['TRUTH_STUB_DRIFT', 'TRUTH_SYSTEM_DRIFT']
2026-07-04T03:52:30Z VIOLATION DNS drift threat github.com: ['TRUTH_STUB_DRIFT', 'TRUTH_SYSTEM_DRIFT']
2026-07-04T03:52:33Z VIOLATION DNS drift threat api.github.com: ['TRUTH_STUB_DRIFT', 'TRUTH_SYSTEM_DRIFT']
2026-07-04T03:52:42Z VIOLATION DNS drift threat github.com: ['TRUTH_STUB_DRIFT', 'TRUTH_SYSTEM_DRIFT']
2026-07-04T03:52:45Z VIOLATION DNS drift threat api.github.com: ['TRUTH_STUB_DRIFT', 'TRUTH_SYSTEM_DRIFT']
2026-07-04T03:52:48Z VIOLATION DNS drift threat ssh.github.com: ['TRUTH_STUB_DRIFT', 'TRUTH_SYSTEM_DRIFT']
2026-07-04T03:53:12Z VIOLATION DNS drift threat github.com: ['TRUTH_SYSTEM_DRIFT']
2026-07-04T03:53:53Z VIOLATION DNS drift threat github.com: ['TRUTH_STUB_DRIFT', 'TRUTH_SYSTEM_DRIFT']
2026-07-04T03:53:54Z VIOLATION DNS drift threat ssh.github.com: ['TRUTH_STUB_DRIFT', 'TRUTH_SYSTEM_DRIFT']
2026-07-04T03:53:57Z VIOLATION DNS drift threat ssh.github.com: ['TRUTH_STUB_DRIFT', 'TRUTH_SYSTEM_DRIFT']
2026-07-04T03:55:31Z VIOLATION DNS drift threat github.com: ['TRUTH_STUB_DRIFT', 'TRUTH_SYSTEM_DRIFT']
2026-07-04T03:55:37Z VIOLATION DNS drift threat api.github.com: ['TRUTH_STUB_DRIFT', 'TRUTH_SYSTEM_DRIFT']
2026-07-04T03:55:38Z VIOLATION DNS drift threat github.com: ['TRUTH_STUB_DRIFT', 'TRUTH_SYSTEM_DRIFT']
2026-07-04T03:55:41Z VIOLATION DNS drift threat api.github.com: ['TRUTH_STUB_DRIFT', 'TRUTH_SYSTEM_DRIFT']
2026-07-04T03:55:45Z VIOLATION DNS drift threat ssh.github.com: ['TRUTH_STUB_DRIFT', 'TRUTH_SYSTEM_DRIFT']
2026-07-04T03:55:55Z VIOLATION DNS drift threat github.com: ['TRUTH_STUB_DRIFT', 'TRUTH_SYSTEM_DRIFT']
2026-07-04T03:55:58Z VIOLATION DNS drift threat api.github.com: ['TRUTH_STUB_DRIFT', 'TRUTH_SYSTEM_DRIFT']
2026-07-04T03:56:22Z VIOLATION DNS drift threat github.com: ['TRUTH_STUB_DRIFT', 'TRUTH_SYSTEM_DRIFT']
2026-07-04T03:56:24Z VIOLATION DNS drift threat api.github.com: ['TRUTH_STUB_DRIFT', 'TRUTH_SYSTEM_DRIFT']
2026-07-04T03:56:29Z VIOLATION DNS drift threat ssh.github.com: ['TRUTH_SYSTEM_DRIFT']
2026-07-04T03:56:38Z VIOLATION DNS drift threat github.com: ['TRUTH_DNS_DOWN']
2026-07-04T03:56:45Z VIOLATION DNS drift threat github.com: ['TRUTH_DNS_DOWN', 'TRUTH_STUB_DRIFT', 'TRUTH_SYSTEM_DRIFT']
2026-07-04T03:56:49Z VIOLATION DNS drift threat api.github.com: ['TRUTH_STUB_DRIFT', 'TRUTH_SYSTEM_DRIFT']
2026-07-04T03:56:51Z VIOLATION DNS drift threat github.com: ['TRUTH_STUB_DRIFT', 'TRUTH_SYSTEM_DRIFT']
2026-07-04T03:57:02Z VIOLATION DNS drift threat api.github.com: ['TRUTH_STUB_DRIFT', 'TRUTH_SYSTEM_DRIFT']
2026-07-04T03:57:03Z VIOLATION DNS drift threat github.com: ['TRUTH_DNS_DOWN', 'TRUTH_STUB_DRIFT', 'TRUTH_SYSTEM_DRIFT']
2026-07-04T03:57:03Z VIOLATION DNS drift threat github.com: ['TRUTH_DNS_DOWN', 'TRUTH_STUB_DRIFT', 'TRUTH_SYSTEM_DRIFT']
2026-07-04T03:57:03Z VIOLATION DNS drift threat github.com: ['TRUTH_DNS_DOWN']
2026-07-04T03:57:03Z VIOLATION DNS drift threat ssh.github.com: ['TRUTH_DNS_DOWN', 'TRUTH_STUB_DRIFT', 'TRUTH_SYSTEM_DRIFT']
2026-07-04T03:57:04Z VIOLATION DNS drift threat github.com: ['TRUTH_DNS_DOWN', 'TRUTH_STUB_DRIFT', 'TRUTH_SYSTEM_DRIFT']
2026-07-04T03:57:04Z VIOLATION DNS drift threat github.com: ['TRUTH_DNS_DOWN', 'TRUTH_STUB_DRIFT', 'TRUTH_SYSTEM_DRIFT']
2026-07-04T03:57:04Z VIOLATION DNS drift threat github.com: ['TRUTH_DNS_DOWN', 'TRUTH_STUB_DRIFT', 'TRUTH_SYSTEM_DRIFT']
2026-07-04T03:57:04Z VIOLATION DNS drift threat github.com: ['TRUTH_DNS_DOWN', 'TRUTH_STUB_DRIFT', 'TRUTH_SYSTEM_DRIFT']
2026-07-04T03:57:04Z VIOLATION DNS drift threat api.github.com: ['TRUTH_STUB_DRIFT', 'TRUTH_SYSTEM_DRIFT']
2026-07-04T03:57:04Z VIOLATION DNS drift threat github.com: ['TRUTH_DNS_DOWN', 'TRUTH_STUB_DRIFT', 'TRUTH_SYSTEM_DRIFT']
2026-07-04T03:57:04Z VIOLATION DNS drift threat api.github.com: ['TRUTH_STUB_DRIFT', 'TRUTH_SYSTEM_DRIFT']
2026-07-04T03:57:04Z VIOLATION DNS drift threat github.com: ['TRUTH_DNS_DOWN', 'TRUTH_STUB_DRIFT', 'TRUTH_SYSTEM_DRIFT']
2026-07-04T03:57:04Z VIOLATION DNS drift threat github.com: ['TRUTH_DNS_DOWN', 'TRUTH_STUB_DRIFT', 'TRUTH_SYSTEM_DRIFT']
2026-07-04T03:57:04Z VIOLATION DNS drift threat github.com: ['TRUTH_DNS_DOWN', 'TRUTH_STUB_DRIFT', 'TRUTH_SYSTEM_DRIFT']
2026-07-04T03:57:04Z VIOLATION DNS drift threat github.com: ['TRUTH_DNS_DOWN', 'TRUTH_STUB_DRIFT', 'TRUTH_SYSTEM_DRIFT']
2026-07-04T03:57:04Z VIOLATION DNS drift threat github.com: ['TRUTH_DNS_DOWN', 'TRUTH_STUB_DRIFT', 'TRUTH_SYSTEM_DRIFT']
2026-07-04T03:57:04Z VIOLATION DNS drift threat github.com: ['TRUTH_DNS_DOWN', 'TRUTH_STUB_DRIFT', 'TRUTH_SYSTEM_DRIFT']
2026-07-04T03:57:05Z VIOLATION DNS drift threat api.github.com: ['TRUTH_STUB_DRIFT', 'TRUTH_SYSTEM_DRIFT']
2026-07-04T03:57:08Z VIOLATION DNS drift threat api.github.com: ['TRUTH_STUB_DRIFT', 'TRUTH_SYSTEM_DRIFT']
2026-07-04T03:57:08Z VIOLATION DNS drift threat api.github.com: ['TRUTH_STUB_DRIFT', 'TRUTH_SYSTEM_DRIFT']
2026-07-04T03:57:09Z VIOLATION DNS drift threat api.github.com: ['TRUTH_STUB_DRIFT', 'TRUTH_SYSTEM_DRIFT']
2026-07-04T03:57:09Z VIOLATION DNS drift threat api.github.com: ['TRUTH_STUB_DRIFT', 'TRUTH_SYSTEM_DRIFT']
2026-07-04T03:57:10Z VIOLATION DNS drift threat api.github.com: ['TRUTH_STUB_DRIFT', 'TRUTH_SYSTEM_DRIFT']
2026-07-04T03:57:10Z VIOLATION DNS drift threat api.github.com: ['TRUTH_STUB_DRIFT', 'TRUTH_SYSTEM_DRIFT']
2026-07-04T03:57:10Z VIOLATION DNS drift threat api.github.com: ['TRUTH_STUB_DRIFT', 'TRUTH_SYSTEM_DRIFT']
2026-07-04T03:57:10Z VIOLATION DNS drift threat api.github.com: ['TRUTH_STUB_DRIFT', 'TRUTH_SYSTEM_DRIFT']
2026-07-04T03:57:11Z VIOLATION DNS drift threat api.github.com: ['TRUTH_STUB_DRIFT', 'TRUTH_SYSTEM_DRIFT']
2026-07-04T03:57:11Z VIOLATION DNS drift threat api.github.com: ['TRUTH_STUB_DRIFT', 'TRUTH_SYSTEM_DRIFT']
2026-07-04T03:57:12Z VIOLATION DNS drift threat api.github.com: ['TRUTH_STUB_DRIFT', 'TRUTH_SYSTEM_DRIFT']
2026-07-04T03:57:12Z VIOLATION DNS drift threat api.github.com: ['TRUTH_STUB_DRIFT', 'TRUTH_SYSTEM_DRIFT']
2026-07-04T03:57:12Z VIOLATION DNS drift threat api.github.com: ['TRUTH_STUB_DRIFT', 'TRUTH_SYSTEM_DRIFT']
2026-07-04T03:57:12Z VIOLATION DNS drift threat api.github.com: ['TRUTH_STUB_DRIFT', 'TRUTH_SYSTEM_DRIFT']
2026-07-04T03:57:13Z VIOLATION DNS drift threat ssh.github.com: ['TRUTH_STUB_DRIFT', 'TRUTH_SYSTEM_DRIFT']
2026-07-04T03:57:14Z VIOLATION DNS drift threat ssh.github.com: ['TRUTH_STUB_DRIFT', 'TRUTH_SYSTEM_DRIFT']
2026-07-04T03:57:14Z VIOLATION DNS drift threat ssh.github.com: ['TRUTH_STUB_DRIFT', 'TRUTH_SYSTEM_DRIFT']
2026-07-04T03:57:14Z VIOLATION DNS drift threat ssh.github.com: ['TRUTH_STUB_DRIFT', 'TRUTH_SYSTEM_DRIFT']
2026-07-04T03:57:14Z VIOLATION DNS drift threat ssh.github.com: ['TRUTH_STUB_DRIFT', 'TRUTH_SYSTEM_DRIFT']
2026-07-04T03:57:14Z VIOLATION DNS drift threat ssh.github.com: ['TRUTH_STUB_DRIFT', 'TRUTH_SYSTEM_DRIFT']
2026-07-04T03:57:14Z VIOLATION DNS drift threat ssh.github.com: ['TRUTH_STUB_DRIFT', 'TRUTH_SYSTEM_DRIFT']
2026-07-04T03:57:14Z VIOLATION DNS drift threat ssh.github.com: ['TRUTH_STUB_DRIFT', 'TRUTH_SYSTEM_DRIFT']
2026-07-04T03:57:15Z VIOLATION DNS drift threat ssh.github.com: ['TRUTH_STUB_DRIFT', 'TRUTH_SYSTEM_DRIFT']
2026-07-04T03:57:15Z VIOLATION DNS drift threat ssh.github.com: ['TRUTH_STUB_DRIFT', 'TRUTH_SYSTEM_DRIFT']
2026-07-04T03:57:15Z VIOLATION DNS drift threat ssh.github.com: ['TRUTH_STUB_DRIFT', 'TRUTH_SYSTEM_DRIFT']
2026-07-04T03:57:15Z VIOLATION DNS drift threat ssh.github.com: ['TRUTH_STUB_DRIFT', 'TRUTH_SYSTEM_DRIFT']
2026-07-04T03:57:15Z VIOLATION DNS drift threat ssh.github.com: ['TRUTH_STUB_DRIFT', 'TRUTH_SYSTEM_DRIFT']
2026-07-04T03:57:15Z VIOLATION DNS drift threat ssh.github.com: ['TRUTH_STUB_DRIFT', 'TRUTH_SYSTEM_DRIFT']
2026-07-04T03:57:17Z VIOLATION DNS drift threat github.com: ['TRUTH_STUB_DRIFT', 'TRUTH_SYSTEM_DRIFT']
2026-07-04T03:57:18Z VIOLATION DNS drift threat api.github.com: ['TRUTH_STUB_DRIFT', 'TRUTH_SYSTEM_DRIFT']
2026-07-04T03:57:20Z VIOLATION DNS drift threat github.com: ['TRUTH_STUB_DRIFT', 'TRUTH_SYSTEM_DRIFT']
2026-07-04T03:57:20Z VIOLATION DNS drift threat api.github.com: ['TRUTH_STUB_DRIFT', 'TRUTH_SYSTEM_DRIFT']
2026-07-04T03:57:23Z VIOLATION DNS drift threat ssh.github.com: ['TRUTH_SYSTEM_DRIFT']
2026-07-04T03:57:23Z VIOLATION DNS drift threat ssh.github.com: ['TRUTH_SYSTEM_DRIFT']
2026-07-04T03:57:25Z VIOLATION DNS drift threat github.com: ['TRUTH_STUB_DRIFT', 'TRUTH_SYSTEM_DRIFT']
2026-07-04T03:57:25Z VIOLATION DNS drift threat api.github.com: ['TRUTH_STUB_DRIFT', 'TRUTH_SYSTEM_DRIFT']
2026-07-04T03:57:25Z VIOLATION DNS drift threat ssh.github.com: ['TRUTH_STUB_DRIFT', 'TRUTH_SYSTEM_DRIFT']
2026-07-04T03:58:31Z VIOLATION DNS drift threat github.com: ['TRUTH_STUB_DRIFT', 'TRUTH_SYSTEM_DRIFT']
2026-07-04T03:58:31Z VIOLATION DNS drift threat api.github.com: ['TRUTH_STUB_DRIFT', 'TRUTH_SYSTEM_DRIFT']
2026-07-04T03:58:32Z VIOLATION DNS drift threat ssh.github.com: ['TRUTH_STUB_DRIFT', 'TRUTH_SYSTEM_DRIFT']
2026-07-04T03:58:36Z VIOLATION DNS drift threat github.com: ['TRUTH_STUB_DRIFT', 'TRUTH_SYSTEM_DRIFT']
2026-07-04T03:58:36Z VIOLATION DNS drift threat api.github.com: ['TRUTH_STUB_DRIFT', 'TRUTH_SYSTEM_DRIFT']
2026-07-04T04:00:51Z VIOLATION DNS drift threat github.com: ['TRUTH_STUB_DRIFT', 'TRUTH_SYSTEM_DRIFT']
2026-07-04T04:00:59Z VIOLATION DNS drift threat api.github.com: ['TRUTH_DNS_DOWN', 'TRUTH_STUB_DRIFT', 'TRUTH_SYSTEM_DRIFT']
2026-07-04T04:00:59Z VIOLATION DNS drift threat ssh.github.com: ['TRUTH_STUB_DRIFT', 'TRUTH_SYSTEM_DRIFT']
2026-07-04T04:01:01Z VIOLATION DNS drift threat github.com: ['TRUTH_STUB_DRIFT', 'TRUTH_SYSTEM_DRIFT']
2026-07-04T04:01:01Z VIOLATION DNS drift threat api.github.com: ['TRUTH_STUB_DRIFT', 'TRUTH_SYSTEM_DRIFT']
2026-07-04T04:01:01Z VIOLATION DNS drift threat ssh.github.com: ['TRUTH_STUB_DRIFT', 'TRUTH_SYSTEM_DRIFT']
2026-07-04T04:01:53Z VIOLATION DNS drift threat github.com: ['TRUTH_DNS_DOWN', 'TRUTH_STUB_DRIFT', 'TRUTH_SYSTEM_DRIFT']
2026-07-04T04:01:57Z VIOLATION DNS drift threat api.github.com: ['TRUTH_STUB_DRIFT', 'TRUTH_SYSTEM_DRIFT']
2026-07-04T04:02:19Z VIOLATION DNS drift threat api.github.com: ['TRUTH_STUB_DRIFT', 'TRUTH_SYSTEM_DRIFT']
2026-07-04T04:02:21Z VIOLATION DNS drift threat ssh.github.com: ['TRUTH_STUB_DRIFT', 'TRUTH_SYSTEM_DRIFT']
2026-07-04T04:02:24Z VIOLATION DNS drift threat github.com: ['TRUTH_STUB_DRIFT', 'TRUTH_SYSTEM_DRIFT']
2026-07-04T04:02:24Z VIOLATION DNS drift threat github.com: ['TRUTH_STUB_DRIFT', 'TRUTH_SYSTEM_DRIFT']
2026-07-04T04:02:24Z VIOLATION DNS drift threat github.com: ['TRUTH_STUB_DRIFT', 'TRUTH_SYSTEM_DRIFT']
2026-07-04T04:02:24Z VIOLATION DNS drift threat api.github.com: ['TRUTH_STUB_DRIFT', 'TRUTH_SYSTEM_DRIFT']
2026-07-04T04:02:26Z VIOLATION DNS drift threat github.com: ['TRUTH_STUB_DRIFT', 'TRUTH_SYSTEM_DRIFT']
2026-07-04T04:02:26Z VIOLATION DNS drift threat github.com: ['TRUTH_STUB_DRIFT', 'TRUTH_SYSTEM_DRIFT']
2026-07-04T04:02:26Z VIOLATION DNS drift threat github.com: ['TRUTH_STUB_DRIFT', 'TRUTH_SYSTEM_DRIFT']
2026-07-04T04:02:27Z VIOLATION DNS drift threat api.github.com: ['TRUTH_STUB_DRIFT', 'TRUTH_SYSTEM_DRIFT']
2026-07-04T04:02:27Z VIOLATION DNS drift threat api.github.com: ['TRUTH_STUB_DRIFT', 'TRUTH_SYSTEM_DRIFT']
2026-07-04T04:02:27Z VIOLATION DNS drift threat api.github.com: ['TRUTH_STUB_DRIFT', 'TRUTH_SYSTEM_DRIFT']
2026-07-04T04:02:28Z VIOLATION DNS drift threat api.github.com: ['TRUTH_STUB_DRIFT', 'TRUTH_SYSTEM_DRIFT']
2026-07-04T04:02:28Z VIOLATION DNS drift threat api.github.com: ['TRUTH_STUB_DRIFT', 'TRUTH_SYSTEM_DRIFT']
2026-07-04T04:02:28Z VIOLATION DNS drift threat api.github.com: ['TRUTH_STUB_DRIFT', 'TRUTH_SYSTEM_DRIFT']
2026-07-04T04:02:28Z VIOLATION DNS drift threat api.github.com: ['TRUTH_STUB_DRIFT', 'TRUTH_SYSTEM_DRIFT']
2026-07-04T04:02:29Z VIOLATION DNS drift threat api.github.com: ['TRUTH_STUB_DRIFT', 'TRUTH_SYSTEM_DRIFT']
2026-07-04T04:02:44Z VIOLATION DNS drift threat api.github.com: ['TRUTH_STUB_DRIFT', 'TRUTH_SYSTEM_DRIFT']
2026-07-04T04:02:44Z VIOLATION DNS drift threat ssh.github.com: ['TRUTH_STUB_DRIFT', 'TRUTH_SYSTEM_DRIFT']
2026-07-04T04:02:49Z VIOLATION DNS drift threat api.github.com: ['TRUTH_STUB_DRIFT', 'TRUTH_SYSTEM_DRIFT']
2026-07-04T04:02:49Z VIOLATION DNS drift threat ssh.github.com: ['TRUTH_STUB_DRIFT', 'TRUTH_SYSTEM_DRIFT']
2026-07-04T04:02:51Z VIOLATION DNS drift threat github.com: ['TRUTH_STUB_DRIFT', 'TRUTH_SYSTEM_DRIFT']
2026-07-04T04:02:51Z VIOLATION DNS drift threat api.github.com: ['TRUTH_STUB_DRIFT', 'TRUTH_SYSTEM_DRIFT']
2026-07-04T04:04:00Z VIOLATION DNS drift threat github.com: ['TRUTH_STUB_DRIFT', 'TRUTH_SYSTEM_DRIFT']
2026-07-04T04:04:02Z VIOLATION DNS drift threat api.github.com: ['TRUTH_STUB_DRIFT', 'TRUTH_SYSTEM_DRIFT']
2026-07-04T04:04:04Z VIOLATION DNS drift threat ssh.github.com: ['TRUTH_STUB_DRIFT', 'TRUTH_SYSTEM_DRIFT']
2026-07-04T04:04:14Z VIOLATION DNS drift threat api.github.com: ['TRUTH_STUB_DRIFT', 'TRUTH_SYSTEM_DRIFT']
2026-07-04T04:04:14Z VIOLATION DNS drift threat ssh.github.com: ['TRUTH_STUB_DRIFT', 'TRUTH_SYSTEM_DRIFT']
2026-07-04T04:05:59Z VIOLATION DNS drift threat github.com: ['TRUTH_STUB_DRIFT', 'TRUTH_SYSTEM_DRIFT']
2026-07-04T04:05:59Z VIOLATION DNS drift threat api.github.com: ['TRUTH_STUB_DRIFT', 'TRUTH_SYSTEM_DRIFT']
2026-07-04T04:06:07Z VIOLATION DNS drift threat ssh.github.com: ['TRUTH_DNS_DOWN', 'TRUTH_STUB_DRIFT', 'TRUTH_SYSTEM_DRIFT']
2026-07-04T04:06:08Z VIOLATION DNS drift threat github.com: ['TRUTH_STUB_DRIFT', 'TRUTH_SYSTEM_DRIFT']
2026-07-04T04:06:15Z VIOLATION DNS drift threat api.github.com: ['TRUTH_DNS_DOWN', 'TRUTH_STUB_DRIFT', 'TRUTH_SYSTEM_DRIFT']
2026-07-04T04:06:16Z VIOLATION DNS drift threat ssh.github.com: ['TRUTH_STUB_DRIFT', 'TRUTH_SYSTEM_DRIFT']
2026-07-04T04:07:40Z VIOLATION DNS drift threat github.com: ['TRUTH_STUB_DRIFT', 'TRUTH_SYSTEM_DRIFT']
2026-07-04T04:07:40Z VIOLATION DNS drift threat github.com: ['TRUTH_STUB_DRIFT', 'TRUTH_SYSTEM_DRIFT']
2026-07-04T04:07:41Z VIOLATION DNS drift threat github.com: ['TRUTH_STUB_DRIFT', 'TRUTH_SYSTEM_DRIFT']
2026-07-04T04:07:42Z VIOLATION DNS drift threat api.github.com: ['TRUTH_STUB_DRIFT', 'TRUTH_SYSTEM_DRIFT']
2026-07-04T04:08:13Z VIOLATION DNS drift threat github.com: ['TRUTH_DNS_DOWN', 'TRUTH_STUB_DRIFT', 'TRUTH_SYSTEM_DRIFT']
2026-07-04T04:08:13Z VIOLATION DNS drift threat github.com: ['TRUTH_DNS_DOWN', 'TRUTH_STUB_DRIFT', 'TRUTH_SYSTEM_DRIFT']
2026-07-04T04:08:13Z VIOLATION DNS drift threat github.com: ['TRUTH_DNS_DOWN', 'TRUTH_STUB_DRIFT', 'TRUTH_SYSTEM_DRIFT']
2026-07-04T04:08:13Z VIOLATION DNS drift threat github.com: ['TRUTH_DNS_DOWN', 'TRUTH_STUB_DRIFT', 'TRUTH_SYSTEM_DRIFT']
2026-07-04T04:08:14Z VIOLATION DNS drift threat github.com: ['TRUTH_DNS_DOWN', 'TRUTH_STUB_DRIFT', 'TRUTH_SYSTEM_DRIFT']
2026-07-04T04:08:14Z VIOLATION DNS drift threat github.com: ['TRUTH_DNS_DOWN', 'TRUTH_STUB_DRIFT', 'TRUTH_SYSTEM_DRIFT']
2026-07-04T04:08:15Z VIOLATION DNS drift threat github.com: ['TRUTH_DNS_DOWN', 'TRUTH_STUB_DRIFT', 'TRUTH_SYSTEM_DRIFT']
2026-07-04T04:08:15Z VIOLATION DNS drift threat github.com: ['TRUTH_DNS_DOWN', 'TRUTH_STUB_DRIFT', 'TRUTH_SYSTEM_DRIFT']
2026-07-04T04:08:16Z VIOLATION DNS drift threat github.com: ['TRUTH_DNS_DOWN', 'TRUTH_STUB_DRIFT', 'TRUTH_SYSTEM_DRIFT']
2026-07-04T04:08:16Z VIOLATION DNS drift threat github.com: ['TRUTH_DNS_DOWN', 'TRUTH_STUB_DRIFT', 'TRUTH_SYSTEM_DRIFT']
2026-07-04T04:08:17Z VIOLATION DNS drift threat github.com: ['TRUTH_DNS_DOWN']
2026-07-04T04:08:17Z VIOLATION DNS drift threat github.com: ['TRUTH_DNS_DOWN', 'TRUTH_STUB_DRIFT', 'TRUTH_SYSTEM_DRIFT']
2026-07-04T04:08:17Z VIOLATION DNS drift threat github.com: ['TRUTH_DNS_DOWN', 'TRUTH_STUB_DRIFT', 'TRUTH_SYSTEM_DRIFT']
2026-07-04T04:08:17Z VIOLATION DNS drift threat github.com: ['TRUTH_DNS_DOWN', 'TRUTH_STUB_DRIFT', 'TRUTH_SYSTEM_DRIFT']
2026-07-04T04:08:17Z VIOLATION DNS drift threat github.com: ['TRUTH_DNS_DOWN', 'TRUTH_STUB_DRIFT', 'TRUTH_SYSTEM_DRIFT']
2026-07-04T04:08:17Z VIOLATION DNS drift threat github.com: ['TRUTH_DNS_DOWN', 'TRUTH_STUB_DRIFT', 'TRUTH_SYSTEM_DRIFT']
2026-07-04T04:08:18Z VIOLATION DNS drift threat github.com: ['TRUTH_DNS_DOWN', 'TRUTH_STUB_DRIFT', 'TRUTH_SYSTEM_DRIFT']
2026-07-04T04:08:18Z VIOLATION DNS drift threat github.com: ['TRUTH_DNS_DOWN', 'TRUTH_STUB_DRIFT', 'TRUTH_SYSTEM_DRIFT']
2026-07-04T04:08:18Z VIOLATION DNS drift threat api.github.com: ['TRUTH_DNS_DOWN', 'TRUTH_STUB_DRIFT', 'TRUTH_SYSTEM_DRIFT']
2026-07-04T04:08:18Z VIOLATION DNS drift threat github.com: ['TRUTH_DNS_DOWN', 'TRUTH_STUB_DRIFT', 'TRUTH_SYSTEM_DRIFT']
2026-07-04T04:08:18Z VIOLATION DNS drift threat github.com: ['TRUTH_DNS_DOWN', 'TRUTH_STUB_DRIFT', 'TRUTH_SYSTEM_DRIFT']
2026-07-04T04:08:18Z VIOLATION DNS drift threat github.com: ['TRUTH_DNS_DOWN', 'TRUTH_STUB_DRIFT', 'TRUTH_SYSTEM_DRIFT']
2026-07-04T04:08:18Z VIOLATION DNS drift threat github.com: ['TRUTH_DNS_DOWN', 'TRUTH_STUB_DRIFT', 'TRUTH_SYSTEM_DRIFT']
2026-07-04T04:08:18Z VIOLATION DNS drift threat api.github.com: ['TRUTH_DNS_DOWN']
2026-07-04T04:08:18Z VIOLATION DNS drift threat github.com: ['TRUTH_DNS_DOWN', 'TRUTH_STUB_DRIFT', 'TRUTH_SYSTEM_DRIFT']
2026-07-04T04:08:18Z VIOLATION DNS drift threat github.com: ['TRUTH_DNS_DOWN', 'TRUTH_STUB_DRIFT', 'TRUTH_SYSTEM_DRIFT']
2026-07-04T04:08:18Z VIOLATION DNS drift threat api.github.com: ['TRUTH_DNS_DOWN', 'TRUTH_STUB_DRIFT', 'TRUTH_SYSTEM_DRIFT']
2026-07-04T04:08:18Z VIOLATION DNS drift threat api.github.com: ['TRUTH_DNS_DOWN', 'TRUTH_STUB_DRIFT', 'TRUTH_SYSTEM_DRIFT']
2026-07-04T04:08:19Z VIOLATION DNS drift threat github.com: ['TRUTH_DNS_DOWN']
2026-07-04T04:08:19Z VIOLATION DNS drift threat github.com: ['TRUTH_DNS_DOWN', 'TRUTH_STUB_DRIFT', 'TRUTH_SYSTEM_DRIFT']
2026-07-04T04:08:19Z VIOLATION DNS drift threat github.com: ['TRUTH_DNS_DOWN', 'TRUTH_STUB_DRIFT', 'TRUTH_SYSTEM_DRIFT']
2026-07-04T04:08:19Z VIOLATION DNS drift threat github.com: ['TRUTH_DNS_DOWN', 'TRUTH_STUB_DRIFT', 'TRUTH_SYSTEM_DRIFT']
2026-07-04T04:08:19Z VIOLATION DNS drift threat github.com: ['TRUTH_DNS_DOWN', 'TRUTH_STUB_DRIFT', 'TRUTH_SYSTEM_DRIFT']
2026-07-04T04:08:19Z VIOLATION DNS drift threat api.github.com: ['TRUTH_DNS_DOWN', 'TRUTH_STUB_DRIFT', 'TRUTH_SYSTEM_DRIFT']
2026-07-04T04:08:19Z VIOLATION DNS drift threat api.github.com: ['TRUTH_DNS_DOWN', 'TRUTH_STUB_DRIFT', 'TRUTH_SYSTEM_DRIFT']
2026-07-04T04:08:19Z VIOLATION DNS drift threat api.github.com: ['TRUTH_DNS_DOWN', 'TRUTH_STUB_DRIFT', 'TRUTH_SYSTEM_DRIFT']
2026-07-04T04:08:19Z VIOLATION DNS drift threat github.com: ['TRUTH_DNS_DOWN', 'TRUTH_STUB_DRIFT', 'TRUTH_SYSTEM_DRIFT']
2026-07-04T04:08:20Z VIOLATION DNS drift threat github.com: ['TRUTH_DNS_DOWN', 'TRUTH_STUB_DRIFT', 'TRUTH_SYSTEM_DRIFT']
2026-07-04T04:08:20Z VIOLATION DNS drift threat github.com: ['TRUTH_DNS_DOWN']
2026-07-04T04:08:20Z VIOLATION DNS drift threat api.github.com: ['TRUTH_DNS_DOWN', 'TRUTH_STUB_DRIFT', 'TRUTH_SYSTEM_DRIFT']
2026-07-04T04:08:20Z VIOLATION DNS drift threat api.github.com: ['TRUTH_DNS_DOWN', 'TRUTH_STUB_DRIFT', 'TRUTH_SYSTEM_DRIFT']
2026-07-04T04:08:21Z VIOLATION DNS drift threat github.com: ['TRUTH_DNS_DOWN']
2026-07-04T04:08:22Z VIOLATION DNS drift threat api.github.com: ['TRUTH_DNS_DOWN', 'TRUTH_STUB_DRIFT', 'TRUTH_SYSTEM_DRIFT']
2026-07-04T04:08:22Z VIOLATION DNS drift threat api.github.com: ['TRUTH_DNS_DOWN']
2026-07-04T04:08:22Z VIOLATION DNS drift threat api.github.com: ['TRUTH_DNS_DOWN', 'TRUTH_STUB_DRIFT', 'TRUTH_SYSTEM_DRIFT']
2026-07-04T04:08:22Z VIOLATION DNS drift threat api.github.com: ['TRUTH_DNS_DOWN', 'TRUTH_STUB_DRIFT', 'TRUTH_SYSTEM_DRIFT']
2026-07-04T04:08:22Z VIOLATION DNS drift threat api.github.com: ['TRUTH_DNS_DOWN', 'TRUTH_STUB_DRIFT', 'TRUTH_SYSTEM_DRIFT']
2026-07-04T04:08:22Z VIOLATION DNS drift threat api.github.com: ['TRUTH_DNS_DOWN', 'TRUTH_STUB_DRIFT', 'TRUTH_SYSTEM_DRIFT']
2026-07-04T04:08:22Z VIOLATION DNS drift threat api.github.com: ['TRUTH_DNS_DOWN', 'TRUTH_STUB_DRIFT', 'TRUTH_SYSTEM_DRIFT']
2026-07-04T04:08:23Z VIOLATION DNS drift threat api.github.com: ['TRUTH_DNS_DOWN', 'TRUTH_STUB_DRIFT', 'TRUTH_SYSTEM_DRIFT']
2026-07-04T04:08:23Z VIOLATION DNS drift threat api.github.com: ['TRUTH_DNS_DOWN', 'TRUTH_STUB_DRIFT', 'TRUTH_SYSTEM_DRIFT']
2026-07-04T04:08:23Z VIOLATION DNS drift threat api.github.com: ['TRUTH_DNS_DOWN', 'TRUTH_STUB_DRIFT', 'TRUTH_SYSTEM_DRIFT']
2026-07-04T04:08:23Z VIOLATION DNS drift threat api.github.com: ['TRUTH_DNS_DOWN']
2026-07-04T04:08:24Z VIOLATION DNS drift threat api.github.com: ['TRUTH_DNS_DOWN']
2026-07-04T04:08:25Z VIOLATION DNS drift threat api.github.com: ['TRUTH_DNS_DOWN', 'TRUTH_STUB_DRIFT', 'TRUTH_SYSTEM_DRIFT']
2026-07-04T04:08:25Z VIOLATION DNS drift threat api.github.com: ['TRUTH_DNS_DOWN', 'TRUTH_STUB_DRIFT', 'TRUTH_SYSTEM_DRIFT']
2026-07-04T04:08:26Z VIOLATION DNS drift threat github.com: ['TRUTH_DNS_DOWN', 'TRUTH_STUB_DRIFT', 'TRUTH_SYSTEM_DRIFT']
2026-07-04T04:08:26Z VIOLATION DNS drift threat api.github.com: ['TRUTH_DNS_DOWN', 'TRUTH_STUB_DRIFT', 'TRUTH_SYSTEM_DRIFT']
2026-07-04T04:08:30Z VIOLATION DNS drift threat api.github.com: ['TRUTH_DNS_DOWN', 'TRUTH_STUB_DRIFT', 'TRUTH_SYSTEM_DRIFT']
2026-07-04T04:08:31Z VIOLATION DNS drift threat github.com: ['TRUTH_DNS_DOWN']
2026-07-04T04:08:32Z VIOLATION DNS drift threat ssh.github.com: ['TRUTH_DNS_DOWN', 'TRUTH_STUB_DRIFT', 'TRUTH_SYSTEM_DRIFT']
2026-07-04T04:08:34Z VIOLATION DNS drift threat api.github.com: ['TRUTH_DNS_DOWN', 'TRUTH_STUB_DRIFT', 'TRUTH_SYSTEM_DRIFT']
2026-07-04T04:08:34Z VIOLATION DNS drift threat github.com: ['TRUTH_DNS_DOWN', 'TRUTH_STUB_DRIFT', 'TRUTH_SYSTEM_DRIFT']
2026-07-04T04:08:39Z VIOLATION DNS drift threat api.github.com: ['TRUTH_DNS_DOWN', 'TRUTH_STUB_DRIFT', 'TRUTH_SYSTEM_DRIFT']
2026-07-04T04:08:40Z VIOLATION DNS drift threat raw.githubusercontent.com: ['TRUTH_DNS_DOWN']
2026-07-04T04:08:40Z VIOLATION DNS drift threat ssh.github.com: ['TRUTH_DNS_DOWN', 'TRUTH_STUB_DRIFT', 'TRUTH_SYSTEM_DRIFT']
2026-07-04T04:08:41Z VIOLATION DNS drift threat ssh.github.com: ['TRUTH_DNS_DOWN', 'TRUTH_STUB_DRIFT', 'TRUTH_SYSTEM_DRIFT']
2026-07-04T04:08:43Z VIOLATION DNS drift threat ssh.github.com: ['TRUTH_STUB_DRIFT', 'TRUTH_SYSTEM_DRIFT']
2026-07-04T04:08:46Z VIOLATION DNS drift threat ssh.github.com: ['TRUTH_DNS_DOWN', 'TRUTH_STUB_DRIFT', 'TRUTH_SYSTEM_DRIFT']
2026-07-04T04:08:59Z VIOLATION DNS drift threat github.com: ['TRUTH_STUB_DRIFT', 'TRUTH_SYSTEM_DRIFT']
2026-07-04T04:09:03Z VIOLATION DNS drift threat api.github.com: ['TRUTH_STUB_DRIFT', 'TRUTH_SYSTEM_DRIFT']
2026-07-04T04:09:05Z VIOLATION DNS drift threat github.com: ['TRUTH_STUB_DRIFT', 'TRUTH_SYSTEM_DRIFT']
2026-07-04T04:09:38Z VIOLATION DNS drift threat github.com: ['TRUTH_STUB_DRIFT', 'TRUTH_SYSTEM_DRIFT']
2026-07-04T04:09:42Z VIOLATION DNS drift threat api.github.com: ['TRUTH_STUB_DRIFT', 'TRUTH_SYSTEM_DRIFT']
2026-07-04T04:10:33Z VIOLATION DNS drift threat github.com: ['TRUTH_STUB_DRIFT', 'TRUTH_SYSTEM_DRIFT']
2026-07-04T04:10:34Z VIOLATION DNS drift threat api.github.com: ['TRUTH_STUB_DRIFT', 'TRUTH_SYSTEM_DRIFT']
2026-07-04T04:11:04Z VIOLATION DNS drift threat github.com: ['TRUTH_STUB_DRIFT', 'TRUTH_SYSTEM_DRIFT']
2026-07-04T04:11:08Z VIOLATION DNS drift threat api.github.com: ['TRUTH_STUB_DRIFT', 'TRUTH_SYSTEM_DRIFT']
2026-07-04T04:11:55Z VIOLATION DNS drift threat github.com: ['TRUTH_STUB_DRIFT', 'TRUTH_SYSTEM_DRIFT']
2026-07-04T04:11:58Z VIOLATION DNS drift threat api.github.com: ['TRUTH_STUB_DRIFT', 'TRUTH_SYSTEM_DRIFT']
2026-07-04T04:12:26Z VIOLATION DNS drift threat github.com: ['TRUTH_DNS_DOWN', 'TRUTH_STUB_DRIFT', 'TRUTH_SYSTEM_DRIFT']
2026-07-04T04:12:27Z VIOLATION DNS drift threat github.com: ['TRUTH_STUB_DRIFT', 'TRUTH_SYSTEM_DRIFT']
2026-07-04T04:12:33Z VIOLATION DNS drift threat api.github.com: ['TRUTH_STUB_DRIFT', 'TRUTH_SYSTEM_DRIFT']
2026-07-04T04:12:43Z VIOLATION DNS drift threat ssh.github.com: ['TRUTH_SYSTEM_DRIFT']
2026-07-04T04:13:23Z VIOLATION DNS drift threat api.github.com: ['TRUTH_STUB_DRIFT', 'TRUTH_SYSTEM_DRIFT']
2026-07-04T04:13:30Z VIOLATION DNS drift threat api.github.com: ['TRUTH_STUB_DRIFT', 'TRUTH_SYSTEM_DRIFT']
2026-07-04T04:13:49Z VIOLATION DNS drift threat api.github.com: ['TRUTH_STUB_DRIFT', 'TRUTH_SYSTEM_DRIFT']
2026-07-04T04:13:53Z VIOLATION DNS drift threat ssh.github.com: ['TRUTH_STUB_DRIFT', 'TRUTH_SYSTEM_DRIFT']
2026-07-04T04:14:26Z VIOLATION DNS drift threat github.com: ['TRUTH_STUB_DRIFT', 'TRUTH_SYSTEM_DRIFT']
2026-07-04T04:14:28Z VIOLATION DNS drift threat api.github.com: ['TRUTH_STUB_DRIFT', 'TRUTH_SYSTEM_DRIFT']
2026-07-04T04:14:35Z VIOLATION DNS drift threat api.github.com: ['TRUTH_STUB_DRIFT', 'TRUTH_SYSTEM_DRIFT']
2026-07-04T04:14:36Z VIOLATION DNS drift threat github.com: ['TRUTH_STUB_DRIFT', 'TRUTH_SYSTEM_DRIFT']
2026-07-04T04:14:37Z VIOLATION DNS drift threat api.github.com: ['TRUTH_STUB_DRIFT', 'TRUTH_SYSTEM_DRIFT']
2026-07-04T04:14:39Z VIOLATION DNS drift threat ssh.github.com: ['TRUTH_STUB_DRIFT', 'TRUTH_SYSTEM_DRIFT']
2026-07-04T04:14:43Z VIOLATION DNS drift threat api.github.com: ['TRUTH_STUB_DRIFT', 'TRUTH_SYSTEM_DRIFT']
2026-07-04T04:14:49Z VIOLATION DNS drift threat ssh.github.com: ['TRUTH_STUB_DRIFT', 'TRUTH_SYSTEM_DRIFT']
2026-07-04T04:14:58Z VIOLATION DNS drift threat github.com: ['TRUTH_STUB_DRIFT', 'TRUTH_SYSTEM_DRIFT']
2026-07-04T04:15:11Z VIOLATION DNS drift threat github.com: ['TRUTH_STUB_DRIFT', 'TRUTH_SYSTEM_DRIFT']
2026-07-04T04:15:15Z VIOLATION DNS drift threat api.github.com: ['TRUTH_STUB_DRIFT', 'TRUTH_SYSTEM_DRIFT']
2026-07-04T04:15:47Z VIOLATION DNS drift threat github.com: ['TRUTH_STUB_DRIFT', 'TRUTH_SYSTEM_DRIFT']
2026-07-04T04:15:51Z VIOLATION DNS drift threat api.github.com: ['TRUTH_STUB_DRIFT', 'TRUTH_SYSTEM_DRIFT']
2026-07-04T04:15:54Z VIOLATION DNS drift threat ssh.github.com: ['TRUTH_STUB_DRIFT', 'TRUTH_SYSTEM_DRIFT']
2026-07-04T04:16:04Z VIOLATION DNS drift threat github.com: ['TRUTH_STUB_DRIFT', 'TRUTH_SYSTEM_DRIFT']
2026-07-04T04:16:08Z VIOLATION DNS drift threat api.github.com: ['TRUTH_STUB_DRIFT', 'TRUTH_SYSTEM_DRIFT']
2026-07-04T04:16:34Z VIOLATION DNS drift threat github.com: ['TRUTH_STUB_DRIFT', 'TRUTH_SYSTEM_DRIFT']
2026-07-04T04:16:38Z VIOLATION DNS drift threat api.github.com: ['TRUTH_STUB_DRIFT', 'TRUTH_SYSTEM_DRIFT']
2026-07-04T04:17:34Z VIOLATION DNS drift threat github.com: ['TRUTH_STUB_DRIFT', 'TRUTH_SYSTEM_DRIFT']
2026-07-04T04:17:54Z VIOLATION DNS drift threat github.com: ['TRUTH_STUB_DRIFT', 'TRUTH_SYSTEM_DRIFT']
2026-07-04T04:17:57Z VIOLATION DNS drift threat api.github.com: ['TRUTH_STUB_DRIFT', 'TRUTH_SYSTEM_DRIFT']
2026-07-04T04:17:58Z VIOLATION DNS drift threat github.com: ['TRUTH_STUB_DRIFT', 'TRUTH_SYSTEM_DRIFT']
2026-07-04T04:18:00Z VIOLATION DNS drift threat ssh.github.com: ['TRUTH_STUB_DRIFT', 'TRUTH_SYSTEM_DRIFT']
2026-07-04T04:18:01Z VIOLATION DNS drift threat api.github.com: ['TRUTH_STUB_DRIFT', 'TRUTH_SYSTEM_DRIFT']
2026-07-04T04:18:04Z VIOLATION DNS drift threat ssh.github.com: ['TRUTH_STUB_DRIFT', 'TRUTH_SYSTEM_DRIFT']
2026-07-04T04:18:43Z VIOLATION DNS drift threat github.com: ['TRUTH_STUB_DRIFT', 'TRUTH_SYSTEM_DRIFT']
2026-07-04T04:18:48Z VIOLATION DNS drift threat api.github.com: ['TRUTH_STUB_DRIFT', 'TRUTH_SYSTEM_DRIFT']
2026-07-04T04:19:16Z VIOLATION DNS drift threat github.com: ['TRUTH_STUB_DRIFT', 'TRUTH_SYSTEM_DRIFT']
2026-07-04T04:19:35Z VIOLATION DNS drift threat github.com: ['TRUTH_STUB_DRIFT', 'TRUTH_SYSTEM_DRIFT']
2026-07-04T04:19:40Z VIOLATION DNS drift threat api.github.com: ['TRUTH_SYSTEM_DRIFT']
2026-07-04T04:19:42Z VIOLATION DNS drift threat api.github.com: ['TRUTH_STUB_DRIFT', 'TRUTH_SYSTEM_DRIFT']
2026-07-04T04:19:43Z VIOLATION DNS drift threat ssh.github.com: ['TRUTH_STUB_DRIFT', 'TRUTH_SYSTEM_DRIFT']
2026-07-04T04:19:44Z VIOLATION DNS drift threat ssh.github.com: ['TRUTH_STUB_DRIFT', 'TRUTH_SYSTEM_DRIFT']
2026-07-04T04:20:00Z VIOLATION DNS drift threat github.com: ['TRUTH_STUB_DRIFT', 'TRUTH_SYSTEM_DRIFT']
2026-07-04T04:20:06Z VIOLATION DNS drift threat github.com: ['TRUTH_STUB_DRIFT', 'TRUTH_SYSTEM_DRIFT']
2026-07-04T04:20:10Z VIOLATION DNS drift threat api.github.com: ['TRUTH_STUB_DRIFT', 'TRUTH_SYSTEM_DRIFT']
2026-07-04T04:20:14Z VIOLATION DNS drift threat ssh.github.com: ['TRUTH_STUB_DRIFT', 'TRUTH_SYSTEM_DRIFT']
2026-07-04T04:20:29Z VIOLATION DNS drift threat github.com: ['TRUTH_STUB_DRIFT', 'TRUTH_SYSTEM_DRIFT']
2026-07-04T04:20:34Z VIOLATION DNS drift threat api.github.com: ['TRUTH_SYSTEM_DRIFT']
2026-07-04T04:20:35Z VIOLATION DNS drift threat api.github.com: ['TRUTH_STUB_DRIFT', 'TRUTH_SYSTEM_DRIFT']
2026-07-04T04:20:36Z VIOLATION DNS drift threat api.github.com: ['TRUTH_STUB_DRIFT', 'TRUTH_SYSTEM_DRIFT']
2026-07-04T04:20:38Z VIOLATION DNS drift threat api.github.com: ['TRUTH_STUB_DRIFT', 'TRUTH_SYSTEM_DRIFT']
2026-07-04T04:20:39Z VIOLATION DNS drift threat api.github.com: ['TRUTH_STUB_DRIFT', 'TRUTH_SYSTEM_DRIFT']
2026-07-04T04:21:30Z VIOLATION DNS drift threat github.com: ['TRUTH_STUB_DRIFT', 'TRUTH_SYSTEM_DRIFT']
2026-07-04T04:21:30Z VIOLATION DNS drift threat api.github.com: ['TRUTH_STUB_DRIFT', 'TRUTH_SYSTEM_DRIFT']
2026-07-04T04:21:32Z VIOLATION DNS drift threat ssh.github.com: ['TRUTH_STUB_DRIFT', 'TRUTH_SYSTEM_DRIFT']
2026-07-04T04:21:34Z VIOLATION DNS drift threat github.com: ['TRUTH_STUB_DRIFT', 'TRUTH_SYSTEM_DRIFT']
2026-07-04T04:21:34Z VIOLATION DNS drift threat api.github.com: ['TRUTH_STUB_DRIFT', 'TRUTH_SYSTEM_DRIFT']
2026-07-04T04:21:34Z VIOLATION DNS drift threat ssh.github.com: ['TRUTH_STUB_DRIFT', 'TRUTH_SYSTEM_DRIFT']
2026-07-04T04:23:10Z VIOLATION DNS drift threat github.com: ['TRUTH_STUB_DRIFT', 'TRUTH_SYSTEM_DRIFT']
2026-07-04T04:23:13Z VIOLATION DNS drift threat api.github.com: ['TRUTH_STUB_DRIFT', 'TRUTH_SYSTEM_DRIFT']
2026-07-04T04:23:13Z VIOLATION DNS drift threat ssh.github.com: ['TRUTH_STUB_DRIFT', 'TRUTH_SYSTEM_DRIFT']
2026-07-04T04:23:15Z VIOLATION DNS drift threat github.com: ['TRUTH_STUB_DRIFT', 'TRUTH_SYSTEM_DRIFT']
2026-07-04T04:23:15Z VIOLATION DNS drift threat api.github.com: ['TRUTH_STUB_DRIFT', 'TRUTH_SYSTEM_DRIFT']
2026-07-04T04:23:15Z VIOLATION DNS drift threat ssh.github.com: ['TRUTH_STUB_DRIFT', 'TRUTH_SYSTEM_DRIFT']
2026-07-04T04:24:57Z VIOLATION DNS drift threat github.com: ['TRUTH_STUB_DRIFT', 'TRUTH_SYSTEM_DRIFT']
2026-07-04T04:24:57Z VIOLATION DNS drift threat api.github.com: ['TRUTH_STUB_DRIFT', 'TRUTH_SYSTEM_DRIFT']
2026-07-04T04:24:58Z VIOLATION DNS drift threat ssh.github.com: ['TRUTH_STUB_DRIFT', 'TRUTH_SYSTEM_DRIFT']
2026-07-04T04:25:01Z VIOLATION DNS drift threat github.com: ['TRUTH_STUB_DRIFT', 'TRUTH_SYSTEM_DRIFT']
2026-07-04T04:25:01Z VIOLATION DNS drift threat api.github.com: ['TRUTH_STUB_DRIFT', 'TRUTH_SYSTEM_DRIFT']
2026-07-04T04:25:01Z VIOLATION DNS drift threat ssh.github.com: ['TRUTH_STUB_DRIFT', 'TRUTH_SYSTEM_DRIFT']
2026-07-04T04:25:33Z VIOLATION DNS drift threat github.com: ['TRUTH_STUB_DRIFT', 'TRUTH_SYSTEM_DRIFT']
2026-07-04T04:25:33Z VIOLATION DNS drift threat github.com: ['TRUTH_STUB_DRIFT', 'TRUTH_SYSTEM_DRIFT']
2026-07-04T04:25:34Z VIOLATION DNS drift threat api.github.com: ['TRUTH_STUB_DRIFT', 'TRUTH_SYSTEM_DRIFT']
2026-07-04T04:25:34Z VIOLATION DNS drift threat api.github.com: ['TRUTH_STUB_DRIFT', 'TRUTH_SYSTEM_DRIFT']
2026-07-04T04:25:35Z VIOLATION DNS drift threat github.com: ['TRUTH_STUB_DRIFT', 'TRUTH_SYSTEM_DRIFT']
2026-07-04T04:25:35Z VIOLATION DNS drift threat ssh.github.com: ['TRUTH_STUB_DRIFT', 'TRUTH_SYSTEM_DRIFT']
2026-07-04T04:25:37Z VIOLATION DNS drift threat ssh.github.com: ['TRUTH_STUB_DRIFT', 'TRUTH_SYSTEM_DRIFT']
2026-07-04T04:25:37Z VIOLATION DNS drift threat api.github.com: ['TRUTH_STUB_DRIFT', 'TRUTH_SYSTEM_DRIFT']
2026-07-04T04:26:02Z VIOLATION DNS drift threat github.com: ['TRUTH_STUB_DRIFT', 'TRUTH_SYSTEM_DRIFT']
2026-07-04T04:26:02Z VIOLATION DNS drift threat github.com: ['TRUTH_STUB_DRIFT', 'TRUTH_SYSTEM_DRIFT']
2026-07-04T04:26:03Z VIOLATION DNS drift threat github.com: ['TRUTH_STUB_DRIFT', 'TRUTH_SYSTEM_DRIFT']
2026-07-04T04:26:03Z VIOLATION DNS drift threat github.com: ['TRUTH_STUB_DRIFT', 'TRUTH_SYSTEM_DRIFT']
2026-07-04T04:26:04Z VIOLATION DNS drift threat github.com: ['TRUTH_STUB_DRIFT', 'TRUTH_SYSTEM_DRIFT']
2026-07-04T04:26:04Z VIOLATION DNS drift threat api.github.com: ['TRUTH_STUB_DRIFT', 'TRUTH_SYSTEM_DRIFT']
2026-07-04T04:26:04Z VIOLATION DNS drift threat api.github.com: ['TRUTH_STUB_DRIFT', 'TRUTH_SYSTEM_DRIFT']
2026-07-04T04:26:05Z VIOLATION DNS drift threat github.com: ['TRUTH_STUB_DRIFT', 'TRUTH_SYSTEM_DRIFT']
2026-07-04T04:26:05Z VIOLATION DNS drift threat github.com: ['TRUTH_STUB_DRIFT', 'TRUTH_SYSTEM_DRIFT']
2026-07-04T04:26:05Z VIOLATION DNS drift threat github.com: ['TRUTH_STUB_DRIFT', 'TRUTH_SYSTEM_DRIFT']
2026-07-04T04:26:06Z VIOLATION DNS drift threat api.github.com: ['TRUTH_STUB_DRIFT', 'TRUTH_SYSTEM_DRIFT']
2026-07-04T04:26:06Z VIOLATION DNS drift threat api.github.com: ['TRUTH_STUB_DRIFT', 'TRUTH_SYSTEM_DRIFT']
2026-07-04T04:26:06Z VIOLATION DNS drift threat ssh.github.com: ['TRUTH_STUB_DRIFT', 'TRUTH_SYSTEM_DRIFT']
2026-07-04T04:26:06Z VIOLATION DNS drift threat ssh.github.com: ['TRUTH_STUB_DRIFT', 'TRUTH_SYSTEM_DRIFT']
2026-07-04T04:26:07Z VIOLATION DNS drift threat api.github.com: ['TRUTH_STUB_DRIFT', 'TRUTH_SYSTEM_DRIFT']
2026-07-04T04:26:07Z VIOLATION DNS drift threat api.github.com: ['TRUTH_STUB_DRIFT', 'TRUTH_SYSTEM_DRIFT']
2026-07-04T04:26:07Z VIOLATION DNS drift threat github.com: ['TRUTH_STUB_DRIFT', 'TRUTH_SYSTEM_DRIFT']
2026-07-04T04:26:07Z VIOLATION DNS drift threat github.com: ['TRUTH_STUB_DRIFT', 'TRUTH_SYSTEM_DRIFT']
2026-07-04T04:26:07Z VIOLATION DNS drift threat github.com: ['TRUTH_STUB_DRIFT', 'TRUTH_SYSTEM_DRIFT']
2026-07-04T04:26:07Z VIOLATION DNS drift threat api.github.com: ['TRUTH_STUB_DRIFT', 'TRUTH_SYSTEM_DRIFT']
2026-07-04T04:26:07Z VIOLATION DNS drift threat github.com: ['TRUTH_STUB_DRIFT', 'TRUTH_SYSTEM_DRIFT']
2026-07-04T04:26:07Z VIOLATION DNS drift threat api.github.com: ['TRUTH_STUB_DRIFT', 'TRUTH_SYSTEM_DRIFT']
2026-07-04T04:26:07Z VIOLATION DNS drift threat github.com: ['TRUTH_STUB_DRIFT', 'TRUTH_SYSTEM_DRIFT']
2026-07-04T04:26:08Z VIOLATION DNS drift threat github.com: ['TRUTH_STUB_DRIFT', 'TRUTH_SYSTEM_DRIFT']
2026-07-04T04:26:08Z VIOLATION DNS drift threat ssh.github.com: ['TRUTH_STUB_DRIFT', 'TRUTH_SYSTEM_DRIFT']
2026-07-04T04:26:09Z VIOLATION DNS drift threat api.github.com: ['TRUTH_STUB_DRIFT', 'TRUTH_SYSTEM_DRIFT']
2026-07-04T04:26:09Z VIOLATION DNS drift threat github.com: ['TRUTH_STUB_DRIFT', 'TRUTH_SYSTEM_DRIFT']
2026-07-04T04:26:09Z VIOLATION DNS drift threat api.github.com: ['TRUTH_STUB_DRIFT', 'TRUTH_SYSTEM_DRIFT']
2026-07-04T04:26:09Z VIOLATION DNS drift threat github.com: ['TRUTH_STUB_DRIFT', 'TRUTH_SYSTEM_DRIFT']
2026-07-04T04:26:09Z VIOLATION DNS drift threat api.github.com: ['TRUTH_STUB_DRIFT', 'TRUTH_SYSTEM_DRIFT']
2026-07-04T04:26:09Z VIOLATION DNS drift threat ssh.github.com: ['TRUTH_STUB_DRIFT', 'TRUTH_SYSTEM_DRIFT']
2026-07-04T04:26:10Z VIOLATION DNS drift threat ssh.github.com: ['TRUTH_STUB_DRIFT', 'TRUTH_SYSTEM_DRIFT']
2026-07-04T04:26:10Z VIOLATION DNS drift threat github.com: ['TRUTH_STUB_DRIFT', 'TRUTH_SYSTEM_DRIFT']
2026-07-04T04:26:10Z VIOLATION DNS drift threat api.github.com: ['TRUTH_STUB_DRIFT', 'TRUTH_SYSTEM_DRIFT']
2026-07-04T04:26:10Z VIOLATION DNS drift threat github.com: ['TRUTH_STUB_DRIFT', 'TRUTH_SYSTEM_DRIFT']
2026-07-04T04:26:10Z VIOLATION DNS drift threat api.github.com: ['TRUTH_STUB_DRIFT', 'TRUTH_SYSTEM_DRIFT']
2026-07-04T04:26:10Z VIOLATION DNS drift threat ssh.github.com: ['TRUTH_STUB_DRIFT', 'TRUTH_SYSTEM_DRIFT']
2026-07-04T04:26:11Z VIOLATION DNS drift threat api.github.com: ['TRUTH_STUB_DRIFT', 'TRUTH_SYSTEM_DRIFT']
2026-07-04T04:26:11Z VIOLATION DNS drift threat ssh.github.com: ['TRUTH_STUB_DRIFT', 'TRUTH_SYSTEM_DRIFT']
2026-07-04T04:26:11Z VIOLATION DNS drift threat ssh.github.com: ['TRUTH_STUB_DRIFT', 'TRUTH_SYSTEM_DRIFT']
2026-07-04T04:26:11Z VIOLATION DNS drift threat ssh.github.com: ['TRUTH_STUB_DRIFT', 'TRUTH_SYSTEM_DRIFT']
2026-07-04T04:26:11Z VIOLATION DNS drift threat api.github.com: ['TRUTH_STUB_DRIFT', 'TRUTH_SYSTEM_DRIFT']
2026-07-04T04:26:12Z VIOLATION DNS drift threat api.github.com: ['TRUTH_STUB_DRIFT', 'TRUTH_SYSTEM_DRIFT']
2026-07-04T04:26:14Z VIOLATION DNS drift threat api.github.com: ['TRUTH_STUB_DRIFT', 'TRUTH_SYSTEM_DRIFT']
2026-07-04T04:26:16Z VIOLATION DNS drift threat api.github.com: ['TRUTH_STUB_DRIFT', 'TRUTH_SYSTEM_DRIFT']
2026-07-04T04:26:22Z VIOLATION DNS drift threat github.com: ['TRUTH_SYSTEM_DRIFT']
2026-07-04T04:26:22Z VIOLATION DNS drift threat ssh.github.com: ['TRUTH_SYSTEM_DRIFT']
2026-07-04T04:26:22Z VIOLATION DNS drift threat ssh.github.com: ['TRUTH_SYSTEM_DRIFT']
2026-07-04T04:26:23Z VIOLATION DNS drift threat github.com: ['TRUTH_STUB_DRIFT', 'TRUTH_SYSTEM_DRIFT']
2026-07-04T04:26:26Z VIOLATION DNS drift threat ssh.github.com: ['TRUTH_STUB_DRIFT', 'TRUTH_SYSTEM_DRIFT']
2026-07-04T04:26:27Z VIOLATION DNS drift threat ssh.github.com: ['TRUTH_STUB_DRIFT', 'TRUTH_SYSTEM_DRIFT']
2026-07-04T04:26:58Z VIOLATION DNS drift threat github.com: ['TRUTH_STUB_DRIFT', 'TRUTH_SYSTEM_DRIFT']
2026-07-04T04:26:59Z VIOLATION DNS drift threat api.github.com: ['TRUTH_STUB_DRIFT', 'TRUTH_SYSTEM_DRIFT']
2026-07-04T04:26:59Z VIOLATION DNS drift threat ssh.github.com: ['TRUTH_STUB_DRIFT', 'TRUTH_SYSTEM_DRIFT']
2026-07-04T04:27:09Z VIOLATION DNS drift threat github.com: ['TRUTH_STUB_DRIFT', 'TRUTH_SYSTEM_DRIFT']
2026-07-04T04:27:09Z VIOLATION DNS drift threat api.github.com: ['TRUTH_STUB_DRIFT', 'TRUTH_SYSTEM_DRIFT']
2026-07-04T04:27:10Z VIOLATION DNS drift threat ssh.github.com: ['TRUTH_STUB_DRIFT', 'TRUTH_SYSTEM_DRIFT']
2026-07-04T04:27:10Z VIOLATION DNS drift threat github.com: ['TRUTH_STUB_DRIFT', 'TRUTH_SYSTEM_DRIFT']
2026-07-04T04:27:10Z VIOLATION DNS drift threat api.github.com: ['TRUTH_STUB_DRIFT', 'TRUTH_SYSTEM_DRIFT']
2026-07-04T04:27:11Z VIOLATION DNS drift threat ssh.github.com: ['TRUTH_STUB_DRIFT', 'TRUTH_SYSTEM_DRIFT']
2026-07-04T04:27:14Z VIOLATION DNS drift threat github.com: ['TRUTH_STUB_DRIFT', 'TRUTH_SYSTEM_DRIFT']
2026-07-04T04:27:14Z VIOLATION DNS drift threat api.github.com: ['TRUTH_STUB_DRIFT', 'TRUTH_SYSTEM_DRIFT']
2026-07-04T04:27:14Z VIOLATION DNS drift threat ssh.github.com: ['TRUTH_STUB_DRIFT', 'TRUTH_SYSTEM_DRIFT']
2026-07-04T04:27:14Z VIOLATION DNS drift threat github.com: ['TRUTH_STUB_DRIFT', 'TRUTH_SYSTEM_DRIFT']
2026-07-04T04:27:14Z VIOLATION DNS drift threat api.github.com: ['TRUTH_STUB_DRIFT', 'TRUTH_SYSTEM_DRIFT']
2026-07-04T04:27:14Z VIOLATION DNS drift threat ssh.github.com: ['TRUTH_STUB_DRIFT', 'TRUTH_SYSTEM_DRIFT']
2026-07-04T04:28:55Z VIOLATION DNS drift threat github.com: ['TRUTH_DNS_DOWN', 'TRUTH_STUB_DRIFT', 'TRUTH_SYSTEM_DRIFT']
2026-07-04T04:28:55Z VIOLATION DNS drift threat github.com: ['TRUTH_DNS_DOWN', 'TRUTH_STUB_DRIFT', 'TRUTH_SYSTEM_DRIFT']
2026-07-04T04:28:56Z VIOLATION DNS drift threat api.github.com: ['TRUTH_STUB_DRIFT', 'TRUTH_SYSTEM_DRIFT']
2026-07-04T04:28:56Z VIOLATION DNS drift threat api.github.com: ['TRUTH_STUB_DRIFT', 'TRUTH_SYSTEM_DRIFT']
2026-07-04T04:28:56Z VIOLATION DNS drift threat ssh.github.com: ['TRUTH_STUB_DRIFT', 'TRUTH_SYSTEM_DRIFT']
2026-07-04T04:28:56Z VIOLATION DNS drift threat ssh.github.com: ['TRUTH_STUB_DRIFT', 'TRUTH_SYSTEM_DRIFT']
2026-07-04T04:30:30Z VIOLATION DNS drift threat api.github.com: ['TRUTH_STUB_DRIFT', 'TRUTH_SYSTEM_DRIFT']
2026-07-04T04:30:30Z VIOLATION DNS drift threat ssh.github.com: ['TRUTH_STUB_DRIFT', 'TRUTH_SYSTEM_DRIFT']
2026-07-04T04:30:38Z VIOLATION DNS drift threat api.github.com: ['TRUTH_STUB_DRIFT', 'TRUTH_SYSTEM_DRIFT']
2026-07-04T04:30:39Z VIOLATION DNS drift threat ssh.github.com: ['TRUTH_STUB_DRIFT', 'TRUTH_SYSTEM_DRIFT']
2026-07-04T04:30:43Z VIOLATION DNS drift threat api.github.com: ['TRUTH_STUB_DRIFT', 'TRUTH_SYSTEM_DRIFT']
2026-07-04T04:30:45Z VIOLATION DNS drift threat ssh.github.com: ['TRUTH_STUB_DRIFT', 'TRUTH_SYSTEM_DRIFT']
2026-07-04T04:31:02Z VIOLATION DNS drift threat api.github.com: ['TRUTH_STUB_DRIFT', 'TRUTH_SYSTEM_DRIFT']
2026-07-04T04:31:03Z VIOLATION DNS drift threat ssh.github.com: ['TRUTH_STUB_DRIFT', 'TRUTH_SYSTEM_DRIFT']
2026-07-04T04:32:06Z VIOLATION DNS drift threat api.github.com: ['TRUTH_STUB_DRIFT', 'TRUTH_SYSTEM_DRIFT']
2026-07-04T04:32:11Z VIOLATION DNS drift threat ssh.github.com: ['TRUTH_STUB_DRIFT', 'TRUTH_SYSTEM_DRIFT']
2026-07-04T04:32:36Z VIOLATION DNS drift threat github.com: ['TRUTH_STUB_DRIFT', 'TRUTH_SYSTEM_DRIFT']
2026-07-04T04:32:39Z VIOLATION DNS drift threat api.github.com: ['TRUTH_STUB_DRIFT', 'TRUTH_SYSTEM_DRIFT']
2026-07-04T04:32:41Z VIOLATION DNS drift threat github.com: ['TRUTH_STUB_DRIFT', 'TRUTH_SYSTEM_DRIFT']
2026-07-04T04:32:44Z VIOLATION DNS drift threat api.github.com: ['TRUTH_STUB_DRIFT', 'TRUTH_SYSTEM_DRIFT']
2026-07-04T04:32:44Z VIOLATION DNS drift threat ssh.github.com: ['TRUTH_STUB_DRIFT', 'TRUTH_SYSTEM_DRIFT']
2026-07-04T04:32:48Z VIOLATION DNS drift threat ssh.github.com: ['TRUTH_STUB_DRIFT', 'TRUTH_SYSTEM_DRIFT']
2026-07-04T04:32:50Z VIOLATION DNS drift threat github.com: ['TRUTH_STUB_DRIFT', 'TRUTH_SYSTEM_DRIFT']
2026-07-04T04:32:55Z VIOLATION DNS drift threat api.github.com: ['TRUTH_STUB_DRIFT', 'TRUTH_SYSTEM_DRIFT']
2026-07-04T04:32:58Z VIOLATION DNS drift threat github.com: ['TRUTH_DNS_DOWN', 'TRUTH_STUB_DRIFT', 'TRUTH_SYSTEM_DRIFT']
2026-07-04T04:32:59Z VIOLATION DNS drift threat github.com: ['TRUTH_STUB_DRIFT', 'TRUTH_SYSTEM_DRIFT']
2026-07-04T04:32:59Z VIOLATION DNS drift threat github.com: ['TRUTH_DNS_DOWN', 'TRUTH_STUB_DRIFT', 'TRUTH_SYSTEM_DRIFT']
2026-07-04T04:33:00Z VIOLATION DNS drift threat github.com: ['TRUTH_STUB_DRIFT', 'TRUTH_SYSTEM_DRIFT']
2026-07-04T04:33:00Z VIOLATION DNS drift threat github.com: ['TRUTH_DNS_DOWN']
2026-07-04T04:33:02Z VIOLATION DNS drift threat github.com: ['TRUTH_DNS_DOWN', 'TRUTH_STUB_DRIFT', 'TRUTH_SYSTEM_DRIFT']
2026-07-04T04:33:02Z VIOLATION DNS drift threat ssh.github.com: ['TRUTH_DNS_DOWN', 'TRUTH_STUB_DRIFT', 'TRUTH_SYSTEM_DRIFT']
2026-07-04T04:33:04Z VIOLATION DNS drift threat api.github.com: ['TRUTH_DNS_DOWN', 'TRUTH_STUB_DRIFT', 'TRUTH_SYSTEM_DRIFT']
2026-07-04T04:33:06Z VIOLATION DNS drift threat api.github.com: ['TRUTH_DNS_DOWN', 'TRUTH_STUB_DRIFT', 'TRUTH_SYSTEM_DRIFT']
2026-07-04T04:33:07Z VIOLATION DNS drift threat api.github.com: ['TRUTH_DNS_DOWN', 'TRUTH_STUB_DRIFT', 'TRUTH_SYSTEM_DRIFT']
2026-07-04T04:33:07Z VIOLATION DNS drift threat api.github.com: ['TRUTH_DNS_DOWN']
2026-07-04T04:33:11Z VIOLATION DNS drift threat api.github.com: ['TRUTH_DNS_DOWN', 'TRUTH_STUB_DRIFT', 'TRUTH_SYSTEM_DRIFT']
2026-07-04T04:33:12Z VIOLATION DNS drift threat raw.githubusercontent.com: ['TRUTH_DNS_DOWN']
2026-07-04T04:33:22Z VIOLATION DNS drift threat ssh.github.com: ['TRUTH_SYSTEM_DRIFT']
2026-07-04T04:33:22Z VIOLATION DNS drift threat api.github.com: ['TRUTH_DNS_DOWN']
2026-07-04T04:33:23Z VIOLATION DNS drift threat ssh.github.com: ['TRUTH_DNS_DOWN', 'TRUTH_STUB_DRIFT', 'TRUTH_SYSTEM_DRIFT']
2026-07-04T04:33:24Z VIOLATION DNS drift threat ssh.github.com: ['TRUTH_DNS_DOWN', 'TRUTH_STUB_DRIFT', 'TRUTH_SYSTEM_DRIFT']
2026-07-04T04:33:24Z VIOLATION DNS drift threat ssh.github.com: ['TRUTH_DNS_DOWN', 'TRUTH_STUB_DRIFT', 'TRUTH_SYSTEM_DRIFT']
2026-07-04T04:33:25Z VIOLATION DNS drift threat ssh.github.com: ['TRUTH_DNS_DOWN', 'TRUTH_SYSTEM_DRIFT']
2026-07-04T04:33:27Z VIOLATION DNS drift threat ssh.github.com: ['TRUTH_STUB_DRIFT', 'TRUTH_SYSTEM_DRIFT']
2026-07-04T04:33:31Z VIOLATION DNS drift threat api.github.com: ['TRUTH_STUB_DRIFT', 'TRUTH_SYSTEM_DRIFT']
2026-07-04T04:33:36Z VIOLATION DNS drift threat ssh.github.com: ['TRUTH_STUB_DRIFT', 'TRUTH_SYSTEM_DRIFT']
2026-07-04T04:33:37Z VIOLATION DNS drift threat github.com: ['TRUTH_STUB_DRIFT', 'TRUTH_SYSTEM_DRIFT']
2026-07-04T04:33:37Z VIOLATION DNS drift threat github.com: ['TRUTH_STUB_DRIFT', 'TRUTH_SYSTEM_DRIFT']
2026-07-04T04:33:38Z VIOLATION DNS drift threat api.github.com: ['TRUTH_STUB_DRIFT', 'TRUTH_SYSTEM_DRIFT']
2026-07-04T04:33:46Z VIOLATION DNS drift threat api.github.com: ['TRUTH_STUB_DRIFT', 'TRUTH_SYSTEM_DRIFT']
2026-07-04T04:33:49Z VIOLATION DNS drift threat ssh.github.com: ['TRUTH_STUB_DRIFT', 'TRUTH_SYSTEM_DRIFT']
2026-07-04T04:33:49Z VIOLATION DNS drift threat github.com: ['TRUTH_STUB_DRIFT', 'TRUTH_SYSTEM_DRIFT']
2026-07-04T04:33:54Z VIOLATION DNS drift threat api.github.com: ['TRUTH_STUB_DRIFT', 'TRUTH_SYSTEM_DRIFT']
2026-07-04T04:34:48Z VIOLATION DNS drift threat github.com: ['TRUTH_STUB_DRIFT', 'TRUTH_SYSTEM_DRIFT']
2026-07-04T04:35:20Z VIOLATION DNS drift threat github.com: ['TRUTH_STUB_DRIFT', 'TRUTH_SYSTEM_DRIFT']
2026-07-04T04:35:25Z VIOLATION DNS drift threat api.github.com: ['TRUTH_STUB_DRIFT', 'TRUTH_SYSTEM_DRIFT']
2026-07-04T04:36:19Z VIOLATION DNS drift threat github.com: ['TRUTH_STUB_DRIFT', 'TRUTH_SYSTEM_DRIFT']
2026-07-04T04:36:24Z VIOLATION DNS drift threat api.github.com: ['TRUTH_STUB_DRIFT', 'TRUTH_SYSTEM_DRIFT']
2026-07-04T04:36:51Z VIOLATION DNS drift threat github.com: ['TRUTH_STUB_DRIFT', 'TRUTH_SYSTEM_DRIFT']
2026-07-04T04:36:55Z VIOLATION DNS drift threat api.github.com: ['TRUTH_STUB_DRIFT', 'TRUTH_SYSTEM_DRIFT']
2026-07-04T04:37:52Z VIOLATION DNS drift threat github.com: ['TRUTH_STUB_DRIFT', 'TRUTH_SYSTEM_DRIFT']
2026-07-04T04:37:55Z VIOLATION DNS drift threat api.github.com: ['TRUTH_STUB_DRIFT', 'TRUTH_SYSTEM_DRIFT']
2026-07-04T04:38:29Z VIOLATION DNS drift threat github.com: ['TRUTH_STUB_DRIFT', 'TRUTH_SYSTEM_DRIFT']
2026-07-04T04:39:43Z VIOLATION DNS drift threat github.com: ['TRUTH_STUB_DRIFT', 'TRUTH_SYSTEM_DRIFT']
2026-07-04T04:39:46Z VIOLATION DNS drift threat api.github.com: ['TRUTH_STUB_DRIFT', 'TRUTH_SYSTEM_DRIFT']
2026-07-04T04:39:58Z VIOLATION DNS drift threat github.com: ['TRUTH_DNS_DOWN', 'TRUTH_STUB_DRIFT', 'TRUTH_SYSTEM_DRIFT']
2026-07-04T04:40:53Z VIOLATION DNS drift threat github.com: ['TRUTH_STUB_DRIFT', 'TRUTH_SYSTEM_DRIFT']
2026-07-04T04:40:54Z VIOLATION DNS drift threat github.com: ['TRUTH_STUB_DRIFT', 'TRUTH_SYSTEM_DRIFT']
2026-07-04T04:40:57Z VIOLATION DNS drift threat api.github.com: ['TRUTH_STUB_DRIFT', 'TRUTH_SYSTEM_DRIFT']
2026-07-04T04:40:58Z VIOLATION DNS drift threat api.github.com: ['TRUTH_STUB_DRIFT', 'TRUTH_SYSTEM_DRIFT']
2026-07-04T04:41:21Z VIOLATION DNS drift threat github.com: ['TRUTH_STUB_DRIFT', 'TRUTH_SYSTEM_DRIFT']
2026-07-04T04:41:24Z VIOLATION DNS drift threat api.github.com: ['TRUTH_STUB_DRIFT', 'TRUTH_SYSTEM_DRIFT']
2026-07-04T04:41:28Z VIOLATION DNS drift threat ssh.github.com: ['TRUTH_STUB_DRIFT', 'TRUTH_SYSTEM_DRIFT']
2026-07-04T04:41:34Z VIOLATION DNS drift threat github.com: ['TRUTH_STUB_DRIFT', 'TRUTH_SYSTEM_DRIFT']
2026-07-04T04:41:39Z VIOLATION DNS drift threat api.github.com: ['TRUTH_STUB_DRIFT', 'TRUTH_SYSTEM_DRIFT']
2026-07-04T04:41:43Z VIOLATION DNS drift threat github.com: ['TRUTH_STUB_DRIFT', 'TRUTH_SYSTEM_DRIFT']
2026-07-04T04:47:30Z VIOLATION DNS drift threat github.com: ['TRUTH_STUB_DRIFT', 'TRUTH_SYSTEM_DRIFT']
2026-07-04T04:47:38Z VIOLATION DNS drift threat api.github.com: ['TRUTH_SYSTEM_DRIFT']
2026-07-04T04:48:22Z VIOLATION DNS drift threat github.com: ['TRUTH_STUB_DRIFT', 'TRUTH_SYSTEM_DRIFT']
2026-07-04T04:48:26Z VIOLATION DNS drift threat api.github.com: ['TRUTH_STUB_DRIFT', 'TRUTH_SYSTEM_DRIFT']
2026-07-04T04:48:30Z VIOLATION DNS drift threat ssh.github.com: ['TRUTH_STUB_DRIFT', 'TRUTH_SYSTEM_DRIFT']
2026-07-04T04:49:34Z VIOLATION DNS drift threat github.com: ['TRUTH_STUB_DRIFT', 'TRUTH_SYSTEM_DRIFT']
2026-07-04T04:49:38Z VIOLATION DNS drift threat api.github.com: ['TRUTH_STUB_DRIFT', 'TRUTH_SYSTEM_DRIFT']
2026-07-04T04:49:40Z VIOLATION DNS drift threat github.com: ['TRUTH_STUB_DRIFT', 'TRUTH_SYSTEM_DRIFT']
2026-07-04T04:49:42Z VIOLATION DNS drift threat ssh.github.com: ['TRUTH_STUB_DRIFT', 'TRUTH_SYSTEM_DRIFT']
2026-07-04T04:49:45Z VIOLATION DNS drift threat api.github.com: ['TRUTH_STUB_DRIFT', 'TRUTH_SYSTEM_DRIFT']
2026-07-04T04:49:47Z VIOLATION DNS drift threat ssh.github.com: ['TRUTH_STUB_DRIFT', 'TRUTH_SYSTEM_DRIFT']
2026-07-04T04:50:01Z VIOLATION DNS drift threat github.com: ['TRUTH_STUB_DRIFT', 'TRUTH_SYSTEM_DRIFT']
2026-07-04T04:50:06Z VIOLATION DNS drift threat api.github.com: ['TRUTH_STUB_DRIFT', 'TRUTH_SYSTEM_DRIFT']
2026-07-04T04:50:52Z VIOLATION DNS drift threat github.com: ['TRUTH_DNS_DOWN']
2026-07-04T04:50:52Z VIOLATION DNS drift threat github.com: ['TRUTH_DNS_DOWN', 'TRUTH_STUB_DRIFT', 'TRUTH_SYSTEM_DRIFT']
2026-07-04T04:50:52Z VIOLATION DNS drift threat github.com: ['TRUTH_DNS_DOWN', 'TRUTH_STUB_DRIFT', 'TRUTH_SYSTEM_DRIFT']
2026-07-04T04:50:53Z VIOLATION DNS drift threat github.com: ['TRUTH_DNS_DOWN', 'TRUTH_STUB_DRIFT', 'TRUTH_SYSTEM_DRIFT']
2026-07-04T04:50:53Z VIOLATION DNS drift threat api.github.com: ['TRUTH_STUB_DRIFT', 'TRUTH_SYSTEM_DRIFT']
2026-07-04T04:50:53Z VIOLATION DNS drift threat api.github.com: ['TRUTH_STUB_DRIFT', 'TRUTH_SYSTEM_DRIFT']
2026-07-04T04:50:53Z VIOLATION DNS drift threat ssh.github.com: ['TRUTH_STUB_DRIFT', 'TRUTH_SYSTEM_DRIFT']
2026-07-04T04:50:53Z VIOLATION DNS drift threat ssh.github.com: ['TRUTH_STUB_DRIFT', 'TRUTH_SYSTEM_DRIFT']
2026-07-04T04:56:34Z VIOLATION DNS drift threat github.com: ['TRUTH_SYSTEM_DRIFT']
2026-07-04T04:56:37Z VIOLATION DNS drift threat api.github.com: ['TRUTH_STUB_DRIFT', 'TRUTH_SYSTEM_DRIFT']
2026-07-04T04:56:42Z VIOLATION DNS drift threat ssh.github.com: ['TRUTH_STUB_DRIFT', 'TRUTH_SYSTEM_DRIFT']
2026-07-04T04:56:56Z VIOLATION DNS drift threat github.com: ['TRUTH_SYSTEM_DRIFT']
2026-07-04T04:56:56Z VIOLATION DNS drift threat github.com: ['TRUTH_SYSTEM_DRIFT']
2026-07-04T04:56:57Z VIOLATION DNS drift threat github.com: ['TRUTH_STUB_DRIFT', 'TRUTH_SYSTEM_DRIFT']
2026-07-04T04:56:57Z VIOLATION DNS drift threat github.com: ['TRUTH_STUB_DRIFT', 'TRUTH_SYSTEM_DRIFT']
2026-07-04T04:56:58Z VIOLATION DNS drift threat github.com: ['TRUTH_SYSTEM_DRIFT']
2026-07-04T04:56:58Z VIOLATION DNS drift threat github.com: ['TRUTH_SYSTEM_DRIFT']
2026-07-04T04:56:59Z VIOLATION DNS drift threat api.github.com: ['TRUTH_STUB_DRIFT', 'TRUTH_SYSTEM_DRIFT']
2026-07-04T04:57:01Z VIOLATION DNS drift threat api.github.com: ['TRUTH_STUB_DRIFT', 'TRUTH_SYSTEM_DRIFT']
2026-07-04T04:57:04Z VIOLATION DNS drift threat api.github.com: ['TRUTH_STUB_DRIFT', 'TRUTH_SYSTEM_DRIFT']
2026-07-04T04:57:04Z VIOLATION DNS drift threat github.com: ['TRUTH_STUB_DRIFT', 'TRUTH_SYSTEM_DRIFT']
2026-07-04T04:57:04Z VIOLATION DNS drift threat ssh.github.com: ['TRUTH_STUB_DRIFT', 'TRUTH_SYSTEM_DRIFT']
2026-07-04T04:57:05Z VIOLATION DNS drift threat api.github.com: ['TRUTH_STUB_DRIFT', 'TRUTH_SYSTEM_DRIFT']
2026-07-04T04:57:05Z VIOLATION DNS drift threat api.github.com: ['TRUTH_STUB_DRIFT', 'TRUTH_SYSTEM_DRIFT']
2026-07-04T04:57:05Z VIOLATION DNS drift threat api.github.com: ['TRUTH_STUB_DRIFT', 'TRUTH_SYSTEM_DRIFT']
2026-07-04T04:57:06Z VIOLATION DNS drift threat ssh.github.com: ['TRUTH_STUB_DRIFT', 'TRUTH_SYSTEM_DRIFT']
2026-07-04T04:57:06Z VIOLATION DNS drift threat github.com: ['TRUTH_STUB_DRIFT', 'TRUTH_SYSTEM_DRIFT']
2026-07-04T04:57:07Z VIOLATION DNS drift threat api.github.com: ['TRUTH_STUB_DRIFT', 'TRUTH_SYSTEM_DRIFT']
2026-07-04T04:57:08Z VIOLATION DNS drift threat ssh.github.com: ['TRUTH_STUB_DRIFT', 'TRUTH_SYSTEM_DRIFT']
2026-07-04T04:57:09Z VIOLATION DNS drift threat api.github.com: ['TRUTH_STUB_DRIFT', 'TRUTH_SYSTEM_DRIFT']
2026-07-04T04:57:10Z VIOLATION DNS drift threat ssh.github.com: ['TRUTH_STUB_DRIFT', 'TRUTH_SYSTEM_DRIFT']
2026-07-04T04:57:10Z VIOLATION DNS drift threat ssh.github.com: ['TRUTH_STUB_DRIFT', 'TRUTH_SYSTEM_DRIFT']
2026-07-04T04:57:10Z VIOLATION DNS drift threat ssh.github.com: ['TRUTH_STUB_DRIFT', 'TRUTH_SYSTEM_DRIFT']
2026-07-04T04:57:12Z VIOLATION DNS drift threat ssh.github.com: ['TRUTH_STUB_DRIFT', 'TRUTH_SYSTEM_DRIFT']
2026-07-04T04:57:16Z VIOLATION DNS drift threat ssh.github.com: ['TRUTH_STUB_DRIFT', 'TRUTH_SYSTEM_DRIFT']
2026-07-04T04:57:41Z VIOLATION DNS drift threat github.com: ['TRUTH_STUB_DRIFT', 'TRUTH_SYSTEM_DRIFT']
2026-07-04T04:57:45Z VIOLATION DNS drift threat api.github.com: ['TRUTH_STUB_DRIFT', 'TRUTH_SYSTEM_DRIFT']
2026-07-04T04:57:59Z VIOLATION DNS drift threat github.com: ['TRUTH_STUB_DRIFT', 'TRUTH_SYSTEM_DRIFT']
2026-07-04T04:58:06Z VIOLATION DNS drift threat ssh.github.com: ['TRUTH_STUB_DRIFT', 'TRUTH_SYSTEM_DRIFT']
2026-07-04T05:02:07Z VIOLATION DNS drift threat github.com: ['TRUTH_STUB_DRIFT', 'TRUTH_SYSTEM_DRIFT']
2026-07-04T05:02:09Z VIOLATION DNS drift threat api.github.com: ['TRUTH_STUB_DRIFT', 'TRUTH_SYSTEM_DRIFT']
2026-07-04T05:03:54Z VIOLATION DNS drift threat github.com: ['TRUTH_STUB_DRIFT', 'TRUTH_SYSTEM_DRIFT']
2026-07-04T05:03:59Z VIOLATION DNS drift threat api.github.com: ['TRUTH_STUB_DRIFT', 'TRUTH_SYSTEM_DRIFT']
2026-07-04T05:04:03Z VIOLATION DNS drift threat ssh.github.com: ['TRUTH_STUB_DRIFT', 'TRUTH_SYSTEM_DRIFT']
2026-07-04T05:05:39Z VIOLATION DNS drift threat github.com: ['TRUTH_STUB_DRIFT', 'TRUTH_SYSTEM_DRIFT']
2026-07-04T05:05:47Z VIOLATION DNS drift threat api.github.com: ['TRUTH_SYSTEM_DRIFT']
2026-07-04T05:05:53Z VIOLATION DNS drift threat ssh.github.com: ['TRUTH_SYSTEM_DRIFT']
2026-07-04T05:05:58Z VIOLATION DNS drift threat api.github.com: ['TRUTH_STUB_DRIFT', 'TRUTH_SYSTEM_DRIFT']
2026-07-04T05:05:59Z VIOLATION DNS drift threat api.github.com: ['TRUTH_STUB_DRIFT', 'TRUTH_SYSTEM_DRIFT']
2026-07-04T05:05:59Z VIOLATION DNS drift threat api.github.com: ['TRUTH_STUB_DRIFT', 'TRUTH_SYSTEM_DRIFT']
2026-07-04T05:06:06Z VIOLATION DNS drift threat ssh.github.com: ['TRUTH_SYSTEM_DRIFT']
2026-07-04T05:06:06Z VIOLATION DNS drift threat ssh.github.com: ['TRUTH_SYSTEM_DRIFT']
2026-07-04T05:06:07Z VIOLATION DNS drift threat ssh.github.com: ['TRUTH_SYSTEM_DRIFT']
2026-07-04T05:06:28Z VIOLATION DNS drift threat github.com: ['TRUTH_SYSTEM_DRIFT']
2026-07-04T05:06:28Z VIOLATION DNS drift threat github.com: ['TRUTH_SYSTEM_DRIFT']
2026-07-04T05:06:29Z VIOLATION DNS drift threat github.com: ['TRUTH_SYSTEM_DRIFT']
2026-07-04T05:06:29Z VIOLATION DNS drift threat github.com: ['TRUTH_SYSTEM_DRIFT']
2026-07-04T05:06:29Z VIOLATION DNS drift threat github.com: ['TRUTH_SYSTEM_DRIFT']
2026-07-04T05:06:31Z VIOLATION DNS drift threat api.github.com: ['TRUTH_STUB_DRIFT', 'TRUTH_SYSTEM_DRIFT']
2026-07-04T05:06:43Z VIOLATION DNS drift threat ssh.github.com: ['TRUTH_STUB_DRIFT', 'TRUTH_SYSTEM_DRIFT']
2026-07-04T05:06:43Z VIOLATION DNS drift threat ssh.github.com: ['TRUTH_DNS_DOWN', 'TRUTH_STUB_DRIFT', 'TRUTH_SYSTEM_DRIFT']
2026-07-04T05:06:43Z VIOLATION DNS drift threat api.github.com: ['TRUTH_STUB_DRIFT', 'TRUTH_SYSTEM_DRIFT']
2026-07-04T05:06:43Z VIOLATION DNS drift threat api.github.com: ['TRUTH_DNS_DOWN', 'TRUTH_STUB_DRIFT', 'TRUTH_SYSTEM_DRIFT']
2026-07-04T05:06:43Z VIOLATION DNS drift threat api.github.com: ['TRUTH_STUB_DRIFT', 'TRUTH_SYSTEM_DRIFT']
2026-07-04T05:06:58Z VIOLATION DNS drift threat api.github.com: ['TRUTH_STUB_DRIFT', 'TRUTH_SYSTEM_DRIFT']
2026-07-04T05:06:58Z VIOLATION DNS drift threat api.github.com: ['TRUTH_STUB_DRIFT', 'TRUTH_SYSTEM_DRIFT']
2026-07-04T05:06:58Z VIOLATION DNS drift threat ssh.github.com: ['TRUTH_STUB_DRIFT', 'TRUTH_SYSTEM_DRIFT']
2026-07-04T05:06:59Z VIOLATION DNS drift threat ssh.github.com: ['TRUTH_STUB_DRIFT', 'TRUTH_SYSTEM_DRIFT']
2026-07-04T05:07:16Z VIOLATION DNS drift threat api.github.com: ['TRUTH_SYSTEM_DRIFT']
2026-07-04T05:07:16Z VIOLATION DNS drift threat api.github.com: ['TRUTH_SYSTEM_DRIFT']
2026-07-04T05:07:21Z VIOLATION DNS drift threat ssh.github.com: ['TRUTH_SYSTEM_DRIFT']
2026-07-04T05:07:21Z VIOLATION DNS drift threat ssh.github.com: ['TRUTH_SYSTEM_DRIFT']
2026-07-04T05:12:20Z VIOLATION DNS drift threat api.github.com: ['TRUTH_STUB_DRIFT', 'TRUTH_SYSTEM_DRIFT']
2026-07-04T05:12:22Z VIOLATION DNS drift threat ssh.github.com: ['TRUTH_STUB_DRIFT', 'TRUTH_SYSTEM_DRIFT']
2026-07-04T05:12:49Z VIOLATION DNS drift threat github.com: ['TRUTH_STUB_DRIFT', 'TRUTH_SYSTEM_DRIFT']
2026-07-04T05:12:51Z VIOLATION DNS drift threat github.com: ['TRUTH_STUB_DRIFT', 'TRUTH_SYSTEM_DRIFT']
2026-07-04T05:12:53Z VIOLATION DNS drift threat api.github.com: ['TRUTH_STUB_DRIFT', 'TRUTH_SYSTEM_DRIFT']
2026-07-04T05:12:55Z VIOLATION DNS drift threat api.github.com: ['TRUTH_STUB_DRIFT', 'TRUTH_SYSTEM_DRIFT']
2026-07-04T05:12:57Z VIOLATION DNS drift threat ssh.github.com: ['TRUTH_STUB_DRIFT', 'TRUTH_SYSTEM_DRIFT']
2026-07-04T05:14:15Z VIOLATION DNS drift threat github.com: ['TRUTH_STUB_DRIFT', 'TRUTH_SYSTEM_DRIFT']
2026-07-04T05:19:35Z VIOLATION DNS drift threat api.github.com: ['TRUTH_STUB_DRIFT', 'TRUTH_SYSTEM_DRIFT']
2026-07-04T05:25:04Z VIOLATION DNS drift threat github.com: ['TRUTH_DNS_DOWN', 'TRUTH_STUB_DRIFT', 'TRUTH_SYSTEM_DRIFT']
2026-07-04T05:25:08Z VIOLATION DNS drift threat api.github.com: ['TRUTH_STUB_DRIFT', 'TRUTH_SYSTEM_DRIFT']
2026-07-04T05:25:13Z VIOLATION DNS drift threat ssh.github.com: ['TRUTH_STUB_DRIFT', 'TRUTH_SYSTEM_DRIFT']
2026-07-04T05:25:26Z VIOLATION DNS drift threat github.com: ['TRUTH_STUB_DRIFT', 'TRUTH_SYSTEM_DRIFT']
2026-07-04T05:25:29Z VIOLATION DNS drift threat api.github.com: ['TRUTH_STUB_DRIFT', 'TRUTH_SYSTEM_DRIFT']
2026-07-04T05:25:32Z VIOLATION DNS drift threat ssh.github.com: ['TRUTH_STUB_DRIFT', 'TRUTH_SYSTEM_DRIFT']
2026-07-04T05:27:19Z VIOLATION DNS drift threat github.com: ['TRUTH_STUB_DRIFT', 'TRUTH_SYSTEM_DRIFT']
2026-07-04T05:27:20Z VIOLATION DNS drift threat api.github.com: ['TRUTH_STUB_DRIFT', 'TRUTH_SYSTEM_DRIFT']
2026-07-04T05:27:21Z VIOLATION DNS drift threat github.com: ['TRUTH_STUB_DRIFT', 'TRUTH_SYSTEM_DRIFT']
2026-07-04T05:27:22Z VIOLATION DNS drift threat api.github.com: ['TRUTH_STUB_DRIFT', 'TRUTH_SYSTEM_DRIFT']
2026-07-04T05:27:23Z VIOLATION DNS drift threat ssh.github.com: ['TRUTH_STUB_DRIFT', 'TRUTH_SYSTEM_DRIFT']
2026-07-04T05:32:23Z VIOLATION DNS drift threat github.com: ['TRUTH_STUB_DRIFT', 'TRUTH_SYSTEM_DRIFT']
2026-07-04T05:32:23Z VIOLATION DNS drift threat github.com: ['TRUTH_STUB_DRIFT', 'TRUTH_SYSTEM_DRIFT']
2026-07-04T05:32:23Z VIOLATION DNS drift threat github.com: ['TRUTH_STUB_DRIFT', 'TRUTH_SYSTEM_DRIFT']
2026-07-04T05:32:23Z VIOLATION DNS drift threat github.com: ['TRUTH_STUB_DRIFT', 'TRUTH_SYSTEM_DRIFT']
2026-07-04T05:32:23Z VIOLATION DNS drift threat github.com: ['TRUTH_DNS_DOWN', 'TRUTH_STUB_DRIFT', 'TRUTH_SYSTEM_DRIFT']
2026-07-04T05:32:23Z VIOLATION DNS drift threat github.com: ['TRUTH_STUB_DRIFT', 'TRUTH_SYSTEM_DRIFT']
2026-07-04T05:32:24Z VIOLATION DNS drift threat github.com: ['TRUTH_STUB_DRIFT', 'TRUTH_SYSTEM_DRIFT']
2026-07-04T05:32:24Z VIOLATION DNS drift threat github.com: ['TRUTH_STUB_DRIFT', 'TRUTH_SYSTEM_DRIFT']
2026-07-04T05:32:24Z VIOLATION DNS drift threat github.com: ['TRUTH_STUB_DRIFT', 'TRUTH_SYSTEM_DRIFT']
2026-07-04T05:32:24Z VIOLATION DNS drift threat github.com: ['TRUTH_STUB_DRIFT', 'TRUTH_SYSTEM_DRIFT']
2026-07-04T05:32:24Z VIOLATION DNS drift threat github.com: ['TRUTH_STUB_DRIFT', 'TRUTH_SYSTEM_DRIFT']
2026-07-04T05:32:25Z VIOLATION DNS drift threat api.github.com: ['TRUTH_STUB_DRIFT', 'TRUTH_SYSTEM_DRIFT']
2026-07-04T05:32:25Z VIOLATION DNS drift threat api.github.com: ['TRUTH_STUB_DRIFT', 'TRUTH_SYSTEM_DRIFT']
2026-07-04T05:32:25Z VIOLATION DNS drift threat api.github.com: ['TRUTH_STUB_DRIFT', 'TRUTH_SYSTEM_DRIFT']
2026-07-04T05:32:26Z VIOLATION DNS drift threat api.github.com: ['TRUTH_STUB_DRIFT', 'TRUTH_SYSTEM_DRIFT']
2026-07-04T05:32:26Z VIOLATION DNS drift threat api.github.com: ['TRUTH_STUB_DRIFT', 'TRUTH_SYSTEM_DRIFT']
2026-07-04T05:32:26Z VIOLATION DNS drift threat api.github.com: ['TRUTH_STUB_DRIFT', 'TRUTH_SYSTEM_DRIFT']
2026-07-04T05:32:28Z VIOLATION DNS drift threat api.github.com: ['TRUTH_STUB_DRIFT', 'TRUTH_SYSTEM_DRIFT']
2026-07-04T05:32:28Z VIOLATION DNS drift threat api.github.com: ['TRUTH_STUB_DRIFT', 'TRUTH_SYSTEM_DRIFT']
2026-07-04T05:32:28Z VIOLATION DNS drift threat api.github.com: ['TRUTH_STUB_DRIFT', 'TRUTH_SYSTEM_DRIFT']
2026-07-04T05:32:28Z VIOLATION DNS drift threat api.github.com: ['TRUTH_STUB_DRIFT', 'TRUTH_SYSTEM_DRIFT']
2026-07-04T05:32:28Z VIOLATION DNS drift threat api.github.com: ['TRUTH_STUB_DRIFT', 'TRUTH_SYSTEM_DRIFT']
2026-07-04T05:32:29Z VIOLATION DNS drift threat github.com: ['TRUTH_STUB_DRIFT', 'TRUTH_SYSTEM_DRIFT']
2026-07-04T05:32:30Z VIOLATION DNS drift threat api.github.com: ['TRUTH_STUB_DRIFT', 'TRUTH_SYSTEM_DRIFT']
2026-07-04T05:32:33Z VIOLATION DNS drift threat ssh.github.com: ['TRUTH_SYSTEM_DRIFT']
2026-07-04T05:32:33Z VIOLATION DNS drift threat ssh.github.com: ['TRUTH_SYSTEM_DRIFT']
2026-07-04T05:32:33Z VIOLATION DNS drift threat ssh.github.com: ['TRUTH_SYSTEM_DRIFT']
2026-07-04T05:32:33Z VIOLATION DNS drift threat ssh.github.com: ['TRUTH_SYSTEM_DRIFT']
2026-07-04T05:32:33Z VIOLATION DNS drift threat ssh.github.com: ['TRUTH_SYSTEM_DRIFT']
2026-07-04T05:32:33Z VIOLATION DNS drift threat ssh.github.com: ['TRUTH_STUB_DRIFT', 'TRUTH_SYSTEM_DRIFT']
2026-07-04T05:32:33Z VIOLATION DNS drift threat ssh.github.com: ['TRUTH_SYSTEM_DRIFT']
2026-07-04T05:32:33Z VIOLATION DNS drift threat ssh.github.com: ['TRUTH_SYSTEM_DRIFT']
2026-07-04T05:32:40Z VIOLATION DNS drift threat raw.githubusercontent.com: ['TRUTH_DNS_DOWN']
2026-07-04T05:32:40Z VIOLATION DNS drift threat raw.githubusercontent.com: ['TRUTH_DNS_DOWN']
2026-07-04T05:32:41Z VIOLATION DNS drift threat raw.githubusercontent.com: ['TRUTH_DNS_DOWN']
2026-07-04T05:32:41Z VIOLATION DNS drift threat raw.githubusercontent.com: ['TRUTH_DNS_DOWN']
2026-07-04T05:32:41Z VIOLATION DNS drift threat raw.githubusercontent.com: ['TRUTH_DNS_DOWN']
2026-07-04T05:32:41Z VIOLATION DNS drift threat raw.githubusercontent.com: ['TRUTH_DNS_DOWN']
2026-07-04T05:32:42Z VIOLATION DNS drift threat raw.githubusercontent.com: ['TRUTH_DNS_DOWN']
2026-07-04T05:32:53Z VIOLATION DNS drift threat github.com: ['TRUTH_STUB_DRIFT', 'TRUTH_SYSTEM_DRIFT']
2026-07-04T05:32:55Z VIOLATION DNS drift threat api.github.com: ['TRUTH_STUB_DRIFT', 'TRUTH_SYSTEM_DRIFT']
2026-07-04T05:32:56Z VIOLATION DNS drift threat ssh.github.com: ['TRUTH_STUB_DRIFT', 'TRUTH_SYSTEM_DRIFT']
2026-07-04T05:33:00Z VIOLATION DNS drift threat github.com: ['TRUTH_STUB_DRIFT', 'TRUTH_SYSTEM_DRIFT']
2026-07-04T05:33:01Z VIOLATION DNS drift threat api.github.com: ['TRUTH_STUB_DRIFT', 'TRUTH_SYSTEM_DRIFT']
2026-07-04T05:33:04Z VIOLATION DNS drift threat ssh.github.com: ['TRUTH_STUB_DRIFT', 'TRUTH_SYSTEM_DRIFT']
2026-07-04T05:34:17Z VIOLATION DNS drift threat github.com: ['TRUTH_STUB_DRIFT', 'TRUTH_SYSTEM_DRIFT']
2026-07-04T05:34:19Z VIOLATION DNS drift threat github.com: ['TRUTH_STUB_DRIFT', 'TRUTH_SYSTEM_DRIFT']
2026-07-04T05:34:25Z VIOLATION DNS drift threat api.github.com: ['TRUTH_SYSTEM_DRIFT']
2026-07-04T05:34:46Z VIOLATION DNS drift threat github.com: ['TRUTH_STUB_DRIFT', 'TRUTH_SYSTEM_DRIFT']
2026-07-04T05:34:46Z VIOLATION DNS drift threat api.github.com: ['TRUTH_STUB_DRIFT', 'TRUTH_SYSTEM_DRIFT']
2026-07-04T05:34:52Z VIOLATION DNS drift threat ssh.github.com: ['TRUTH_SYSTEM_DRIFT']
2026-07-04T05:35:07Z VIOLATION DNS drift threat github.com: ['TRUTH_STUB_DRIFT', 'TRUTH_SYSTEM_DRIFT']
2026-07-04T05:35:08Z VIOLATION DNS drift threat api.github.com: ['TRUTH_STUB_DRIFT', 'TRUTH_SYSTEM_DRIFT']
2026-07-04T05:35:09Z VIOLATION DNS drift threat ssh.github.com: ['TRUTH_STUB_DRIFT', 'TRUTH_SYSTEM_DRIFT']
2026-07-04T05:35:16Z VIOLATION DNS drift threat github.com: ['TRUTH_STUB_DRIFT', 'TRUTH_SYSTEM_DRIFT']
2026-07-04T05:36:53Z VIOLATION DNS drift threat api.github.com: ['TRUTH_STUB_DRIFT', 'TRUTH_SYSTEM_DRIFT']
2026-07-04T05:36:53Z VIOLATION DNS drift threat ssh.github.com: ['TRUTH_STUB_DRIFT', 'TRUTH_SYSTEM_DRIFT']
2026-07-04T05:36:55Z VIOLATION DNS drift threat api.github.com: ['TRUTH_STUB_DRIFT', 'TRUTH_SYSTEM_DRIFT']
2026-07-04T05:36:55Z VIOLATION DNS drift threat ssh.github.com: ['TRUTH_STUB_DRIFT', 'TRUTH_SYSTEM_DRIFT']
2026-07-04T05:38:59Z VIOLATION DNS drift threat github.com: ['TRUTH_STUB_DRIFT', 'TRUTH_SYSTEM_DRIFT']
2026-07-04T05:39:00Z VIOLATION DNS drift threat api.github.com: ['TRUTH_STUB_DRIFT', 'TRUTH_SYSTEM_DRIFT']
2026-07-04T05:39:03Z VIOLATION DNS drift threat ssh.github.com: ['TRUTH_DNS_DOWN', 'TRUTH_STUB_DRIFT', 'TRUTH_SYSTEM_DRIFT']
2026-07-04T05:39:08Z VIOLATION DNS drift threat raw.githubusercontent.com: ['TRUTH_DNS_DOWN']
2026-07-04T05:39:11Z VIOLATION DNS drift threat api.github.com: ['TRUTH_STUB_DRIFT', 'TRUTH_SYSTEM_DRIFT']
2026-07-04T05:39:11Z VIOLATION DNS drift threat ssh.github.com: ['TRUTH_STUB_DRIFT', 'TRUTH_SYSTEM_DRIFT']
2026-07-04T05:39:45Z VIOLATION DNS drift threat github.com: ['TRUTH_STUB_DRIFT', 'TRUTH_SYSTEM_DRIFT']
2026-07-04T05:39:46Z VIOLATION DNS drift threat github.com: ['TRUTH_STUB_DRIFT', 'TRUTH_SYSTEM_DRIFT']
2026-07-04T05:39:46Z VIOLATION DNS drift threat github.com: ['TRUTH_STUB_DRIFT', 'TRUTH_SYSTEM_DRIFT']
2026-07-04T05:39:48Z VIOLATION DNS drift threat github.com: ['TRUTH_STUB_DRIFT', 'TRUTH_SYSTEM_DRIFT']
2026-07-04T05:39:49Z VIOLATION DNS drift threat github.com: ['TRUTH_STUB_DRIFT', 'TRUTH_SYSTEM_DRIFT']
2026-07-04T05:40:59Z VIOLATION DNS drift threat github.com: ['TRUTH_STUB_DRIFT', 'TRUTH_SYSTEM_DRIFT']
2026-07-04T05:40:59Z VIOLATION DNS drift threat api.github.com: ['TRUTH_STUB_DRIFT', 'TRUTH_SYSTEM_DRIFT']
2026-07-04T05:41:00Z VIOLATION DNS drift threat ssh.github.com: ['TRUTH_STUB_DRIFT', 'TRUTH_SYSTEM_DRIFT']
2026-07-04T05:41:01Z VIOLATION DNS drift threat github.com: ['TRUTH_STUB_DRIFT', 'TRUTH_SYSTEM_DRIFT']
2026-07-04T05:41:01Z VIOLATION DNS drift threat api.github.com: ['TRUTH_STUB_DRIFT', 'TRUTH_SYSTEM_DRIFT']
2026-07-04T05:41:01Z VIOLATION DNS drift threat ssh.github.com: ['TRUTH_STUB_DRIFT', 'TRUTH_SYSTEM_DRIFT']
2026-07-04T05:42:58Z VIOLATION DNS drift threat github.com: ['TRUTH_STUB_DRIFT', 'TRUTH_SYSTEM_DRIFT']
2026-07-04T05:42:59Z VIOLATION DNS drift threat ssh.github.com: ['TRUTH_STUB_DRIFT', 'TRUTH_SYSTEM_DRIFT']
2026-07-04T05:43:00Z VIOLATION DNS drift threat github.com: ['TRUTH_STUB_DRIFT', 'TRUTH_SYSTEM_DRIFT']
2026-07-04T05:43:00Z VIOLATION DNS drift threat ssh.github.com: ['TRUTH_STUB_DRIFT', 'TRUTH_SYSTEM_DRIFT']
2026-07-04T05:45:15Z VIOLATION DNS drift threat api.github.com: ['TRUTH_STUB_DRIFT', 'TRUTH_SYSTEM_DRIFT']
2026-07-04T05:45:15Z VIOLATION DNS drift threat api.github.com: ['TRUTH_STUB_DRIFT', 'TRUTH_SYSTEM_DRIFT']
2026-07-04T05:45:16Z VIOLATION DNS drift threat api.github.com: ['TRUTH_STUB_DRIFT', 'TRUTH_SYSTEM_DRIFT']
2026-07-04T05:45:16Z VIOLATION DNS drift threat api.github.com: ['TRUTH_STUB_DRIFT', 'TRUTH_SYSTEM_DRIFT']
2026-07-04T05:45:16Z VIOLATION DNS drift threat api.github.com: ['TRUTH_STUB_DRIFT', 'TRUTH_SYSTEM_DRIFT']
2026-07-04T05:45:16Z VIOLATION DNS drift threat api.github.com: ['TRUTH_STUB_DRIFT', 'TRUTH_SYSTEM_DRIFT']
2026-07-04T05:45:16Z VIOLATION DNS drift threat api.github.com: ['TRUTH_STUB_DRIFT', 'TRUTH_SYSTEM_DRIFT']
2026-07-04T05:45:16Z VIOLATION DNS drift threat api.github.com: ['TRUTH_STUB_DRIFT', 'TRUTH_SYSTEM_DRIFT']
2026-07-04T05:45:16Z VIOLATION DNS drift threat api.github.com: ['TRUTH_STUB_DRIFT', 'TRUTH_SYSTEM_DRIFT']
2026-07-04T05:45:16Z VIOLATION DNS drift threat api.github.com: ['TRUTH_STUB_DRIFT', 'TRUTH_SYSTEM_DRIFT']
2026-07-04T05:45:16Z VIOLATION DNS drift threat api.github.com: ['TRUTH_STUB_DRIFT', 'TRUTH_SYSTEM_DRIFT']
2026-07-04T05:45:16Z VIOLATION DNS drift threat api.github.com: ['TRUTH_STUB_DRIFT', 'TRUTH_SYSTEM_DRIFT']
2026-07-04T05:45:16Z VIOLATION DNS drift threat api.github.com: ['TRUTH_STUB_DRIFT', 'TRUTH_SYSTEM_DRIFT']
2026-07-04T05:45:16Z VIOLATION DNS drift threat api.github.com: ['TRUTH_STUB_DRIFT', 'TRUTH_SYSTEM_DRIFT']
2026-07-04T05:45:16Z VIOLATION DNS drift threat api.github.com: ['TRUTH_STUB_DRIFT', 'TRUTH_SYSTEM_DRIFT']
2026-07-04T05:45:16Z VIOLATION DNS drift threat api.github.com: ['TRUTH_STUB_DRIFT', 'TRUTH_SYSTEM_DRIFT']
2026-07-04T05:45:16Z VIOLATION DNS drift threat api.github.com: ['TRUTH_STUB_DRIFT', 'TRUTH_SYSTEM_DRIFT']
2026-07-04T05:45:16Z VIOLATION DNS drift threat api.github.com: ['TRUTH_STUB_DRIFT', 'TRUTH_SYSTEM_DRIFT']
2026-07-04T05:45:16Z VIOLATION DNS drift threat api.github.com: ['TRUTH_STUB_DRIFT', 'TRUTH_SYSTEM_DRIFT']
2026-07-04T05:45:16Z VIOLATION DNS drift threat api.github.com: ['TRUTH_STUB_DRIFT', 'TRUTH_SYSTEM_DRIFT']
2026-07-04T05:45:16Z VIOLATION DNS drift threat api.github.com: ['TRUTH_STUB_DRIFT', 'TRUTH_SYSTEM_DRIFT']
2026-07-04T05:45:16Z VIOLATION DNS drift threat api.github.com: ['TRUTH_STUB_DRIFT', 'TRUTH_SYSTEM_DRIFT']
2026-07-04T05:45:16Z VIOLATION DNS drift threat api.github.com: ['TRUTH_STUB_DRIFT', 'TRUTH_SYSTEM_DRIFT']
2026-07-04T05:45:17Z VIOLATION DNS drift threat ssh.github.com: ['TRUTH_STUB_DRIFT', 'TRUTH_SYSTEM_DRIFT']
2026-07-04T05:45:17Z VIOLATION DNS drift threat ssh.github.com: ['TRUTH_STUB_DRIFT', 'TRUTH_SYSTEM_DRIFT']
2026-07-04T05:45:17Z VIOLATION DNS drift threat ssh.github.com: ['TRUTH_STUB_DRIFT', 'TRUTH_SYSTEM_DRIFT']
2026-07-04T05:45:17Z VIOLATION DNS drift threat ssh.github.com: ['TRUTH_STUB_DRIFT', 'TRUTH_SYSTEM_DRIFT']
2026-07-04T05:45:17Z VIOLATION DNS drift threat ssh.github.com: ['TRUTH_STUB_DRIFT', 'TRUTH_SYSTEM_DRIFT']
2026-07-04T05:45:17Z VIOLATION DNS drift threat ssh.github.com: ['TRUTH_STUB_DRIFT', 'TRUTH_SYSTEM_DRIFT']
2026-07-04T05:45:17Z VIOLATION DNS drift threat ssh.github.com: ['TRUTH_STUB_DRIFT', 'TRUTH_SYSTEM_DRIFT']
2026-07-04T05:45:17Z VIOLATION DNS drift threat ssh.github.com: ['TRUTH_STUB_DRIFT', 'TRUTH_SYSTEM_DRIFT']
2026-07-04T05:45:18Z VIOLATION DNS drift threat ssh.github.com: ['TRUTH_STUB_DRIFT', 'TRUTH_SYSTEM_DRIFT']
2026-07-04T05:45:18Z VIOLATION DNS drift threat ssh.github.com: ['TRUTH_STUB_DRIFT', 'TRUTH_SYSTEM_DRIFT']
2026-07-04T05:45:18Z VIOLATION DNS drift threat ssh.github.com: ['TRUTH_STUB_DRIFT', 'TRUTH_SYSTEM_DRIFT']
2026-07-04T05:45:18Z VIOLATION DNS drift threat ssh.github.com: ['TRUTH_STUB_DRIFT', 'TRUTH_SYSTEM_DRIFT']
2026-07-04T05:45:18Z VIOLATION DNS drift threat ssh.github.com: ['TRUTH_STUB_DRIFT', 'TRUTH_SYSTEM_DRIFT']
2026-07-04T05:45:18Z VIOLATION DNS drift threat ssh.github.com: ['TRUTH_STUB_DRIFT', 'TRUTH_SYSTEM_DRIFT']
2026-07-04T05:45:18Z VIOLATION DNS drift threat ssh.github.com: ['TRUTH_STUB_DRIFT', 'TRUTH_SYSTEM_DRIFT']
2026-07-04T05:45:18Z VIOLATION DNS drift threat ssh.github.com: ['TRUTH_STUB_DRIFT', 'TRUTH_SYSTEM_DRIFT']
2026-07-04T05:45:18Z VIOLATION DNS drift threat ssh.github.com: ['TRUTH_STUB_DRIFT', 'TRUTH_SYSTEM_DRIFT']
2026-07-04T05:45:18Z VIOLATION DNS drift threat ssh.github.com: ['TRUTH_STUB_DRIFT', 'TRUTH_SYSTEM_DRIFT']
2026-07-04T05:45:18Z VIOLATION DNS drift threat ssh.github.com: ['TRUTH_STUB_DRIFT', 'TRUTH_SYSTEM_DRIFT']
2026-07-04T05:45:18Z VIOLATION DNS drift threat ssh.github.com: ['TRUTH_STUB_DRIFT', 'TRUTH_SYSTEM_DRIFT']
2026-07-04T05:45:18Z VIOLATION DNS drift threat ssh.github.com: ['TRUTH_STUB_DRIFT', 'TRUTH_SYSTEM_DRIFT']
2026-07-04T05:45:18Z VIOLATION DNS drift threat ssh.github.com: ['TRUTH_STUB_DRIFT', 'TRUTH_SYSTEM_DRIFT']
2026-07-04T05:45:18Z VIOLATION DNS drift threat ssh.github.com: ['TRUTH_STUB_DRIFT', 'TRUTH_SYSTEM_DRIFT']
2026-07-04T05:45:28Z VIOLATION DNS drift threat raw.githubusercontent.com: ['TRUTH_DNS_DOWN']
2026-07-04T05:45:28Z VIOLATION DNS drift threat raw.githubusercontent.com: ['TRUTH_DNS_DOWN']
2026-07-04T05:45:28Z VIOLATION DNS drift threat raw.githubusercontent.com: ['TRUTH_DNS_DOWN']
2026-07-04T05:45:28Z VIOLATION DNS drift threat raw.githubusercontent.com: ['TRUTH_DNS_DOWN']
2026-07-04T05:45:28Z VIOLATION DNS drift threat raw.githubusercontent.com: ['TRUTH_DNS_DOWN']
2026-07-04T05:45:28Z VIOLATION DNS drift threat raw.githubusercontent.com: ['TRUTH_DNS_DOWN']
2026-07-04T05:45:28Z VIOLATION DNS drift threat raw.githubusercontent.com: ['TRUTH_DNS_DOWN']
2026-07-04T05:45:28Z VIOLATION DNS drift threat raw.githubusercontent.com: ['TRUTH_DNS_DOWN']
2026-07-04T05:45:28Z VIOLATION DNS drift threat raw.githubusercontent.com: ['TRUTH_DNS_DOWN']
2026-07-04T05:45:28Z VIOLATION DNS drift threat raw.githubusercontent.com: ['TRUTH_DNS_DOWN']
2026-07-04T05:45:28Z VIOLATION DNS drift threat raw.githubusercontent.com: ['TRUTH_DNS_DOWN']
2026-07-04T05:45:28Z VIOLATION DNS drift threat raw.githubusercontent.com: ['TRUTH_DNS_DOWN']
2026-07-04T05:45:28Z VIOLATION DNS drift threat raw.githubusercontent.com: ['TRUTH_DNS_DOWN']
2026-07-04T05:45:28Z VIOLATION DNS drift threat raw.githubusercontent.com: ['TRUTH_DNS_DOWN']
2026-07-04T05:45:28Z VIOLATION DNS drift threat raw.githubusercontent.com: ['TRUTH_DNS_DOWN']
2026-07-04T05:45:28Z VIOLATION DNS drift threat raw.githubusercontent.com: ['TRUTH_DNS_DOWN']
2026-07-04T05:45:28Z VIOLATION DNS drift threat raw.githubusercontent.com: ['TRUTH_DNS_DOWN']
2026-07-04T05:45:28Z VIOLATION DNS drift threat raw.githubusercontent.com: ['TRUTH_DNS_DOWN']
2026-07-04T05:45:28Z VIOLATION DNS drift threat raw.githubusercontent.com: ['TRUTH_DNS_DOWN']
2026-07-04T05:45:28Z VIOLATION DNS drift threat raw.githubusercontent.com: ['TRUTH_DNS_DOWN']
2026-07-04T05:45:29Z VIOLATION DNS drift threat github.com: ['TRUTH_STUB_DRIFT', 'TRUTH_SYSTEM_DRIFT']
2026-07-04T05:45:29Z VIOLATION DNS drift threat github.com: ['TRUTH_STUB_DRIFT', 'TRUTH_SYSTEM_DRIFT']
2026-07-04T05:45:30Z VIOLATION DNS drift threat ssh.github.com: ['TRUTH_STUB_DRIFT', 'TRUTH_SYSTEM_DRIFT']
2026-07-04T05:45:30Z VIOLATION DNS drift threat ssh.github.com: ['TRUTH_STUB_DRIFT', 'TRUTH_SYSTEM_DRIFT']
2026-07-04T05:45:35Z VIOLATION DNS drift threat github.com: ['TRUTH_STUB_DRIFT', 'TRUTH_SYSTEM_DRIFT']
2026-07-04T05:45:36Z VIOLATION DNS drift threat github.com: ['TRUTH_STUB_DRIFT', 'TRUTH_SYSTEM_DRIFT']
2026-07-04T05:45:36Z VIOLATION DNS drift threat github.com: ['TRUTH_STUB_DRIFT', 'TRUTH_SYSTEM_DRIFT']
2026-07-04T05:45:37Z VIOLATION DNS drift threat ssh.github.com: ['TRUTH_STUB_DRIFT', 'TRUTH_SYSTEM_DRIFT']
2026-07-04T05:45:38Z VIOLATION DNS drift threat github.com: ['TRUTH_STUB_DRIFT', 'TRUTH_SYSTEM_DRIFT']
2026-07-04T05:45:38Z VIOLATION DNS drift threat github.com: ['TRUTH_STUB_DRIFT', 'TRUTH_SYSTEM_DRIFT']
2026-07-04T05:45:39Z VIOLATION DNS drift threat ssh.github.com: ['TRUTH_STUB_DRIFT', 'TRUTH_SYSTEM_DRIFT']
2026-07-04T05:45:39Z VIOLATION DNS drift threat github.com: ['TRUTH_STUB_DRIFT', 'TRUTH_SYSTEM_DRIFT']
2026-07-04T05:45:40Z VIOLATION DNS drift threat github.com: ['TRUTH_STUB_DRIFT', 'TRUTH_SYSTEM_DRIFT']
2026-07-04T05:45:40Z VIOLATION DNS drift threat ssh.github.com: ['TRUTH_STUB_DRIFT', 'TRUTH_SYSTEM_DRIFT']
2026-07-04T05:45:40Z VIOLATION DNS drift threat github.com: ['TRUTH_STUB_DRIFT', 'TRUTH_SYSTEM_DRIFT']
2026-07-04T05:45:40Z VIOLATION DNS drift threat github.com: ['TRUTH_STUB_DRIFT', 'TRUTH_SYSTEM_DRIFT']
2026-07-04T05:45:41Z VIOLATION DNS drift threat github.com: ['TRUTH_STUB_DRIFT', 'TRUTH_SYSTEM_DRIFT']
2026-07-04T05:45:42Z VIOLATION DNS drift threat ssh.github.com: ['TRUTH_STUB_DRIFT', 'TRUTH_SYSTEM_DRIFT']
2026-07-04T05:45:42Z VIOLATION DNS drift threat ssh.github.com: ['TRUTH_STUB_DRIFT', 'TRUTH_SYSTEM_DRIFT']
2026-07-04T05:45:42Z VIOLATION DNS drift threat ssh.github.com: ['TRUTH_STUB_DRIFT', 'TRUTH_SYSTEM_DRIFT']
2026-07-04T05:45:43Z VIOLATION DNS drift threat github.com: ['TRUTH_STUB_DRIFT', 'TRUTH_SYSTEM_DRIFT']
2026-07-04T05:45:43Z VIOLATION DNS drift threat ssh.github.com: ['TRUTH_STUB_DRIFT', 'TRUTH_SYSTEM_DRIFT']
2026-07-04T05:45:43Z VIOLATION DNS drift threat ssh.github.com: ['TRUTH_STUB_DRIFT', 'TRUTH_SYSTEM_DRIFT']
2026-07-04T05:45:43Z VIOLATION DNS drift threat ssh.github.com: ['TRUTH_STUB_DRIFT', 'TRUTH_SYSTEM_DRIFT']
2026-07-04T05:45:44Z VIOLATION DNS drift threat ssh.github.com: ['TRUTH_STUB_DRIFT', 'TRUTH_SYSTEM_DRIFT']
2026-07-04T05:45:46Z VIOLATION DNS drift threat ssh.github.com: ['TRUTH_STUB_DRIFT', 'TRUTH_SYSTEM_DRIFT']
2026-07-04T05:45:57Z VIOLATION DNS drift threat github.com: ['TRUTH_STUB_DRIFT', 'TRUTH_SYSTEM_DRIFT']
2026-07-04T05:45:59Z VIOLATION DNS drift threat github.com: ['TRUTH_STUB_DRIFT', 'TRUTH_SYSTEM_DRIFT']
2026-07-04T05:46:00Z VIOLATION DNS drift threat api.github.com: ['TRUTH_STUB_DRIFT', 'TRUTH_SYSTEM_DRIFT']
2026-07-04T05:46:01Z VIOLATION DNS drift threat github.com: ['TRUTH_STUB_DRIFT', 'TRUTH_SYSTEM_DRIFT']
2026-07-04T05:46:01Z VIOLATION DNS drift threat github.com: ['TRUTH_STUB_DRIFT', 'TRUTH_SYSTEM_DRIFT']
2026-07-04T05:46:01Z VIOLATION DNS drift threat api.github.com: ['TRUTH_STUB_DRIFT', 'TRUTH_SYSTEM_DRIFT']
2026-07-04T05:46:02Z VIOLATION DNS drift threat ssh.github.com: ['TRUTH_STUB_DRIFT', 'TRUTH_SYSTEM_DRIFT']
2026-07-04T05:46:02Z VIOLATION DNS drift threat github.com: ['TRUTH_STUB_DRIFT', 'TRUTH_SYSTEM_DRIFT']
2026-07-04T05:46:02Z VIOLATION DNS drift threat github.com: ['TRUTH_STUB_DRIFT', 'TRUTH_SYSTEM_DRIFT']
2026-07-04T05:46:03Z VIOLATION DNS drift threat api.github.com: ['TRUTH_STUB_DRIFT', 'TRUTH_SYSTEM_DRIFT']
2026-07-04T05:46:03Z VIOLATION DNS drift threat github.com: ['TRUTH_STUB_DRIFT', 'TRUTH_SYSTEM_DRIFT']
2026-07-04T05:46:04Z VIOLATION DNS drift threat github.com: ['TRUTH_STUB_DRIFT', 'TRUTH_SYSTEM_DRIFT']
2026-07-04T05:46:04Z VIOLATION DNS drift threat api.github.com: ['TRUTH_STUB_DRIFT', 'TRUTH_SYSTEM_DRIFT']
2026-07-04T05:46:04Z VIOLATION DNS drift threat ssh.github.com: ['TRUTH_STUB_DRIFT', 'TRUTH_SYSTEM_DRIFT']
2026-07-04T05:46:04Z VIOLATION DNS drift threat github.com: ['TRUTH_STUB_DRIFT', 'TRUTH_SYSTEM_DRIFT']
2026-07-04T05:46:05Z VIOLATION DNS drift threat api.github.com: ['TRUTH_STUB_DRIFT', 'TRUTH_SYSTEM_DRIFT']
2026-07-04T05:46:06Z VIOLATION DNS drift threat api.github.com: ['TRUTH_STUB_DRIFT', 'TRUTH_SYSTEM_DRIFT']
2026-07-04T05:46:06Z VIOLATION DNS drift threat ssh.github.com: ['TRUTH_STUB_DRIFT', 'TRUTH_SYSTEM_DRIFT']
2026-07-04T05:46:06Z VIOLATION DNS drift threat ssh.github.com: ['TRUTH_STUB_DRIFT', 'TRUTH_SYSTEM_DRIFT']
2026-07-04T05:46:06Z VIOLATION DNS drift threat ssh.github.com: ['TRUTH_STUB_DRIFT', 'TRUTH_SYSTEM_DRIFT']
2026-07-04T05:46:06Z VIOLATION DNS drift threat api.github.com: ['TRUTH_STUB_DRIFT', 'TRUTH_SYSTEM_DRIFT']
2026-07-04T05:46:06Z VIOLATION DNS drift threat api.github.com: ['TRUTH_STUB_DRIFT', 'TRUTH_SYSTEM_DRIFT']
2026-07-04T05:46:07Z VIOLATION DNS drift threat api.github.com: ['TRUTH_STUB_DRIFT', 'TRUTH_SYSTEM_DRIFT']
2026-07-04T05:46:09Z VIOLATION DNS drift threat ssh.github.com: ['TRUTH_STUB_DRIFT', 'TRUTH_SYSTEM_DRIFT']
2026-07-04T05:46:09Z VIOLATION DNS drift threat ssh.github.com: ['TRUTH_STUB_DRIFT', 'TRUTH_SYSTEM_DRIFT']
2026-07-04T05:46:09Z VIOLATION DNS drift threat ssh.github.com: ['TRUTH_STUB_DRIFT', 'TRUTH_SYSTEM_DRIFT']
2026-07-04T05:46:09Z VIOLATION DNS drift threat ssh.github.com: ['TRUTH_STUB_DRIFT', 'TRUTH_SYSTEM_DRIFT']
2026-07-04T05:46:13Z VIOLATION DNS drift threat github.com: ['TRUTH_STUB_DRIFT', 'TRUTH_SYSTEM_DRIFT']
2026-07-04T05:46:14Z VIOLATION DNS drift threat github.com: ['TRUTH_STUB_DRIFT', 'TRUTH_SYSTEM_DRIFT']
2026-07-04T05:46:15Z VIOLATION DNS drift threat ssh.github.com: ['TRUTH_STUB_DRIFT']
2026-07-04T05:46:15Z VIOLATION DNS drift threat github.com: ['TRUTH_STUB_DRIFT', 'TRUTH_SYSTEM_DRIFT']
2026-07-04T05:46:21Z VIOLATION DNS drift threat api.github.com: ['TRUTH_SYSTEM_DRIFT']
2026-07-04T05:46:21Z VIOLATION DNS drift threat api.github.com: ['TRUTH_SYSTEM_DRIFT']
2026-07-04T05:46:24Z VIOLATION DNS drift threat github.com: ['TRUTH_STUB_DRIFT', 'TRUTH_SYSTEM_DRIFT']
2026-07-04T05:46:25Z VIOLATION DNS drift threat github.com: ['TRUTH_STUB_DRIFT', 'TRUTH_SYSTEM_DRIFT']
2026-07-04T05:46:27Z VIOLATION DNS drift threat api.github.com: ['TRUTH_STUB_DRIFT', 'TRUTH_SYSTEM_DRIFT']
2026-07-04T05:46:28Z VIOLATION DNS drift threat api.github.com: ['TRUTH_STUB_DRIFT', 'TRUTH_SYSTEM_DRIFT']
2026-07-04T05:46:30Z VIOLATION DNS drift threat ssh.github.com: ['TRUTH_STUB_DRIFT', 'TRUTH_SYSTEM_DRIFT']
2026-07-04T05:46:30Z VIOLATION DNS drift threat ssh.github.com: ['TRUTH_STUB_DRIFT', 'TRUTH_SYSTEM_DRIFT']
2026-07-04T05:46:32Z VIOLATION DNS drift threat github.com: ['TRUTH_STUB_DRIFT', 'TRUTH_SYSTEM_DRIFT']
2026-07-04T05:46:35Z VIOLATION DNS drift threat github.com: ['TRUTH_STUB_DRIFT', 'TRUTH_SYSTEM_DRIFT']
2026-07-04T05:46:36Z VIOLATION DNS drift threat github.com: ['TRUTH_STUB_DRIFT', 'TRUTH_SYSTEM_DRIFT']
2026-07-04T05:46:36Z VIOLATION DNS drift threat github.com: ['TRUTH_STUB_DRIFT', 'TRUTH_SYSTEM_DRIFT']
2026-07-04T05:46:39Z VIOLATION DNS drift threat api.github.com: ['TRUTH_SYSTEM_DRIFT']
2026-07-04T05:46:40Z VIOLATION DNS drift threat api.github.com: ['TRUTH_STUB_DRIFT', 'TRUTH_SYSTEM_DRIFT']
2026-07-04T05:46:40Z VIOLATION DNS drift threat api.github.com: ['TRUTH_STUB_DRIFT', 'TRUTH_SYSTEM_DRIFT']
2026-07-04T05:46:41Z VIOLATION DNS drift threat github.com: ['TRUTH_SYSTEM_DRIFT']
2026-07-04T05:46:42Z VIOLATION DNS drift threat ssh.github.com: ['TRUTH_STUB_DRIFT', 'TRUTH_SYSTEM_DRIFT']
2026-07-04T05:46:44Z VIOLATION DNS drift threat github.com: ['TRUTH_STUB_DRIFT', 'TRUTH_SYSTEM_DRIFT']
2026-07-04T05:46:44Z VIOLATION DNS drift threat github.com: ['TRUTH_STUB_DRIFT', 'TRUTH_SYSTEM_DRIFT']
2026-07-04T05:46:45Z VIOLATION DNS drift threat api.github.com: ['TRUTH_STUB_DRIFT', 'TRUTH_SYSTEM_DRIFT']
2026-07-04T05:46:45Z VIOLATION DNS drift threat github.com: ['TRUTH_STUB_DRIFT', 'TRUTH_SYSTEM_DRIFT']
2026-07-04T05:46:45Z VIOLATION DNS drift threat github.com: ['TRUTH_STUB_DRIFT', 'TRUTH_SYSTEM_DRIFT']
2026-07-04T05:46:45Z VIOLATION DNS drift threat github.com: ['TRUTH_STUB_DRIFT', 'TRUTH_SYSTEM_DRIFT']
2026-07-04T05:46:46Z VIOLATION DNS drift threat api.github.com: ['TRUTH_STUB_DRIFT', 'TRUTH_SYSTEM_DRIFT']
2026-07-04T05:46:46Z VIOLATION DNS drift threat api.github.com: ['TRUTH_STUB_DRIFT', 'TRUTH_SYSTEM_DRIFT']
2026-07-04T05:46:46Z VIOLATION DNS drift threat github.com: ['TRUTH_STUB_DRIFT', 'TRUTH_SYSTEM_DRIFT']
2026-07-04T05:46:47Z VIOLATION DNS drift threat api.github.com: ['TRUTH_STUB_DRIFT', 'TRUTH_SYSTEM_DRIFT']
2026-07-04T05:46:47Z VIOLATION DNS drift threat api.github.com: ['TRUTH_STUB_DRIFT', 'TRUTH_SYSTEM_DRIFT']
2026-07-04T05:46:48Z VIOLATION DNS drift threat ssh.github.com: ['TRUTH_SYSTEM_DRIFT']
2026-07-04T05:46:48Z VIOLATION DNS drift threat ssh.github.com: ['TRUTH_STUB_DRIFT', 'TRUTH_SYSTEM_DRIFT']
2026-07-04T05:46:48Z VIOLATION DNS drift threat github.com: ['TRUTH_STUB_DRIFT', 'TRUTH_SYSTEM_DRIFT']
2026-07-04T05:46:49Z VIOLATION DNS drift threat ssh.github.com: ['TRUTH_STUB_DRIFT', 'TRUTH_SYSTEM_DRIFT']
2026-07-04T05:46:49Z VIOLATION DNS drift threat api.github.com: ['TRUTH_STUB_DRIFT', 'TRUTH_SYSTEM_DRIFT']
2026-07-04T05:46:50Z VIOLATION DNS drift threat ssh.github.com: ['TRUTH_STUB_DRIFT', 'TRUTH_SYSTEM_DRIFT']
2026-07-04T05:46:50Z VIOLATION DNS drift threat ssh.github.com: ['TRUTH_STUB_DRIFT', 'TRUTH_SYSTEM_DRIFT']
2026-07-04T05:46:50Z VIOLATION DNS drift threat ssh.github.com: ['TRUTH_STUB_DRIFT', 'TRUTH_SYSTEM_DRIFT']
2026-07-04T05:46:50Z VIOLATION DNS drift threat ssh.github.com: ['TRUTH_SYSTEM_DRIFT']
2026-07-04T05:46:51Z VIOLATION DNS drift threat api.github.com: ['TRUTH_STUB_DRIFT', 'TRUTH_SYSTEM_DRIFT']
2026-07-04T05:47:20Z VIOLATION DNS drift threat github.com: ['TRUTH_STUB_DRIFT', 'TRUTH_SYSTEM_DRIFT']
2026-07-04T05:47:23Z VIOLATION DNS drift threat api.github.com: ['TRUTH_STUB_DRIFT', 'TRUTH_SYSTEM_DRIFT']
2026-07-04T05:47:28Z VIOLATION DNS drift threat github.com: ['TRUTH_STUB_DRIFT', 'TRUTH_SYSTEM_DRIFT']
2026-07-04T05:47:28Z VIOLATION DNS drift threat github.com: ['TRUTH_STUB_DRIFT', 'TRUTH_SYSTEM_DRIFT']
2026-07-04T05:47:29Z VIOLATION DNS drift threat github.com: ['TRUTH_STUB_DRIFT', 'TRUTH_SYSTEM_DRIFT']
2026-07-04T05:47:31Z VIOLATION DNS drift threat ssh.github.com: ['TRUTH_SYSTEM_DRIFT']
2026-07-04T05:47:31Z VIOLATION DNS drift threat github.com: ['TRUTH_STUB_DRIFT', 'TRUTH_SYSTEM_DRIFT']
2026-07-04T05:47:31Z VIOLATION DNS drift threat github.com: ['TRUTH_STUB_DRIFT', 'TRUTH_SYSTEM_DRIFT']
2026-07-04T05:47:32Z VIOLATION DNS drift threat github.com: ['TRUTH_STUB_DRIFT', 'TRUTH_SYSTEM_DRIFT']
2026-07-04T05:47:32Z VIOLATION DNS drift threat github.com: ['TRUTH_STUB_DRIFT', 'TRUTH_SYSTEM_DRIFT']
2026-07-04T05:47:32Z VIOLATION DNS drift threat github.com: ['TRUTH_STUB_DRIFT', 'TRUTH_SYSTEM_DRIFT']
2026-07-04T05:47:38Z VIOLATION DNS drift threat api.github.com: ['TRUTH_STUB_DRIFT', 'TRUTH_SYSTEM_DRIFT']
2026-07-04T05:47:47Z VIOLATION DNS drift threat github.com: ['TRUTH_STUB_DRIFT', 'TRUTH_SYSTEM_DRIFT']
2026-07-04T05:48:12Z VIOLATION DNS drift threat github.com: ['TRUTH_STUB_DRIFT', 'TRUTH_SYSTEM_DRIFT']
2026-07-04T05:48:17Z VIOLATION DNS drift threat github.com: ['TRUTH_STUB_DRIFT', 'TRUTH_SYSTEM_DRIFT']
2026-07-04T05:48:20Z VIOLATION DNS drift threat api.github.com: ['TRUTH_STUB_DRIFT', 'TRUTH_SYSTEM_DRIFT']
2026-07-04T05:48:23Z VIOLATION DNS drift threat github.com: ['TRUTH_STUB_DRIFT', 'TRUTH_SYSTEM_DRIFT']
2026-07-04T05:48:26Z VIOLATION DNS drift threat github.com: ['TRUTH_STUB_DRIFT', 'TRUTH_SYSTEM_DRIFT']
2026-07-04T05:48:27Z VIOLATION DNS drift threat api.github.com: ['TRUTH_STUB_DRIFT', 'TRUTH_SYSTEM_DRIFT']
2026-07-04T05:48:29Z VIOLATION DNS drift threat github.com: ['TRUTH_STUB_DRIFT', 'TRUTH_SYSTEM_DRIFT']
2026-07-04T05:48:38Z VIOLATION DNS drift threat github.com: ['TRUTH_STUB_DRIFT', 'TRUTH_SYSTEM_DRIFT']
2026-07-04T05:49:09Z VIOLATION DNS drift threat github.com: ['TRUTH_STUB_DRIFT', 'TRUTH_SYSTEM_DRIFT']
2026-07-04T05:49:21Z VIOLATION DNS drift threat api.github.com: ['TRUTH_STUB_DRIFT', 'TRUTH_SYSTEM_DRIFT']
2026-07-04T05:49:26Z VIOLATION DNS drift threat api.github.com: ['TRUTH_STUB_DRIFT', 'TRUTH_SYSTEM_DRIFT']
2026-07-04T05:49:46Z VIOLATION DNS drift threat github.com: ['TRUTH_STUB_DRIFT', 'TRUTH_SYSTEM_DRIFT']
2026-07-04T05:49:59Z VIOLATION DNS drift threat github.com: ['TRUTH_STUB_DRIFT', 'TRUTH_SYSTEM_DRIFT']
2026-07-04T05:50:04Z VIOLATION DNS drift threat api.github.com: ['TRUTH_STUB_DRIFT', 'TRUTH_SYSTEM_DRIFT']
2026-07-04T05:50:41Z VIOLATION DNS drift threat github.com: ['TRUTH_DNS_DOWN', 'TRUTH_STUB_DRIFT', 'TRUTH_SYSTEM_DRIFT']
2026-07-04T05:51:00Z VIOLATION DNS drift threat github.com: ['TRUTH_STUB_DRIFT', 'TRUTH_SYSTEM_DRIFT']
2026-07-04T05:51:01Z VIOLATION DNS drift threat github.com: ['TRUTH_STUB_DRIFT', 'TRUTH_SYSTEM_DRIFT']
2026-07-04T05:51:04Z VIOLATION DNS drift threat api.github.com: ['TRUTH_STUB_DRIFT', 'TRUTH_SYSTEM_DRIFT']
2026-07-04T05:51:05Z VIOLATION DNS drift threat api.github.com: ['TRUTH_STUB_DRIFT', 'TRUTH_SYSTEM_DRIFT']
2026-07-04T05:51:31Z VIOLATION DNS drift threat github.com: ['TRUTH_STUB_DRIFT', 'TRUTH_SYSTEM_DRIFT']
2026-07-04T05:51:56Z VIOLATION DNS drift threat api.github.com: ['TRUTH_STUB_DRIFT', 'TRUTH_SYSTEM_DRIFT']
2026-07-04T05:52:11Z VIOLATION DNS drift threat github.com: ['TRUTH_STUB_DRIFT', 'TRUTH_SYSTEM_DRIFT']
2026-07-04T05:52:29Z VIOLATION DNS drift threat github.com: ['TRUTH_STUB_DRIFT', 'TRUTH_SYSTEM_DRIFT']
2026-07-04T05:52:33Z VIOLATION DNS drift threat api.github.com: ['TRUTH_STUB_DRIFT', 'TRUTH_SYSTEM_DRIFT']
2026-07-04T05:53:02Z VIOLATION DNS drift threat github.com: ['TRUTH_STUB_DRIFT', 'TRUTH_SYSTEM_DRIFT']
2026-07-04T05:53:06Z VIOLATION DNS drift threat api.github.com: ['TRUTH_STUB_DRIFT', 'TRUTH_SYSTEM_DRIFT']
2026-07-04T05:53:13Z VIOLATION DNS drift threat github.com: ['TRUTH_STUB_DRIFT', 'TRUTH_SYSTEM_DRIFT']
2026-07-04T05:53:17Z VIOLATION DNS drift threat api.github.com: ['TRUTH_STUB_DRIFT', 'TRUTH_SYSTEM_DRIFT']
2026-07-04T05:53:36Z VIOLATION DNS drift threat github.com: ['TRUTH_STUB_DRIFT', 'TRUTH_SYSTEM_DRIFT']
2026-07-04T05:53:53Z VIOLATION DNS drift threat github.com: ['TRUTH_STUB_DRIFT', 'TRUTH_SYSTEM_DRIFT']
2026-07-04T05:54:36Z VIOLATION DNS drift threat github.com: ['TRUTH_STUB_DRIFT', 'TRUTH_SYSTEM_DRIFT']
2026-07-04T05:54:40Z VIOLATION DNS drift threat api.github.com: ['TRUTH_STUB_DRIFT', 'TRUTH_SYSTEM_DRIFT']
2026-07-04T05:54:43Z VIOLATION DNS drift threat github.com: ['TRUTH_STUB_DRIFT', 'TRUTH_SYSTEM_DRIFT']
2026-07-04T05:54:45Z VIOLATION DNS drift threat api.github.com: ['TRUTH_STUB_DRIFT', 'TRUTH_SYSTEM_DRIFT']
2026-07-04T05:55:05Z VIOLATION DNS drift threat github.com: ['TRUTH_STUB_DRIFT', 'TRUTH_SYSTEM_DRIFT']
2026-07-04T05:55:11Z VIOLATION DNS drift threat api.github.com: ['TRUTH_STUB_DRIFT', 'TRUTH_SYSTEM_DRIFT']
2026-07-04T05:55:54Z VIOLATION DNS drift threat github.com: ['TRUTH_DNS_DOWN', 'TRUTH_STUB_DRIFT', 'TRUTH_SYSTEM_DRIFT']
2026-07-04T05:55:58Z VIOLATION DNS drift threat api.github.com: ['TRUTH_STUB_DRIFT', 'TRUTH_SYSTEM_DRIFT']
2026-07-04T05:56:05Z VIOLATION DNS drift threat github.com: ['TRUTH_STUB_DRIFT', 'TRUTH_SYSTEM_DRIFT']
2026-07-04T05:56:11Z VIOLATION DNS drift threat api.github.com: ['TRUTH_STUB_DRIFT', 'TRUTH_SYSTEM_DRIFT']
2026-07-04T05:56:19Z VIOLATION DNS drift threat github.com: ['TRUTH_DNS_DOWN', 'TRUTH_STUB_DRIFT', 'TRUTH_SYSTEM_DRIFT']
2026-07-04T05:56:21Z VIOLATION DNS drift threat github.com: ['TRUTH_DNS_DOWN', 'TRUTH_STUB_DRIFT', 'TRUTH_SYSTEM_DRIFT']
2026-07-04T05:56:21Z VIOLATION DNS drift threat github.com: ['TRUTH_DNS_DOWN', 'TRUTH_STUB_DRIFT', 'TRUTH_SYSTEM_DRIFT']
2026-07-04T05:56:26Z VIOLATION DNS drift threat github.com: ['TRUTH_DNS_DOWN']
2026-07-04T05:56:27Z VIOLATION DNS drift threat api.github.com: ['TRUTH_DNS_DOWN', 'TRUTH_STUB_DRIFT', 'TRUTH_SYSTEM_DRIFT']
2026-07-04T05:56:27Z VIOLATION DNS drift threat github.com: ['TRUTH_DNS_DOWN', 'TRUTH_STUB_DRIFT', 'TRUTH_SYSTEM_DRIFT']
2026-07-04T05:56:27Z VIOLATION DNS drift threat github.com: ['TRUTH_DNS_DOWN', 'TRUTH_STUB_DRIFT', 'TRUTH_SYSTEM_DRIFT']
2026-07-04T05:56:27Z VIOLATION DNS drift threat github.com: ['TRUTH_DNS_DOWN', 'TRUTH_STUB_DRIFT', 'TRUTH_SYSTEM_DRIFT']
2026-07-04T05:56:28Z VIOLATION DNS drift threat api.github.com: ['TRUTH_DNS_DOWN', 'TRUTH_STUB_DRIFT', 'TRUTH_SYSTEM_DRIFT']
2026-07-04T05:56:29Z VIOLATION DNS drift threat github.com: ['TRUTH_DNS_DOWN', 'TRUTH_STUB_DRIFT', 'TRUTH_SYSTEM_DRIFT']
2026-07-04T05:56:29Z VIOLATION DNS drift threat github.com: ['TRUTH_DNS_DOWN', 'TRUTH_STUB_DRIFT', 'TRUTH_SYSTEM_DRIFT']
2026-07-04T05:56:30Z VIOLATION DNS drift threat api.github.com: ['TRUTH_DNS_DOWN', 'TRUTH_STUB_DRIFT', 'TRUTH_SYSTEM_DRIFT']
2026-07-04T05:56:31Z VIOLATION DNS drift threat github.com: ['TRUTH_DNS_DOWN']
2026-07-04T05:56:36Z VIOLATION DNS drift threat ssh.github.com: ['TRUTH_DNS_DOWN']
2026-07-04T05:56:37Z VIOLATION DNS drift threat ssh.github.com: ['TRUTH_DNS_DOWN', 'TRUTH_STUB_DRIFT', 'TRUTH_SYSTEM_DRIFT']
2026-07-04T05:56:37Z VIOLATION DNS drift threat api.github.com: ['TRUTH_DNS_DOWN', 'TRUTH_STUB_DRIFT', 'TRUTH_SYSTEM_DRIFT']
2026-07-04T05:56:38Z VIOLATION DNS drift threat ssh.github.com: ['TRUTH_DNS_DOWN']
2026-07-04T05:56:42Z VIOLATION DNS drift threat raw.githubusercontent.com: ['TRUTH_DNS_DOWN']
2026-07-04T05:56:45Z VIOLATION DNS drift threat raw.githubusercontent.com: ['TRUTH_DNS_DOWN']
2026-07-04T05:56:46Z VIOLATION DNS drift threat raw.githubusercontent.com: ['TRUTH_DNS_DOWN']
2026-07-04T05:56:46Z VIOLATION DNS drift threat ssh.github.com: ['TRUTH_DNS_DOWN', 'TRUTH_STUB_DRIFT', 'TRUTH_SYSTEM_DRIFT']
2026-07-04T05:57:03Z VIOLATION DNS drift threat github.com: ['TRUTH_STUB_DRIFT', 'TRUTH_SYSTEM_DRIFT']
2026-07-04T05:57:05Z VIOLATION DNS drift threat api.github.com: ['TRUTH_STUB_DRIFT', 'TRUTH_SYSTEM_DRIFT']
2026-07-04T05:57:11Z VIOLATION DNS drift threat github.com: ['TRUTH_STUB_DRIFT', 'TRUTH_SYSTEM_DRIFT']
2026-07-04T05:57:14Z VIOLATION DNS drift threat api.github.com: ['TRUTH_STUB_DRIFT', 'TRUTH_SYSTEM_DRIFT']
2026-07-04T05:57:27Z VIOLATION DNS drift threat github.com: ['TRUTH_STUB_DRIFT', 'TRUTH_SYSTEM_DRIFT']
2026-07-04T05:57:53Z VIOLATION DNS drift threat github.com: ['TRUTH_STUB_DRIFT', 'TRUTH_SYSTEM_DRIFT']
2026-07-04T05:57:56Z VIOLATION DNS drift threat api.github.com: ['TRUTH_STUB_DRIFT', 'TRUTH_SYSTEM_DRIFT']
2026-07-04T05:58:16Z VIOLATION DNS drift threat github.com: ['TRUTH_STUB_DRIFT', 'TRUTH_SYSTEM_DRIFT']
2026-07-04T05:58:18Z VIOLATION DNS drift threat api.github.com: ['TRUTH_STUB_DRIFT', 'TRUTH_SYSTEM_DRIFT']
2026-07-04T05:58:20Z VIOLATION DNS drift threat ssh.github.com: ['TRUTH_STUB_DRIFT', 'TRUTH_SYSTEM_DRIFT']
2026-07-04T05:58:37Z VIOLATION DNS drift threat github.com: ['TRUTH_STUB_DRIFT', 'TRUTH_SYSTEM_DRIFT']
2026-07-04T05:58:41Z VIOLATION DNS drift threat api.github.com: ['TRUTH_STUB_DRIFT', 'TRUTH_SYSTEM_DRIFT']
2026-07-04T05:58:42Z VIOLATION DNS drift threat api.github.com: ['TRUTH_STUB_DRIFT', 'TRUTH_SYSTEM_DRIFT']
2026-07-04T05:58:44Z VIOLATION DNS drift threat ssh.github.com: ['TRUTH_STUB_DRIFT', 'TRUTH_SYSTEM_DRIFT']
2026-07-04T05:58:44Z VIOLATION DNS drift threat ssh.github.com: ['TRUTH_STUB_DRIFT', 'TRUTH_SYSTEM_DRIFT']
2026-07-04T05:58:45Z VIOLATION DNS drift threat api.github.com: ['TRUTH_STUB_DRIFT', 'TRUTH_SYSTEM_DRIFT']
2026-07-04T05:58:47Z VIOLATION DNS drift threat github.com: ['TRUTH_STUB_DRIFT', 'TRUTH_SYSTEM_DRIFT']
2026-07-04T05:58:47Z VIOLATION DNS drift threat github.com: ['TRUTH_STUB_DRIFT', 'TRUTH_SYSTEM_DRIFT']
2026-07-04T05:58:47Z VIOLATION DNS drift threat github.com: ['TRUTH_STUB_DRIFT', 'TRUTH_SYSTEM_DRIFT']
2026-07-04T05:58:48Z VIOLATION DNS drift threat github.com: ['TRUTH_STUB_DRIFT', 'TRUTH_SYSTEM_DRIFT']
2026-07-04T05:58:48Z VIOLATION DNS drift threat github.com: ['TRUTH_STUB_DRIFT', 'TRUTH_SYSTEM_DRIFT']
2026-07-04T05:58:49Z VIOLATION DNS drift threat github.com: ['TRUTH_STUB_DRIFT', 'TRUTH_SYSTEM_DRIFT']
2026-07-04T05:58:49Z VIOLATION DNS drift threat ssh.github.com: ['TRUTH_STUB_DRIFT', 'TRUTH_SYSTEM_DRIFT']
2026-07-04T05:58:51Z VIOLATION DNS drift threat api.github.com: ['TRUTH_STUB_DRIFT', 'TRUTH_SYSTEM_DRIFT']
2026-07-04T05:58:51Z VIOLATION DNS drift threat api.github.com: ['TRUTH_STUB_DRIFT', 'TRUTH_SYSTEM_DRIFT']
2026-07-04T05:58:52Z VIOLATION DNS drift threat api.github.com: ['TRUTH_STUB_DRIFT', 'TRUTH_SYSTEM_DRIFT']
2026-07-04T05:58:52Z VIOLATION DNS drift threat api.github.com: ['TRUTH_STUB_DRIFT', 'TRUTH_SYSTEM_DRIFT']
2026-07-04T05:58:53Z VIOLATION DNS drift threat api.github.com: ['TRUTH_STUB_DRIFT', 'TRUTH_SYSTEM_DRIFT']
2026-07-04T05:58:54Z VIOLATION DNS drift threat api.github.com: ['TRUTH_STUB_DRIFT', 'TRUTH_SYSTEM_DRIFT']
2026-07-04T05:58:54Z VIOLATION DNS drift threat ssh.github.com: ['TRUTH_STUB_DRIFT', 'TRUTH_SYSTEM_DRIFT']
2026-07-04T05:58:54Z VIOLATION DNS drift threat ssh.github.com: ['TRUTH_STUB_DRIFT', 'TRUTH_SYSTEM_DRIFT']
2026-07-04T05:58:56Z VIOLATION DNS drift threat ssh.github.com: ['TRUTH_STUB_DRIFT', 'TRUTH_SYSTEM_DRIFT']
2026-07-04T05:59:17Z VIOLATION DNS drift threat github.com: ['TRUTH_STUB_DRIFT', 'TRUTH_SYSTEM_DRIFT']
2026-07-04T05:59:33Z VIOLATION DNS drift threat api.github.com: ['TRUTH_STUB_DRIFT', 'TRUTH_SYSTEM_DRIFT']
2026-07-04T05:59:36Z VIOLATION DNS drift threat ssh.github.com: ['TRUTH_STUB_DRIFT', 'TRUTH_SYSTEM_DRIFT']
2026-07-04T06:00:01Z VIOLATION DNS drift threat github.com: ['TRUTH_STUB_DRIFT', 'TRUTH_SYSTEM_DRIFT']
2026-07-04T06:00:05Z VIOLATION DNS drift threat github.com: ['TRUTH_STUB_DRIFT', 'TRUTH_SYSTEM_DRIFT']
2026-07-04T06:00:05Z VIOLATION DNS drift threat api.github.com: ['TRUTH_STUB_DRIFT', 'TRUTH_SYSTEM_DRIFT']
2026-07-04T06:00:08Z VIOLATION DNS drift threat api.github.com: ['TRUTH_STUB_DRIFT', 'TRUTH_SYSTEM_DRIFT']
2026-07-04T06:00:11Z VIOLATION DNS drift threat ssh.github.com: ['TRUTH_STUB_DRIFT', 'TRUTH_SYSTEM_DRIFT']
2026-07-04T06:00:29Z VIOLATION DNS drift threat github.com: ['TRUTH_STUB_DRIFT', 'TRUTH_SYSTEM_DRIFT']
2026-07-04T06:00:35Z VIOLATION DNS drift threat api.github.com: ['TRUTH_STUB_DRIFT', 'TRUTH_SYSTEM_DRIFT']
2026-07-04T06:00:59Z VIOLATION DNS drift threat github.com: ['TRUTH_STUB_DRIFT', 'TRUTH_SYSTEM_DRIFT']
2026-07-04T06:01:04Z VIOLATION DNS drift threat api.github.com: ['TRUTH_STUB_DRIFT', 'TRUTH_SYSTEM_DRIFT']
2026-07-04T06:01:22Z VIOLATION DNS drift threat github.com: ['TRUTH_STUB_DRIFT', 'TRUTH_SYSTEM_DRIFT']
2026-07-04T06:01:25Z VIOLATION DNS drift threat github.com: ['TRUTH_STUB_DRIFT', 'TRUTH_SYSTEM_DRIFT']
2026-07-04T06:01:27Z VIOLATION DNS drift threat ssh.github.com: ['TRUTH_STUB_DRIFT', 'TRUTH_SYSTEM_DRIFT']
2026-07-04T06:01:28Z VIOLATION DNS drift threat api.github.com: ['TRUTH_STUB_DRIFT', 'TRUTH_SYSTEM_DRIFT']
2026-07-04T06:01:32Z VIOLATION DNS drift threat ssh.github.com: ['TRUTH_STUB_DRIFT', 'TRUTH_SYSTEM_DRIFT']
2026-07-04T06:01:54Z VIOLATION DNS drift threat api.github.com: ['TRUTH_STUB_DRIFT', 'TRUTH_SYSTEM_DRIFT']
2026-07-04T06:01:58Z VIOLATION DNS drift threat github.com: ['TRUTH_STUB_DRIFT', 'TRUTH_SYSTEM_DRIFT']
2026-07-04T06:01:58Z VIOLATION DNS drift threat api.github.com: ['TRUTH_STUB_DRIFT', 'TRUTH_SYSTEM_DRIFT']
2026-07-04T06:02:03Z VIOLATION DNS drift threat api.github.com: ['TRUTH_DNS_DOWN', 'TRUTH_STUB_DRIFT', 'TRUTH_SYSTEM_DRIFT']
2026-07-04T06:02:03Z VIOLATION DNS drift threat api.github.com: ['TRUTH_STUB_DRIFT', 'TRUTH_SYSTEM_DRIFT']
2026-07-04T06:02:12Z VIOLATION DNS drift threat ssh.github.com: ['TRUTH_SYSTEM_DRIFT']
2026-07-04T06:02:14Z VIOLATION DNS drift threat api.github.com: ['TRUTH_DNS_DOWN']
2026-07-04T06:02:15Z VIOLATION DNS drift threat ssh.github.com: ['TRUTH_STUB_DRIFT', 'TRUTH_SYSTEM_DRIFT']
2026-07-04T06:02:18Z VIOLATION DNS drift threat github.com: ['TRUTH_STUB_DRIFT', 'TRUTH_SYSTEM_DRIFT']
2026-07-04T06:02:25Z VIOLATION DNS drift threat ssh.github.com: ['TRUTH_STUB_DRIFT', 'TRUTH_SYSTEM_DRIFT']
2026-07-04T06:02:30Z VIOLATION DNS drift threat github.com: ['TRUTH_STUB_DRIFT', 'TRUTH_SYSTEM_DRIFT']
2026-07-04T06:02:32Z VIOLATION DNS drift threat github.com: ['TRUTH_STUB_DRIFT', 'TRUTH_SYSTEM_DRIFT']
2026-07-04T06:02:33Z VIOLATION DNS drift threat api.github.com: ['TRUTH_STUB_DRIFT', 'TRUTH_SYSTEM_DRIFT']
2026-07-04T06:02:36Z VIOLATION DNS drift threat ssh.github.com: ['TRUTH_STUB_DRIFT', 'TRUTH_SYSTEM_DRIFT']
2026-07-04T06:02:37Z VIOLATION DNS drift threat api.github.com: ['TRUTH_STUB_DRIFT', 'TRUTH_SYSTEM_DRIFT']
2026-07-04T06:02:48Z VIOLATION DNS drift threat github.com: ['TRUTH_STUB_DRIFT', 'TRUTH_SYSTEM_DRIFT']
2026-07-04T06:02:54Z VIOLATION DNS drift threat ssh.github.com: ['TRUTH_STUB_DRIFT', 'TRUTH_SYSTEM_DRIFT']
2026-07-04T06:03:27Z VIOLATION DNS drift threat github.com: ['TRUTH_STUB_DRIFT', 'TRUTH_SYSTEM_DRIFT']
2026-07-04T06:03:31Z VIOLATION DNS drift threat api.github.com: ['TRUTH_STUB_DRIFT', 'TRUTH_SYSTEM_DRIFT']
2026-07-04T06:03:48Z VIOLATION DNS drift threat github.com: ['TRUTH_STUB_DRIFT', 'TRUTH_SYSTEM_DRIFT']
2026-07-04T06:03:51Z VIOLATION DNS drift threat github.com: ['TRUTH_STUB_DRIFT', 'TRUTH_SYSTEM_DRIFT']
2026-07-04T06:03:53Z VIOLATION DNS drift threat api.github.com: ['TRUTH_STUB_DRIFT', 'TRUTH_SYSTEM_DRIFT']
2026-07-04T06:03:53Z VIOLATION DNS drift threat api.github.com: ['TRUTH_STUB_DRIFT', 'TRUTH_SYSTEM_DRIFT']
2026-07-04T06:03:56Z VIOLATION DNS drift threat ssh.github.com: ['TRUTH_STUB_DRIFT', 'TRUTH_SYSTEM_DRIFT']
2026-07-04T06:04:04Z VIOLATION DNS drift threat github.com: ['TRUTH_STUB_DRIFT', 'TRUTH_SYSTEM_DRIFT']
2026-07-04T06:04:07Z VIOLATION DNS drift threat github.com: ['TRUTH_STUB_DRIFT', 'TRUTH_SYSTEM_DRIFT']
2026-07-04T06:04:08Z VIOLATION DNS drift threat api.github.com: ['TRUTH_STUB_DRIFT', 'TRUTH_SYSTEM_DRIFT']
2026-07-04T06:04:13Z VIOLATION DNS drift threat api.github.com: ['TRUTH_STUB_DRIFT', 'TRUTH_SYSTEM_DRIFT']
2026-07-04T06:04:16Z VIOLATION DNS drift threat ssh.github.com: ['TRUTH_STUB_DRIFT', 'TRUTH_SYSTEM_DRIFT']
2026-07-04T06:04:51Z VIOLATION DNS drift threat api.github.com: ['TRUTH_STUB_DRIFT', 'TRUTH_SYSTEM_DRIFT']
2026-07-04T06:05:01Z VIOLATION DNS drift threat github.com: ['TRUTH_STUB_DRIFT', 'TRUTH_SYSTEM_DRIFT']
2026-07-04T06:05:04Z VIOLATION DNS drift threat api.github.com: ['TRUTH_STUB_DRIFT', 'TRUTH_SYSTEM_DRIFT']
2026-07-04T06:05:17Z VIOLATION DNS drift threat github.com: ['TRUTH_STUB_DRIFT', 'TRUTH_SYSTEM_DRIFT']
2026-07-04T06:05:21Z VIOLATION DNS drift threat api.github.com: ['TRUTH_STUB_DRIFT', 'TRUTH_SYSTEM_DRIFT']
2026-07-04T06:06:04Z VIOLATION DNS drift threat github.com: ['TRUTH_STUB_DRIFT', 'TRUTH_SYSTEM_DRIFT']
2026-07-04T06:06:11Z VIOLATION DNS drift threat github.com: ['TRUTH_STUB_DRIFT', 'TRUTH_SYSTEM_DRIFT']
2026-07-04T06:06:16Z VIOLATION DNS drift threat api.github.com: ['TRUTH_DNS_DOWN', 'TRUTH_STUB_DRIFT', 'TRUTH_SYSTEM_DRIFT']
2026-07-04T06:06:19Z VIOLATION DNS drift threat github.com: ['TRUTH_DNS_DOWN', 'TRUTH_STUB_DRIFT', 'TRUTH_SYSTEM_DRIFT']
2026-07-04T06:06:26Z VIOLATION DNS drift threat ssh.github.com: ['TRUTH_DNS_DOWN', 'TRUTH_STUB_DRIFT', 'TRUTH_SYSTEM_DRIFT']
2026-07-04T06:06:32Z VIOLATION DNS drift threat raw.githubusercontent.com: ['TRUTH_DNS_DOWN']
2026-07-04T06:07:02Z VIOLATION DNS drift threat github.com: ['TRUTH_STUB_DRIFT', 'TRUTH_SYSTEM_DRIFT']
2026-07-04T06:07:06Z VIOLATION DNS drift threat github.com: ['TRUTH_STUB_DRIFT', 'TRUTH_SYSTEM_DRIFT']
2026-07-04T06:07:07Z VIOLATION DNS drift threat github.com: ['TRUTH_STUB_DRIFT', 'TRUTH_SYSTEM_DRIFT']
2026-07-04T06:07:15Z VIOLATION DNS drift threat github.com: ['TRUTH_STUB_DRIFT', 'TRUTH_SYSTEM_DRIFT']
2026-07-04T06:07:21Z VIOLATION DNS drift threat github.com: ['TRUTH_STUB_DRIFT', 'TRUTH_SYSTEM_DRIFT']
2026-07-04T06:07:32Z VIOLATION DNS drift threat github.com: ['TRUTH_STUB_DRIFT', 'TRUTH_SYSTEM_DRIFT']
2026-07-04T06:07:35Z VIOLATION DNS drift threat api.github.com: ['TRUTH_STUB_DRIFT', 'TRUTH_SYSTEM_DRIFT']
2026-07-04T06:07:38Z VIOLATION DNS drift threat github.com: ['TRUTH_STUB_DRIFT', 'TRUTH_SYSTEM_DRIFT']
2026-07-04T06:07:42Z VIOLATION DNS drift threat api.github.com: ['TRUTH_STUB_DRIFT', 'TRUTH_SYSTEM_DRIFT']
2026-07-04T06:07:45Z VIOLATION DNS drift threat ssh.github.com: ['TRUTH_STUB_DRIFT', 'TRUTH_SYSTEM_DRIFT']
2026-07-04T06:07:48Z VIOLATION DNS drift threat github.com: ['TRUTH_STUB_DRIFT', 'TRUTH_SYSTEM_DRIFT']
2026-07-04T06:07:51Z VIOLATION DNS drift threat api.github.com: ['TRUTH_STUB_DRIFT', 'TRUTH_SYSTEM_DRIFT']
2026-07-04T06:07:56Z VIOLATION DNS drift threat ssh.github.com: ['TRUTH_STUB_DRIFT', 'TRUTH_SYSTEM_DRIFT']
2026-07-04T06:08:20Z VIOLATION DNS drift threat github.com: ['TRUTH_STUB_DRIFT', 'TRUTH_SYSTEM_DRIFT']
2026-07-04T06:08:21Z VIOLATION DNS drift threat api.github.com: ['TRUTH_STUB_DRIFT', 'TRUTH_SYSTEM_DRIFT']
2026-07-04T06:08:22Z VIOLATION DNS drift threat github.com: ['TRUTH_STUB_DRIFT', 'TRUTH_SYSTEM_DRIFT']
2026-07-04T06:08:24Z VIOLATION DNS drift threat ssh.github.com: ['TRUTH_STUB_DRIFT', 'TRUTH_SYSTEM_DRIFT']
2026-07-04T06:08:26Z VIOLATION DNS drift threat api.github.com: ['TRUTH_STUB_DRIFT', 'TRUTH_SYSTEM_DRIFT']
2026-07-04T06:08:53Z VIOLATION DNS drift threat ssh.github.com: ['TRUTH_STUB_DRIFT', 'TRUTH_SYSTEM_DRIFT']
2026-07-04T06:09:02Z VIOLATION DNS drift threat api.github.com: ['TRUTH_STUB_DRIFT', 'TRUTH_SYSTEM_DRIFT']
2026-07-04T06:09:16Z VIOLATION DNS drift threat github.com: ['TRUTH_STUB_DRIFT', 'TRUTH_SYSTEM_DRIFT']
2026-07-04T06:09:21Z VIOLATION DNS drift threat api.github.com: ['TRUTH_STUB_DRIFT', 'TRUTH_SYSTEM_DRIFT']
2026-07-04T06:09:47Z VIOLATION DNS drift threat github.com: ['TRUTH_STUB_DRIFT', 'TRUTH_SYSTEM_DRIFT']
2026-07-04T06:09:49Z VIOLATION DNS drift threat github.com: ['TRUTH_STUB_DRIFT', 'TRUTH_SYSTEM_DRIFT']
2026-07-04T06:09:51Z VIOLATION DNS drift threat api.github.com: ['TRUTH_STUB_DRIFT', 'TRUTH_SYSTEM_DRIFT']
2026-07-04T06:09:54Z VIOLATION DNS drift threat api.github.com: ['TRUTH_STUB_DRIFT', 'TRUTH_SYSTEM_DRIFT']
2026-07-04T06:10:02Z VIOLATION DNS drift threat github.com: ['TRUTH_STUB_DRIFT', 'TRUTH_SYSTEM_DRIFT']
2026-07-04T06:10:08Z VIOLATION DNS drift threat ssh.github.com: ['TRUTH_STUB_DRIFT', 'TRUTH_SYSTEM_DRIFT']
2026-07-04T06:11:14Z VIOLATION DNS drift threat api.github.com: ['TRUTH_STUB_DRIFT', 'TRUTH_SYSTEM_DRIFT']
2026-07-04T06:11:17Z VIOLATION DNS drift threat ssh.github.com: ['TRUTH_STUB_DRIFT', 'TRUTH_SYSTEM_DRIFT']
2026-07-04T06:11:23Z VIOLATION DNS drift threat github.com: ['TRUTH_STUB_DRIFT', 'TRUTH_SYSTEM_DRIFT']
2026-07-04T06:11:26Z VIOLATION DNS drift threat github.com: ['TRUTH_STUB_DRIFT', 'TRUTH_SYSTEM_DRIFT']
2026-07-04T06:11:28Z VIOLATION DNS drift threat api.github.com: ['TRUTH_STUB_DRIFT', 'TRUTH_SYSTEM_DRIFT']
2026-07-04T06:11:28Z VIOLATION DNS drift threat github.com: ['TRUTH_STUB_DRIFT', 'TRUTH_SYSTEM_DRIFT']
2026-07-04T06:11:34Z VIOLATION DNS drift threat api.github.com: ['TRUTH_STUB_DRIFT', 'TRUTH_SYSTEM_DRIFT']
2026-07-04T06:11:38Z VIOLATION DNS drift threat api.github.com: ['TRUTH_DNS_DOWN']
2026-07-04T06:11:38Z VIOLATION DNS drift threat ssh.github.com: ['TRUTH_STUB_DRIFT', 'TRUTH_SYSTEM_DRIFT']
2026-07-04T06:11:39Z VIOLATION DNS drift threat github.com: ['TRUTH_SYSTEM_DRIFT']
2026-07-04T06:11:39Z VIOLATION DNS drift threat ssh.github.com: ['TRUTH_STUB_DRIFT', 'TRUTH_SYSTEM_DRIFT']
2026-07-04T06:11:41Z VIOLATION DNS drift threat api.github.com: ['TRUTH_STUB_DRIFT', 'TRUTH_SYSTEM_DRIFT']
2026-07-04T06:11:42Z VIOLATION DNS drift threat ssh.github.com: ['TRUTH_STUB_DRIFT', 'TRUTH_SYSTEM_DRIFT']
2026-07-04T06:11:49Z VIOLATION DNS drift threat api.github.com: ['TRUTH_STUB_DRIFT', 'TRUTH_SYSTEM_DRIFT']
2026-07-04T06:11:49Z VIOLATION DNS drift threat ssh.github.com: ['TRUTH_STUB_DRIFT', 'TRUTH_SYSTEM_DRIFT']
2026-07-04T06:12:23Z VIOLATION DNS drift threat github.com: ['TRUTH_STUB_DRIFT', 'TRUTH_SYSTEM_DRIFT']
2026-07-04T06:12:23Z VIOLATION DNS drift threat api.github.com: ['TRUTH_STUB_DRIFT', 'TRUTH_SYSTEM_DRIFT']
2026-07-04T06:12:23Z VIOLATION DNS drift threat ssh.github.com: ['TRUTH_STUB_DRIFT', 'TRUTH_SYSTEM_DRIFT']
2026-07-04T06:12:27Z VIOLATION DNS drift threat github.com: ['TRUTH_STUB_DRIFT', 'TRUTH_SYSTEM_DRIFT']
2026-07-04T06:12:27Z VIOLATION DNS drift threat api.github.com: ['TRUTH_STUB_DRIFT', 'TRUTH_SYSTEM_DRIFT']
2026-07-04T06:12:27Z VIOLATION DNS drift threat ssh.github.com: ['TRUTH_STUB_DRIFT', 'TRUTH_SYSTEM_DRIFT']
2026-07-04T06:14:43Z VIOLATION DNS drift threat github.com: ['TRUTH_STUB_DRIFT', 'TRUTH_SYSTEM_DRIFT']
2026-07-04T06:14:44Z VIOLATION DNS drift threat ssh.github.com: ['TRUTH_STUB_DRIFT', 'TRUTH_SYSTEM_DRIFT']
2026-07-04T06:14:56Z VIOLATION DNS drift threat github.com: ['TRUTH_STUB_DRIFT', 'TRUTH_SYSTEM_DRIFT']
2026-07-04T06:14:56Z VIOLATION DNS drift threat api.github.com: ['TRUTH_STUB_DRIFT', 'TRUTH_SYSTEM_DRIFT']
2026-07-04T06:14:57Z VIOLATION DNS drift threat ssh.github.com: ['TRUTH_STUB_DRIFT', 'TRUTH_SYSTEM_DRIFT']
2026-07-04T06:16:42Z VIOLATION DNS drift threat github.com: ['TRUTH_DNS_DOWN', 'TRUTH_STUB_DRIFT', 'TRUTH_SYSTEM_DRIFT']
2026-07-04T06:18:23Z VIOLATION DNS drift threat github.com: ['TRUTH_STUB_DRIFT', 'TRUTH_SYSTEM_DRIFT']
2026-07-04T06:18:23Z VIOLATION DNS drift threat ssh.github.com: ['TRUTH_STUB_DRIFT', 'TRUTH_SYSTEM_DRIFT']
2026-07-04T06:18:32Z VIOLATION DNS drift threat github.com: ['TRUTH_STUB_DRIFT', 'TRUTH_SYSTEM_DRIFT']
2026-07-04T06:20:06Z VIOLATION DNS drift threat github.com: ['TRUTH_STUB_DRIFT', 'TRUTH_SYSTEM_DRIFT']
2026-07-04T06:20:07Z VIOLATION DNS drift threat api.github.com: ['TRUTH_STUB_DRIFT', 'TRUTH_SYSTEM_DRIFT']
2026-07-04T06:20:08Z VIOLATION DNS drift threat ssh.github.com: ['TRUTH_STUB_DRIFT', 'TRUTH_SYSTEM_DRIFT']
2026-07-04T06:20:13Z VIOLATION DNS drift threat github.com: ['TRUTH_STUB_DRIFT', 'TRUTH_SYSTEM_DRIFT']
2026-07-04T06:20:13Z VIOLATION DNS drift threat api.github.com: ['TRUTH_STUB_DRIFT', 'TRUTH_SYSTEM_DRIFT']
2026-07-04T06:20:14Z VIOLATION DNS drift threat ssh.github.com: ['TRUTH_STUB_DRIFT', 'TRUTH_SYSTEM_DRIFT']
2026-07-04T06:21:54Z VIOLATION DNS drift threat github.com: ['TRUTH_DNS_DOWN', 'TRUTH_STUB_DRIFT', 'TRUTH_SYSTEM_DRIFT']
2026-07-04T06:22:19Z VIOLATION DNS drift threat github.com: ['TRUTH_STUB_DRIFT', 'TRUTH_SYSTEM_DRIFT']
2026-07-04T06:22:19Z VIOLATION DNS drift threat api.github.com: ['TRUTH_STUB_DRIFT', 'TRUTH_SYSTEM_DRIFT']
2026-07-04T06:23:41Z VIOLATION DNS drift threat github.com: ['TRUTH_STUB_DRIFT', 'TRUTH_SYSTEM_DRIFT']
2026-07-04T06:23:47Z VIOLATION DNS drift threat api.github.com: ['TRUTH_SYSTEM_DRIFT']
2026-07-04T06:23:50Z VIOLATION DNS drift threat ssh.github.com: ['TRUTH_STUB_DRIFT', 'TRUTH_SYSTEM_DRIFT']
2026-07-04T06:23:55Z VIOLATION DNS drift threat github.com: ['TRUTH_STUB_DRIFT', 'TRUTH_SYSTEM_DRIFT']
2026-07-04T06:23:56Z VIOLATION DNS drift threat api.github.com: ['TRUTH_STUB_DRIFT', 'TRUTH_SYSTEM_DRIFT']
2026-07-04T06:23:56Z VIOLATION DNS drift threat ssh.github.com: ['TRUTH_STUB_DRIFT', 'TRUTH_SYSTEM_DRIFT']
2026-07-04T06:25:10Z VIOLATION DNS drift threat github.com: ['TRUTH_STUB_DRIFT', 'TRUTH_SYSTEM_DRIFT']
2026-07-04T06:25:11Z VIOLATION DNS drift threat api.github.com: ['TRUTH_STUB_DRIFT', 'TRUTH_SYSTEM_DRIFT']
2026-07-04T06:25:11Z VIOLATION DNS drift threat ssh.github.com: ['TRUTH_STUB_DRIFT', 'TRUTH_SYSTEM_DRIFT']
2026-07-04T06:25:13Z VIOLATION DNS drift threat github.com: ['TRUTH_STUB_DRIFT', 'TRUTH_SYSTEM_DRIFT']
2026-07-04T06:25:13Z VIOLATION DNS drift threat api.github.com: ['TRUTH_STUB_DRIFT', 'TRUTH_SYSTEM_DRIFT']
2026-07-04T06:25:13Z VIOLATION DNS drift threat ssh.github.com: ['TRUTH_STUB_DRIFT', 'TRUTH_SYSTEM_DRIFT']
2026-07-04T06:27:25Z VIOLATION DNS drift threat github.com: ['TRUTH_STUB_DRIFT', 'TRUTH_SYSTEM_DRIFT']
2026-07-04T06:27:26Z VIOLATION DNS drift threat api.github.com: ['TRUTH_STUB_DRIFT', 'TRUTH_SYSTEM_DRIFT']
2026-07-04T06:27:26Z VIOLATION DNS drift threat ssh.github.com: ['TRUTH_STUB_DRIFT', 'TRUTH_SYSTEM_DRIFT']
2026-07-04T06:27:28Z VIOLATION DNS drift threat github.com: ['TRUTH_STUB_DRIFT', 'TRUTH_SYSTEM_DRIFT']
2026-07-04T06:27:29Z VIOLATION DNS drift threat api.github.com: ['TRUTH_STUB_DRIFT', 'TRUTH_SYSTEM_DRIFT']
2026-07-04T06:27:29Z VIOLATION DNS drift threat ssh.github.com: ['TRUTH_STUB_DRIFT', 'TRUTH_SYSTEM_DRIFT']
2026-07-04T06:28:27Z VIOLATION DNS drift threat github.com: ['TRUTH_STUB_DRIFT', 'TRUTH_SYSTEM_DRIFT']
2026-07-04T06:28:27Z VIOLATION DNS drift threat github.com: ['TRUTH_STUB_DRIFT', 'TRUTH_SYSTEM_DRIFT']
2026-07-04T06:28:28Z VIOLATION DNS drift threat github.com: ['TRUTH_STUB_DRIFT', 'TRUTH_SYSTEM_DRIFT']
2026-07-04T06:28:35Z VIOLATION DNS drift threat ssh.github.com: ['TRUTH_SYSTEM_DRIFT']
2026-07-04T06:28:36Z VIOLATION DNS drift threat ssh.github.com: ['TRUTH_SYSTEM_DRIFT']
2026-07-04T06:29:34Z VIOLATION DNS drift threat github.com: ['TRUTH_STUB_DRIFT', 'TRUTH_SYSTEM_DRIFT']
2026-07-04T06:29:34Z VIOLATION DNS drift threat api.github.com: ['TRUTH_STUB_DRIFT', 'TRUTH_SYSTEM_DRIFT']
2026-07-04T06:29:39Z VIOLATION DNS drift threat github.com: ['TRUTH_STUB_DRIFT', 'TRUTH_SYSTEM_DRIFT']
2026-07-04T06:29:39Z VIOLATION DNS drift threat api.github.com: ['TRUTH_STUB_DRIFT', 'TRUTH_SYSTEM_DRIFT']
2026-07-04T06:31:25Z VIOLATION DNS drift threat github.com: ['TRUTH_STUB_DRIFT', 'TRUTH_SYSTEM_DRIFT']
2026-07-04T06:31:25Z VIOLATION DNS drift threat api.github.com: ['TRUTH_STUB_DRIFT', 'TRUTH_SYSTEM_DRIFT']
2026-07-04T06:31:31Z VIOLATION DNS drift threat ssh.github.com: ['TRUTH_SYSTEM_DRIFT']
2026-07-04T06:31:38Z VIOLATION DNS drift threat github.com: ['TRUTH_STUB_DRIFT', 'TRUTH_SYSTEM_DRIFT']
2026-07-04T06:31:38Z VIOLATION DNS drift threat api.github.com: ['TRUTH_STUB_DRIFT', 'TRUTH_SYSTEM_DRIFT']
2026-07-04T06:31:39Z VIOLATION DNS drift threat ssh.github.com: ['TRUTH_STUB_DRIFT', 'TRUTH_SYSTEM_DRIFT']
2026-07-04T06:33:22Z VIOLATION DNS drift threat github.com: ['TRUTH_DNS_DOWN', 'TRUTH_STUB_DRIFT', 'TRUTH_SYSTEM_DRIFT']
2026-07-04T06:33:34Z VIOLATION DNS drift threat ssh.github.com: ['TRUTH_SYSTEM_DRIFT']
2026-07-04T06:34:21Z VIOLATION DNS drift threat github.com: ['TRUTH_STUB_DRIFT', 'TRUTH_SYSTEM_DRIFT']
2026-07-04T06:34:21Z VIOLATION DNS drift threat github.com: ['TRUTH_STUB_DRIFT', 'TRUTH_SYSTEM_DRIFT']
2026-07-04T06:34:21Z VIOLATION DNS drift threat github.com: ['TRUTH_STUB_DRIFT', 'TRUTH_SYSTEM_DRIFT']
2026-07-04T06:34:21Z VIOLATION DNS drift threat github.com: ['TRUTH_STUB_DRIFT', 'TRUTH_SYSTEM_DRIFT']
2026-07-04T06:34:21Z VIOLATION DNS drift threat github.com: ['TRUTH_STUB_DRIFT', 'TRUTH_SYSTEM_DRIFT']
2026-07-04T06:34:26Z VIOLATION DNS drift threat api.github.com: ['TRUTH_DNS_DOWN', 'TRUTH_STUB_DRIFT', 'TRUTH_SYSTEM_DRIFT']
2026-07-04T06:34:26Z VIOLATION DNS drift threat api.github.com: ['TRUTH_DNS_DOWN', 'TRUTH_STUB_DRIFT', 'TRUTH_SYSTEM_DRIFT']
2026-07-04T06:34:26Z VIOLATION DNS drift threat github.com: ['TRUTH_DNS_DOWN']
2026-07-04T06:34:26Z VIOLATION DNS drift threat api.github.com: ['TRUTH_DNS_DOWN', 'TRUTH_STUB_DRIFT', 'TRUTH_SYSTEM_DRIFT']
2026-07-04T06:34:26Z VIOLATION DNS drift threat api.github.com: ['TRUTH_DNS_DOWN', 'TRUTH_STUB_DRIFT', 'TRUTH_SYSTEM_DRIFT']
2026-07-04T06:34:26Z VIOLATION DNS drift threat api.github.com: ['TRUTH_DNS_DOWN']
2026-07-04T06:34:26Z VIOLATION DNS drift threat github.com: ['TRUTH_STUB_DRIFT', 'TRUTH_SYSTEM_DRIFT']
2026-07-04T06:34:27Z VIOLATION DNS drift threat github.com: ['TRUTH_STUB_DRIFT', 'TRUTH_SYSTEM_DRIFT']
2026-07-04T06:34:29Z VIOLATION DNS drift threat ssh.github.com: ['TRUTH_DNS_DOWN', 'TRUTH_STUB_DRIFT', 'TRUTH_SYSTEM_DRIFT']
2026-07-04T06:34:29Z VIOLATION DNS drift threat api.github.com: ['TRUTH_DNS_DOWN', 'TRUTH_STUB_DRIFT', 'TRUTH_SYSTEM_DRIFT']
2026-07-04T06:34:29Z VIOLATION DNS drift threat ssh.github.com: ['TRUTH_DNS_DOWN', 'TRUTH_STUB_DRIFT', 'TRUTH_SYSTEM_DRIFT']
2026-07-04T06:34:29Z VIOLATION DNS drift threat ssh.github.com: ['TRUTH_DNS_DOWN', 'TRUTH_STUB_DRIFT', 'TRUTH_SYSTEM_DRIFT']
2026-07-04T06:34:29Z VIOLATION DNS drift threat ssh.github.com: ['TRUTH_DNS_DOWN', 'TRUTH_STUB_DRIFT', 'TRUTH_SYSTEM_DRIFT']
2026-07-04T06:34:29Z VIOLATION DNS drift threat api.github.com: ['TRUTH_DNS_DOWN', 'TRUTH_STUB_DRIFT', 'TRUTH_SYSTEM_DRIFT']
2026-07-04T06:34:40Z VIOLATION DNS drift threat ssh.github.com: ['TRUTH_STUB_DRIFT', 'TRUTH_SYSTEM_DRIFT']
2026-07-04T06:34:40Z VIOLATION DNS drift threat ssh.github.com: ['TRUTH_DNS_DOWN', 'TRUTH_STUB_DRIFT', 'TRUTH_SYSTEM_DRIFT']
2026-07-04T06:34:40Z VIOLATION DNS drift threat ssh.github.com: ['TRUTH_DNS_DOWN', 'TRUTH_STUB_DRIFT', 'TRUTH_SYSTEM_DRIFT']
2026-07-04T06:34:41Z VIOLATION DNS drift threat api.github.com: ['TRUTH_DNS_DOWN', 'TRUTH_STUB_DRIFT', 'TRUTH_SYSTEM_DRIFT']
2026-07-04T06:34:42Z VIOLATION DNS drift threat ssh.github.com: ['TRUTH_STUB_DRIFT', 'TRUTH_SYSTEM_DRIFT']
2026-07-04T06:34:43Z VIOLATION DNS drift threat github.com: ['TRUTH_STUB_DRIFT', 'TRUTH_SYSTEM_DRIFT']
2026-07-04T06:34:43Z VIOLATION DNS drift threat github.com: ['TRUTH_STUB_DRIFT', 'TRUTH_SYSTEM_DRIFT']
2026-07-04T06:34:43Z VIOLATION DNS drift threat github.com: ['TRUTH_STUB_DRIFT', 'TRUTH_SYSTEM_DRIFT']
2026-07-04T06:34:44Z VIOLATION DNS drift threat github.com: ['TRUTH_STUB_DRIFT', 'TRUTH_SYSTEM_DRIFT']
2026-07-04T06:34:44Z VIOLATION DNS drift threat api.github.com: ['TRUTH_STUB_DRIFT', 'TRUTH_SYSTEM_DRIFT']
2026-07-04T06:34:44Z VIOLATION DNS drift threat api.github.com: ['TRUTH_STUB_DRIFT', 'TRUTH_SYSTEM_DRIFT']
2026-07-04T06:34:44Z VIOLATION DNS drift threat api.github.com: ['TRUTH_STUB_DRIFT', 'TRUTH_SYSTEM_DRIFT']
2026-07-04T06:34:44Z VIOLATION DNS drift threat api.github.com: ['TRUTH_STUB_DRIFT', 'TRUTH_SYSTEM_DRIFT']
2026-07-04T06:34:45Z VIOLATION DNS drift threat ssh.github.com: ['TRUTH_STUB_DRIFT', 'TRUTH_SYSTEM_DRIFT']
2026-07-04T06:34:45Z VIOLATION DNS drift threat ssh.github.com: ['TRUTH_STUB_DRIFT', 'TRUTH_SYSTEM_DRIFT']
2026-07-04T06:34:46Z VIOLATION DNS drift threat ssh.github.com: ['TRUTH_STUB_DRIFT', 'TRUTH_SYSTEM_DRIFT']
2026-07-04T06:34:46Z VIOLATION DNS drift threat ssh.github.com: ['TRUTH_STUB_DRIFT', 'TRUTH_SYSTEM_DRIFT']
2026-07-04T06:34:53Z VIOLATION DNS drift threat api.github.com: ['TRUTH_STUB_DRIFT', 'TRUTH_SYSTEM_DRIFT']
2026-07-04T06:34:54Z VIOLATION DNS drift threat ssh.github.com: ['TRUTH_STUB_DRIFT', 'TRUTH_SYSTEM_DRIFT']
2026-07-04T06:35:16Z VIOLATION DNS drift threat github.com: ['TRUTH_STUB_DRIFT', 'TRUTH_SYSTEM_DRIFT']
2026-07-04T06:35:17Z VIOLATION DNS drift threat github.com: ['TRUTH_STUB_DRIFT', 'TRUTH_SYSTEM_DRIFT']
2026-07-04T06:35:17Z VIOLATION DNS drift threat github.com: ['TRUTH_STUB_DRIFT', 'TRUTH_SYSTEM_DRIFT']
2026-07-04T06:35:17Z VIOLATION DNS drift threat github.com: ['TRUTH_STUB_DRIFT', 'TRUTH_SYSTEM_DRIFT']
2026-07-04T06:35:18Z VIOLATION DNS drift threat github.com: ['TRUTH_STUB_DRIFT', 'TRUTH_SYSTEM_DRIFT']
2026-07-04T06:35:18Z VIOLATION DNS drift threat github.com: ['TRUTH_STUB_DRIFT', 'TRUTH_SYSTEM_DRIFT']
2026-07-04T06:35:18Z VIOLATION DNS drift threat github.com: ['TRUTH_STUB_DRIFT', 'TRUTH_SYSTEM_DRIFT']
2026-07-04T06:35:18Z VIOLATION DNS drift threat github.com: ['TRUTH_STUB_DRIFT', 'TRUTH_SYSTEM_DRIFT']
2026-07-04T06:35:18Z VIOLATION DNS drift threat github.com: ['TRUTH_STUB_DRIFT', 'TRUTH_SYSTEM_DRIFT']
2026-07-04T06:35:18Z VIOLATION DNS drift threat ssh.github.com: ['TRUTH_STUB_DRIFT', 'TRUTH_SYSTEM_DRIFT']
2026-07-04T06:35:19Z VIOLATION DNS drift threat github.com: ['TRUTH_STUB_DRIFT', 'TRUTH_SYSTEM_DRIFT']
2026-07-04T06:35:20Z VIOLATION DNS drift threat github.com: ['TRUTH_STUB_DRIFT', 'TRUTH_SYSTEM_DRIFT']
2026-07-04T06:35:21Z VIOLATION DNS drift threat github.com: ['TRUTH_STUB_DRIFT', 'TRUTH_SYSTEM_DRIFT']
2026-07-04T06:35:21Z VIOLATION DNS drift threat github.com: ['TRUTH_STUB_DRIFT', 'TRUTH_SYSTEM_DRIFT']
2026-07-04T06:35:21Z VIOLATION DNS drift threat github.com: ['TRUTH_STUB_DRIFT', 'TRUTH_SYSTEM_DRIFT']
2026-07-04T06:35:21Z VIOLATION DNS drift threat github.com: ['TRUTH_STUB_DRIFT', 'TRUTH_SYSTEM_DRIFT']
2026-07-04T06:35:22Z VIOLATION DNS drift threat api.github.com: ['TRUTH_STUB_DRIFT', 'TRUTH_SYSTEM_DRIFT']
2026-07-04T06:35:23Z VIOLATION DNS drift threat github.com: ['TRUTH_STUB_DRIFT', 'TRUTH_SYSTEM_DRIFT']
2026-07-04T06:35:23Z VIOLATION DNS drift threat github.com: ['TRUTH_STUB_DRIFT', 'TRUTH_SYSTEM_DRIFT']
2026-07-04T06:35:23Z VIOLATION DNS drift threat api.github.com: ['TRUTH_STUB_DRIFT', 'TRUTH_SYSTEM_DRIFT']
2026-07-04T06:35:23Z VIOLATION DNS drift threat github.com: ['TRUTH_STUB_DRIFT', 'TRUTH_SYSTEM_DRIFT']
2026-07-04T06:35:23Z VIOLATION DNS drift threat github.com: ['TRUTH_STUB_DRIFT', 'TRUTH_SYSTEM_DRIFT']
2026-07-04T06:35:23Z VIOLATION DNS drift threat github.com: ['TRUTH_STUB_DRIFT', 'TRUTH_SYSTEM_DRIFT']
2026-07-04T06:35:24Z VIOLATION DNS drift threat api.github.com: ['TRUTH_STUB_DRIFT', 'TRUTH_SYSTEM_DRIFT']
2026-07-04T06:35:24Z VIOLATION DNS drift threat github.com: ['TRUTH_STUB_DRIFT', 'TRUTH_SYSTEM_DRIFT']
2026-07-04T06:35:24Z VIOLATION DNS drift threat api.github.com: ['TRUTH_STUB_DRIFT', 'TRUTH_SYSTEM_DRIFT']
2026-07-04T06:35:25Z VIOLATION DNS drift threat api.github.com: ['TRUTH_STUB_DRIFT', 'TRUTH_SYSTEM_DRIFT']
2026-07-04T06:35:26Z VIOLATION DNS drift threat api.github.com: ['TRUTH_STUB_DRIFT', 'TRUTH_SYSTEM_DRIFT']
2026-07-04T06:35:26Z VIOLATION DNS drift threat api.github.com: ['TRUTH_DNS_DOWN', 'TRUTH_STUB_DRIFT', 'TRUTH_SYSTEM_DRIFT']
2026-07-04T06:35:26Z VIOLATION DNS drift threat api.github.com: ['TRUTH_DNS_DOWN']
2026-07-04T06:35:27Z VIOLATION DNS drift threat raw.githubusercontent.com: ['TRUTH_DNS_DOWN']
2026-07-04T06:35:27Z VIOLATION DNS drift threat api.github.com: ['TRUTH_DNS_DOWN', 'TRUTH_STUB_DRIFT', 'TRUTH_SYSTEM_DRIFT']
2026-07-04T06:35:27Z VIOLATION DNS drift threat api.github.com: ['TRUTH_DNS_DOWN']
2026-07-04T06:35:27Z VIOLATION DNS drift threat api.github.com: ['TRUTH_DNS_DOWN', 'TRUTH_STUB_DRIFT', 'TRUTH_SYSTEM_DRIFT']
2026-07-04T06:35:27Z VIOLATION DNS drift threat ssh.github.com: ['TRUTH_DNS_DOWN', 'TRUTH_STUB_DRIFT', 'TRUTH_SYSTEM_DRIFT']
2026-07-04T06:35:28Z VIOLATION DNS drift threat api.github.com: ['TRUTH_STUB_DRIFT', 'TRUTH_SYSTEM_DRIFT']
2026-07-04T06:35:29Z VIOLATION DNS drift threat api.github.com: ['TRUTH_STUB_DRIFT', 'TRUTH_SYSTEM_DRIFT']
2026-07-04T06:35:29Z VIOLATION DNS drift threat api.github.com: ['TRUTH_STUB_DRIFT', 'TRUTH_SYSTEM_DRIFT']
2026-07-04T06:35:30Z VIOLATION DNS drift threat github.com: ['TRUTH_DNS_DOWN']
2026-07-04T06:35:31Z VIOLATION DNS drift threat api.github.com: ['TRUTH_STUB_DRIFT', 'TRUTH_SYSTEM_DRIFT']
2026-07-04T06:35:31Z VIOLATION DNS drift threat api.github.com: ['TRUTH_STUB_DRIFT', 'TRUTH_SYSTEM_DRIFT']
2026-07-04T06:35:31Z VIOLATION DNS drift threat api.github.com: ['TRUTH_STUB_DRIFT', 'TRUTH_SYSTEM_DRIFT']
2026-07-04T06:35:31Z VIOLATION DNS drift threat raw.githubusercontent.com: ['TRUTH_DNS_DOWN']
2026-07-04T06:35:32Z VIOLATION DNS drift threat github.com: ['TRUTH_DNS_DOWN', 'TRUTH_STUB_DRIFT', 'TRUTH_SYSTEM_DRIFT']
2026-07-04T06:35:32Z VIOLATION DNS drift threat ssh.github.com: ['TRUTH_DNS_DOWN', 'TRUTH_STUB_DRIFT', 'TRUTH_SYSTEM_DRIFT']
2026-07-04T06:35:32Z VIOLATION DNS drift threat ssh.github.com: ['TRUTH_DNS_DOWN', 'TRUTH_STUB_DRIFT', 'TRUTH_SYSTEM_DRIFT']
2026-07-04T06:35:33Z VIOLATION DNS drift threat ssh.github.com: ['TRUTH_STUB_DRIFT', 'TRUTH_SYSTEM_DRIFT']
2026-07-04T06:35:35Z VIOLATION DNS drift threat ssh.github.com: ['TRUTH_STUB_DRIFT', 'TRUTH_SYSTEM_DRIFT']
2026-07-04T06:35:36Z VIOLATION DNS drift threat ssh.github.com: ['TRUTH_STUB_DRIFT', 'TRUTH_SYSTEM_DRIFT']
2026-07-04T06:35:36Z VIOLATION DNS drift threat ssh.github.com: ['TRUTH_STUB_DRIFT', 'TRUTH_SYSTEM_DRIFT']
2026-07-04T06:35:37Z VIOLATION DNS drift threat ssh.github.com: ['TRUTH_STUB_DRIFT', 'TRUTH_SYSTEM_DRIFT']
2026-07-04T06:35:42Z VIOLATION DNS drift threat api.github.com: ['TRUTH_SYSTEM_DRIFT']
2026-07-04T06:35:43Z VIOLATION DNS drift threat ssh.github.com: ['TRUTH_DNS_DOWN']
2026-07-04T06:35:44Z VIOLATION DNS drift threat ssh.github.com: ['TRUTH_STUB_DRIFT', 'TRUTH_SYSTEM_DRIFT']
2026-07-04T06:35:47Z VIOLATION DNS drift threat ssh.github.com: ['TRUTH_DNS_DOWN']
2026-07-04T06:35:47Z VIOLATION DNS drift threat ssh.github.com: ['TRUTH_DNS_DOWN']
2026-07-04T06:35:47Z VIOLATION DNS drift threat raw.githubusercontent.com: ['TRUTH_DNS_DOWN']
2026-07-04T06:35:47Z VIOLATION DNS drift threat api.github.com: ['TRUTH_DNS_DOWN']
2026-07-04T06:35:48Z VIOLATION DNS drift threat ssh.github.com: ['TRUTH_STUB_DRIFT', 'TRUTH_SYSTEM_DRIFT']
2026-07-04T06:41:47Z VIOLATION DNS drift threat github.com: ['TRUTH_STUB_DRIFT', 'TRUTH_SYSTEM_DRIFT']
2026-07-04T06:41:52Z VIOLATION DNS drift threat ssh.github.com: ['TRUTH_STUB_DRIFT', 'TRUTH_SYSTEM_DRIFT']
2026-07-04T06:42:38Z VIOLATION DNS drift threat github.com: ['TRUTH_STUB_DRIFT', 'TRUTH_SYSTEM_DRIFT']
2026-07-04T06:42:38Z VIOLATION DNS drift threat api.github.com: ['TRUTH_STUB_DRIFT', 'TRUTH_SYSTEM_DRIFT']
2026-07-04T06:42:39Z VIOLATION DNS drift threat ssh.github.com: ['TRUTH_STUB_DRIFT', 'TRUTH_SYSTEM_DRIFT']
2026-07-04T06:47:43Z VIOLATION DNS drift threat github.com: ['TRUTH_DNS_DOWN']
2026-07-04T06:47:43Z VIOLATION DNS drift threat github.com: ['TRUTH_DNS_DOWN']
2026-07-04T06:47:43Z VIOLATION DNS drift threat github.com: ['TRUTH_DNS_DOWN']
2026-07-04T06:47:43Z VIOLATION DNS drift threat github.com: ['TRUTH_DNS_DOWN']
2026-07-04T06:47:43Z VIOLATION DNS drift threat github.com: ['TRUTH_DNS_DOWN']
2026-07-04T06:47:43Z VIOLATION DNS drift threat github.com: ['TRUTH_DNS_DOWN']
2026-07-04T06:47:47Z VIOLATION DNS drift threat api.github.com: ['TRUTH_DNS_DOWN', 'TRUTH_STUB_DRIFT', 'TRUTH_SYSTEM_DRIFT']
2026-07-04T06:47:48Z VIOLATION DNS drift threat api.github.com: ['TRUTH_DNS_DOWN', 'TRUTH_STUB_DRIFT', 'TRUTH_SYSTEM_DRIFT']
2026-07-04T06:47:48Z VIOLATION DNS drift threat api.github.com: ['TRUTH_DNS_DOWN', 'TRUTH_STUB_DRIFT', 'TRUTH_SYSTEM_DRIFT']
2026-07-04T06:47:48Z VIOLATION DNS drift threat api.github.com: ['TRUTH_DNS_DOWN', 'TRUTH_STUB_DRIFT', 'TRUTH_SYSTEM_DRIFT']
2026-07-04T06:47:48Z VIOLATION DNS drift threat api.github.com: ['TRUTH_DNS_DOWN', 'TRUTH_STUB_DRIFT', 'TRUTH_SYSTEM_DRIFT']
2026-07-04T06:47:48Z VIOLATION DNS drift threat api.github.com: ['TRUTH_DNS_DOWN', 'TRUTH_STUB_DRIFT', 'TRUTH_SYSTEM_DRIFT']
2026-07-04T06:47:51Z VIOLATION DNS drift threat ssh.github.com: ['TRUTH_STUB_DRIFT', 'TRUTH_SYSTEM_DRIFT']
2026-07-04T06:47:51Z VIOLATION DNS drift threat ssh.github.com: ['TRUTH_STUB_DRIFT', 'TRUTH_SYSTEM_DRIFT']
2026-07-04T06:47:51Z VIOLATION DNS drift threat ssh.github.com: ['TRUTH_STUB_DRIFT', 'TRUTH_SYSTEM_DRIFT']
2026-07-04T06:47:52Z VIOLATION DNS drift threat ssh.github.com: ['TRUTH_STUB_DRIFT', 'TRUTH_SYSTEM_DRIFT']
2026-07-04T06:47:52Z VIOLATION DNS drift threat ssh.github.com: ['TRUTH_STUB_DRIFT', 'TRUTH_SYSTEM_DRIFT']
2026-07-04T06:47:52Z VIOLATION DNS drift threat ssh.github.com: ['TRUTH_STUB_DRIFT', 'TRUTH_SYSTEM_DRIFT']
2026-07-04T06:48:07Z VIOLATION DNS drift threat raw.githubusercontent.com: ['TRUTH_DNS_DOWN']
2026-07-04T06:48:07Z VIOLATION DNS drift threat raw.githubusercontent.com: ['TRUTH_DNS_DOWN']
2026-07-04T06:48:07Z VIOLATION DNS drift threat raw.githubusercontent.com: ['TRUTH_DNS_DOWN']
2026-07-04T06:48:07Z VIOLATION DNS drift threat raw.githubusercontent.com: ['TRUTH_DNS_DOWN']
2026-07-04T06:48:07Z VIOLATION DNS drift threat raw.githubusercontent.com: ['TRUTH_DNS_DOWN']
2026-07-04T06:48:07Z VIOLATION DNS drift threat raw.githubusercontent.com: ['TRUTH_DNS_DOWN']
2026-07-04T06:48:13Z VIOLATION DNS drift threat github.com: ['TRUTH_STUB_DRIFT', 'TRUTH_SYSTEM_DRIFT']
2026-07-04T06:48:13Z VIOLATION DNS drift threat github.com: ['TRUTH_STUB_DRIFT', 'TRUTH_SYSTEM_DRIFT']
2026-07-04T06:48:14Z VIOLATION DNS drift threat api.github.com: ['TRUTH_STUB_DRIFT', 'TRUTH_SYSTEM_DRIFT']
2026-07-04T06:48:15Z VIOLATION DNS drift threat github.com: ['TRUTH_STUB_DRIFT', 'TRUTH_SYSTEM_DRIFT']
2026-07-04T06:48:15Z VIOLATION DNS drift threat api.github.com: ['TRUTH_STUB_DRIFT', 'TRUTH_SYSTEM_DRIFT']
2026-07-04T06:48:16Z VIOLATION DNS drift threat api.github.com: ['TRUTH_STUB_DRIFT', 'TRUTH_SYSTEM_DRIFT']
2026-07-04T06:53:19Z VIOLATION DNS drift threat github.com: ['TRUTH_DNS_DOWN', 'TRUTH_STUB_DRIFT', 'TRUTH_SYSTEM_DRIFT']
2026-07-04T06:53:21Z VIOLATION DNS drift threat api.github.com: ['TRUTH_STUB_DRIFT', 'TRUTH_SYSTEM_DRIFT']
2026-07-04T06:53:23Z VIOLATION DNS drift threat ssh.github.com: ['TRUTH_STUB_DRIFT', 'TRUTH_SYSTEM_DRIFT']
2026-07-04T06:53:24Z VIOLATION DNS drift threat github.com: ['TRUTH_STUB_DRIFT', 'TRUTH_SYSTEM_DRIFT']
2026-07-04T06:53:24Z VIOLATION DNS drift threat github.com: ['TRUTH_STUB_DRIFT', 'TRUTH_SYSTEM_DRIFT']
2026-07-04T06:53:24Z VIOLATION DNS drift threat github.com: ['TRUTH_STUB_DRIFT', 'TRUTH_SYSTEM_DRIFT']
2026-07-04T06:53:24Z VIOLATION DNS drift threat github.com: ['TRUTH_STUB_DRIFT', 'TRUTH_SYSTEM_DRIFT']
2026-07-04T06:53:25Z VIOLATION DNS drift threat api.github.com: ['TRUTH_STUB_DRIFT', 'TRUTH_SYSTEM_DRIFT']
2026-07-04T06:53:25Z VIOLATION DNS drift threat api.github.com: ['TRUTH_STUB_DRIFT', 'TRUTH_SYSTEM_DRIFT']
2026-07-04T06:53:25Z VIOLATION DNS drift threat api.github.com: ['TRUTH_STUB_DRIFT', 'TRUTH_SYSTEM_DRIFT']
2026-07-04T06:53:25Z VIOLATION DNS drift threat api.github.com: ['TRUTH_STUB_DRIFT', 'TRUTH_SYSTEM_DRIFT']
2026-07-04T06:53:25Z VIOLATION DNS drift threat ssh.github.com: ['TRUTH_STUB_DRIFT', 'TRUTH_SYSTEM_DRIFT']
2026-07-04T06:53:25Z VIOLATION DNS drift threat ssh.github.com: ['TRUTH_STUB_DRIFT', 'TRUTH_SYSTEM_DRIFT']
2026-07-04T06:53:25Z VIOLATION DNS drift threat ssh.github.com: ['TRUTH_STUB_DRIFT', 'TRUTH_SYSTEM_DRIFT']
2026-07-04T06:53:26Z VIOLATION DNS drift threat ssh.github.com: ['TRUTH_STUB_DRIFT', 'TRUTH_SYSTEM_DRIFT']
2026-07-04T06:53:34Z VIOLATION DNS drift threat github.com: ['TRUTH_STUB_DRIFT', 'TRUTH_SYSTEM_DRIFT']
2026-07-04T06:53:44Z VIOLATION DNS drift threat github.com: ['TRUTH_STUB_DRIFT', 'TRUTH_SYSTEM_DRIFT']
2026-07-04T06:53:45Z VIOLATION DNS drift threat github.com: ['TRUTH_STUB_DRIFT', 'TRUTH_SYSTEM_DRIFT']
2026-07-04T06:53:45Z VIOLATION DNS drift threat ssh.github.com: ['TRUTH_SYSTEM_DRIFT']
2026-07-04T06:53:45Z VIOLATION DNS drift threat github.com: ['TRUTH_STUB_DRIFT']
2026-07-04T06:53:45Z VIOLATION DNS drift threat api.github.com: ['TRUTH_STUB_DRIFT', 'TRUTH_SYSTEM_DRIFT']
2026-07-04T06:53:46Z VIOLATION DNS drift threat api.github.com: ['TRUTH_STUB_DRIFT', 'TRUTH_SYSTEM_DRIFT']
2026-07-04T06:53:46Z VIOLATION DNS drift threat api.github.com: ['TRUTH_STUB_DRIFT', 'TRUTH_SYSTEM_DRIFT']
2026-07-04T06:53:46Z VIOLATION DNS drift threat api.github.com: ['TRUTH_STUB_DRIFT', 'TRUTH_SYSTEM_DRIFT']
2026-07-04T06:53:46Z VIOLATION DNS drift threat api.github.com: ['TRUTH_STUB_DRIFT', 'TRUTH_SYSTEM_DRIFT']
2026-07-04T06:53:46Z VIOLATION DNS drift threat api.github.com: ['TRUTH_STUB_DRIFT', 'TRUTH_SYSTEM_DRIFT']
2026-07-04T06:53:47Z VIOLATION DNS drift threat ssh.github.com: ['TRUTH_STUB_DRIFT', 'TRUTH_SYSTEM_DRIFT']
2026-07-04T06:53:48Z VIOLATION DNS drift threat ssh.github.com: ['TRUTH_STUB_DRIFT', 'TRUTH_SYSTEM_DRIFT']
2026-07-04T06:53:48Z VIOLATION DNS drift threat ssh.github.com: ['TRUTH_STUB_DRIFT', 'TRUTH_SYSTEM_DRIFT']
2026-07-04T06:53:48Z VIOLATION DNS drift threat ssh.github.com: ['TRUTH_STUB_DRIFT', 'TRUTH_SYSTEM_DRIFT']
2026-07-04T06:53:48Z VIOLATION DNS drift threat ssh.github.com: ['TRUTH_STUB_DRIFT', 'TRUTH_SYSTEM_DRIFT']
2026-07-04T06:53:48Z VIOLATION DNS drift threat ssh.github.com: ['TRUTH_STUB_DRIFT', 'TRUTH_SYSTEM_DRIFT']
2026-07-04T06:54:15Z VIOLATION DNS drift threat github.com: ['TRUTH_STUB_DRIFT', 'TRUTH_SYSTEM_DRIFT']
2026-07-04T06:54:15Z VIOLATION DNS drift threat api.github.com: ['TRUTH_STUB_DRIFT', 'TRUTH_SYSTEM_DRIFT']
2026-07-04T06:54:15Z VIOLATION DNS drift threat ssh.github.com: ['TRUTH_STUB_DRIFT', 'TRUTH_SYSTEM_DRIFT']
2026-07-04T06:54:27Z VIOLATION DNS drift threat github.com: ['TRUTH_STUB_DRIFT', 'TRUTH_SYSTEM_DRIFT']
2026-07-04T06:54:27Z VIOLATION DNS drift threat api.github.com: ['TRUTH_STUB_DRIFT', 'TRUTH_SYSTEM_DRIFT']
2026-07-04T06:54:28Z VIOLATION DNS drift threat ssh.github.com: ['TRUTH_STUB_DRIFT', 'TRUTH_SYSTEM_DRIFT']
2026-07-04T06:54:31Z VIOLATION DNS drift threat github.com: ['TRUTH_STUB_DRIFT', 'TRUTH_SYSTEM_DRIFT']
2026-07-04T06:54:32Z VIOLATION DNS drift threat github.com: ['TRUTH_STUB_DRIFT', 'TRUTH_SYSTEM_DRIFT']
2026-07-04T06:54:32Z VIOLATION DNS drift threat api.github.com: ['TRUTH_STUB_DRIFT', 'TRUTH_SYSTEM_DRIFT']
2026-07-04T06:54:33Z VIOLATION DNS drift threat api.github.com: ['TRUTH_STUB_DRIFT', 'TRUTH_SYSTEM_DRIFT']
2026-07-04T06:54:33Z VIOLATION DNS drift threat ssh.github.com: ['TRUTH_STUB_DRIFT', 'TRUTH_SYSTEM_DRIFT']
2026-07-04T06:54:35Z VIOLATION DNS drift threat ssh.github.com: ['TRUTH_STUB_DRIFT', 'TRUTH_SYSTEM_DRIFT']
2026-07-04T07:00:35Z VIOLATION DNS drift threat github.com: ['TRUTH_DNS_DOWN']
2026-07-04T07:00:36Z VIOLATION DNS drift threat github.com: ['TRUTH_DNS_DOWN', 'TRUTH_STUB_DRIFT', 'TRUTH_SYSTEM_DRIFT']
2026-07-04T07:00:36Z VIOLATION DNS drift threat github.com: ['TRUTH_DNS_DOWN', 'TRUTH_STUB_DRIFT', 'TRUTH_SYSTEM_DRIFT']
2026-07-04T07:00:38Z VIOLATION DNS drift threat api.github.com: ['TRUTH_STUB_DRIFT', 'TRUTH_SYSTEM_DRIFT']
2026-07-04T07:00:39Z VIOLATION DNS drift threat api.github.com: ['TRUTH_STUB_DRIFT', 'TRUTH_SYSTEM_DRIFT']
2026-07-04T07:00:40Z VIOLATION DNS drift threat ssh.github.com: ['TRUTH_STUB_DRIFT', 'TRUTH_SYSTEM_DRIFT']
2026-07-04T07:00:40Z VIOLATION DNS drift threat ssh.github.com: ['TRUTH_STUB_DRIFT', 'TRUTH_SYSTEM_DRIFT']
2026-07-04T07:01:35Z VIOLATION DNS drift threat github.com: ['TRUTH_STUB_DRIFT', 'TRUTH_SYSTEM_DRIFT']
2026-07-04T07:01:37Z VIOLATION DNS drift threat api.github.com: ['TRUTH_SYSTEM_DRIFT']
2026-07-04T07:01:45Z VIOLATION DNS drift threat ssh.github.com: ['TRUTH_SYSTEM_DRIFT']
2026-07-04T07:01:50Z VIOLATION DNS drift threat api.github.com: ['TRUTH_STUB_DRIFT', 'TRUTH_SYSTEM_DRIFT']
2026-07-04T07:01:52Z VIOLATION DNS drift threat ssh.github.com: ['TRUTH_STUB_DRIFT', 'TRUTH_SYSTEM_DRIFT']
2026-07-04T17:00:25Z VIOLATION DNS drift threat github.com: ['TRUTH_SYSTEM_DRIFT']
2026-07-04T17:02:48Z VIOLATION DNS drift threat github.com: ['TRUTH_DNS_DOWN']
2026-07-04T17:03:28Z VIOLATION DNS drift threat api.github.com: ['TRUTH_DNS_DOWN']
2026-07-04T17:04:08Z VIOLATION DNS drift threat ssh.github.com: ['TRUTH_DNS_DOWN']
2026-07-04T17:04:48Z VIOLATION DNS drift threat raw.githubusercontent.com: ['TRUTH_DNS_DOWN']
2026-07-04T17:14:46Z VIOLATION DNS drift threat github.com: ['TRUTH_DNS_DOWN']
2026-07-04T17:14:46Z VIOLATION DNS drift threat api.github.com: ['TRUTH_DNS_DOWN']
2026-07-04T17:14:47Z VIOLATION DNS drift threat ssh.github.com: ['TRUTH_DNS_DOWN']
2026-07-04T17:14:47Z VIOLATION DNS drift threat raw.githubusercontent.com: ['TRUTH_DNS_DOWN']
2026-07-04T17:14:58Z VIOLATION DNS drift threat github.com: ['TRUTH_DNS_DOWN']
2026-07-04T17:14:59Z VIOLATION DNS drift threat api.github.com: ['TRUTH_DNS_DOWN']
2026-07-04T17:15:00Z VIOLATION DNS drift threat ssh.github.com: ['TRUTH_DNS_DOWN']
2026-07-04T17:15:01Z VIOLATION DNS drift threat raw.githubusercontent.com: ['TRUTH_DNS_DOWN']
2026-07-04T17:15:18Z VIOLATION DNS drift threat github.com: ['TRUTH_DNS_DOWN']
2026-07-04T17:15:20Z VIOLATION DNS drift threat api.github.com: ['TRUTH_DNS_DOWN']
2026-07-04T17:15:21Z VIOLATION DNS drift threat ssh.github.com: ['TRUTH_DNS_DOWN']
2026-07-04T17:15:22Z VIOLATION DNS drift threat raw.githubusercontent.com: ['TRUTH_DNS_DOWN']
2026-07-04T17:15:24Z VIOLATION DNS drift threat github.com: ['TRUTH_DNS_DOWN']
2026-07-04T17:15:25Z VIOLATION DNS drift threat github.com: ['TRUTH_DNS_DOWN']
2026-07-04T17:15:26Z VIOLATION DNS drift threat api.github.com: ['TRUTH_DNS_DOWN']
2026-07-04T17:15:28Z VIOLATION DNS drift threat api.github.com: ['TRUTH_DNS_DOWN']
2026-07-04T17:15:29Z VIOLATION DNS drift threat ssh.github.com: ['TRUTH_DNS_DOWN']
2026-07-04T17:15:30Z VIOLATION DNS drift threat ssh.github.com: ['TRUTH_DNS_DOWN']
2026-07-04T17:15:31Z VIOLATION DNS drift threat raw.githubusercontent.com: ['TRUTH_DNS_DOWN']
2026-07-04T17:15:32Z VIOLATION DNS drift threat raw.githubusercontent.com: ['TRUTH_DNS_DOWN']
2026-07-04T17:15:36Z VIOLATION DNS drift threat github.com: ['TRUTH_DNS_DOWN']
2026-07-04T17:15:36Z VIOLATION DNS drift threat github.com: ['TRUTH_DNS_DOWN']
2026-07-04T17:15:39Z VIOLATION DNS drift threat api.github.com: ['TRUTH_DNS_DOWN']
2026-07-04T17:15:39Z VIOLATION DNS drift threat api.github.com: ['TRUTH_DNS_DOWN']
2026-07-04T17:15:41Z VIOLATION DNS drift threat ssh.github.com: ['TRUTH_DNS_DOWN']
2026-07-04T17:15:42Z VIOLATION DNS drift threat ssh.github.com: ['TRUTH_DNS_DOWN']
2026-07-04T17:15:43Z VIOLATION DNS drift threat raw.githubusercontent.com: ['TRUTH_DNS_DOWN']
2026-07-04T17:15:44Z VIOLATION DNS drift threat raw.githubusercontent.com: ['TRUTH_DNS_DOWN']
2026-07-04T17:15:47Z VIOLATION DNS drift threat github.com: ['TRUTH_DNS_DOWN']
2026-07-04T17:15:50Z VIOLATION DNS drift threat api.github.com: ['TRUTH_DNS_DOWN']
2026-07-04T17:15:54Z VIOLATION DNS drift threat ssh.github.com: ['TRUTH_DNS_DOWN']
2026-07-04T17:15:57Z VIOLATION DNS drift threat raw.githubusercontent.com: ['TRUTH_DNS_DOWN']
2026-07-04T17:15:57Z VIOLATION DNS drift threat github.com: ['TRUTH_DNS_DOWN']
2026-07-04T17:15:59Z VIOLATION DNS drift threat github.com: ['TRUTH_DNS_DOWN']
2026-07-04T17:16:01Z VIOLATION DNS drift threat github.com: ['TRUTH_DNS_DOWN']
2026-07-04T17:16:01Z VIOLATION DNS drift threat api.github.com: ['TRUTH_DNS_DOWN']
2026-07-04T17:16:02Z VIOLATION DNS drift threat api.github.com: ['TRUTH_DNS_DOWN']
2026-07-04T17:16:05Z VIOLATION DNS drift threat api.github.com: ['TRUTH_DNS_DOWN']
2026-07-04T17:16:05Z VIOLATION DNS drift threat ssh.github.com: ['TRUTH_DNS_DOWN']
2026-07-04T17:16:06Z VIOLATION DNS drift threat github.com: ['TRUTH_DNS_DOWN']
2026-07-04T17:16:07Z VIOLATION DNS drift threat ssh.github.com: ['TRUTH_DNS_DOWN']
2026-07-04T17:16:09Z VIOLATION DNS drift threat api.github.com: ['TRUTH_DNS_DOWN']
2026-07-04T17:16:13Z VIOLATION DNS drift threat ssh.github.com: ['TRUTH_DNS_DOWN']
2026-07-04T17:16:27Z VIOLATION DNS drift threat github.com: ['TRUTH_DNS_DOWN']
2026-07-04T17:16:30Z VIOLATION DNS drift threat api.github.com: ['TRUTH_DNS_DOWN']
2026-07-04T17:16:33Z VIOLATION DNS drift threat github.com: ['TRUTH_DNS_DOWN']
2026-07-04T17:16:35Z VIOLATION DNS drift threat api.github.com: ['TRUTH_DNS_DOWN']
2026-07-04T17:16:39Z VIOLATION DNS drift threat github.com: ['TRUTH_DNS_DOWN']
2026-07-04T17:16:42Z VIOLATION DNS drift threat api.github.com: ['TRUTH_DNS_DOWN']
2026-07-04T17:16:46Z VIOLATION DNS drift threat ssh.github.com: ['TRUTH_DNS_DOWN']
2026-07-04T17:16:52Z VIOLATION DNS drift threat github.com: ['TRUTH_DNS_DOWN']
2026-07-04T17:16:54Z VIOLATION DNS drift threat api.github.com: ['TRUTH_DNS_DOWN']
2026-07-04T17:16:57Z VIOLATION DNS drift threat ssh.github.com: ['TRUTH_DNS_DOWN']
2026-07-04T17:16:59Z VIOLATION DNS drift threat raw.githubusercontent.com: ['TRUTH_DNS_DOWN']
2026-07-04T17:17:05Z VIOLATION DNS drift threat github.com: ['TRUTH_DNS_DOWN']
2026-07-04T17:17:10Z VIOLATION DNS drift threat api.github.com: ['TRUTH_DNS_DOWN']
2026-07-04T17:17:15Z VIOLATION DNS drift threat github.com: ['TRUTH_DNS_DOWN']
2026-07-04T17:17:20Z VIOLATION DNS drift threat api.github.com: ['TRUTH_DNS_DOWN']
2026-07-04T17:17:31Z VIOLATION DNS drift threat github.com: ['TRUTH_DNS_DOWN']
2026-07-04T17:17:34Z VIOLATION DNS drift threat api.github.com: ['TRUTH_DNS_DOWN']
2026-07-04T17:18:17Z VIOLATION DNS drift threat github.com: ['TRUTH_DNS_DOWN']
2026-07-04T17:18:22Z VIOLATION DNS drift threat api.github.com: ['TRUTH_DNS_DOWN']
2026-07-04T17:18:23Z VIOLATION DNS drift threat ssh.github.com: ['TRUTH_DNS_DOWN']
2026-07-04T17:18:46Z VIOLATION DNS drift threat github.com: ['TRUTH_DNS_DOWN']
2026-07-04T17:18:49Z VIOLATION DNS drift threat api.github.com: ['TRUTH_DNS_DOWN']
2026-07-04T17:18:50Z VIOLATION DNS drift threat ssh.github.com: ['TRUTH_DNS_DOWN']
2026-07-04T17:18:53Z VIOLATION DNS drift threat raw.githubusercontent.com: ['TRUTH_DNS_DOWN']
2026-07-04T17:19:39Z VIOLATION DNS drift threat github.com: ['TRUTH_DNS_DOWN']
2026-07-04T17:19:42Z VIOLATION DNS drift threat api.github.com: ['TRUTH_DNS_DOWN']
2026-07-04T17:19:44Z VIOLATION DNS drift threat ssh.github.com: ['TRUTH_DNS_DOWN']
2026-07-04T17:19:45Z VIOLATION DNS drift threat raw.githubusercontent.com: ['TRUTH_DNS_DOWN']
2026-07-04T17:20:11Z VIOLATION DNS drift threat github.com: ['TRUTH_DNS_DOWN']
2026-07-04T17:20:12Z VIOLATION DNS drift threat api.github.com: ['TRUTH_DNS_DOWN']
2026-07-04T17:20:16Z VIOLATION DNS drift threat ssh.github.com: ['TRUTH_DNS_DOWN']
2026-07-04T17:20:34Z VIOLATION DNS drift threat github.com: ['TRUTH_DNS_DOWN']
2026-07-04T17:20:37Z VIOLATION DNS drift threat api.github.com: ['TRUTH_DNS_DOWN']
2026-07-04T17:20:40Z VIOLATION DNS drift threat ssh.github.com: ['TRUTH_DNS_DOWN']
2026-07-04T17:20:56Z VIOLATION DNS drift threat github.com: ['TRUTH_DNS_DOWN']
2026-07-04T17:20:59Z VIOLATION DNS drift threat github.com: ['TRUTH_DNS_DOWN']
2026-07-04T17:20:59Z VIOLATION DNS drift threat api.github.com: ['TRUTH_DNS_DOWN']
2026-07-04T17:21:03Z VIOLATION DNS drift threat api.github.com: ['TRUTH_DNS_DOWN']
2026-07-04T17:21:06Z VIOLATION DNS drift threat ssh.github.com: ['TRUTH_DNS_DOWN']
2026-07-04T17:21:18Z VIOLATION DNS drift threat github.com: ['TRUTH_DNS_DOWN']
2026-07-04T17:21:21Z VIOLATION DNS drift threat api.github.com: ['TRUTH_DNS_DOWN']
2026-07-04T17:21:23Z VIOLATION DNS drift threat ssh.github.com: ['TRUTH_DNS_DOWN']
2026-07-04T17:21:34Z VIOLATION DNS drift threat github.com: ['TRUTH_DNS_DOWN']
2026-07-04T17:21:36Z VIOLATION DNS drift threat api.github.com: ['TRUTH_DNS_DOWN']
2026-07-04T17:21:40Z VIOLATION DNS drift threat ssh.github.com: ['TRUTH_DNS_DOWN']
2026-07-04T17:21:42Z VIOLATION DNS drift threat raw.githubusercontent.com: ['TRUTH_DNS_DOWN']
2026-07-04T17:22:03Z VIOLATION DNS drift threat github.com: ['TRUTH_DNS_DOWN']
2026-07-04T17:22:07Z VIOLATION DNS drift threat api.github.com: ['TRUTH_DNS_DOWN']
2026-07-04T17:22:16Z VIOLATION DNS drift threat github.com: ['TRUTH_DNS_DOWN']
2026-07-04T17:22:19Z VIOLATION DNS drift threat api.github.com: ['TRUTH_DNS_DOWN']
2026-07-04T17:22:21Z VIOLATION DNS drift threat ssh.github.com: ['TRUTH_DNS_DOWN']
2026-07-04T17:22:26Z VIOLATION DNS drift threat raw.githubusercontent.com: ['TRUTH_DNS_DOWN']
2026-07-04T17:23:19Z VIOLATION DNS drift threat github.com: ['TRUTH_DNS_DOWN']
2026-07-04T17:23:23Z VIOLATION DNS drift threat api.github.com: ['TRUTH_DNS_DOWN']
2026-07-04T17:23:26Z VIOLATION DNS drift threat ssh.github.com: ['TRUTH_DNS_DOWN']
2026-07-04T17:23:28Z VIOLATION DNS drift threat raw.githubusercontent.com: ['TRUTH_DNS_DOWN']
2026-07-04T17:23:29Z VIOLATION DNS drift threat github.com: ['TRUTH_DNS_DOWN']
2026-07-04T17:23:32Z VIOLATION DNS drift threat api.github.com: ['TRUTH_DNS_DOWN']
2026-07-04T17:23:35Z VIOLATION DNS drift threat ssh.github.com: ['TRUTH_DNS_DOWN']
2026-07-04T17:24:12Z VIOLATION DNS drift threat github.com: ['TRUTH_DNS_DOWN']
2026-07-04T17:24:15Z VIOLATION DNS drift threat api.github.com: ['TRUTH_DNS_DOWN']
2026-07-04T17:24:17Z VIOLATION DNS drift threat ssh.github.com: ['TRUTH_DNS_DOWN']
2026-07-04T17:25:23Z VIOLATION DNS drift threat github.com: ['TRUTH_DNS_DOWN']
2026-07-04T17:25:26Z VIOLATION DNS drift threat api.github.com: ['TRUTH_DNS_DOWN']
2026-07-04T17:25:29Z VIOLATION DNS drift threat ssh.github.com: ['TRUTH_DNS_DOWN']
2026-07-04T17:25:31Z VIOLATION DNS drift threat github.com: ['TRUTH_DNS_DOWN']
2026-07-04T17:25:34Z VIOLATION DNS drift threat api.github.com: ['TRUTH_DNS_DOWN']
2026-07-04T17:25:36Z VIOLATION DNS drift threat ssh.github.com: ['TRUTH_DNS_DOWN']
2026-07-04T17:25:37Z VIOLATION DNS drift threat raw.githubusercontent.com: ['TRUTH_DNS_DOWN']
2026-07-04T17:25:50Z VIOLATION DNS drift threat github.com: ['TRUTH_DNS_DOWN']
2026-07-04T17:25:52Z VIOLATION DNS drift threat api.github.com: ['TRUTH_DNS_DOWN']
2026-07-04T17:25:53Z VIOLATION DNS drift threat github.com: ['TRUTH_DNS_DOWN']
2026-07-04T17:25:54Z VIOLATION DNS drift threat ssh.github.com: ['TRUTH_DNS_DOWN']
2026-07-04T17:25:56Z VIOLATION DNS drift threat api.github.com: ['TRUTH_DNS_DOWN']
2026-07-04T17:25:57Z VIOLATION DNS drift threat raw.githubusercontent.com: ['TRUTH_DNS_DOWN']
2026-07-04T17:26:00Z VIOLATION DNS drift threat ssh.github.com: ['TRUTH_DNS_DOWN']
2026-07-04T17:26:01Z VIOLATION DNS drift threat raw.githubusercontent.com: ['TRUTH_DNS_DOWN']
2026-07-04T17:26:58Z VIOLATION DNS drift threat github.com: ['TRUTH_DNS_DOWN']
2026-07-04T17:27:00Z VIOLATION DNS drift threat api.github.com: ['TRUTH_DNS_DOWN']
2026-07-04T17:27:02Z VIOLATION DNS drift threat ssh.github.com: ['TRUTH_DNS_DOWN']
2026-07-04T17:27:07Z VIOLATION DNS drift threat raw.githubusercontent.com: ['TRUTH_DNS_DOWN']
2026-07-04T17:27:09Z VIOLATION DNS drift threat github.com: ['TRUTH_DNS_DOWN']
2026-07-04T17:27:13Z VIOLATION DNS drift threat api.github.com: ['TRUTH_DNS_DOWN']
2026-07-04T17:27:15Z VIOLATION DNS drift threat github.com: ['TRUTH_DNS_DOWN']
2026-07-04T17:27:16Z VIOLATION DNS drift threat ssh.github.com: ['TRUTH_DNS_DOWN']
2026-07-04T17:27:17Z VIOLATION DNS drift threat api.github.com: ['TRUTH_DNS_DOWN']
2026-07-04T17:27:20Z VIOLATION DNS drift threat raw.githubusercontent.com: ['TRUTH_DNS_DOWN']
2026-07-04T17:27:20Z VIOLATION DNS drift threat ssh.github.com: ['TRUTH_DNS_DOWN']
2026-07-04T17:27:23Z VIOLATION DNS drift threat raw.githubusercontent.com: ['TRUTH_DNS_DOWN']
2026-07-04T17:27:38Z VIOLATION DNS drift threat github.com: ['TRUTH_DNS_DOWN']
2026-07-04T17:27:39Z VIOLATION DNS drift threat api.github.com: ['TRUTH_DNS_DOWN']
2026-07-04T17:27:41Z VIOLATION DNS drift threat ssh.github.com: ['TRUTH_DNS_DOWN']
2026-07-04T17:27:43Z VIOLATION DNS drift threat raw.githubusercontent.com: ['TRUTH_DNS_DOWN']
2026-07-04T17:28:11Z VIOLATION DNS drift threat github.com: ['TRUTH_DNS_DOWN']
2026-07-04T17:28:13Z VIOLATION DNS drift threat api.github.com: ['TRUTH_DNS_DOWN']
2026-07-04T17:28:16Z VIOLATION DNS drift threat ssh.github.com: ['TRUTH_DNS_DOWN']
2026-07-04T17:28:19Z VIOLATION DNS drift threat raw.githubusercontent.com: ['TRUTH_DNS_DOWN']
2026-07-04T17:28:43Z VIOLATION DNS drift threat github.com: ['TRUTH_DNS_DOWN']
2026-07-04T17:28:46Z VIOLATION DNS drift threat api.github.com: ['TRUTH_DNS_DOWN']
2026-07-04T17:28:49Z VIOLATION DNS drift threat ssh.github.com: ['TRUTH_DNS_DOWN']
2026-07-04T17:28:53Z VIOLATION DNS drift threat raw.githubusercontent.com: ['TRUTH_DNS_DOWN']
2026-07-04T17:29:02Z VIOLATION DNS drift threat github.com: ['TRUTH_DNS_DOWN']
2026-07-04T17:29:05Z VIOLATION DNS drift threat api.github.com: ['TRUTH_DNS_DOWN']
2026-07-04T17:29:08Z VIOLATION DNS drift threat ssh.github.com: ['TRUTH_DNS_DOWN']
2026-07-04T17:29:32Z VIOLATION DNS drift threat github.com: ['TRUTH_DNS_DOWN']
2026-07-04T17:29:34Z VIOLATION DNS drift threat api.github.com: ['TRUTH_DNS_DOWN']
2026-07-04T17:29:36Z VIOLATION DNS drift threat ssh.github.com: ['TRUTH_DNS_DOWN']
2026-07-04T17:29:39Z VIOLATION DNS drift threat raw.githubusercontent.com: ['TRUTH_DNS_DOWN']
2026-07-04T17:30:18Z VIOLATION DNS drift threat github.com: ['TRUTH_DNS_DOWN']
2026-07-04T17:30:20Z VIOLATION DNS drift threat api.github.com: ['TRUTH_DNS_DOWN']
2026-07-04T17:30:24Z VIOLATION DNS drift threat ssh.github.com: ['TRUTH_DNS_DOWN']
2026-07-04T17:30:32Z VIOLATION DNS drift threat github.com: ['TRUTH_DNS_DOWN']
2026-07-04T17:30:37Z VIOLATION DNS drift threat api.github.com: ['TRUTH_DNS_DOWN']
2026-07-04T17:30:40Z VIOLATION DNS drift threat ssh.github.com: ['TRUTH_DNS_DOWN']
2026-07-04T17:30:52Z VIOLATION DNS drift threat github.com: ['TRUTH_DNS_DOWN']
2026-07-04T17:30:56Z VIOLATION DNS drift threat api.github.com: ['TRUTH_DNS_DOWN']
2026-07-04T17:30:58Z VIOLATION DNS drift threat ssh.github.com: ['TRUTH_DNS_DOWN']
2026-07-04T17:31:57Z VIOLATION DNS drift threat github.com: ['TRUTH_DNS_DOWN']
2026-07-04T17:32:37Z VIOLATION DNS drift threat api.github.com: ['TRUTH_DNS_DOWN']
2026-07-04T17:33:17Z VIOLATION DNS drift threat ssh.github.com: ['TRUTH_DNS_DOWN']
2026-07-04T17:33:57Z VIOLATION DNS drift threat raw.githubusercontent.com: ['TRUTH_DNS_DOWN']
2026-07-04T18:10:18Z VIOLATION DNS drift threat github.com: ['TRUTH_SYSTEM_DRIFT']
2026-07-04T18:10:21Z VIOLATION DNS drift threat api.github.com: ['TRUTH_SYSTEM_DRIFT']
2026-07-04T18:10:25Z VIOLATION DNS drift threat ssh.github.com: ['TRUTH_SYSTEM_DRIFT']
2026-07-04T18:10:49Z VIOLATION DNS drift threat github.com: ['TRUTH_DNS_DOWN', 'TRUTH_SYSTEM_DRIFT']
2026-07-04T18:10:49Z VIOLATION DNS drift threat github.com: ['TRUTH_DNS_DOWN', 'TRUTH_SYSTEM_DRIFT']
2026-07-04T18:10:50Z VIOLATION DNS drift threat github.com: ['TRUTH_DNS_DOWN', 'TRUTH_SYSTEM_DRIFT']
2026-07-04T18:11:04Z VIOLATION DNS drift threat github.com: ['TRUTH_SYSTEM_DRIFT']
2026-07-04T18:11:05Z VIOLATION DNS drift threat github.com: ['TRUTH_SYSTEM_DRIFT']
2026-07-04T18:11:09Z VIOLATION DNS drift threat api.github.com: ['TRUTH_SYSTEM_DRIFT']
2026-07-04T18:11:19Z VIOLATION DNS drift threat github.com: ['TRUTH_SYSTEM_DRIFT']
2026-07-04T18:11:24Z VIOLATION DNS drift threat github.com: ['TRUTH_SYSTEM_DRIFT']
2026-07-04T18:11:29Z VIOLATION DNS drift threat github.com: ['TRUTH_SYSTEM_DRIFT']
2026-07-04T18:11:33Z VIOLATION DNS drift threat ssh.github.com: ['TRUTH_SYSTEM_DRIFT']
2026-07-04T18:11:34Z VIOLATION DNS drift threat api.github.com: ['TRUTH_SYSTEM_DRIFT']
2026-07-04T18:11:43Z VIOLATION DNS drift threat ssh.github.com: ['TRUTH_SYSTEM_DRIFT']
2026-07-04T18:11:44Z VIOLATION DNS drift threat raw.githubusercontent.com: ['TRUTH_DNS_DOWN']
2026-07-04T18:11:51Z VIOLATION DNS drift threat github.com: ['TRUTH_SYSTEM_DRIFT']
2026-07-04T18:12:02Z VIOLATION DNS drift threat ssh.github.com: ['TRUTH_SYSTEM_DRIFT']
2026-07-04T18:12:09Z VIOLATION DNS drift threat github.com: ['TRUTH_SYSTEM_DRIFT']
2026-07-04T18:12:26Z VIOLATION DNS drift threat github.com: ['TRUTH_SYSTEM_DRIFT']
2026-07-04T18:12:29Z VIOLATION DNS drift threat github.com: ['TRUTH_SYSTEM_DRIFT']
2026-07-04T18:12:33Z VIOLATION DNS drift threat api.github.com: ['TRUTH_SYSTEM_DRIFT']
2026-07-04T18:12:41Z VIOLATION DNS drift threat api.github.com: ['TRUTH_SYSTEM_DRIFT']
2026-07-04T18:13:06Z VIOLATION DNS drift threat github.com: ['TRUTH_SYSTEM_DRIFT']
2026-07-04T18:13:09Z VIOLATION DNS drift threat github.com: ['TRUTH_SYSTEM_DRIFT']
2026-07-04T19:02:41Z VIOLATION DNS drift threat github.com: ['TRUTH_DNS_DOWN', 'TRUTH_SYSTEM_DRIFT']
2026-07-04T20:39:48Z VIOLATION DNS drift threat github.com: ['TRUTH_DNS_DOWN', 'TRUTH_SYSTEM_DRIFT']
2026-07-04T20:39:58Z VIOLATION DNS drift threat api.github.com: ['TRUTH_DNS_DOWN', 'TRUTH_SYSTEM_DRIFT']
2026-07-04T20:40:06Z VIOLATION DNS drift threat ssh.github.com: ['TRUTH_SYSTEM_DRIFT']
2026-07-04T20:40:30Z VIOLATION DNS drift threat github.com: ['TRUTH_SYSTEM_DRIFT']
2026-07-04T20:41:25Z VIOLATION DNS drift threat github.com: ['TRUTH_SYSTEM_DRIFT']
2026-07-04T20:41:32Z VIOLATION DNS drift threat api.github.com: ['TRUTH_SYSTEM_DRIFT']
2026-07-04T20:42:08Z VIOLATION DNS drift threat github.com: ['TRUTH_SYSTEM_DRIFT']
2026-07-04T20:42:16Z VIOLATION DNS drift threat api.github.com: ['TRUTH_SYSTEM_DRIFT']
2026-07-04T20:42:23Z VIOLATION DNS drift threat ssh.github.com: ['TRUTH_SYSTEM_DRIFT']
2026-07-04T20:42:53Z VIOLATION DNS drift threat github.com: ['TRUTH_SYSTEM_DRIFT']
2026-07-04T20:43:04Z VIOLATION DNS drift threat ssh.github.com: ['TRUTH_SYSTEM_DRIFT']
2026-07-04T20:43:33Z VIOLATION DNS drift threat github.com: ['TRUTH_SYSTEM_DRIFT']
2026-07-04T20:44:12Z VIOLATION DNS drift threat github.com: ['TRUTH_SYSTEM_DRIFT']
2026-07-04T20:44:20Z VIOLATION DNS drift threat api.github.com: ['TRUTH_SYSTEM_DRIFT']
2026-07-04T20:44:29Z VIOLATION DNS drift threat ssh.github.com: ['TRUTH_SYSTEM_DRIFT']
